"Index","BMW.DE.Open","BMW.DE.High","BMW.DE.Low","BMW.DE.Close","BMW.DE.Volume","BMW.DE.Adjusted"
"2000-01-03",31,32,28.6599998474121,29.4899997711182,1335338,13.4585046768188
"2000-01-04",29.5,29.6000003814697,27.7299995422363,28.2999992370605,1564056,12.9154167175293
"2000-01-05",27.5,28.1000003814697,27,27.7399997711182,1359518,12.6598463058472
"2000-01-06",27.2700004577637,28.3999996185303,27,27.6499996185303,1064746,12.6187725067139
"2000-01-07",27.7600002288818,28.2999992370605,27.2700004577637,27.6000003814697,1575704,12.5959568023682
"2000-01-10",28.2600002288818,28.9899997711182,27.6000003814697,28.7000007629395,1275718,13.0979671478271
"2000-01-11",28.5100002288818,28.7000007629395,27.7399997711182,28.6000003814697,1303046,13.0523290634155
"2000-01-12",28.0100002288818,28.7000007629395,28.0100002288818,28.1900005340576,966988,12.8652143478394
"2000-01-13",28,28.3299999237061,27.0599994659424,27.3999996185303,1614659,12.5046787261963
"2000-01-14",27.7999992370605,28.1499996185303,26.7299995422363,27.2000007629395,2218592,12.4134044647217
"2000-01-17",27.8899993896484,27.8899993896484,26.5,27.2800006866455,1278071,12.4499139785767
"2000-01-18",27.2000007629395,27.3500003814697,26.7399997711182,27,1385909,12.3221302032471
"2000-01-19",27.0499992370605,27.6499996185303,26.6499996185303,27.5900001525879,1996688,12.5913915634155
"2000-01-20",27.3099994659424,27.5699996948242,26.2000007629395,26.2000007629395,1659471,11.9570293426514
"2000-01-21",26.1100006103516,26.2900009155273,25.4500007629395,25.75,2074986,11.7516603469849
"2000-01-24",25.7600002288818,26.2000007629395,24.7299995422363,24.75,1642904,11.2952842712402
"2000-01-25",24.6299991607666,25.0400009155273,23.1000003814697,23.3299999237061,3369175,10.6472320556641
"2000-01-26",23.6000003814697,24.6499996185303,23.6000003814697,24.4500007629395,1488286,11.1583728790283
"2000-01-27",24.6499996185303,24.8500003814697,23.6800003051758,24.25,1465579,11.0670986175537
"2000-01-28",24.5,25.2000007629395,24.3999996185303,25.0200004577637,1356705,11.4185047149658
"2000-01-31",24.6000003814697,24.7000007629395,23.4500007629395,23.6000003814697,1266189,10.7704524993896
"2000-02-01",24.0900001525879,24.6000003814697,23.4099998474121,24.2000007629395,2078029,11.0442781448364
"2000-02-02",24.75,25.2199993133545,23.7999992370605,24.2800006866455,2105588,11.08078956604
"2000-02-03",24.75,25.9799995422363,24.6599998474121,25.7000007629395,3704287,11.7288408279419
"2000-02-04",26.2000007629395,26.6800003051758,25.2099990844727,25.4599990844727,1773280,11.619312286377
"2000-02-07",25.5599994659424,26.3999996185303,24.6900005340576,25.1000003814697,2047498,11.4550180435181
"2000-02-08",25,25.25,24.0699996948242,25,2249446,11.4093799591064
"2000-02-09",24.7000007629395,25.1000003814697,24.1000003814697,25,1317756,11.4093799591064
"2000-02-10",25,26.2999992370605,24.7000007629395,25.8500003814697,1243300,11.7972984313965
"2000-02-11",26.2999992370605,26.2999992370605,24.7999992370605,25.6499996185303,1967931,11.7060213088989
"2000-02-14",25.8500003814697,26.5,24.8899993896484,25.3500003814697,1715562,11.5691108703613
"2000-02-15",25.7999992370605,25.7999992370605,24.5,25,1272913,11.4093799591064
"2000-02-16",25.1000003814697,25.7000007629395,24.2999992370605,25.6000003814697,2021924,11.6832075119019
"2000-02-17",25.4500007629395,26.2700004577637,24.7999992370605,25.2000007629395,1303587,11.5006551742554
"2000-02-18",28,28.5,25.8799991607666,26.2000007629395,6234132,11.9570293426514
"2000-02-21",27.1000003814697,27.9899997711182,26.7999992370605,27.5499992370605,2973134,12.5731353759766
"2000-02-22",27.5,28.6000003814697,27.3600006103516,27.75,2684297,12.6644105911255
"2000-02-23",28,28,26,26.8999996185303,1734513,12.2764921188354
"2000-02-24",26.7600002288818,27.4799995422363,26.0300006866455,26.8999996185303,1357588,12.2764921188354
"2000-02-25",26.6200008392334,27.3500003814697,26.6200008392334,27,1432859,12.3221302032471
"2000-02-28",26.5100002288818,27,25.8199996948242,26.1100006103516,965135,11.9159555435181
"2000-02-29",26.7000007629395,26.9099998474121,26.2000007629395,26.6599998474121,925821,12.1669635772705
"2000-03-01",27.0100002288818,27.3600006103516,26.2000007629395,26.9099998474121,1452926,12.2810564041138
"2000-03-02",27.0499992370605,27.1299991607666,25.6499996185303,26.8999996185303,1201261,12.2764921188354
"2000-03-03",26.25,26.7999992370605,25.75,26,965563,11.8657550811768
"2000-03-06",25.7600002288818,26.2700004577637,25.3999996185303,25.7999992370605,941155,11.7744808197021
"2000-03-07",25.25,25.5,24.8999996185303,25.3299999237061,1126066,11.5599822998047
"2000-03-08",25.0100002288818,26.3099994659424,24.9599990844727,25.7800006866455,1344057,11.7653512954712
"2000-03-09",25.7999992370605,25.9899997711182,25.2199993133545,25.7000007629395,1129814,11.7288408279419
"2000-03-10",25.7999992370605,26.6000003814697,25.5,26.2000007629395,830035,11.9570293426514
"2000-03-13",26.7000007629395,27.2000007629395,26.0799999237061,26.5499992370605,944391,12.1167602539062
"2000-03-14",27,27.8400001525879,26.6700000762939,27.3099994659424,1462036,12.4636058807373
"2000-03-15",29.2999992370605,31.25,29,31.0499992370605,10337143,14.1704530715942
"2000-03-16",31.9500007629395,32.75,29.75,31.75,9502690,14.4899139404297
"2000-03-17",32.5,33.0900001525879,29.6100006103516,29.9899997711182,28719542,13.6866912841797
"2000-03-20",31,31.4500007629395,30.0499992370605,30.7000007629395,3251350,14.0107173919678
"2000-03-21",31,33.2999992370605,30.8999996185303,33.0999984741211,3723320,15.1060190200806
"2000-03-22",33.5,34.4500007629395,32.1300010681152,34.4500007629395,3869253,15.7221240997314
"2000-03-23",34.5,34.689998626709,32.4199981689453,33.4000015258789,3211178,15.2429323196411
"2000-03-24",33.9799995422363,34,31.7099990844727,33.7999992370605,1974191,15.425479888916
"2000-03-27",33.9900016784668,33.9900016784668,32.5200004577637,32.5499992370605,990243,14.8550109863281
"2000-03-28",32.8499984741211,33.5,31.7999992370605,33.1500015258789,1596984,15.1288356781006
"2000-03-29",33.5,35.2900009155273,33.0099983215332,34.4000015258789,2529616,15.6993045806885
"2000-03-30",35,35.4000015258789,33.4000015258789,33.9300003051758,2297532,15.484806060791
"2000-03-31",33.2599983215332,33.7000007629395,32.1300010681152,33.1500015258789,1885953,15.1288356781006
"2000-04-03",33.4300003051758,33.4300003051758,32.2999992370605,33.1500015258789,1113106,15.1288356781006
"2000-04-04",33.1500015258789,33.9199981689453,32.4199981689453,33.9199981689453,1285400,15.4802436828613
"2000-04-05",33.5400009155273,33.939998626709,31.6499996185303,33.2000007629395,1500047,15.1516551971436
"2000-04-06",33.0900001525879,33.0900001525879,31.6499996185303,32.2000007629395,1011360,14.6952810287476
"2000-04-07",32.1500015258789,32.1500015258789,30.5499992370605,31.3500003814697,2126004,14.3073625564575
"2000-04-10",32.0999984741211,33,31.75,32.5,1429945,14.8321943283081
"2000-04-11",32.3499984741211,32.7000007629395,31.8299999237061,32.4500007629395,751425,14.8093738555908
"2000-04-12",32.9900016784668,33.1100006103516,32.3499984741211,32.5,1135671,14.8321943283081
"2000-04-13",32.4000015258789,32.4000015258789,31.2999992370605,32.0999984741211,1139455,14.6496419906616
"2000-04-14",31.3299999237061,31.8799991607666,30.3999996185303,30.8999996185303,1440965,14.1019926071167
"2000-04-17",29.4300003051758,31.3999996185303,28.7999992370605,31.3999996185303,1564141,14.3301801681519
"2000-04-18",31.6900005340576,31.6900005340576,29.7999992370605,30.1000003814697,1429609,13.7368907928467
"2000-04-19",30.2000007629395,30.4599990844727,29.1200008392334,30,1429358,13.6912546157837
"2000-04-20",29.9899997711182,30.2000007629395,29.25,30.0100002288818,2188496,13.6958236694336
"2000-04-21",30.0100002288818,30.0100002288818,30.0100002288818,30.0100002288818,0,13.6958236694336
"2000-04-24",30.0100002288818,30.0100002288818,30.0100002288818,30.0100002288818,0,13.6958236694336
"2000-04-25",30.8999996185303,31.2999992370605,29.9500007629395,30.7000007629395,735907,14.0107173919678
"2000-04-26",31,31,30.1000003814697,30.5,604234,13.9194421768188
"2000-04-27",30.25,30.9500007629395,29.8099994659424,30.2000007629395,602312,13.7825307846069
"2000-04-28",30.7600002288818,31.3500003814697,27.3999996185303,29.6000003814697,6052846,13.5087051391602
"2000-05-01",29.6000003814697,29.6000003814697,29.6000003814697,29.6000003814697,0,13.5087051391602
"2000-05-02",30.7900009155273,31.5,30,31.5,1670743,14.3758182525635
"2000-05-03",31,31.1299991607666,30.0799999237061,30.75,1576479,14.0335359573364
"2000-05-04",30.7399997711182,31.75,30.3799991607666,31.5,1198134,14.3758182525635
"2000-05-05",32,32.8899993896484,31.1499996185303,32.8899993896484,1202597,15.0101795196533
"2000-05-08",32.7000007629395,33.25,32,33.25,1432750,15.1744728088379
"2000-05-09",33.25,33.25,33.25,33.25,0,15.1744728088379
"2000-05-10",33.7799987792969,34.5,32.5,33.5999984741211,1745742,15.3342046737671
"2000-05-11",32.7599983215332,35.189998626709,32.1199989318848,34,1596200,15.5167570114136
"2000-05-12",34,34,32.5,33,754980,15.0603799819946
"2000-05-15",33,33.2400016784668,32.5,32.5900001525879,617142,14.8732662200928
"2000-05-16",32.6500015258789,33.5,31.7999992370605,33.5,1222659,15.2885684967041
"2000-05-17",33,33.0999984741211,31.5,31.7800006866455,857579,14.6788730621338
"2000-05-18",31.7999992370605,31.7999992370605,30.2999992370605,30.75,1577477,14.203125
"2000-05-19",30.5,30.75,29.8500003814697,30.5,1235874,14.0876541137695
"2000-05-22",30.1100006103516,31.1800003051758,29.7700004577637,30.3999996185303,987069,14.0414657592773
"2000-05-23",30.8999996185303,31.3999996185303,30.25,30.7000007629395,1013323,14.1800308227539
"2000-05-24",30.7000007629395,32.3499984741211,30.2999992370605,32.1500015258789,1462864,14.8497743606567
"2000-05-25",32.5,32.9700012207031,31.75,32.7000007629395,1711439,15.1038122177124
"2000-05-26",32.2000007629395,32.5400009155273,31.8299999237061,32.2900009155273,951479,14.9144353866577
"2000-05-29",32.5800018310547,32.5999984741211,32.0999984741211,32.4500007629395,191406,14.9883394241333
"2000-05-30",32.2599983215332,32.5400009155273,31.25,32.3499984741211,1005744,14.9421520233154
"2000-05-31",32.310001373291,32.5999984741211,31.3600006103516,32.5999984741211,1287602,15.0576229095459
"2000-06-01",32.1500015258789,33.2999992370605,32.1500015258789,33.1300010681152,431764,15.3024263381958
"2000-06-02",33.4000015258789,34.3400001525879,33.0200004577637,33.7599983215332,1384558,15.5934143066406
"2000-06-05",34.0499992370605,34.0499992370605,33.0999984741211,33.1599998474121,487563,15.3162794113159
"2000-06-06",33.689998626709,34.3699989318848,32.6500015258789,33,984793,15.2423791885376
"2000-06-07",33.4000015258789,33.5,31.5499992370605,32.0499992370605,1121615,14.8035831451416
"2000-06-08",32.5999984741211,32.7000007629395,31.4200000762939,31.2000007629395,932643,14.4109735488892
"2000-06-09",32.3899993896484,32.8800010681152,31.6299991607666,32.5900001525879,908145,15.0530042648315
"2000-06-12",32.9900016784668,33.4000015258789,32.7000007629395,33.0699996948242,350942,15.2747077941895
"2000-06-13",33,34.4700012207031,33,34.1800003051758,1403185,15.7874088287354
"2000-06-14",34.4500007629395,34.7900009155273,33.4099998474121,34.2900009155273,781674,15.8382186889648
"2000-06-15",34.4500007629395,34.6800003051758,34,34.4799995422363,638141,15.9259767532349
"2000-06-16",34.7000007629395,34.9799995422363,33.5499992370605,33.560001373291,10205373,15.5010385513306
"2000-06-19",32.9500007629395,33.4900016784668,32.8699989318848,33.2000007629395,1615134,15.334755897522
"2000-06-20",33.2000007629395,33.4000015258789,32.7299995422363,32.9300003051758,766566,15.2100505828857
"2000-06-21",33.4799995422363,33.6599998474121,32.7200012207031,32.5400009155273,930611,15.0299091339111
"2000-06-22",33.0299987792969,33.1399993896484,32.2000007629395,32.2099990844727,1201470,14.8774871826172
"2000-06-23",32.75,32.75,31.4500007629395,31.6499996185303,647976,14.6188259124756
"2000-06-26",31.4300003051758,32.3199996948242,31.3999996185303,31.5100002288818,746418,14.5541620254517
"2000-06-27",31.3999996185303,31.7900009155273,30.75,31.1499996185303,1167172,14.3878831863403
"2000-06-28",31.0900001525879,31.6000003814697,30.8500003814697,31.4599990844727,906907,14.5310678482056
"2000-06-29",31.7999992370605,33,30.7600002288818,32.8800010681152,968630,15.1869525909424
"2000-06-30",32.2999992370605,32.5999984741211,31.3999996185303,31.6000003814697,951287,14.5957336425781
"2000-07-03",31.7000007629395,32.4000015258789,31.2000007629395,32.2799987792969,722187,14.9098215103149
"2000-07-04",32.4000015258789,33.4900016784668,32.4000015258789,33.3499984741211,754552,15.4040412902832
"2000-07-05",33.2099990844727,34,33.0999984741211,33.5,721985,15.4733238220215
"2000-07-06",34.0999984741211,37.25,33.7000007629395,36.189998626709,3488206,16.7158088684082
"2000-07-07",36.189998626709,36.189998626709,36.189998626709,36.189998626709,0,16.7158088684082
"2000-07-10",35.4599990844727,35.4599990844727,34.5699996948242,34.5,840453,15.9352130889893
"2000-07-11",34.9900016784668,36.3499984741211,34.6800003051758,36.060001373291,1287499,16.6557674407959
"2000-07-12",36.25,38,35.9000015258789,37.6100006103516,1674403,17.3716945648193
"2000-07-13",37.6100006103516,37.6100006103516,37.6100006103516,37.6100006103516,0,17.3716945648193
"2000-07-14",37.1699981689453,37.9799995422363,35.6100006103516,36.439998626709,2143582,16.83127784729
"2000-07-17",36.0099983215332,36.4000015258789,35.25,35.8300018310547,1121356,16.5495300292969
"2000-07-18",35.7999992370605,36.6699981689453,35.5400009155273,36.5,1028012,16.8589973449707
"2000-07-19",36.5,36.5499992370605,35.8300018310547,35.7999992370605,905249,16.5356693267822
"2000-07-20",35.9500007629395,37.9000015258789,35.7200012207031,37.75,1391721,17.4363555908203
"2000-07-21",37.3499984741211,37.8699989318848,36.7700004577637,37,735617,17.0899391174316
"2000-07-24",36.9900016784668,37.9900016784668,35.810001373291,37.5299987792969,956228,17.33473777771
"2000-07-25",36.9599990844727,37.2200012207031,36.2999992370605,36.7599983215332,605975,16.9790859222412
"2000-07-26",36.310001373291,37.3499984741211,35.8300018310547,37.0999984741211,828251,17.1361274719238
"2000-07-27",37,37,36.0099983215332,36.8899993896484,626421,17.0391311645508
"2000-07-28",36.8899993896484,37.439998626709,36.0999984741211,36.4000015258789,809649,16.812801361084
"2000-07-31",36.6100006103516,38.6599998474121,36.1199989318848,36.7000007629395,2044993,16.9513702392578
"2000-08-01",38.2999992370605,38.3499984741211,35.2000007629395,36.2799987792969,2267969,16.7573776245117
"2000-08-02",36.0900001525879,36.8699989318848,35.25,34.5999984741211,1071373,15.9814014434814
"2000-08-03",35.9900016784668,36.5,35.5,36.2999992370605,791972,16.7666187286377
"2000-08-04",36.0999984741211,37.0800018310547,35.7099990844727,36.25,1180536,16.743522644043
"2000-08-07",36.4900016784668,36.7400016784668,36,36.6300010681152,483498,16.9190425872803
"2000-08-08",36.7999992370605,37.4900016784668,35.9099998474121,36.75,939121,16.9744663238525
"2000-08-09",36.310001373291,37.9799995422363,36.2999992370605,37.4000015258789,985465,17.2747001647949
"2000-08-10",37.5,38.2999992370605,36.8300018310547,37.4500007629395,870039,17.2977905273438
"2000-08-11",37.7700004577637,38.1100006103516,37.2000007629395,37.5099983215332,494338,17.3255023956299
"2000-08-14",38.1199989318848,38.1199989318848,36.2999992370605,37,553095,17.0899391174316
"2000-08-15",37.4000015258789,37.4300003051758,36.2200012207031,36.5999984741211,435978,16.9051837921143
"2000-08-16",36.6300010681152,38,36.5999984741211,37.4000015258789,813720,17.2747001647949
"2000-08-17",37.310001373291,37.6599998474121,36.75,37.5,634193,17.3208847045898
"2000-08-18",37.4900016784668,37.6500015258789,36.2200012207031,36.2999992370605,918900,16.7666187286377
"2000-08-21",36.75,36.7900009155273,35.7200012207031,36.2799987792969,523379,16.7573776245117
"2000-08-22",36.5,37.439998626709,35.9599990844727,36.9599990844727,753166,17.0714626312256
"2000-08-23",37.3499984741211,37.3499984741211,36.2700004577637,36.9000015258789,807289,17.0437488555908
"2000-08-24",36.75,37.5800018310547,36.7000007629395,37.25,540443,17.2054100036621
"2000-08-25",37.189998626709,37.8800010681152,36.6199989318848,37.3499984741211,567212,17.2516021728516
"2000-08-28",37.7400016784668,38.0999984741211,37.4000015258789,37.7099990844727,461253,17.4178791046143
"2000-08-29",37.9900016784668,38.3300018310547,37.3199996948242,38,557412,17.551830291748
"2000-08-30",38.1500015258789,38.189998626709,36.0999984741211,36.25,1279288,16.743522644043
"2000-08-31",36.6199989318848,36.6199989318848,35.9599990844727,36.5499992370605,508511,16.8820877075195
"2000-09-01",36.0999984741211,36.4000015258789,35.9500007629395,36.4000015258789,1202411,16.812801361084
"2000-09-04",36.4000015258789,37.4000015258789,35.8499984741211,37,628848,17.0899391174316
"2000-09-05",36.7999992370605,37.7599983215332,36.4000015258789,37.2700004577637,515841,17.2146492004395
"2000-09-06",36.9500007629395,37.5,36.4599990844727,36.689998626709,635807,16.9467544555664
"2000-09-07",36.5,38,36.4000015258789,38,678320,17.551830291748
"2000-09-08",37.5999984741211,38.1100006103516,37.3699989318848,38.3300018310547,612476,17.7042579650879
"2000-09-11",37.5,38.2099990844727,37.2099990844727,37.6699981689453,493761,17.3994045257568
"2000-09-12",38,38.2999992370605,37.3499984741211,38.189998626709,812532,17.6395893096924
"2000-09-13",38.189998626709,38.189998626709,38.189998626709,38.189998626709,0,17.6395893096924
"2000-09-14",37.3300018310547,37.6500015258789,36.5999984741211,37.1500015258789,618065,17.1592235565186
"2000-09-15",37.6399993896484,38.1100006103516,36.9199981689453,36,1947917,16.6280517578125
"2000-09-18",36.4099998474121,37.5200004577637,36.2200012207031,36.5699996948242,993512,16.8913288116455
"2000-09-19",36.7000007629395,38,36.7000007629395,38.0400009155273,1134986,17.5703048706055
"2000-09-20",38,38,36.1100006103516,36.1500015258789,1234761,16.6973304748535
"2000-09-21",36.2999992370605,37.5,35.6199989318848,37.5900001525879,1798218,17.3624534606934
"2000-09-22",37.4000015258789,38.0999984741211,36.8499984741211,37.4000015258789,1165771,17.2747001647949
"2000-09-25",37.2200012207031,37.3499984741211,36.560001373291,37.3199996948242,1311274,17.2377471923828
"2000-09-26",37,37.4000015258789,36.7099990844727,37.5499992370605,728174,17.3439788818359
"2000-09-27",37.5800018310547,37.5800018310547,36.6800003051758,36.8499984741211,1092185,17.0206565856934
"2000-09-28",36.6500015258789,37.9000015258789,36.4599990844727,37.8800010681152,1238129,17.4964027404785
"2000-09-29",38,39.3499984741211,37.75,38.7999992370605,2409906,17.9213428497314
"2000-10-02",38.5999984741211,40.0400009155273,38.5999984741211,39.6800003051758,1677333,18.3278026580811
"2000-10-03",39.6800003051758,39.6800003051758,39.6800003051758,39.6800003051758,0,18.3278026580811
"2000-10-04",40.5,41.7700004577637,39.8499984741211,40.8499984741211,3173748,18.8682193756104
"2000-10-05",41.0400009155273,41.6300010681152,40.5099983215332,41.5999984741211,1222567,19.2146339416504
"2000-10-06",41.5400009155273,41.7000007629395,38.9000015258789,39.2999992370605,1927247,18.1522903442383
"2000-10-09",38.9000015258789,39.7000007629395,38.25,39.1100006103516,1272890,18.0645294189453
"2000-10-10",38.7000007629395,39.9700012207031,38.7000007629395,39.25,725151,18.1291923522949
"2000-10-11",38.4700012207031,39.9099998474121,38.1199989318848,39.3899993896484,1574613,18.1938571929932
"2000-10-12",39.3899993896484,39.5999984741211,37.0699996948242,39,1864261,18.0137214660645
"2000-10-13",39,39,39,39,0,18.0137214660645
"2000-10-16",39,39,39,39,0,18.0137214660645
"2000-10-17",39,39,39,39,0,18.0137214660645
"2000-10-18",39,39,39,39,0,18.0137214660645
"2000-10-19",39,39,39,39,0,18.0137214660645
"2000-10-20",39,39,39,39,0,18.0137214660645
"2000-10-23",36.7999992370605,37.4900016784668,36.7000007629395,37.4900016784668,973023,17.3162670135498
"2000-10-24",37.4900016784668,37.4900016784668,37.4900016784668,37.4900016784668,0,17.3162670135498
"2000-10-25",36.8499984741211,37.4300003051758,36.6100006103516,37.689998626709,910394,17.4086418151855
"2000-10-26",37.4000015258789,37.75,37,37.6399993896484,1014403,17.3855476379395
"2000-10-27",37.5499992370605,39.1800003051758,37.3499984741211,38.0699996948242,1714878,17.5841617584229
"2000-10-30",38.8499984741211,39.0999984741211,37.6199989318848,38.0400009155273,1145823,17.5703048706055
"2000-10-31",38.0400009155273,38.0400009155273,38.0400009155273,38.0400009155273,0,17.5703048706055
"2000-11-01",38.9599990844727,40.7400016784668,38.25,39.8499984741211,1413351,18.4063262939453
"2000-11-02",39.9900016784668,40,38.2700004577637,38.8899993896484,859892,17.9629135131836
"2000-11-03",38.9900016784668,40.0400009155273,38.2000007629395,40,1191938,18.4756107330322
"2000-11-06",39.9000015258789,40.5400009155273,39.1800003051758,39.9500007629395,722565,18.4525165557861
"2000-11-07",40.310001373291,40.4900016784668,39.2999992370605,39.4000015258789,934934,18.1984786987305
"2000-11-08",39.9700012207031,39.9900016784668,38.3499984741211,38.9000015258789,977597,17.967529296875
"2000-11-09",39.4500007629395,39.4500007629395,38.5999984741211,39.1100006103516,760727,18.0645294189453
"2000-11-10",39.0999984741211,40,38.0299987792969,38.9000015258789,1063269,17.967529296875
"2000-11-13",38.5999984741211,38.7599983215332,37.2999992370605,38.2999992370605,940593,17.6903972625732
"2000-11-14",38.2999992370605,38.2999992370605,38.2999992370605,38.2999992370605,0,17.6903972625732
"2000-11-15",39.1599998474121,40.2000007629395,38.7099990844727,40,1190435,18.4756107330322
"2000-11-16",39.6100006103516,40.1100006103516,39.0099983215332,39.1800003051758,1272519,18.0968570709229
"2000-11-17",38.6199989318848,39.4099998474121,38,38.0499992370605,1171398,17.5749244689941
"2000-11-20",38.4900016784668,38.4900016784668,36.75,36.9000015258789,770648,17.0437488555908
"2000-11-21",36.0999984741211,37.0999984741211,36,36.4500007629395,1669146,16.835901260376
"2000-11-22",36.1500015258789,36.4799995422363,34.6399993896484,35,1832851,16.1661567687988
"2000-11-23",35.2000007629395,36.0900001525879,33.310001373291,35,1219418,16.1661567687988
"2000-11-24",35.5999984741211,35.939998626709,34.0400009155273,34.9599990844727,1246221,16.1476821899414
"2000-11-27",35.6800003051758,36.5,35,35.5299987792969,942419,16.410961151123
"2000-11-28",36.1500015258789,37.5999984741211,35.5499992370605,36.2599983215332,1030643,16.7481422424316
"2000-11-29",36.7000007629395,37.5,35.6800003051758,36.4500007629395,1081542,16.835901260376
"2000-11-30",36.75,36.75,34.4300003051758,34.4300003051758,1362331,15.9028816223145
"2000-12-01",34.2999992370605,35.1500015258789,33.2200012207031,33.810001373291,1228979,15.616509437561
"2000-12-04",33.5099983215332,34.3899993896484,31.9200000762939,32.6800003051758,1329575,15.094575881958
"2000-12-05",33.3600006103516,34.25,32.5200004577637,33.9500007629395,1168695,15.6811742782593
"2000-12-06",34.25,36,32.8499984741211,34.4000015258789,2114943,15.88902759552
"2000-12-07",33.5999984741211,35.939998626709,33.560001373291,33.7999992370605,1452409,15.611891746521
"2000-12-08",34,35.5499992370605,34,35.4199981689453,937676,16.3601551055908
"2000-12-11",35.4799995422363,35.9000015258789,34.7099990844727,35.5,1087666,16.3971061706543
"2000-12-12",35.6100006103516,36,35.2999992370605,35.4799995422363,927286,16.387866973877
"2000-12-13",36,36,34.4000015258789,34.8600006103516,955171,16.1014938354492
"2000-12-14",34.3499984741211,36,34.1800003051758,34.6199989318848,1156887,15.9906415939331
"2000-12-15",34.1500015258789,35.0499992370605,33.7000007629395,33.8899993896484,2460966,15.6534576416016
"2000-12-18",33.9599990844727,34.9000015258789,33.7700004577637,34.189998626709,1083944,15.7920255661011
"2000-12-19",33.75,36.439998626709,33.7099990844727,35.5,1049656,16.3971061706543
"2000-12-20",35.5,37.25,34,35.7700004577637,919372,16.5218143463135
"2000-12-21",33.7299995422363,34.9000015258789,33.5,33.5,1270675,15.4733238220215
"2000-12-22",33.4500007629395,34.2900009155273,32.7599983215332,32.9300003051758,971361,15.2100505828857
"2000-12-25",32.9300003051758,32.9300003051758,32.9300003051758,32.9300003051758,0,15.2100505828857
"2000-12-26",32.9300003051758,32.9300003051758,32.9300003051758,32.9300003051758,0,15.2100505828857
"2000-12-27",33.060001373291,35.5,33,36,893229,16.6280517578125
"2000-12-28",36,36,33.2099990844727,34,666790,15.7042694091797
"2000-12-29",34.7599983215332,35,34.189998626709,34.9000015258789,454119,16.1199722290039
"2001-01-01",34.9000015258789,34.9000015258789,34.9000015258789,34.9000015258789,0,16.1199722290039
"2001-01-02",35.7299995422363,36.2000007629395,34.1500015258789,34.4700012207031,420631,15.9213590621948
"2001-01-03",34.2200012207031,35.7999992370605,32.4000015258789,34.5299987792969,1593510,15.9490699768066
"2001-01-04",35.1500015258789,36.0400009155273,33.7999992370605,35.1100006103516,1203012,16.216968536377
"2001-01-05",35.1100006103516,35.1100006103516,35.1100006103516,35.1100006103516,0,16.216968536377
"2001-01-08",37,37.2999992370605,36.4000015258789,37.5,1178138,17.3208847045898
"2001-01-09",37,37,36.3499984741211,37.0800018310547,1174091,17.1268920898438
"2001-01-10",36.5,36.6500015258789,36,36,785169,16.6280517578125
"2001-01-11",35.5499992370605,35.5499992370605,34.0499992370605,34.8499984741211,1313572,16.0968723297119
"2001-01-12",34.5499992370605,36,34.5099983215332,34.5999984741211,903691,15.9814014434814
"2001-01-15",35,35.9900016784668,34.8499984741211,35.5699996948242,537917,16.4294357299805
"2001-01-16",35.0999984741211,35.9700012207031,34.8400001525879,35,841303,16.1661567687988
"2001-01-17",35.7400016784668,36.4500007629395,34.7999992370605,36.5,1166597,16.8589973449707
"2001-01-18",35.9000015258789,37,35.75,36.5099983215332,1050509,16.8636131286621
"2001-01-19",36.5,37.0999984741211,36.310001373291,37,1020209,17.0899391174316
"2001-01-22",37.0499992370605,38.7000007629395,37.0499992370605,38.5,2174916,17.7827796936035
"2001-01-23",38.9900016784668,38.9900016784668,38.060001373291,39.1500015258789,1050655,18.0830097198486
"2001-01-24",39.25,39.3899993896484,38.0999984741211,38.4000015258789,1164547,17.7365856170654
"2001-01-25",38.7999992370605,38.939998626709,37.7000007629395,38.0099983215332,820737,17.5564479827881
"2001-01-26",37.5,39.2000007629395,37.5,38.0699996948242,1032544,17.5841617584229
"2001-01-29",38.5999984741211,38.5999984741211,37.3800010681152,37.7999992370605,918076,17.4594497680664
"2001-01-30",37.8899993896484,37.8899993896484,37.1100006103516,37.9300003051758,529052,17.5195007324219
"2001-01-31",37.5,37.8499984741211,36.7999992370605,37.2999992370605,870615,17.2285079956055
"2001-02-01",37.4900016784668,38.9000015258789,37.4000015258789,38.5900001525879,688090,17.8243446350098
"2001-02-02",38.2999992370605,39,37.5,37.9500007629395,876344,17.5287380218506
"2001-02-05",38.2999992370605,38.6800003051758,37.2200012207031,38.1500015258789,924639,17.6211128234863
"2001-02-06",38.2000007629395,39.3300018310547,37.9500007629395,38.7000007629395,1276155,17.875150680542
"2001-02-07",38.5099983215332,39.25,38.0999984741211,38.9000015258789,821131,17.967529296875
"2001-02-08",38.9199981689453,39.25,38.2599983215332,38.7000007629395,887035,17.875150680542
"2001-02-09",38.8899993896484,39.25,38.4199981689453,38.5200004577637,781506,17.7920150756836
"2001-02-12",38.5,39.25,38.5,39.060001373291,685488,18.0414352416992
"2001-02-13",39.0900001525879,39.1800003051758,38.3899993896484,38.3199996948242,709938,17.6996326446533
"2001-02-14",38.2599983215332,39.25,37.8899993896484,38.9700012207031,943559,17.9998645782471
"2001-02-15",38.9700012207031,38.9700012207031,38.9700012207031,38.9700012207031,0,17.9998645782471
"2001-02-16",39.8800010681152,39.8800010681152,38.7000007629395,38.5400009155273,1108609,17.8012523651123
"2001-02-19",38.2999992370605,39.8800010681152,38.2999992370605,39.6100006103516,765188,18.2954730987549
"2001-02-20",39.6199989318848,40.2900009155273,38.9000015258789,39.9599990844727,1439501,18.4571361541748
"2001-02-21",40,40.5,39.6599998474121,40,1014468,18.4756107330322
"2001-02-22",39.9900016784668,40.1199989318848,38.8699989318848,39.1800003051758,1434743,18.0968570709229
"2001-02-23",39.5,39.5699996948242,38.5999984741211,39.2000007629395,1079619,18.1061000823975
"2001-02-26",39.2400016784668,39.2400016784668,37.5999984741211,37.9199981689453,1155783,17.5148792266846
"2001-02-27",38.3499984741211,38.3499984741211,37.5999984741211,38.1599998474121,960791,17.6257305145264
"2001-02-28",38.0499992370605,38.6199989318848,37.3199996948242,38.060001373291,1080709,17.5795459747314
"2001-03-01",37.6699981689453,38.6599998474121,37.3600006103516,38.5999984741211,1289134,17.8289604187012
"2001-03-02",38.4500007629395,39.2000007629395,38.2799987792969,38.7700004577637,873634,17.9074859619141
"2001-03-05",38.5099983215332,39.1699981689453,38.4000015258789,39.3199996948242,617095,18.1615238189697
"2001-03-06",38.8699989318848,39.0900001525879,37.4099998474121,37.7200012207031,1403816,17.4225063323975
"2001-03-07",37.5,38.3499984741211,37.5,37.7999992370605,1051657,17.4594497680664
"2001-03-08",37.8899993896484,39.4000015258789,37.8899993896484,39.0099983215332,1490804,18.0183372497559
"2001-03-09",39.1399993896484,39.4500007629395,38.7099990844727,39.4700012207031,1850596,18.2308101654053
"2001-03-12",39.0099983215332,39.689998626709,38.4199981689453,38.5,1746652,17.7827796936035
"2001-03-13",38.0999984741211,38.5999984741211,37.5099983215332,38.0499992370605,1596266,17.5749244689941
"2001-03-14",38.2000007629395,38.2900009155273,35.2000007629395,35.2799987792969,2805100,16.2954902648926
"2001-03-15",35.5,36.189998626709,33.7400016784668,35.0099983215332,3591570,16.1707782745361
"2001-03-16",35.0999984741211,36.2999992370605,34.75,35,16778601,16.1661567687988
"2001-03-19",35.0499992370605,35.4799995422363,34.1500015258789,35.0499992370605,1246649,16.1892547607422
"2001-03-20",35.4000015258789,35.4500007629395,34.2999992370605,34.6599998474121,1002888,16.0091152191162
"2001-03-21",34.0299987792969,35,33.8199996948242,33.9500007629395,1836488,15.6811742782593
"2001-03-22",33.9799995422363,33.9799995422363,31.0200004577637,32.0699996948242,3162293,14.8128223419189
"2001-03-23",32.8899993896484,33.0499992370605,31.4300003051758,33.1199989318848,2739258,15.2978048324585
"2001-03-26",33.2999992370605,33.9000015258789,32.5999984741211,33.5999984741211,1476032,15.5195112228394
"2001-03-27",33.7799987792969,35.3499984741211,33.5999984741211,35.3300018310547,2261579,16.3185844421387
"2001-03-28",35.6100006103516,36.1300010681152,34.6399993896484,35.5699996948242,2057332,16.4294357299805
"2001-03-29",34.75,36.4000015258789,34.75,36.2000007629395,2015486,16.7204284667969
"2001-03-30",36.0699996948242,36.5299987792969,34.5699996948242,34.5699996948242,1892925,15.9675521850586
"2001-04-02",34.8499984741211,35.4500007629395,33.8499984741211,34.9500007629395,1102400,16.1430644989014
"2001-04-03",35,35,33.2999992370605,33.5,1951012,15.4733238220215
"2001-04-04",33.5,34.439998626709,33.2200012207031,34.2700004577637,1436725,15.8289842605591
"2001-04-05",34.8300018310547,34.9599990844727,34.1300010681152,35,1132229,16.1661567687988
"2001-04-06",35,35.5999984741211,34.5099983215332,34.4799995422363,1062116,15.9259767532349
"2001-04-09",34.4000015258789,35.4300003051758,34.3699989318848,35.4900016784668,690719,16.3924884796143
"2001-04-10",35.4000015258789,36.0200004577637,35.0200004577637,35.4599990844727,1583248,16.3786277770996
"2001-04-11",35.8800010681152,36.5099983215332,35.2000007629395,35.9000015258789,1640094,16.5818614959717
"2001-04-12",35.7099990844727,36.9000015258789,35.4099998474121,36.7999992370605,946292,16.9975643157959
"2001-04-13",36.7999992370605,36.7999992370605,36.7999992370605,36.7999992370605,0,16.9975643157959
"2001-04-16",36.7999992370605,36.7999992370605,36.7999992370605,36.7999992370605,0,16.9975643157959
"2001-04-17",36.7000007629395,36.9900016784668,36.25,36.6500015258789,856863,16.9282779693604
"2001-04-18",37,37.9000015258789,36.4000015258789,36.8499984741211,1205255,17.0206565856934
"2001-04-19",37.5,38,36.6399993896484,37.5,1232455,17.3208847045898
"2001-04-20",37.4199981689453,38.4900016784668,37.4199981689453,38.0400009155273,1599595,17.5703048706055
"2001-04-23",38,38.1199989318848,36.9199981689453,37.4599990844727,991890,17.3024101257324
"2001-04-24",36.9000015258789,38.1500015258789,36.9000015258789,37.4900016784668,751033,17.3162670135498
"2001-04-25",37.310001373291,37.9900016784668,36.9099998474121,37.75,1654172,17.4363555908203
"2001-04-26",37.5999984741211,38.4900016784668,37.3499984741211,38,1095630,17.551830291748
"2001-04-27",37.9900016784668,38.0800018310547,36.310001373291,37.2000007629395,1325982,17.1823196411133
"2001-04-30",36.75,38,36.75,37.4000015258789,1086545,17.2747001647949
"2001-05-01",37.4000015258789,37.4000015258789,37.4000015258789,37.4000015258789,0,17.2747001647949
"2001-05-02",37.9000015258789,39.4199981689453,37.4799995422363,39.2999992370605,2086942,18.1522903442383
"2001-05-03",39.0099983215332,40,39.0099983215332,39.2999992370605,2031802,18.1522903442383
"2001-05-04",39.2999992370605,39.3800010681152,38.5499992370605,38.8699989318848,1521375,17.9536781311035
"2001-05-07",38.8699989318848,38.8699989318848,38.8699989318848,38.8699989318848,0,17.9536781311035
"2001-05-08",39.2999992370605,39.7900009155273,38.7999992370605,39.0200004577637,716938,18.0229606628418
"2001-05-09",39.0499992370605,39.8899993896484,38.3199996948242,39.4700012207031,1386551,18.2308101654053
"2001-05-10",39.4700012207031,39.4700012207031,39.4700012207031,39.4700012207031,0,18.2308101654053
"2001-05-11",41.3699989318848,41.3699989318848,40.4000015258789,40.4500007629395,3428220,18.6834621429443
"2001-05-14",40.2999992370605,40.6100006103516,40.0699996948242,40.2999992370605,1625789,18.6141796112061
"2001-05-15",40.5099983215332,40.8499984741211,40.1800003051758,40.2000007629395,2190759,18.5679893493652
"2001-05-16",40.0099983215332,40.9500007629395,39.3199996948242,40.9500007629395,1969575,19.1333465576172
"2001-05-17",41.3699989318848,41.6199989318848,40.1800003051758,40.4000015258789,1398596,18.8763694763184
"2001-05-18",40.25,42.25,40.25,41.5,3235247,19.3903274536133
"2001-05-21",40.0999984741211,41.0900001525879,39.7999992370605,41.189998626709,2561374,19.2454833984375
"2001-05-22",40.9000015258789,41,40.0699996948242,40.5,1393384,18.9230861663818
"2001-05-23",40.25,40.4000015258789,39.8199996948242,40.1599998474121,1312676,18.7642288208008
"2001-05-24",39.9500007629395,40.7999992370605,39.9500007629395,40.4099998474121,506024,18.8810367584229
"2001-05-25",40.5,40.8499984741211,40,40.0400009155273,976984,18.7081623077393
"2001-05-28",40.3499984741211,40.5,39.810001373291,40.0999984741211,660869,18.7361888885498
"2001-05-29",39.8499984741211,40.1699981689453,38.7000007629395,39.2200012207031,1776421,18.3250274658203
"2001-05-30",39.3899993896484,39.3899993896484,38.689998626709,39.1300010681152,1057596,18.2829742431641
"2001-05-31",39,40.0299987792969,38.25,40.1100006103516,1508703,18.7408657073975
"2001-06-01",40.2999992370605,40.2999992370605,38.5999984741211,39.4300003051758,1451060,18.4231472015381
"2001-06-04",40,40.5299987792969,39.8600006103516,39.7999992370605,821845,18.5960235595703
"2001-06-05",40.2000007629395,40.7299995422363,39.9000015258789,40,1172789,18.6894702911377
"2001-06-06",40.4900016784668,40.4900016784668,39.6399993896484,39.9500007629395,946192,18.6661128997803
"2001-06-07",40.0999984741211,41.5099983215332,39.9000015258789,41,2237542,19.1567039489746
"2001-06-08",41.2700004577637,41.4000015258789,40.25,40.4599990844727,1604130,18.9043960571289
"2001-06-11",40.5,40.5,39.8300018310547,39.9900016784668,1182252,18.6847972869873
"2001-06-12",40.0900001525879,40.0900001525879,39.0499992370605,39.5099983215332,1784664,18.4605197906494
"2001-06-13",39.9900016784668,40.1500015258789,39.2299995422363,39.5699996948242,1343560,18.4885597229004
"2001-06-14",39.4500007629395,39.7000007629395,38.7000007629395,38.6500015258789,1048781,18.0587005615234
"2001-06-15",38.6500015258789,38.6500015258789,38.6500015258789,38.6500015258789,0,18.0587005615234
"2001-06-18",37.9900016784668,38.4000015258789,37.7299995422363,37.8600006103516,1240702,17.689582824707
"2001-06-19",37.7999992370605,38.75,37.7999992370605,37.9000015258789,1212735,17.70827293396
"2001-06-20",38,38.5499992370605,37.6500015258789,38.2700004577637,1035410,17.8811511993408
"2001-06-21",38.4000015258789,38.939998626709,37.9599990844727,38.5,1306168,17.988618850708
"2001-06-22",38.6500015258789,38.939998626709,38.1500015258789,38.6699981689453,997537,18.0680389404297
"2001-06-25",38.6199989318848,38.75,37.9099998474121,38.1199989318848,1214155,17.8110675811768
"2001-06-26",38.1300010681152,38.1800003051758,37.4700012207031,37.9300003051758,1595378,17.7222919464111
"2001-06-27",37.5,38.9900016784668,37.5,38.6500015258789,1151554,18.0587005615234
"2001-06-28",38.3499984741211,39.0800018310547,38.1100006103516,38.1500015258789,1363723,17.8250846862793
"2001-06-29",39,39.1399993896484,38.0400009155273,39.0999984741211,1313397,18.2689552307129
"2001-07-02",38.5699996948242,40.4000015258789,38.5,39.560001373291,1360393,18.4838809967041
"2001-07-03",39.7999992370605,40.4000015258789,39.7000007629395,39.4000015258789,1821378,18.4091339111328
"2001-07-04",39.8300018310547,40.4900016784668,39.8300018310547,40.0400009155273,959544,18.7081623077393
"2001-07-05",40.1800003051758,40.7000007629395,39.7700004577637,40.2200012207031,1518064,18.7922630310059
"2001-07-06",40.2200012207031,40.9000015258789,39.5800018310547,40.0400009155273,1272084,18.7081623077393
"2001-07-09",39.810001373291,40.3800010681152,39.6599998474121,39.9500007629395,1005730,18.6661128997803
"2001-07-10",40.25,40.5800018310547,39.7999992370605,39.9000015258789,1515221,18.6427459716797
"2001-07-11",39.75,40.25,39.189998626709,40.0999984741211,1720955,18.7361888885498
"2001-07-12",40.4000015258789,40.6500015258789,39.6500015258789,39.7900009155273,2189040,18.5913486480713
"2001-07-13",39.7900009155273,39.7900009155273,39.7900009155273,39.7900009155273,0,18.5913486480713
"2001-07-16",40.0999984741211,40.4700012207031,38.9500007629395,39.75,2847895,18.5726585388184
"2001-07-17",39.7999992370605,40,39.3499984741211,39.5800018310547,1477812,18.4932308197021
"2001-07-18",39.5900001525879,39.6300010681152,38.5,38.9000015258789,1674165,18.1755123138428
"2001-07-19",38.7700004577637,38.9199981689453,37.9599990844727,38.75,1464174,18.1054229736328
"2001-07-20",38.25,39.25,38.1599998474121,38.8499984741211,1214164,18.1521472930908
"2001-07-23",39.1500015258789,39.810001373291,38.5200004577637,39.2000007629395,1303119,18.3156814575195
"2001-07-24",38.8400001525879,39.5999984741211,38.75,39.2000007629395,1036622,18.3156814575195
"2001-07-25",39.2099990844727,40.0999984741211,39.2099990844727,39.7000007629395,1581573,18.5493011474609
"2001-07-26",39.5999984741211,39.9000015258789,39.2200012207031,39.9700012207031,1014965,18.6754531860352
"2001-07-27",39.9000015258789,40.2900009155273,39.7799987792969,39.9599990844727,1472822,18.6707801818848
"2001-07-30",39.8899993896484,40.1500015258789,39.7099990844727,39.9500007629395,1059242,18.6661128997803
"2001-07-31",39.7999992370605,40.4000015258789,39.6699981689453,40.4900016784668,1602695,18.9184226989746
"2001-08-01",40.5299987792969,40.9000015258789,39.9099998474121,40.4099998474121,1388837,18.8810367584229
"2001-08-02",40.7000007629395,41.8199996948242,40.3300018310547,40.2000007629395,2637089,18.7829151153564
"2001-08-03",40.7900009155273,41.0699996948242,39.75,40,1255631,18.6894702911377
"2001-08-06",39.7999992370605,40.6800003051758,39.7999992370605,40.4000015258789,1523220,18.8763694763184
"2001-08-07",41.25,41.4000015258789,39.7999992370605,40,3224374,18.6894702911377
"2001-08-08",39.75,39.9500007629395,38.3699989318848,39.0400009155273,3081205,18.2409229278564
"2001-08-09",38.5,39.0999984741211,38.2599983215332,38.5699996948242,1478637,18.0213203430176
"2001-08-10",38.6599998474121,39.1699981689453,38.2000007629395,38.3699989318848,2018913,17.9278755187988
"2001-08-13",38.4099998474121,38.9500007629395,38.25,38.7000007629395,988459,18.0820636749268
"2001-08-14",38.7799987792969,39.1699981689453,38.6500015258789,38.7799987792969,1347305,18.1194438934326
"2001-08-15",38.6599998474121,38.8899993896484,37.810001373291,38.060001373291,1454601,17.783031463623
"2001-08-16",38,38.0200004577637,35.7299995422363,36,3288666,16.8205242156982
"2001-08-17",36.4799995422363,36.4799995422363,33.7000007629395,35.2000007629395,3467668,16.4467315673828
"2001-08-20",34.9000015258789,35.9000015258789,34.0200004577637,35.1500015258789,2492905,16.4233703613281
"2001-08-21",35.2400016784668,35.5800018310547,34.6399993896484,34.75,1644728,16.2364768981934
"2001-08-22",34.560001373291,36.7999992370605,34.5099983215332,35.2999992370605,3701939,16.4934577941895
"2001-08-23",35.4900016784668,36.2400016784668,35.0299987792969,36.2200012207031,1721081,16.9233169555664
"2001-08-24",36.4900016784668,36.7999992370605,35.9900016784668,36.6300010681152,1669548,17.1148815155029
"2001-08-27",36.6399993896484,36.8499984741211,35.7999992370605,36.25,599153,16.9373321533203
"2001-08-28",36.1800003051758,36.6599998474121,35.0900001525879,35.1699981689453,1076685,16.4327163696289
"2001-08-29",35.2599983215332,35.5999984741211,34.4199981689453,35.3499984741211,2053054,16.5168170928955
"2001-08-30",35.4099998474121,36,35.060001373291,35.3400001525879,2171484,16.5121479034424
"2001-08-31",35.2900009155273,36.0499992370605,34.7999992370605,35.1500015258789,1428606,16.4233703613281
"2001-09-03",34.9599990844727,35.7900009155273,34.1500015258789,35.2000007629395,1696672,16.4467315673828
"2001-09-04",35.689998626709,37.5900001525879,35.6199989318848,36.6399993896484,2613949,17.119556427002
"2001-09-05",36.6100006103516,38.310001373291,36.5800018310547,36.6599998474121,3737551,17.1289005279541
"2001-09-06",37.6800003051758,38.3499984741211,36.5699996948242,36.8699989318848,4853381,17.2270202636719
"2001-09-07",37.3199996948242,37.6599998474121,36,36,3512762,16.8205242156982
"2001-09-10",36.1500015258789,36.4900016784668,34.75,34.7200012207031,2178812,16.2224578857422
"2001-09-11",35.310001373291,35.7299995422363,31.1000003814697,33.0999984741211,3624162,15.465539932251
"2001-09-12",32.0499992370605,33.3600006103516,29.7999992370605,31.5699996948242,4946752,14.7506637573242
"2001-09-13",32,32,30.1000003814697,31.0499992370605,3016113,14.5076999664307
"2001-09-14",31.0100002288818,31.3400001525879,27.5,27.7000007629395,3693036,12.9424591064453
"2001-09-17",27.5,29.2399997711182,26.1499996185303,27.8999996185303,4706645,13.035906791687
"2001-09-18",28.0499992370605,28.2000007629395,26.2000007629395,27.8500003814697,3537667,13.012544631958
"2001-09-19",28.2299995422363,28.8799991607666,26.3500003814697,26.6499996185303,3500201,12.4518575668335
"2001-09-20",26.8999996185303,27.2999992370605,23.5499992370605,24.1499996185303,4848737,11.2837657928467
"2001-09-21",22.6499996185303,25.5,21.6499996185303,25.0699996948242,8039195,11.7136278152466
"2001-09-24",25.0699996948242,25.0699996948242,25.0699996948242,25.0699996948242,0,11.7136278152466
"2001-09-25",27.7900009155273,27.7900009155273,25.8500003814697,26.5499992370605,2869518,12.4051351547241
"2001-09-26",26.4799995422363,28.2299995422363,25.5499992370605,26.1100006103516,2780937,12.1995525360107
"2001-09-27",26,27.1700000762939,25.2999992370605,26.2000007629395,1792719,12.2416038513184
"2001-09-28",27.2999992370605,28.5,27.1000003814697,28.0300006866455,2508892,13.0966463088989
"2001-10-01",28.1399993896484,28.5,26.7600002288818,28.7000007629395,2447362,13.4096975326538
"2001-10-02",28.2999992370605,29.5699996948242,26.7999992370605,29.5599994659424,3046312,13.8115158081055
"2001-10-03",29.5599994659424,29.5599994659424,29.5599994659424,29.5599994659424,0,13.8115158081055
"2001-10-04",30.7000007629395,31.5,30,31.2999992370605,3088899,14.6245088577271
"2001-10-05",31.1000003814697,31.9899997711182,30.3099994659424,31.2099990844727,2486046,14.5824575424194
"2001-10-08",30.75,32.25,30.3999996185303,32,1488499,14.9515771865845
"2001-10-09",32.0400009155273,32.5,31.4200000762939,31.8600006103516,1529361,14.8861608505249
"2001-10-10",32,32.75,31.2000007629395,32.5800018310547,1669116,15.2225742340088
"2001-10-11",32.7900009155273,34.1500015258789,32.5,34.1500015258789,2391520,15.9561357498169
"2001-10-12",33.7999992370605,34.2000007629395,32.3400001525879,32.9500007629395,1814628,15.3954544067383
"2001-10-15",33.1399993896484,33.2999992370605,32.0999984741211,33.1100006103516,1273223,15.4702062606812
"2001-10-16",33.1100006103516,33.1100006103516,33.1100006103516,33.1100006103516,0,15.4702062606812
"2001-10-17",33.9900016784668,34.7000007629395,33.3699989318848,33.5800018310547,2062445,15.6898164749146
"2001-10-18",33.4000015258789,34.2400016784668,32.5,33.1500015258789,1766041,15.4888944625854
"2001-10-19",33.3499984741211,33.7000007629395,32.2000007629395,33.1599998474121,1877459,15.4935712814331
"2001-10-22",33.2900009155273,34.6699981689453,32.7700004577637,34.2299995422363,1531409,15.9935140609741
"2001-10-23",34.2999992370605,35.5,33.7700004577637,34.5200004577637,2069110,16.1290111541748
"2001-10-24",34.0099983215332,35.4500007629395,34.0099983215332,35.0800018310547,2348885,16.3906650543213
"2001-10-25",35,35.3499984741211,34.0699996948242,34.3699989318848,1347242,16.0589275360107
"2001-10-26",34.5999984741211,34.9900016784668,33.5999984741211,34.5499992370605,1794353,16.143030166626
"2001-10-29",34.4500007629395,34.4799995422363,33.5200004577637,34.0999984741211,1113428,15.9327716827393
"2001-10-30",33.5499992370605,33.7000007629395,32.3499984741211,32.0999984741211,2026937,14.9982986450195
"2001-10-31",32.4199981689453,33.7000007629395,32.4199981689453,33,1612344,15.4188117980957
"2001-11-01",33.5499992370605,34.2799987792969,32.2000007629395,34,1663070,15.8860511779785
"2001-11-02",34,34.4799995422363,33.1399993896484,34.2000007629395,2406288,15.9794979095459
"2001-11-05",34.3199996948242,35.75,34.1199989318848,35.5499992370605,1644325,16.6102695465088
"2001-11-06",35.7999992370605,35.7999992370605,34.7000007629395,34.9000015258789,1689044,16.3065605163574
"2001-11-07",35.5099983215332,37.189998626709,35.4799995422363,37.2000007629395,4067430,17.3812065124512
"2001-11-08",36.7700004577637,37.3899993896484,35.9000015258789,37.3899993896484,2684915,17.4699802398682
"2001-11-09",36.4700012207031,37.6100006103516,36.4700012207031,37.2400016784668,1662187,17.3998985290527
"2001-11-12",37.6500015258789,37.6599998474121,35.7999992370605,36.9000015258789,2021655,17.2410373687744
"2001-11-13",36.9900016784668,38.4700012207031,36.7299995422363,38.4000015258789,1700066,17.94189453125
"2001-11-14",38.5800018310547,38.9500007629395,37.6199989318848,38.0999984741211,2288608,17.8017177581787
"2001-11-15",38.6500015258789,38.8199996948242,37.3699989318848,42.3499984741211,2626874,19.7874698638916
"2001-11-16",38.310001373291,39.9000015258789,38.1100006103516,37.8499984741211,2279736,17.6849117279053
"2001-11-19",39.189998626709,39.7900009155273,38.8499984741211,39.3499984741211,1751673,18.385763168335
"2001-11-20",39.5099983215332,39.7999992370605,38.310001373291,38.8199996948242,2146886,18.1381320953369
"2001-11-21",38.7900009155273,39.939998626709,38.7200012207031,38.5499992370605,2058172,18.0119781494141
"2001-11-22",38.5099983215332,38.9900016784668,38.060001373291,38.4000015258789,1557488,17.94189453125
"2001-11-23",38.5499992370605,39.1199989318848,37.4799995422363,38.75,1445016,18.1054229736328
"2001-11-26",39.1500015258789,39.5999984741211,38.4099998474121,38.9000015258789,2318414,18.1755123138428
"2001-11-27",39,39.0400009155273,36.7999992370605,37.5900001525879,3085803,17.5634346008301
"2001-11-28",37.310001373291,38.2999992370605,36.810001373291,36.9000015258789,1694830,17.2410373687744
"2001-11-29",36.9000015258789,37.3199996948242,36.2999992370605,36.7000007629395,1192168,17.147590637207
"2001-11-30",37,37.6699981689453,36.2999992370605,35.4900016784668,1276357,16.5822334289551
"2001-12-03",37,37.6699981689453,36.2999992370605,35.4900016784668,1276357,16.5822334289551
"2001-12-04",36.8499984741211,37.8400001525879,36.4199981689453,37.2799987792969,2056475,17.418586730957
"2001-12-05",37.6100006103516,39.6500015258789,37.6100006103516,39.9000015258789,2826754,18.6427459716797
"2001-12-06",39.4599990844727,39.5200004577637,38.5,39.25,1933371,18.3390426635742
"2001-12-07",39.4500007629395,39.4500007629395,37.6599998474121,38.1500015258789,2049644,17.8250846862793
"2001-12-10",38.2999992370605,38.439998626709,37.5999984741211,38.2900009155273,893160,17.890495300293
"2001-12-11",37.9500007629395,38.5900001525879,37.5499992370605,38.0999984741211,1177574,17.8017177581787
"2001-12-12",38.1500015258789,38.5099983215332,37.3499984741211,38.1300010681152,1415301,17.8157367706299
"2001-12-13",38.2799987792969,38.3800010681152,37.0999984741211,37.3499984741211,1465968,17.4512920379639
"2001-12-14",37.4900016784668,38.0200004577637,36.7099990844727,36.9700012207031,1145189,17.2737426757812
"2001-12-17",37.2000007629395,39,36.7099990844727,38.7000007629395,1688636,18.0820636749268
"2001-12-18",38.5499992370605,39.0400009155273,38.3499984741211,38.2799987792969,1877544,17.8858184814453
"2001-12-19",38.5999984741211,38.5999984741211,37.7999992370605,38.0499992370605,2323359,17.7783584594727
"2001-12-20",38.3800010681152,38.9099998474121,37.9500007629395,37.9500007629395,1206581,17.7316360473633
"2001-12-21",38.2000007629395,39.7000007629395,38.1199989318848,39.4700012207031,3072689,18.4418334960938
"2001-12-24",39.4700012207031,39.4700012207031,39.4700012207031,39.4700012207031,0,18.4418334960938
"2001-12-25",39.4700012207031,39.4700012207031,39.4700012207031,39.4700012207031,0,18.4418334960938
"2001-12-26",39.4700012207031,39.4700012207031,39.4700012207031,39.4700012207031,0,18.4418334960938
"2001-12-27",39.5,39.8499984741211,38.9500007629395,39.6500015258789,1185714,18.5259380340576
"2001-12-28",38.7999992370605,39.7900009155273,38.7999992370605,39.1500015258789,569835,18.2923202514648
"2001-12-31",39.1500015258789,39.1500015258789,39.1500015258789,39.1500015258789,0,18.2923202514648
"2002-01-01",39.1500015258789,39.1500015258789,39.1500015258789,39.1500015258789,0,18.2923202514648
"2002-01-02",38.5499992370605,39.8499984741211,38.5499992370605,40,1629314,18.6894702911377
"2002-01-03",39.9000015258789,40.8899993896484,39.7099990844727,40.7099990844727,1722124,19.0212078094482
"2002-01-04",40.6500015258789,41.4000015258789,40.1800003051758,41.4000015258789,2342039,19.3436050415039
"2002-01-07",41.1500015258789,41.189998626709,39.7099990844727,40.0999984741211,2149607,18.7361888885498
"2002-01-08",39.9900016784668,40.7000007629395,39.7000007629395,40.5,2180007,18.9230861663818
"2002-01-09",40.1399993896484,40.7900009155273,39.5800018310547,40.5099983215332,2025215,18.9277610778809
"2002-01-10",40.6500015258789,40.6500015258789,39.75,40.4000015258789,1141613,18.8763694763184
"2002-01-11",40.060001373291,40.5499992370605,39.2000007629395,39.3499984741211,1755380,18.385763168335
"2002-01-14",39.2000007629395,39.4700012207031,38.4300003051758,38.5900001525879,1770798,18.030668258667
"2002-01-15",38.5900001525879,38.5900001525879,38.5900001525879,38.5900001525879,0,18.030668258667
"2002-01-16",37.9599990844727,38.1500015258789,36.7700004577637,37.2700004577637,2281414,17.4139137268066
"2002-01-17",36.8699989318848,38.2000007629395,36.8699989318848,38.189998626709,2690490,17.843770980835
"2002-01-18",37.6199989318848,38.1500015258789,37.5,38.0099983215332,1494267,17.7596740722656
"2002-01-21",37.9700012207031,37.9700012207031,37.6100006103516,37.6100006103516,545968,17.5727729797363
"2002-01-22",37.5099983215332,38.7000007629395,37.4599990844727,37.6599998474121,1664260,17.596134185791
"2002-01-23",38.0999984741211,38.4500007629395,36.8600006103516,38.4500007629395,1456422,17.9652519226074
"2002-01-24",37.7000007629395,38.5,37.5099983215332,38.0999984741211,1440779,17.8017177581787
"2002-01-25",37.9599990844727,38.7299995422363,37.9599990844727,38.4900016784668,1448207,17.9839477539062
"2002-01-28",39.0999984741211,40.5499992370605,38.9000015258789,40.2000007629395,3749046,18.7829151153564
"2002-01-29",40.5999984741211,42.0999984741211,40.5999984741211,41,5227835,19.1567039489746
"2002-01-30",40.4000015258789,41.5999984741211,40.25,41.2700004577637,4083225,19.282865524292
"2002-01-31",41.4000015258789,42.939998626709,41.4000015258789,42.8499984741211,4197566,20.0210933685303
"2002-02-01",42.6500015258789,43.2900009155273,42.0499992370605,42.4099998474121,2056226,19.8155078887939
"2002-02-04",42.1500015258789,42.4599990844727,41.8600006103516,41.7799987792969,2048380,19.5211524963379
"2002-02-05",41.5,42.0800018310547,40.7299995422363,41.6399993896484,2888656,19.4557342529297
"2002-02-06",41.7400016784668,41.8400001525879,39.9000015258789,40.3499984741211,2568922,18.8530025482178
"2002-02-07",40.060001373291,40.3499984741211,39.5,39.8800010681152,1688406,18.6333961486816
"2002-02-08",39.7999992370605,41.1699981689453,39.7999992370605,40.8899993896484,2783417,19.1053104400635
"2002-02-11",41.3199996948242,41.4500007629395,40.0499992370605,40.6199989318848,1552385,18.9791584014893
"2002-02-12",41.1699981689453,41.6500015258789,40.2900009155273,40.5499992370605,1831270,18.9464511871338
"2002-02-13",40.7000007629395,41.6599998474121,40.2400016784668,41.4599990844727,1690836,19.3716373443604
"2002-02-14",41.5,42.1500015258789,41,41.939998626709,1487060,19.5959091186523
"2002-02-15",41.939998626709,42.1399993896484,41.0900001525879,41.0900001525879,1205724,19.1987533569336
"2002-02-18",41.0099983215332,42.1199989318848,41.0099983215332,41.5,1149045,19.3903274536133
"2002-02-19",41.2999992370605,41.8499984741211,40.6399993896484,41.25,1769458,19.2735137939453
"2002-02-20",41.2000007629395,41.5299987792969,40.5499992370605,41.3300018310547,1276214,19.3108978271484
"2002-02-21",41.25,41.6500015258789,40.7599983215332,41.5,1701646,19.3903274536133
"2002-02-22",41.0200004577637,41.0800018310547,40.2700004577637,40.5800018310547,1249243,18.9604721069336
"2002-02-25",40.3800010681152,41.5499992370605,39.810001373291,41.8800010681152,1407087,19.5678768157959
"2002-02-26",41.7000007629395,41.8899993896484,40.8199996948242,41.9000015258789,1811030,19.577220916748
"2002-02-27",41.8899993896484,42.4700012207031,41.6199989318848,41.9900016784668,1355563,19.6192684173584
"2002-02-28",41.6500015258789,43,41.5499992370605,42.8499984741211,1835741,20.0210933685303
"2002-03-01",42.4000015258789,44.4300003051758,42.2099990844727,44.2999992370605,2467139,20.6985855102539
"2002-03-04",44.5400009155273,44.9500007629395,43.9099998474121,44.5,2128742,20.7920398712158
"2002-03-05",44.5,45.1199989318848,44.4000015258789,45.0900001525879,1883968,21.0677051544189
"2002-03-06",44.939998626709,44.939998626709,43.2999992370605,44.189998626709,2677389,20.64719581604
"2002-03-07",44.5900001525879,44.7999992370605,43.7799987792969,44.1100006103516,2220271,20.6098155975342
"2002-03-08",44.2599983215332,45.0299987792969,44,44.5,1955355,20.7920398712158
"2002-03-11",44.3300018310547,45.1300010681152,43.8600006103516,44.7999992370605,2035858,20.932201385498
"2002-03-12",44.6100006103516,44.7900009155273,43.3600006103516,44.0099983215332,1888151,20.5630912780762
"2002-03-13",44.1199989318848,44.9500007629395,43.9099998474121,43.7700004577637,1506994,20.4509563446045
"2002-03-14",44.3499984741211,44.6300010681152,44,44.2999992370605,1232690,20.6985855102539
"2002-03-15",44.0099983215332,46,44,46,6473392,21.4928913116455
"2002-03-18",46.0900001525879,46.5,45.5200004577637,46,1486839,21.4928913116455
"2002-03-19",46,46.810001373291,45.9000015258789,46.6599998474121,2013681,21.8012657165527
"2002-03-20",46.4700012207031,47.4000015258789,45.7400016784668,46.0900001525879,2341108,21.5349426269531
"2002-03-21",46.2999992370605,47.8699989318848,46.1500015258789,47.4099998474121,3256498,22.1516952514648
"2002-03-22",47.4000015258789,47.5999984741211,46.8300018310547,47.25,1519107,22.076940536499
"2002-03-25",47.25,47.2900009155273,45.3499984741211,45.5,2077119,21.25927734375
"2002-03-26",45.2999992370605,45.8800010681152,44.4199981689453,45.1800003051758,3151953,21.1097583770752
"2002-03-27",45.25,45.7999992370605,45.0699996948242,45.0999984741211,1769512,21.0723743438721
"2002-03-28",45.0099983215332,46.2099990844727,45.0099983215332,45.9000015258789,1260618,21.4461650848389
"2002-03-29",45.9000015258789,45.9000015258789,45.9000015258789,45.9000015258789,0,21.4461650848389
"2002-04-01",45.9000015258789,45.9000015258789,45.9000015258789,45.9000015258789,0,21.4461650848389
"2002-04-02",45.5999984741211,46.2000007629395,45.060001373291,45.3699989318848,1573655,21.1985282897949
"2002-04-03",45.5299987792969,46.0999984741211,44.7999992370605,45.1500015258789,1692677,21.095739364624
"2002-04-04",45.2299995422363,45.4000015258789,44.0699996948242,44.5499992370605,1669677,20.8153991699219
"2002-04-05",44.6399993896484,44.9700012207031,44.4000015258789,44.7599983215332,854702,20.9135208129883
"2002-04-08",44.5999984741211,44.7700004577637,43.9000015258789,44.7999992370605,1072367,20.932201385498
"2002-04-09",44.7999992370605,45.2799987792969,44.4500007629395,44.6500015258789,1272873,20.8621196746826
"2002-04-10",44.6500015258789,45.4000015258789,44.2299995422363,45.4000015258789,1349379,21.2125492095947
"2002-04-11",45,45.2999992370605,44,44,1729479,20.5584163665771
"2002-04-12",44.0499992370605,45.0400009155273,43.8499984741211,44.3499984741211,1634310,20.7219505310059
"2002-04-15",44.5,44.7000007629395,44,44.5400009155273,1067744,20.8107261657715
"2002-04-16",44.9500007629395,45.9700012207031,44.5299987792969,45.75,1541570,21.3760871887207
"2002-04-17",45.7999992370605,45.8499984741211,45.1599998474121,45.2999992370605,1124881,21.1658229827881
"2002-04-18",45.5999984741211,45.9000015258789,45.0200004577637,45.4500007629395,1562016,21.2359161376953
"2002-04-19",45.2099990844727,46,45.0999984741211,46,1003136,21.4928913116455
"2002-04-22",45.9500007629395,45.9500007629395,44.7999992370605,45.2000007629395,923601,21.1191024780273
"2002-04-23",45.4500007629395,45.6399993896484,44.8600006103516,45.4300003051758,1064054,21.2265663146973
"2002-04-24",45.4000015258789,45.7700004577637,44.8600006103516,45.0499992370605,1128175,21.0490112304688
"2002-04-25",44.8499984741211,45.1100006103516,43.1199989318848,44.25,3226768,20.6752300262451
"2002-04-26",44.0999984741211,45.25,43.7700004577637,43.7599983215332,2094291,20.4462776184082
"2002-04-29",43.75,43.9000015258789,42.8499984741211,43.1500015258789,1710044,20.1612644195557
"2002-04-30",43.2900009155273,44.3199996948242,43.2700004577637,43.6199989318848,1351524,20.3808689117432
"2002-05-01",43.6199989318848,43.6199989318848,43.6199989318848,43.6199989318848,0,20.3808689117432
"2002-05-02",44.5999984741211,45.5,44.5,44.9500007629395,2398882,21.002290725708
"2002-05-03",44.9000015258789,45.8499984741211,43.8199996948242,44.3300018310547,1827501,20.7126083374023
"2002-05-06",44.2900009155273,44.8199996948242,44.2000007629395,44.4500007629395,1017223,20.7686786651611
"2002-05-07",45,45.1599998474121,43.810001373291,45,1706279,21.0256538391113
"2002-05-08",45,46.0999984741211,44.9000015258789,46.0499992370605,3092661,21.5162506103516
"2002-05-09",45.75,46.439998626709,45.6100006103516,45.8499984741211,1412635,21.4228019714355
"2002-05-10",46,47.560001373291,45.9900016784668,47.0400009155273,3412566,21.9788131713867
"2002-05-13",46.9900016784668,47.2999992370605,46.5299987792969,47.25,2453559,22.076940536499
"2002-05-14",47.3800010681152,47.3800010681152,46.5499992370605,47.1300010681152,1955656,22.0208683013916
"2002-05-15",47.2400016784668,47.2400016784668,46.0400009155273,46.1199989318848,1655093,21.548957824707
"2002-05-16",46.5800018310547,47.0499992370605,46.1100006103516,47.25,1698719,22.076940536499
"2002-05-17",46.5,47.9500007629395,46.2799987792969,47.5499992370605,3008387,22.464334487915
"2002-05-20",47.5800018310547,47.9000015258789,47.0800018310547,47.25,831701,22.322603225708
"2002-05-21",47,47.689998626709,46.75,47.5499992370605,1568583,22.464334487915
"2002-05-22",47.3199996948242,48.1599998474121,46.7799987792969,47.2999992370605,2620731,22.3462238311768
"2002-05-23",47.2599983215332,47.5900001525879,46.3499984741211,46.4799995422363,2371864,21.9588260650635
"2002-05-24",46.3699989318848,46.9500007629395,45.5800018310547,46.4500007629395,1735462,21.944652557373
"2002-05-27",46.0099983215332,47.0800018310547,46.0099983215332,46.5,597408,21.9682788848877
"2002-05-28",46.5,46.5,46.5,46.5,0,21.9682788848877
"2002-05-29",46.4500007629395,46.4500007629395,44.8499984741211,45.7999992370605,1949822,21.6375713348389
"2002-05-30",45.7000007629395,45.7700004577637,44.6500015258789,45.1300010681152,1513070,21.3210411071777
"2002-05-31",44.8600006103516,45.8899993896484,44.560001373291,45.8699989318848,1502947,21.6706428527832
"2002-06-03",45.3199996948242,45.5,44.2599983215332,44.5,1308859,21.0234069824219
"2002-06-04",44.0999984741211,44.5699996948242,43.6199989318848,44.0099983215332,1954048,20.7919082641602
"2002-06-05",44.2900009155273,44.75,43.9099998474121,45.5,1530984,21.4958324432373
"2002-06-06",44.4000015258789,45.4300003051758,44.2799987792969,45,1811857,21.2596206665039
"2002-06-07",43.5099983215332,44.5,43.5099983215332,44.1100006103516,1917388,20.8391513824463
"2002-06-10",44.4900016784668,44.6399993896484,43.2599983215332,44.3499984741211,1423114,20.9525394439697
"2002-06-11",44.0499992370605,45.4000015258789,43.5499992370605,45.3400001525879,2284651,21.4202480316162
"2002-06-12",44.7700004577637,44.7999992370605,43.8699989318848,45,1840284,21.2596206665039
"2002-06-13",44.8300018310547,45.2000007629395,41.5299987792969,42.0499992370605,2770708,19.8659343719482
"2002-06-14",41.4900016784668,41.75,39.6599998474121,39.3600006103516,3947232,18.5950813293457
"2002-06-17",40.5,42.4900016784668,40.439998626709,42.2200012207031,2106541,19.9462490081787
"2002-06-18",42.5099983215332,42.7000007629395,41.7099990844727,42.4500007629395,1410384,20.0549087524414
"2002-06-19",41.5,42.0999984741211,40.3899993896484,41.8499984741211,2958230,19.771448135376
"2002-06-20",41.2999992370605,42,39.7599983215332,39.9500007629395,3753612,18.8738174438477
"2002-06-21",39.5999984741211,39.9900016784668,37.6300010681152,35.8600006103516,11046030,16.941556930542
"2002-06-24",38.4000015258789,39.1800003051758,37.1500015258789,37.2999992370605,3714757,17.6218662261963
"2002-06-25",39,40.8499984741211,38.8899993896484,39.9000015258789,3787746,18.8502006530762
"2002-06-26",38.2999992370605,41,38.0999984741211,40.5,3828608,19.1336574554443
"2002-06-27",41.7999992370605,42.25,40.0099983215332,40.1100006103516,3637449,18.9494075775146
"2002-06-28",41.5400009155273,41.8300018310547,41.2200012207031,41.0200004577637,4577780,19.3793277740479
"2002-07-01",41.4000015258789,42.2799987792969,41,41.1500015258789,1973532,19.4407444000244
"2002-07-02",41.0999984741211,41.5400009155273,39.5099983215332,40.0999984741211,2429319,18.9446830749512
"2002-07-03",40.0999984741211,40.6800003051758,38.7999992370605,39.5499992370605,2721338,18.6848468780518
"2002-07-04",40.0400009155273,40.4300003051758,39.6500015258789,40.25,1134810,19.0155506134033
"2002-07-05",40.75,42.7799987792969,40.7099990844727,42.1699981689453,2526465,19.9226264953613
"2002-07-08",41.9000015258789,42.7799987792969,41.4099998474121,42.3499984741211,1612807,20.0076675415039
"2002-07-09",42.8899993896484,43.5800018310547,42.5,42.7999992370605,2872721,20.2202625274658
"2002-07-10",42.3400001525879,42.8499984741211,40.8600006103516,41.0999984741211,2444405,19.4171180725098
"2002-07-11",40.5,41.8899993896484,39.9599990844727,40.310001373291,3159057,19.0438957214355
"2002-07-12",41.8499984741211,42.6599998474121,40.9500007629395,41.2200012207031,2234843,19.4738140106201
"2002-07-15",40.9799995422363,41.7299995422363,38.8199996948242,39.2200012207031,2195974,18.5289402008057
"2002-07-16",40.0999984741211,40.4000015258789,38.1199989318848,38.7000007629395,2777554,18.2832736968994
"2002-07-17",38.4000015258789,39.7400016784668,37.3300018310547,39.5699996948242,4241407,18.6942939758301
"2002-07-18",39.6100006103516,40.5800018310547,39.4500007629395,40.0999984741211,2485567,18.9446830749512
"2002-07-19",39.6500015258789,39.8600006103516,38.0200004577637,39.7000007629395,2509250,18.7557106018066
"2002-07-22",38.0200004577637,38.3899993896484,35.2000007629395,36,2742725,17.0076999664307
"2002-07-23",36.25,37.2999992370605,35.6500015258789,36,2516297,17.0076999664307
"2002-07-24",35.7000007629395,36.5,33.3499984741211,36.5699996948242,3081692,17.2769870758057
"2002-07-25",37.4000015258789,37.689998626709,35.5400009155273,36.2000007629395,3289639,17.1021823883057
"2002-07-26",36.689998626709,37.3499984741211,35.5999984741211,36.8499984741211,2116559,17.4092693328857
"2002-07-29",37.4500007629395,40,37.2200012207031,40,2339378,18.8974418640137
"2002-07-30",39.9500007629395,40.25,39.2999992370605,39.9799995422363,2916334,18.8879909515381
"2002-07-31",40,40.2000007629395,37.7900009155273,38.5,3528906,18.1887893676758
"2002-08-01",38.4599990844727,39.5699996948242,37.310001373291,38.2000007629395,2038366,18.0470581054688
"2002-08-02",37.9000015258789,39.3600006103516,37.6199989318848,38.310001373291,2575811,18.0990257263184
"2002-08-05",38.060001373291,38.6800003051758,36.6199989318848,37,2089627,17.4801330566406
"2002-08-06",36.0999984741211,39.7000007629395,36,39.25,3042487,18.5431118011475
"2002-08-07",39.8800010681152,40.4099998474121,38.8899993896484,39.6500015258789,2991271,18.7320919036865
"2002-08-08",40.0099983215332,40.2999992370605,37.4300003051758,38.6599998474121,4513037,18.2643795013428
"2002-08-09",38.8499984741211,39.3699989318848,36.0999984741211,38.4599990844727,4693949,18.169885635376
"2002-08-12",37.5,38.6399993896484,37.2200012207031,38.4000015258789,1555672,18.141544342041
"2002-08-13",38.3499984741211,39.939998626709,38.2599983215332,39.2999992370605,2675335,18.5667381286621
"2002-08-14",38.5499992370605,39.9000015258789,38.5200004577637,39,1747776,18.4250068664551
"2002-08-15",40,40.8300018310547,39.7999992370605,40.2000007629395,2662234,18.9919281005859
"2002-08-16",40.4300003051758,40.4300003051758,38.7000007629395,39.1300010681152,1926485,18.4864234924316
"2002-08-19",39.1199989318848,40.5999984741211,39.0200004577637,40.4000015258789,1788717,19.0864200592041
"2002-08-20",40.5999984741211,40.7000007629395,39.2799987792969,39.3699989318848,1921746,18.5998058319092
"2002-08-21",39.4900016784668,40.2700004577637,39.1399993896484,39.6500015258789,2396359,18.7320919036865
"2002-08-22",39.9000015258789,40.2200012207031,39.310001373291,39.6500015258789,1356645,18.7320919036865
"2002-08-23",39.6500015258789,39.6500015258789,39.6500015258789,39.6500015258789,0,18.7320919036865
"2002-08-26",39.6500015258789,39.6500015258789,39.6500015258789,39.6500015258789,0,18.7320919036865
"2002-08-27",39.6500015258789,39.6500015258789,39.6500015258789,39.6500015258789,0,18.7320919036865
"2002-08-28",39.6500015258789,39.6500015258789,39.6500015258789,39.6500015258789,0,18.7320919036865
"2002-08-29",38.3199996948242,38.4300003051758,37.0999984741211,37.5,2293547,17.7163505554199
"2002-08-30",37.8800010681152,38.5900001525879,37.4500007629395,38.4099998474121,1636161,18.1462707519531
"2002-09-02",38.25,38.25,37.25,37.2999992370605,1018282,17.6218662261963
"2002-09-03",37.0400009155273,37.189998626709,35,35.9700012207031,2222108,16.9935245513916
"2002-09-04",35.689998626709,35.9500007629395,34.810001373291,35.25,2468498,16.6533679962158
"2002-09-05",35.939998626709,36.1500015258789,34.0499992370605,35.0999984741211,1922655,16.5825023651123
"2002-09-06",35.25,36.3499984741211,34.5400009155273,36.2999992370605,1743064,17.1494274139404
"2002-09-09",36.310001373291,36.689998626709,35.7999992370605,36.4500007629395,1002249,17.2202949523926
"2002-09-10",36.8400001525879,37.689998626709,36.7000007629395,37,1502097,17.4801330566406
"2002-09-11",37.2999992370605,38.1500015258789,36.7000007629395,37.5999984741211,1267139,17.763599395752
"2002-09-12",37.2799987792969,37.4799995422363,35.5299987792969,35.7999992370605,2208756,16.9132080078125
"2002-09-13",35.4000015258789,35.9000015258789,34.7900009155273,35.0800018310547,2197556,16.5730571746826
"2002-09-16",34.8300018310547,36.0499992370605,34.7999992370605,35.5800018310547,1472785,16.8092746734619
"2002-09-17",36.5999984741211,36.7700004577637,34.9500007629395,35.4300003051758,1487021,16.7384090423584
"2002-09-18",35.060001373291,35.2000007629395,33.75,34.25,1977929,16.1809329986572
"2002-09-19",34.0999984741211,34.4300003051758,32.5200004577637,33,1909681,15.590389251709
"2002-09-20",32.2000007629395,34.1500015258789,32.0999984741211,34.1100006103516,6295492,16.1147956848145
"2002-09-23",34.25,34.6500015258789,33,33.6300010681152,2798981,15.8880233764648
"2002-09-24",33.5299987792969,33.9099998474121,30.8500003814697,31.5499992370605,4275946,14.9053573608398
"2002-09-25",31,33.0400009155273,30.9099998474121,32.1699981689453,3823518,15.1982679367065
"2002-09-26",32.9000015258789,34.75,32.5,34.2000007629395,4939747,16.1573123931885
"2002-09-27",35.2000007629395,35.3699989318848,34.0999984741211,34.25,2816277,16.1809329986572
"2002-09-30",32.7000007629395,33.4700012207031,31.5200004577637,31.5,2481173,14.8817367553711
"2002-10-01",32.5499992370605,33.9000015258789,32.0400009155273,33.8499984741211,2260063,15.99196434021
"2002-10-02",34.8499984741211,35.7999992370605,33.9500007629395,34.5,3042150,16.2990436553955
"2002-10-03",34,34.8300018310547,33.2099990844727,33.3499984741211,1422889,15.7557382583618
"2002-10-04",33.2900009155273,33.8800010681152,31.7399997711182,33.5999984741211,2265538,15.8738498687744
"2002-10-07",32,33.1500015258789,31.1599998474121,32.5299987792969,2242905,15.3683443069458
"2002-10-08",32.6599998474121,32.8499984741211,29.9500007629395,31,2943035,14.6455163955688
"2002-10-09",31,31.1200008392334,28.3999996185303,30.0799999237061,4311466,14.2108783721924
"2002-10-10",29.0200004577637,31.0799999237061,29.0200004577637,30.4200000762939,3936841,14.3715038299561
"2002-10-11",31.1000003814697,33.25,30.8500003814697,33.0999984741211,4183485,15.6376304626465
"2002-10-14",33,33.25,31.6499996185303,32.8499984741211,2757766,15.5195207595825
"2002-10-15",33.8300018310547,35.1199989318848,33.7000007629395,34.2400016784668,4097143,16.1762104034424
"2002-10-16",34.060001373291,35.7299995422363,33.8300018310547,35.0299987792969,3018830,16.5494346618652
"2002-10-17",35.689998626709,37.4700012207031,35.4900016784668,37.2999992370605,3514039,17.6218662261963
"2002-10-18",38,38.2000007629395,35.9199981689453,36.9599990844727,2645631,17.4612350463867
"2002-10-21",36.5999984741211,37.7999992370605,36.2200012207031,37.2000007629395,1686749,17.5746192932129
"2002-10-22",37.6399993896484,37.8400001525879,36.5200004577637,36.7200012207031,2323871,17.3478527069092
"2002-10-23",37.3499984741211,37.8199996948242,35.4099998474121,36.2700004577637,2690585,17.1352558135986
"2002-10-24",36.5,37.9000015258789,35.0099983215332,36.6800003051758,3028036,17.3289546966553
"2002-10-25",37.0499992370605,37.0499992370605,35.6599998474121,36.3699989318848,1695625,17.1825008392334
"2002-10-28",36.7000007629395,37.7299995422363,36.5400009155273,37.3300018310547,1315069,17.6360416412354
"2002-10-29",37.2700004577637,37.2700004577637,34.5999984741211,34.8499984741211,2492815,16.4643974304199
"2002-10-30",34.8300018310547,35.439998626709,33.5,33.6500015258789,2545838,15.8974733352661
"2002-10-31",34.4900016784668,36.4000015258789,34.4099998474121,36.2000007629395,2071878,17.1021823883057
"2002-11-01",36,36.5,34.5999984741211,35.5800018310547,1323290,16.8092746734619
"2002-11-04",36.9900016784668,37.3300018310547,36.2000007629395,36.7999992370605,1950724,17.3856468200684
"2002-11-05",36.3300018310547,37.2000007629395,35.7999992370605,36.6599998474121,1607744,17.3195056915283
"2002-11-06",37.2999992370605,37.2999992370605,33.2200012207031,34.4000015258789,8771202,16.251802444458
"2002-11-07",34.5,34.5999984741211,32.3300018310547,33.1500015258789,4872432,15.6612520217896
"2002-11-08",32.6800003051758,33,31.8799991607666,32.1100006103516,3923118,15.1699247360229
"2002-11-11",32.1300010681152,33.0499992370605,31.7999992370605,32.5200004577637,1875536,15.3636207580566
"2002-11-12",33.189998626709,33.4300003051758,32.7900009155273,33.4199981689453,2507517,15.7888126373291
"2002-11-13",32.9000015258789,33.5,32.3800010681152,32.5,1875128,15.3541717529297
"2002-11-14",32.9199981689453,33.9099998474121,32.7599983215332,33.8400001525879,1751650,15.9872331619263
"2002-11-15",34,34.2299995422363,32.8499984741211,32.9900016784668,1967228,15.5856695175171
"2002-11-18",33.7200012207031,33.9700012207031,33.0099983215332,33.2799987792969,1092187,15.7226705551147
"2002-11-19",32.7799987792969,33.2799987792969,32.0299987792969,33.2700004577637,2273361,15.7179489135742
"2002-11-20",32.9300003051758,33.1500015258789,31.5799999237061,32.3699989318848,2020326,15.2927522659302
"2002-11-21",32.6100006103516,33.6399993896484,31.7000007629395,33.5,4827089,15.8266067504883
"2002-11-22",33.7999992370605,34,32.5999984741211,33.25,2806918,15.7084989547729
"2002-11-25",33.4500007629395,33.7400016784668,32.2599983215332,32.439998626709,1983095,15.3258228302002
"2002-11-26",32.2599983215332,32.7900009155273,31.8700008392334,32.1699981689453,2639171,15.1982679367065
"2002-11-27",32.1699981689453,33.7900009155273,32.0699996948242,33.7400016784668,2475592,15.9399919509888
"2002-11-28",33.3600006103516,34.9000015258789,33.25,34.2099990844727,2989171,16.1620349884033
"2002-11-29",34.2999992370605,35.1800003051758,34.0299987792969,34,1760561,16.0628242492676
"2002-12-02",34.4500007629395,35.1199989318848,33.7700004577637,34.2799987792969,2068694,16.1951084136963
"2002-12-03",34.310001373291,34.3400001525879,33.4099998474121,33.0999984741211,1863965,15.6376304626465
"2002-12-04",33.6500015258789,34.9300003051758,33.0999984741211,34.3199996948242,2988233,16.2140064239502
"2002-12-05",35.1300010681152,35.1300010681152,33.1500015258789,33,3081737,15.590389251709
"2002-12-06",33.6699981689453,33.7000007629395,32.060001373291,33.2999992370605,2319365,15.7321243286133
"2002-12-09",32.7000007629395,33.5,32.0099983215332,31.6000003814697,1571321,14.9289817810059
"2002-12-10",32.2400016784668,33.439998626709,31.8799991607666,33,1648279,15.590389251709
"2002-12-11",33.1800003051758,33.2799987792969,32.1300010681152,33.1599998474121,1346370,15.6659812927246
"2002-12-12",32.7000007629395,32.7299995422363,31.0300006866455,31.6800003051758,3188616,14.9667739868164
"2002-12-13",31.0100002288818,31.4799995422363,30.2199993133545,30.6800003051758,2163401,14.4943399429321
"2002-12-16",30.7000007629395,31.6700000762939,30.5100002288818,31.1800003051758,1533781,14.7305536270142
"2002-12-17",31.4200000762939,31.6900005340576,30.8999996185303,30.5,1672230,14.4092979431152
"2002-12-18",31,31.2299995422363,29.2700004577637,29.2999992370605,2930510,13.842378616333
"2002-12-19",30,30.6499996185303,28.6100006103516,29.5,2564803,13.936863899231
"2002-12-20",29.3099994659424,30,28.7099990844727,29.75,3567831,14.0549736022949
"2002-12-23",30.1200008392334,30.1200008392334,28.6000003814697,29.2999992370605,1166734,13.842378616333
"2002-12-24",29.2999992370605,29.2999992370605,29.2999992370605,29.2999992370605,0,13.842378616333
"2002-12-25",29.2999992370605,29.2999992370605,29.2999992370605,29.2999992370605,0,13.842378616333
"2002-12-26",29.2999992370605,29.2999992370605,29.2999992370605,29.2999992370605,0,13.842378616333
"2002-12-27",29.5900001525879,29.5900001525879,27.7000007629395,27.9699993133545,689918,13.2140331268311
"2002-12-30",27.75,29.2000007629395,26.8999996185303,28.9200000762939,1038430,13.6628551483154
"2002-12-31",28.9200000762939,28.9200000762939,28.9200000762939,28.9200000762939,0,13.6628551483154
"2003-01-01",28.9200000762939,28.9200000762939,28.9200000762939,28.9200000762939,0,13.6628551483154
"2003-01-02",28.75,30,28.6000003814697,30.3999996185303,2262846,14.3620567321777
"2003-01-03",30.5,30.8099994659424,29.8600006103516,30.2900009155273,1346207,14.3100900650024
"2003-01-06",30.5900001525879,30.6200008392334,28.8700008392334,30.4699993133545,1962516,14.3951225280762
"2003-01-07",30.2999992370605,30.5100002288818,29.2000007629395,30.0599994659424,2179987,14.2014265060425
"2003-01-08",30,30,28.3799991607666,28.4099998474121,2030182,13.421911239624
"2003-01-09",28.4500007629395,28.9200000762939,27.3199996948242,28.6900005340576,3112951,13.5541925430298
"2003-01-10",28.8999996185303,29.9699993133545,28.1000003814697,29.2000007629395,3472309,13.7951345443726
"2003-01-13",29.6800003051758,30.3700008392334,29.4099998474121,29.6100006103516,2844510,13.9888315200806
"2003-01-14",29.8799991607666,30.2000007629395,29.0300006866455,29.3199996948242,2432315,13.851824760437
"2003-01-15",29.5100002288818,29.7099990844727,28.1000003814697,28.3700008392334,2945152,13.4030094146729
"2003-01-16",28.3999996185303,29.1800003051758,27.9099998474121,28.5300006866455,2165110,13.4786014556885
"2003-01-17",28.3999996185303,28.6900005340576,28.0100002288818,27.7099990844727,2466037,13.0912046432495
"2003-01-20",28.2800006866455,28.6100006103516,28.0799999237061,28.2900009155273,2344078,13.365213394165
"2003-01-21",28.6499996185303,29.1299991607666,28.2000007629395,28.5499992370605,2902527,13.4880495071411
"2003-01-22",28.4799995422363,28.6599998474121,27.3999996185303,27.8099994659424,2362773,13.1384468078613
"2003-01-23",28.1000003814697,28.6599998474121,26.6000003814697,26.5,2210175,12.5195550918579
"2003-01-24",27,27.0100002288818,26.1000003814697,26.1900005340576,2612119,12.373101234436
"2003-01-27",26.1499996185303,26.4699993133545,25.3400001525879,26.3099994659424,3551699,12.4297914505005
"2003-01-28",26.6000003814697,26.9300003051758,25.9899997711182,26.5,2956001,12.5195550918579
"2003-01-29",26.2000007629395,27.6000003814697,25.7999992370605,27.2999992370605,3305588,12.8975038528442
"2003-01-30",27.25,27.5499992370605,26.3199996948242,26.7000007629395,3203990,12.6140451431274
"2003-01-31",26.3899993896484,27.2399997711182,25.5699996948242,26.8700008392334,3153515,12.694356918335
"2003-02-03",27.5499992370605,28.2000007629395,27.4400005340576,27.6499996185303,1839868,13.0628547668457
"2003-02-04",27.25,27.75,26.5599994659424,26.7700004577637,2496435,12.6471147537231
"2003-02-05",26.7000007629395,27.8700008392334,26.0699996948242,27.5599994659424,2373614,13.0203351974487
"2003-02-06",27.25,27.4699993133545,26.3600006103516,26.8299999237061,1674565,12.6754579544067
"2003-02-07",26.7900009155273,27.1000003814697,25.7999992370605,25.8899993896484,3035852,12.2313671112061
"2003-02-10",25.5,26.1000003814697,25.25,25.5499992370605,2212750,12.0707387924194
"2003-02-11",25.9099998474121,26.3899993896484,25.7999992370605,25.9400005340576,1955084,12.2549924850464
"2003-02-12",25.7000007629395,25.7999992370605,25.1299991607666,25.4899997711182,2561792,12.0423946380615
"2003-02-13",25.1100006103516,25.4400005340576,24.3700008392334,24.5499992370605,2821824,11.5983057022095
"2003-02-14",24.8500003814697,26.1900005340576,24.7700004577637,25.6499996185303,3669844,12.1179857254028
"2003-02-17",26.2000007629395,26.2999992370605,25.5,26.2000007629395,1397302,12.3778247833252
"2003-02-18",26.1900005340576,26.2299995422363,25.6200008392334,25.9400005340576,2601434,12.2549924850464
"2003-02-19",25.9500007629395,26.1900005340576,25.0400009155273,24.8500003814697,2661246,11.7400369644165
"2003-02-20",25.2299995422363,25.6000003814697,24.3700008392334,24.3400001525879,2854130,11.499095916748
"2003-02-21",24.5900001525879,25.6299991607666,24.2700004577637,25.6399993896484,1903187,12.1132593154907
"2003-02-24",25.6000003814697,25.6000003814697,25.0900001525879,25.0400009155273,1257533,11.8298006057739
"2003-02-25",25.0300006866455,25.1100006103516,24.5200004577637,25.0400009155273,2145691,11.8298006057739
"2003-02-26",25.0300006866455,25.2900009155273,23.7000007629395,23.7000007629395,2651892,11.1967353820801
"2003-02-27",23.7000007629395,25.2199993133545,23.7000007629395,25.1599998474121,2276544,11.8864917755127
"2003-02-28",24.9200000762939,26.4300003051758,24.7000007629395,25.8999996185303,3270260,12.2360935211182
"2003-03-03",26.2999992370605,26.6900005340576,25.8999996185303,26.3500003814697,1768801,12.4486885070801
"2003-03-04",26.0499992370605,26.0699996948242,23.7900009155273,24.2700004577637,4998943,11.4660224914551
"2003-03-05",23.8899993896484,24.3400001525879,23.7000007629395,23.9200000762939,3390634,11.3006687164307
"2003-03-06",23.9400005340576,24.2399997711182,23.0100002288818,23.3799991607666,2776740,11.0455560684204
"2003-03-07",22.8899993896484,23.3799991607666,22.2700004577637,23.1299991607666,3044342,10.9274454116821
"2003-03-10",23.4099998474121,23.4099998474121,22.1299991607666,22.3799991607666,2773204,10.5731220245361
"2003-03-11",22.1000003814697,22.5599994659424,20.8199996948242,20.9599990844727,4094490,9.90226078033447
"2003-03-12",21.1000003814697,21.6499996185303,20.7600002288818,21.1200008392334,3286188,9.97784900665283
"2003-03-13",20.9899997711182,22.7700004577637,20.8600006103516,22.7700004577637,5599998,10.7573699951172
"2003-03-14",23.1299991607666,24.1000003814697,22.7399997711182,23.5,4335359,11.1022481918335
"2003-03-17",23.2000007629395,24.75,22.5599994659424,24.0200004577637,3242226,11.3479137420654
"2003-03-18",24.6399993896484,25.8799991607666,24.2000007629395,25.1000003814697,4002863,11.8581457138062
"2003-03-19",25.4400005340576,26.7999992370605,24.1800003051758,26.2299995422363,4211092,12.3919973373413
"2003-03-20",26.3999996185303,27.1499996185303,25.9500007629395,26.5499992370605,3227011,12.5431776046753
"2003-03-21",26.8999996185303,28.2999992370605,26.8999996185303,27.3400001525879,8173972,12.9164018630981
"2003-03-24",27.6100006103516,27.6100006103516,25.4099998474121,25.8500003814697,2861922,12.2124719619751
"2003-03-25",25.3999996185303,26.6000003814697,24.2999992370605,27,2829538,12.7557725906372
"2003-03-26",26.7800006866455,27.4699993133545,26.2000007629395,26.1900005340576,2507815,12.373101234436
"2003-03-27",26.4500007629395,26.7399997711182,25.4500007629395,26.4300003051758,2688600,12.4864864349365
"2003-03-28",26.3799991607666,27.1499996185303,25.6800003051758,26.3700008392334,1847472,12.4581394195557
"2003-03-31",25.5,25.75,25.0900001525879,25.4400005340576,1930994,12.0187730789185
"2003-04-01",25.6000003814697,26.1900005340576,25.3099994659424,26.0200004577637,2241774,12.2927846908569
"2003-04-02",27,27.8500003814697,26.9099998474121,27.6000003814697,3060750,13.0392351150513
"2003-04-03",27.5,28.75,27.4300003051758,27.7999992370605,3754675,13.1337232589722
"2003-04-04",28.2000007629395,28.4899997711182,27.1000003814697,28.3099994659424,1999073,13.3746643066406
"2003-04-07",29.6399993896484,30.5599994659424,29.2199993133545,30.5,3334751,14.4092979431152
"2003-04-08",29.7999992370605,29.9300003051758,28.2700004577637,29,3992063,13.7006425857544
"2003-04-09",28.8199996948242,29.5,28.2299995422363,28.6599998474121,2535041,13.5400199890137
"2003-04-10",28.7399997711182,29.2999992370605,28.3299999237061,28.75,3437229,13.5825366973877
"2003-04-11",29.1499996185303,29.8700008392334,28.8299999237061,28.8099994659424,2500010,13.6108837127686
"2003-04-14",29,30.2299995422363,28.6000003814697,29.7900009155273,1786928,14.0738677978516
"2003-04-15",30.2399997711182,30.6499996185303,29.6100006103516,30.25,2790122,14.2911930084229
"2003-04-16",30.6100006103516,30.6800003051758,29.4599990844727,29.6399993896484,2322132,14.0030040740967
"2003-04-17",29.4099998474121,30.5699996948242,29.3299999237061,30.3500003814697,2400781,14.3384342193604
"2003-04-18",30.3500003814697,30.3500003814697,30.3500003814697,30.3500003814697,0,14.3384342193604
"2003-04-21",30.3500003814697,30.3500003814697,30.3500003814697,30.3500003814697,0,14.3384342193604
"2003-04-22",30.3999996185303,30.4799995422363,29.5200004577637,30.2999992370605,1753763,14.314811706543
"2003-04-23",30.5,31.2000007629395,30.25,30.75,2141504,14.5274124145508
"2003-04-24",30.5,30.6800003051758,29.0799999237061,29.5400009155273,2498411,13.9557619094849
"2003-04-25",29.2099990844727,29.6700000762939,28.8299999237061,29.3899993896484,1674998,13.8848962783813
"2003-04-28",28.9200000762939,30.3500003814697,28.8199996948242,30.0599994659424,1142071,14.2014265060425
"2003-04-29",30.2800006866455,31.0699996948242,29.7999992370605,30.2199993133545,1947732,14.2770185470581
"2003-04-30",29.8999996185303,30.4099998474121,29.6000003814697,29.8700008392334,1891368,14.111665725708
"2003-05-01",29.8700008392334,29.8700008392334,29.8700008392334,29.8700008392334,0,14.111665725708
"2003-05-02",29.6399993896484,30,28.7299995422363,29.3899993896484,2378827,13.8848962783813
"2003-05-05",29.5100002288818,29.8299999237061,28.7999992370605,29.2600002288818,1930234,13.8234786987305
"2003-05-06",29.2299995422363,29.3899993896484,28.6000003814697,28.8600006103516,2943748,13.634503364563
"2003-05-07",28.9300003051758,29.0799999237061,27.8600006103516,28.1000003814697,4238674,13.2754564285278
"2003-05-08",28.6800003051758,29.1599998474121,28.2000007629395,28.5,5533165,13.4644250869751
"2003-05-09",28.8500003814697,29.7600002288818,28.6100006103516,29.7199993133545,3168130,14.0407981872559
"2003-05-12",30.0799999237061,30.0799999237061,28.6499996185303,29.4599990844727,3073458,13.9179639816284
"2003-05-13",29.2999992370605,29.6399993896484,28.7000007629395,29.2800006866455,2707518,13.8329277038574
"2003-05-14",28.8600006103516,29.5400009155273,28.7000007629395,29.0599994659424,2050692,13.7289915084839
"2003-05-15",28.8999996185303,29.2399997711182,28.5900001525879,29.2999992370605,1673723,13.842378616333
"2003-05-16",28.7999992370605,28.9599990844727,28.2700004577637,28.5300006866455,2512931,13.722131729126
"2003-05-19",28.3999996185303,28.4799995422363,26.8199996948242,27.1499996185303,3018297,13.0583934783936
"2003-05-20",27.2199993133545,27.2399997711182,26.1499996185303,26.3099994659424,3248954,12.6543769836426
"2003-05-21",26.4699993133545,26.5799999237061,25.9099998474121,26.4400005340576,3160827,12.7169036865234
"2003-05-22",26.75,27.2099990844727,26.5,26.9599990844727,2819453,12.967004776001
"2003-05-23",27.2399997711182,27.3700008392334,26.0699996948242,26.7999992370605,2497915,12.8900508880615
"2003-05-26",27.1499996185303,27.1700000762939,26.5200004577637,26.7099990844727,892699,12.8467636108398
"2003-05-27",26.7800006866455,27.1900005340576,26,27.2000007629395,2288081,13.082444190979
"2003-05-28",27.4099998474121,28.0400009155273,27.1200008392334,27.1299991607666,3871626,13.048770904541
"2003-05-29",27.6000003814697,28.5,27.3899993896484,28,1860248,13.4672174453735
"2003-05-30",27.8500003814697,29.3700008392334,27.75,29.3700008392334,2147219,14.1261529922485
"2003-06-02",29.7999992370605,29.8500003814697,28.8299999237061,29.4200000762939,3049393,14.1501979827881
"2003-06-03",29.1499996185303,29.5699996948242,28.5799999237061,29.3099994659424,2042214,14.0972881317139
"2003-06-04",28.8999996185303,29.9300003051758,28.5400009155273,29.5499992370605,2796876,14.2127294540405
"2003-06-05",29.4899997711182,29.8999996185303,29.1200008392334,29.7000007629395,2822885,14.284873008728
"2003-06-06",29.8899993896484,31.25,29.8899993896484,31.0699996948242,3524174,14.9438037872314
"2003-06-09",30.8799991607666,31.1100006103516,30.1499996185303,30.4799995422363,1240460,14.6600284576416
"2003-06-10",30.3299999237061,30.9899997711182,30.0699996948242,30.8500003814697,1851739,14.8379888534546
"2003-06-11",30.8500003814697,31.7999992370605,30.6200008392334,31.2299995422363,3097572,15.0207605361938
"2003-06-12",31.7099990844727,32.7099990844727,31.3199996948242,31.2000007629395,3530634,15.0063304901123
"2003-06-13",31.2099990844727,31.8500003814697,31.0100002288818,31.5,2527721,15.1506185531616
"2003-06-16",31.1100006103516,32.3699989318848,30.75,32.3699989318848,1913009,15.5690660476685
"2003-06-17",32.5999984741211,33.4700012207031,32.5999984741211,32.939998626709,2518101,15.843222618103
"2003-06-18",32.9599990844727,33.5800018310547,32.9599990844727,33.3899993896484,1959252,16.0596580505371
"2003-06-19",33.2000007629395,33.4799995422363,31.7000007629395,31.9599990844727,3176807,15.3718690872192
"2003-06-20",31.8799991607666,32.9599990844727,31.6100006103516,32.3499984741211,4955681,15.5594444274902
"2003-06-23",32.2200012207031,32.2200012207031,31.5699996948242,31.6499996185303,2054170,15.2227668762207
"2003-06-24",31.7999992370605,32.75,31.75,32.4099998474121,2196259,15.5883083343506
"2003-06-25",32.9500007629395,33,31.9500007629395,32.310001373291,2609709,15.5402069091797
"2003-06-26",31.8500003814697,33.6300010681152,31.7399997711182,33.6300010681152,2720556,16.1750888824463
"2003-06-27",33.9000015258789,34.0999984741211,33.1100006103516,34.060001373291,1744589,16.3819122314453
"2003-06-30",33.6800003051758,34.6399993896484,33,33.4000015258789,2586647,16.0644683837891
"2003-07-01",33.6399993896484,33.6399993896484,32.1500015258789,32.5299987792969,2291366,15.6460218429565
"2003-07-02",33.5,34.0299987792969,33.1199989318848,33.6300010681152,2261427,16.1750888824463
"2003-07-03",33.25,34.4500007629395,33.25,33.9700012207031,1887336,16.338623046875
"2003-07-04",33.8499984741211,34.8300018310547,33.7700004577637,34.7700004577637,1332957,16.7234001159668
"2003-07-07",34.9500007629395,35.6500015258789,34.75,35.189998626709,2674600,16.9254055023193
"2003-07-08",35.3800010681152,35.5699996948242,34.9099998474121,35.4199981689453,2081044,17.0360317230225
"2003-07-09",35.2700004577637,35.3300018310547,34.060001373291,34.3800010681152,2361877,16.5358180999756
"2003-07-10",34.0999984741211,34.2799987792969,33.3300018310547,34.2999992370605,2201588,16.4973430633545
"2003-07-11",33.6100006103516,34.7700004577637,33.2999992370605,34.4099998474121,2195921,16.5502490997314
"2003-07-14",34.5999984741211,34.9599990844727,34.3199996948242,34.8199996948242,981296,16.7474498748779
"2003-07-15",34.560001373291,34.9000015258789,34.2299995422363,34.4700012207031,1566237,16.5791091918945
"2003-07-16",34.5999984741211,34.7999992370605,33.5,34.25,1601409,16.4732913970947
"2003-07-17",33.810001373291,34.2200012207031,33.4900016784668,33.9300003051758,1898000,16.3193836212158
"2003-07-18",33.810001373291,34.2900009155273,33.5999984741211,33.8899993896484,1235521,16.3001403808594
"2003-07-21",34,34.1800003051758,32.9500007629395,33.5499992370605,1698918,16.1366119384766
"2003-07-22",33.2000007629395,33.5999984741211,32.2599983215332,33.8499984741211,2046182,16.2809047698975
"2003-07-23",33.8499984741211,33.9700012207031,33.0800018310547,33.5,1102352,16.1125659942627
"2003-07-24",33.3800010681152,34.2000007629395,33,33.9900016784668,1649678,16.3482437133789
"2003-07-25",33.5,34.2799987792969,33.3800010681152,34.2299995422363,1806486,16.4636745452881
"2003-07-28",34.5,34.8199996948242,33.5999984741211,33.9900016784668,1895006,16.3482437133789
"2003-07-29",33.7599983215332,34,32.810001373291,33.4199981689453,2296950,16.0740852355957
"2003-07-30",33.0499992370605,33.9700012207031,33.0499992370605,33.560001373291,1725428,16.1414203643799
"2003-07-31",33.8800010681152,34.6100006103516,33.5099983215332,34.5,2034840,16.5935344696045
"2003-08-01",34.25,34.4000015258789,33.6800003051758,34.3499984741211,1924257,16.521390914917
"2003-08-04",34.0499992370605,34.4500007629395,33.3300018310547,33.8300018310547,1530699,16.2712917327881
"2003-08-05",34.060001373291,34.1300010681152,33.6399993896484,33.810001373291,1746928,16.2616653442383
"2003-08-06",33.7999992370605,34.1199989318848,33.2599983215332,34.0499992370605,1798366,16.3770999908447
"2003-08-07",34.2999992370605,34.2999992370605,32.9500007629395,33.5499992370605,2626948,16.1366119384766
"2003-08-08",33.7299995422363,33.9000015258789,33.0499992370605,33.3300018310547,1397003,16.0308017730713
"2003-08-11",33.3600006103516,33.5,33.0699996948242,33.3199996948242,1141173,16.0259914398193
"2003-08-12",33.4300003051758,33.7799987792969,33.3699989318848,33.7200012207031,1263166,16.2183780670166
"2003-08-13",33.9799995422363,34.9000015258789,33.8199996948242,34.5099983215332,2482595,16.5983448028564
"2003-08-14",34.4300003051758,35.0400009155273,34.4300003051758,34.939998626709,1997637,16.8051643371582
"2003-08-15",34.9000015258789,35,34.6100006103516,34.7900009155273,1546689,16.7330188751221
"2003-08-18",34.9000015258789,35.439998626709,34.9000015258789,35.3899993896484,1020165,17.0216026306152
"2003-08-19",35.5,36.810001373291,35.4099998474121,36,3350958,17.3149948120117
"2003-08-20",36.3600006103516,36.4099998474121,35.7999992370605,36.2000007629395,1515456,17.4111881256104
"2003-08-21",36.2599983215332,37.5499992370605,36.2400016784668,37.5499992370605,2535385,18.0605010986328
"2003-08-22",37.310001373291,37.9000015258789,37.1599998474121,37.2900009155273,1956617,17.9354476928711
"2003-08-25",37.2900009155273,37.2900009155273,36.4300003051758,36.9700012207031,1475191,17.7815380096436
"2003-08-26",37,37.0999984741211,36.2000007629395,36.2000007629395,1790564,17.4111881256104
"2003-08-27",36.3899993896484,36.5900001525879,35.3600006103516,36,2378171,17.3149948120117
"2003-08-28",36.25,36.25,35.4799995422363,35.939998626709,2636399,17.2861328125
"2003-08-29",36.3499984741211,36.5900001525879,35.7999992370605,35.7000007629395,1837779,17.1707077026367
"2003-09-01",36.3300018310547,36.5999984741211,36.0900001525879,36.4300003051758,1529837,17.5218105316162
"2003-09-02",36.7700004577637,37.2599983215332,36.5999984741211,37.25,2131520,17.9162101745605
"2003-09-03",37.5499992370605,38.689998626709,37.5499992370605,38.5499992370605,3816426,18.5414752960205
"2003-09-04",38.189998626709,38.5400009155273,38.0999984741211,38.4000015258789,2756665,18.4693260192871
"2003-09-05",38.3499984741211,38.4000015258789,36.8699989318848,37.8499984741211,2306973,18.2047882080078
"2003-09-08",37.6500015258789,37.6500015258789,36.6199989318848,37.2099990844727,1878718,17.8969688415527
"2003-09-09",37.2900009155273,37.2999992370605,36.0999984741211,36.5,2380490,17.5554809570312
"2003-09-10",36.2000007629395,36.2999992370605,34.9000015258789,35.3699989318848,3623948,17.01198387146
"2003-09-11",35.4799995422363,36.2900009155273,35.2000007629395,36.25,2622323,17.4352397918701
"2003-09-12",36.7000007629395,36.7000007629395,34.9099998474121,35.0800018310547,2372905,16.872501373291
"2003-09-15",35.4599990844727,35.7000007629395,35.0999984741211,35.4300003051758,1555031,17.0408401489258
"2003-09-16",35.5,35.8400001525879,35.2999992370605,35.5999984741211,1745341,17.1226062774658
"2003-09-17",36,36.4000015258789,35.8400001525879,35.9799995422363,2258810,17.3053760528564
"2003-09-18",36.189998626709,36.4900016784668,35.8199996948242,36.4099998474121,1666762,17.5121955871582
"2003-09-19",36.439998626709,36.5499992370605,35.9900016784668,37.5,5705304,18.0364475250244
"2003-09-22",35.8199996948242,35.9000015258789,34.2099990844727,34.8800010681152,3743725,16.7763080596924
"2003-09-23",35.2400016784668,35.25,33.7000007629395,34.5,3444317,16.5935344696045
"2003-09-24",34.4500007629395,34.4500007629395,31.9799995422363,32.4500007629395,3578163,15.6075439453125
"2003-09-25",32.5900001525879,33.2599983215332,32.5,32.9900016784668,2493087,15.8672695159912
"2003-09-26",32.5800018310547,33.2700004577637,32.3499984741211,33.3699989318848,2206330,16.0500354766846
"2003-09-29",33.0099983215332,34.0999984741211,32.7799987792969,33.2299995422363,2577669,15.9827070236206
"2003-09-30",33.0200004577637,33.6100006103516,31.2600002288818,32.4500007629395,4288269,15.6075439453125
"2003-10-01",32.4199981689453,33.9000015258789,32.1599998474121,33.7999992370605,3688802,16.256856918335
"2003-10-02",34.060001373291,34.1699981689453,32.4000015258789,32.9199981689453,3135290,15.8335990905762
"2003-10-03",33.2999992370605,34.9500007629395,33.0699996948242,34.0200004577637,2693373,16.3626708984375
"2003-10-06",34.1500015258789,34.7400016784668,33.939998626709,35,1674310,16.8340244293213
"2003-10-07",34.8899993896484,34.9000015258789,33.4700012207031,34.2799987792969,3006547,16.4877262115479
"2003-10-08",34.25,34.7000007629395,33.75,35,2959128,16.8340244293213
"2003-10-09",34.4300003051758,35.4700012207031,34.189998626709,35.5,2410240,17.0745105743408
"2003-10-10",35.439998626709,35.439998626709,34.3300018310547,34.8800010681152,2329614,16.7763080596924
"2003-10-13",35.0699996948242,35.4500007629395,34.8499984741211,35.0999984741211,1605680,16.8821182250977
"2003-10-14",35.4700012207031,35.4700012207031,34.5499992370605,35.0699996948242,1618719,16.8676910400391
"2003-10-15",35.4000015258789,35.7900009155273,35.060001373291,35.4000015258789,2355606,17.0264129638672
"2003-10-16",35.5499992370605,35.7400016784668,35.0699996948242,35.6800003051758,1723074,17.1610794067383
"2003-10-17",35.5800018310547,35.9599990844727,34.8300018310547,35,2052659,16.8340244293213
"2003-10-20",34.9900016784668,35.1100006103516,33.9799995422363,34.5900001525879,2677441,16.6368255615234
"2003-10-21",34.7200012207031,34.7299995422363,33.1699981689453,33.9900016784668,3940019,16.3482437133789
"2003-10-22",33.9300003051758,34.439998626709,33.7999992370605,33.939998626709,2842448,16.3241901397705
"2003-10-23",33.3899993896484,33.8800010681152,33.2099990844727,33.8800010681152,1800359,16.2953338623047
"2003-10-24",33.5400009155273,33.6300010681152,32.9599990844727,33.2999992370605,1812382,16.0163707733154
"2003-10-27",33.9099998474121,33.9099998474121,33.3899993896484,33.5699996948242,1327110,16.1462326049805
"2003-10-28",33.8499984741211,34.2200012207031,33.6699981689453,34.0400009155273,1946235,16.3722877502441
"2003-10-29",34.2999992370605,34.4500007629395,33.2900009155273,33.5900001525879,2989779,16.1558532714844
"2003-10-30",33.5499992370605,34.4000015258789,33.1599998474121,33.9599990844727,2678101,16.3338108062744
"2003-10-31",33.9599990844727,34.5999984741211,33.560001373291,34.0099983215332,2521148,16.3578605651855
"2003-11-03",34.3899993896484,36.2099990844727,34.3800010681152,35.7799987792969,4001818,17.2091846466064
"2003-11-04",36.3499984741211,36.5900001525879,35.8499984741211,36,3291338,17.3149948120117
"2003-11-05",35.9900016784668,36.2099990844727,34.9199981689453,35.2599983215332,3265920,16.9590721130371
"2003-11-06",35.2999992370605,36.3600006103516,34.7700004577637,36.2000007629395,3308197,17.4111881256104
"2003-11-07",36.5299987792969,37.7900009155273,36.4000015258789,37.5,5787307,18.0364475250244
"2003-11-10",37.0999984741211,37.7000007629395,37.0099983215332,37.189998626709,2179739,17.8873538970947
"2003-11-11",36.8499984741211,37.4000015258789,36.6500015258789,37.2700004577637,1909133,17.9258289337158
"2003-11-12",37.4500007629395,37.7799987792969,36.8800010681152,37.6199989318848,2095424,18.0941677093506
"2003-11-13",37.9000015258789,38.2099990844727,37.0699996948242,37.4900016784668,2550962,18.031644821167
"2003-11-14",37.3499984741211,38.0099983215332,37.0400009155273,37.6399993896484,2029209,18.1037883758545
"2003-11-17",36.9199981689453,37.0099983215332,36.0900001525879,36.4099998474121,1622754,17.5121955871582
"2003-11-18",36.5099983215332,36.939998626709,35.939998626709,36.1300010681152,1951826,17.3775215148926
"2003-11-19",35.5099983215332,36.2000007629395,35.25,36.2000007629395,2467372,17.4111881256104
"2003-11-20",36.4000015258789,36.4000015258789,35.1300010681152,35.9500007629395,2431833,17.2909450531006
"2003-11-21",35.75,36.0800018310547,35.75,36.0499992370605,1711498,17.3390445709229
"2003-11-24",35.939998626709,37.189998626709,35.8300018310547,37,1993324,17.7959671020508
"2003-11-25",37.3199996948242,37.8199996948242,37.0099983215332,37.5999984741211,2196440,18.0845489501953
"2003-11-26",37.5499992370605,37.9300003051758,36.8300018310547,36.8499984741211,2114547,17.7238254547119
"2003-11-27",37.2000007629395,37.6800003051758,37,37.4900016784668,1271486,18.031644821167
"2003-11-28",37.5999984741211,37.6699981689453,36.2799987792969,36.7299995422363,2198717,17.666109085083
"2003-12-01",37.0999984741211,37.4000015258789,36.6399993896484,37.1300010681152,1981806,17.8584938049316
"2003-12-02",37.5,37.5,36.1199989318848,36.189998626709,2763808,17.4063758850098
"2003-12-03",36.1800003051758,36.7599983215332,36.0999984741211,36.5800018310547,2962561,17.593957901001
"2003-12-04",36.6100006103516,37.310001373291,36.25,36.7000007629395,3092255,17.6516761779785
"2003-12-05",36.6500015258789,36.9799995422363,36.2599983215332,36.3600006103516,2067800,17.4881458282471
"2003-12-08",36.25,36.25,35.7799987792969,35.9700012207031,2076664,17.3005657196045
"2003-12-09",36.1699981689453,36.4500007629395,35.689998626709,35.7099990844727,2396535,17.1755123138428
"2003-12-10",35.5999984741211,36.0499992370605,35.5400009155273,35.9000015258789,2724409,17.2669010162354
"2003-12-11",36.25,37.1500015258789,36.0999984741211,36.9799995422363,2884202,17.7863445281982
"2003-12-12",37.4500007629395,37.8600006103516,36.8800010681152,37.0499992370605,2885392,17.8200168609619
"2003-12-15",37.9000015258789,37.9000015258789,37.0200004577637,37.060001373291,2326634,17.8248271942139
"2003-12-16",36.6599998474121,37.2299995422363,36.6399993896484,36.939998626709,1919118,17.7671089172363
"2003-12-17",37,37.0499992370605,36.3600006103516,36.4799995422363,2052685,17.5458641052246
"2003-12-18",36.2000007629395,37.1500015258789,36.0900001525879,37,1847176,17.7959671020508
"2003-12-19",37.0099983215332,37.4300003051758,36.9799995422363,37.0999984741211,3249809,17.8440628051758
"2003-12-22",36.6100006103516,37.25,36.5400009155273,36.9700012207031,1043466,17.7815380096436
"2003-12-23",37.310001373291,37.310001373291,36.6699981689453,36.939998626709,721095,17.7671089172363
"2003-12-24",36.939998626709,36.939998626709,36.939998626709,36.939998626709,0,17.7671089172363
"2003-12-25",36.939998626709,36.939998626709,36.939998626709,36.939998626709,0,17.7671089172363
"2003-12-26",36.939998626709,36.939998626709,36.939998626709,36.939998626709,0,17.7671089172363
"2003-12-29",37.3300018310547,37.3499984741211,36.7900009155273,36.9700012207031,1102458,17.7815380096436
"2003-12-30",37.2299995422363,37.4300003051758,36.6500015258789,36.75,968996,17.675724029541
"2003-12-31",36.75,36.75,36.75,36.75,0,17.675724029541
"2004-01-01",36.75,36.75,36.75,36.75,0,17.675724029541
"2004-01-02",37.0999984741211,37.4099998474121,36.810001373291,37.2999992370605,1449865,17.9402599334717
"2004-01-05",37.310001373291,37.6399993896484,37.0699996948242,37.4900016784668,2060777,18.031644821167
"2004-01-06",37.6100006103516,37.6599998474121,35.8199996948242,36,4247901,17.3149948120117
"2004-01-07",36.1800003051758,36.310001373291,35.2299995422363,35.5,4656762,17.0745105743408
"2004-01-08",36,36.1399993896484,34.8800010681152,35.3300018310547,4998009,16.9927444458008
"2004-01-09",35.4500007629395,35.6500015258789,34.3800010681152,35.0099983215332,3658654,16.8388328552246
"2004-01-12",34.9900016784668,35.0900001525879,34.1500015258789,34.9799995422363,3020747,16.8244037628174
"2004-01-13",35.0099983215332,35.9000015258789,35.0099983215332,35.6500015258789,3828177,17.1466579437256
"2004-01-14",36,36.5,35.9000015258789,36.25,4192792,17.4352397918701
"2004-01-15",36.4799995422363,36.4799995422363,36.0499992370605,36.2200012207031,2350387,17.4208087921143
"2004-01-16",36.5,37.0200004577637,36.3800010681152,36.7099990844727,3724552,17.6564846038818
"2004-01-19",36.9500007629395,37.0499992370605,36.2999992370605,36.4000015258789,1822224,17.5073795318604
"2004-01-20",36.4599990844727,36.689998626709,35.6100006103516,36,2807804,17.3149948120117
"2004-01-21",35.7999992370605,36.0400009155273,35.2700004577637,35.9599990844727,2912120,17.2957553863525
"2004-01-22",36.0099983215332,36.2000007629395,35.4199981689453,35.5400009155273,2135719,17.0937461853027
"2004-01-23",35.8199996948242,35.9000015258789,34.9900016784668,35.3400001525879,2385981,16.9975547790527
"2004-01-26",35.0499992370605,35.4900016784668,35.0499992370605,35.3499984741211,1610789,17.0023593902588
"2004-01-27",35.8400001525879,36.0499992370605,35.5200004577637,35.5900001525879,2359693,17.1177959442139
"2004-01-28",35.5,35.9500007629395,35.2900009155273,35.810001373291,1622842,17.2236137390137
"2004-01-29",35.5499992370605,35.810001373291,35.25,35.5400009155273,2099941,17.0937461853027
"2004-01-30",35.4799995422363,35.8499984741211,34.9500007629395,35.189998626709,2835399,16.9254055023193
"2004-02-02",35.2700004577637,35.5999984741211,35.2400016784668,35.5999984741211,1130228,17.1226062774658
"2004-02-03",35.4500007629395,35.5800018310547,34.3600006103516,34.7299995422363,3552646,16.7041606903076
"2004-02-04",34.0200004577637,34.25,33.7299995422363,34.1500015258789,4331224,16.4251976013184
"2004-02-05",34,34.1699981689453,33.3499984741211,33.5999984741211,3632995,16.1606636047363
"2004-02-06",33.9000015258789,34.189998626709,33.6300010681152,33.9000015258789,2870751,16.3049583435059
"2004-02-09",34.0499992370605,34.2099990844727,33.5400009155273,33.689998626709,2307617,16.2039489746094
"2004-02-10",33.7999992370605,33.9799995422363,33.5499992370605,33.5999984741211,2020084,16.1606636047363
"2004-02-11",33.6100006103516,34.2700004577637,33.6100006103516,34.0499992370605,2615166,16.3770999908447
"2004-02-12",34.3300018310547,34.5299987792969,33.8600006103516,33.9900016784668,1958580,16.3482437133789
"2004-02-13",34.0999984741211,34.4300003051758,33.5499992370605,33.689998626709,1814504,16.2039489746094
"2004-02-16",33.75,33.7799987792969,33.1500015258789,33.6199989318848,1503079,16.1702823638916
"2004-02-17",33.7700004577637,33.9300003051758,33.2900009155273,33.8499984741211,1737499,16.2809047698975
"2004-02-18",33.7099990844727,34.189998626709,33.6199989318848,33.8400001525879,2454313,16.2760944366455
"2004-02-19",34.1500015258789,34.3499984741211,33.8800010681152,34.2200012207031,2508842,16.4588661193848
"2004-02-20",34.0499992370605,34.3699989318848,33.2999992370605,33.6199989318848,2772152,16.1702823638916
"2004-02-23",33.9199981689453,33.9500007629395,33.6500015258789,33.7400016784668,1687288,16.2279949188232
"2004-02-24",33.689998626709,33.7900009155273,33,33.2799987792969,2517912,16.0067481994629
"2004-02-25",33.3199996948242,33.5999984741211,32.7299995422363,33.3600006103516,3289156,16.0452289581299
"2004-02-26",33.6399993896484,34.0699996948242,33.25,33.9500007629395,2937680,16.3290042877197
"2004-02-27",34.189998626709,35.2299995422363,34.0400009155273,34.3800010681152,4778379,16.5358180999756
"2004-03-01",34.6599998474121,35.060001373291,34.1699981689453,34.5099983215332,2294459,16.5983448028564
"2004-03-02",35.5,35.8800010681152,35.2999992370605,35.689998626709,5166990,17.1658935546875
"2004-03-03",35.75,35.9300003051758,35.5,35.6500015258789,3128862,17.1466579437256
"2004-03-04",35.75,35.939998626709,35.3400001525879,35.7599983215332,1990288,17.1995658874512
"2004-03-05",35.810001373291,35.939998626709,35.0999984741211,35.5800018310547,2396661,17.1129913330078
"2004-03-08",35.75,36.1300010681152,35.6599998474121,36.0200004577637,1660191,17.3246154785156
"2004-03-09",36.0400009155273,36.0900001525879,35.3499984741211,35.7099990844727,2176362,17.1755123138428
"2004-03-10",35.5999984741211,35.6199989318848,34.6599998474121,34.8499984741211,2961849,16.7618732452393
"2004-03-11",34.4700012207031,34.6500015258789,33.0499992370605,33.6599998474121,5085070,16.1895217895508
"2004-03-12",33.2999992370605,34.4000015258789,32.5,34.1699981689453,3602002,16.4348182678223
"2004-03-15",33.8699989318848,34.3300018310547,33.2799987792969,33.3699989318848,2370197,16.0500354766846
"2004-03-16",33.5299987792969,33.9500007629395,33.25,33.4500007629395,2524666,16.0885143280029
"2004-03-17",33.439998626709,34.5999984741211,33.4000015258789,34.4300003051758,3532033,16.559871673584
"2004-03-18",34.5099983215332,34.6199989318848,34.060001373291,34.1800003051758,2532879,16.439624786377
"2004-03-19",34.5,34.9900016784668,33.810001373291,33.9900016784668,6143147,16.3482437133789
"2004-03-22",33.7000007629395,33.7000007629395,32.5800018310547,33.0999984741211,2326554,15.9201745986938
"2004-03-23",32.9300003051758,33.2700004577637,32.5999984741211,32.6300010681152,2150731,15.6941194534302
"2004-03-24",32.689998626709,32.8800010681152,32.25,32.7200012207031,3311267,15.7374076843262
"2004-03-25",32.8699989318848,33.25,32.7999992370605,33,2859533,15.8720769882202
"2004-03-26",33.4000015258789,33.5,32.7299995422363,32.8499984741211,2919027,15.7999324798584
"2004-03-29",32.9500007629395,33.6399993896484,32.8499984741211,33.3800010681152,2485149,16.0548477172852
"2004-03-30",33.5200004577637,33.9300003051758,33.2999992370605,33.4599990844727,3621667,16.0933265686035
"2004-03-31",33.5999984741211,34.0900001525879,33,33.0900001525879,3211976,15.9153652191162
"2004-04-01",33.3499984741211,33.9099998474121,33.1199989318848,33.9099998474121,2399596,16.3097648620605
"2004-04-02",33.939998626709,34.8499984741211,33.6599998474121,34.7099990844727,2791336,16.6945381164551
"2004-04-05",34.8499984741211,35.25,34.6199989318848,35.060001373291,2268344,16.8628826141357
"2004-04-06",35.1399993896484,35.2999992370605,34.5499992370605,34.6699981689453,2416616,16.6753044128418
"2004-04-07",34.6399993896484,34.8400001525879,33.8400001525879,33.9300003051758,1874754,16.3193836212158
"2004-04-08",34.3499984741211,35,34.2200012207031,34.5699996948242,2487097,16.6272068023682
"2004-04-09",34.5699996948242,34.5699996948242,34.5699996948242,34.5699996948242,0,16.6272068023682
"2004-04-12",34.5699996948242,34.5699996948242,34.5699996948242,34.5699996948242,0,16.6272068023682
"2004-04-13",34.8499984741211,35.5,34.8199996948242,35.2900009155273,2564883,16.9735088348389
"2004-04-14",35.0800018310547,35.1300010681152,34.3499984741211,34.6800003051758,2700624,16.6801109313965
"2004-04-15",34.6800003051758,35.5,34.5999984741211,35.060001373291,2570262,16.8628826141357
"2004-04-16",34.9500007629395,35.6599998474121,34.8600006103516,35.1100006103516,2951479,16.8869323730469
"2004-04-19",35,35.4700012207031,35,35.25,1647510,16.9542655944824
"2004-04-20",35.5499992370605,35.9900016784668,35.3300018310547,35.6699981689453,2680435,17.1562747955322
"2004-04-21",35.4900016784668,36.2000007629395,35.4000015258789,35.9000015258789,3003797,17.2669010162354
"2004-04-22",36.2999992370605,36.8600006103516,35.6699981689453,36.7400016784668,3481549,17.6709175109863
"2004-04-23",37.060001373291,37.5499992370605,36.9199981689453,37.439998626709,5467382,18.0075931549072
"2004-04-26",37.5900001525879,37.5900001525879,36.6500015258789,36.7000007629395,3366321,17.6516761779785
"2004-04-27",36.7999992370605,37.0699996948242,36.560001373291,37.0099983215332,1930763,17.8007755279541
"2004-04-28",36.6599998474121,37.1500015258789,36.2700004577637,36.6399993896484,2643614,17.6228160858154
"2004-04-29",36.4599990844727,36.7799987792969,35.7999992370605,36,2690268,17.3149948120117
"2004-04-30",35.9000015258789,36.4599990844727,35.5499992370605,35.9700012207031,2016235,17.3005657196045
"2004-05-03",36,36.6399993896484,35.6599998474121,36.4500007629395,1245525,17.5314350128174
"2004-05-04",36.5099983215332,36.8699989318848,36.1599998474121,36.2999992370605,1480701,17.459285736084
"2004-05-05",35.7099990844727,36.4000015258789,35.7099990844727,36.3499984741211,2241338,17.4833354949951
"2004-05-06",36.1500015258789,36.2599983215332,34.9900016784668,35.0499992370605,3047500,16.8580703735352
"2004-05-07",35.0999984741211,35.4000015258789,34.9500007629395,35.2799987792969,2111005,16.9686946868896
"2004-05-10",34.5200004577637,34.6300010681152,34.2200012207031,34.310001373291,2782010,16.5021533966064
"2004-05-11",34.5999984741211,34.7900009155273,34.2299995422363,34.5800018310547,2122877,16.6320171356201
"2004-05-12",34.6100006103516,35.3499984741211,34.3600006103516,34.4799995422363,2499970,16.5839138031006
"2004-05-13",34.4300003051758,35.060001373291,34.4300003051758,34.8199996948242,2759196,16.7474498748779
"2004-05-14",34.2900009155273,34.6399993896484,33.9000015258789,34.4000015258789,2679440,16.8257122039795
"2004-05-17",33.9900016784668,34.0900001525879,33.4199981689453,33.9000015258789,2235200,16.5811500549316
"2004-05-18",34.25,34.4900016784668,33.9700012207031,34.3499984741211,2269659,16.8012523651123
"2004-05-19",34.5499992370605,35.439998626709,34.5499992370605,35.2000007629395,2828404,17.2170028686523
"2004-05-20",34.7000007629395,34.8300018310547,34.0999984741211,34.5099983215332,2026082,16.8795108795166
"2004-05-21",34.5299987792969,34.8800010681152,34.0499992370605,34.3400001525879,1810977,16.7963619232178
"2004-05-24",34.4900016784668,34.9799995422363,34.4500007629395,34.4599990844727,1282108,16.8550567626953
"2004-05-25",34.1699981689453,34.2400016784668,33.8600006103516,34.1100006103516,2487686,16.6838626861572
"2004-05-26",34.6399993896484,34.9500007629395,34.4799995422363,34.810001373291,1898672,17.0262489318848
"2004-05-27",34.939998626709,35.2000007629395,34.5900001525879,35,2406155,17.1191749572754
"2004-05-28",35.0800018310547,35.1599998474121,34.4599990844727,34.7000007629395,1824320,16.9724445343018
"2004-05-31",34.7599983215332,35.060001373291,34.5099983215332,34.9000015258789,410680,17.0702686309814
"2004-06-01",34.8600006103516,35,34.2700004577637,34.6199989318848,1512157,16.9333152770996
"2004-06-02",34.7900009155273,34.9000015258789,34.5699996948242,34.5900001525879,1668550,16.9186363220215
"2004-06-03",34.5499992370605,34.6199989318848,34.0099983215332,34.3600006103516,2946011,16.8061447143555
"2004-06-04",34.3600006103516,34.8400001525879,34.2400016784668,34.6100006103516,2387497,16.9284248352051
"2004-06-07",34.9799995422363,35.2700004577637,34.9099998474121,35.189998626709,1825243,17.2121124267578
"2004-06-08",35.2799987792969,35.6800003051758,34.9500007629395,35.1399993896484,2373855,17.1876564025879
"2004-06-09",35.439998626709,35.8499984741211,35.1500015258789,35.3699989318848,2342394,17.3001556396484
"2004-06-10",35.3699989318848,35.6199989318848,35.310001373291,35.6100006103516,1068774,17.4175434112549
"2004-06-11",35.7099990844727,35.7099990844727,35.3600006103516,35.560001373291,1027068,17.3930854797363
"2004-06-14",35.4000015258789,35.5299987792969,34.7299995422363,34.939998626709,1658335,17.0898323059082
"2004-06-15",34.75,35.1699981689453,34.6800003051758,35.1300010681152,1957389,17.1827659606934
"2004-06-16",35.310001373291,35.5400009155273,35.2000007629395,35.3300018310547,1505930,17.2805881500244
"2004-06-17",35.3300018310547,35.5999984741211,35.1100006103516,35.3400001525879,1250021,17.2854785919189
"2004-06-18",35.3899993896484,35.5999984741211,34.9199981689453,35.2799987792969,3662834,17.2561302185059
"2004-06-21",35.5,35.5,34.8800010681152,35.1599998474121,1327959,17.1974391937256
"2004-06-22",35.0400009155273,35.2299995422363,34.5400009155273,34.75,1951122,16.9969005584717
"2004-06-23",34.8600006103516,35.1500015258789,34.7599983215332,35.060001373291,1758001,17.1485290527344
"2004-06-24",35.3600006103516,35.9599990844727,35.3600006103516,35.6500015258789,2446639,17.4371089935303
"2004-06-25",35.6399993896484,35.8300018310547,35.2400016784668,35.4000015258789,1485789,17.314826965332
"2004-06-28",35.6199989318848,36.439998626709,35.3800010681152,36.2400016784668,2647703,17.7256927490234
"2004-06-29",36.1800003051758,36.5999984741211,36.1100006103516,36.3300018310547,3276618,17.7697086334229
"2004-06-30",36.310001373291,36.5999984741211,36.1500015258789,36.3699989318848,1677413,17.789270401001
"2004-07-01",36.6300010681152,36.6699981689453,36.0400009155273,36.0400009155273,2083873,17.6278667449951
"2004-07-02",35.9099998474121,36.0400009155273,35.6100006103516,35.7000007629395,1690679,17.4615612030029
"2004-07-05",35.6800003051758,35.939998626709,35.6500015258789,35.75,1152235,17.4860153198242
"2004-07-06",35.939998626709,35.939998626709,35.2099990844727,35.2599983215332,1839313,17.2463474273682
"2004-07-07",35.2700004577637,35.8499984741211,35.1699981689453,35.5800018310547,2634324,17.4028720855713
"2004-07-08",35.5,36.0999984741211,35.4300003051758,35.8800010681152,2427795,17.5496044158936
"2004-07-09",35.7999992370605,36.0200004577637,35.6100006103516,35.8699989318848,2631751,17.5447101593018
"2004-07-12",35.5499992370605,36,35.3400001525879,35.4500007629395,1919185,17.3392810821533
"2004-07-13",35.7799987792969,36.0400009155273,35.7000007629395,35.8699989318848,2198248,17.5447101593018
"2004-07-14",35.5499992370605,35.7400016784668,35.2999992370605,35.5800018310547,2295676,17.4028720855713
"2004-07-15",35.5499992370605,35.9199981689453,35.3600006103516,35.5,1938958,17.3637409210205
"2004-07-16",35.6699981689453,35.8800010681152,35.3600006103516,35.4900016784668,1999147,17.3588523864746
"2004-07-19",35.4099998474121,35.6800003051758,35.2299995422363,35.25,1532387,17.2414608001709
"2004-07-20",35.1500015258789,35.5999984741211,35.0200004577637,35.3300018310547,1483202,17.2805881500244
"2004-07-21",35.689998626709,36,35.5,35.6399993896484,1919549,17.4322166442871
"2004-07-22",35.2099990844727,35.7400016784668,35.2099990844727,35.3400001525879,1540847,17.2854785919189
"2004-07-23",35.4000015258789,35.8699989318848,35.3499984741211,35.6199989318848,1299745,17.4224338531494
"2004-07-26",35.6500015258789,35.8300018310547,35.2000007629395,35.2400016784668,1199351,17.2365703582764
"2004-07-27",35.3499984741211,35.7999992370605,35.2200012207031,35.6399993896484,1693635,17.4322166442871
"2004-07-28",35.8499984741211,36.9099998474121,35.8199996948242,36.7200012207031,4330221,17.9604682922363
"2004-07-29",36.8699989318848,37.3800010681152,36.7900009155273,37.1300010681152,3072071,18.1610069274902
"2004-07-30",37.0999984741211,37.1500015258789,36.8300018310547,36.9199981689453,1469086,18.0582885742188
"2004-08-02",36.9000015258789,37.1800003051758,36.4099998474121,36.8300018310547,1444427,18.0142707824707
"2004-08-03",36.8499984741211,37.2299995422363,36.6800003051758,37.0400009155273,1584295,18.116979598999
"2004-08-04",36.4599990844727,36.5499992370605,35.5200004577637,35.6100006103516,4227552,17.4175434112549
"2004-08-05",35.6500015258789,35.9099998474121,34.9500007629395,35.0400009155273,3491318,17.1387424468994
"2004-08-06",34.5999984741211,34.6800003051758,33.6399993896484,33.8899993896484,5197297,16.5762557983398
"2004-08-09",33.9000015258789,33.9500007629395,33.2599983215332,33.5999984741211,1973919,16.4344100952148
"2004-08-10",33.5999984741211,34.0400009155273,33.5800018310547,33.9799995422363,1822645,16.6202793121338
"2004-08-11",34.1500015258789,34.2000007629395,33.3899993896484,33.5999984741211,1834847,16.4344100952148
"2004-08-12",33.6199989318848,33.8800010681152,33.2400016784668,33.4799995422363,1538246,16.3757171630859
"2004-08-13",33.2999992370605,33.4099998474121,32.8499984741211,33.1699981689453,2617378,16.2240867614746
"2004-08-16",32.939998626709,33.7999992370605,32.8499984741211,33.75,1691356,16.5077781677246
"2004-08-17",33.7599983215332,34.0099983215332,33.4199981689453,33.6100006103516,2107253,16.4392986297607
"2004-08-18",33.7000007629395,33.7599983215332,33.25,33.6100006103516,1917567,16.4392986297607
"2004-08-19",33.8499984741211,34.0699996948242,33.2400016784668,33.4500007629395,2157026,16.3610458374023
"2004-08-20",33.3499984741211,33.4000015258789,33.0400009155273,33.25,1593727,16.2632179260254
"2004-08-23",33.4700012207031,34.0499992370605,33.2400016784668,33.8699989318848,2230250,16.5664710998535
"2004-08-24",33.9799995422363,34.4300003051758,33.8199996948242,34.1399993896484,2191454,16.6985359191895
"2004-08-25",34.3499984741211,34.5499992370605,33.9700012207031,34.189998626709,1645475,16.7229900360107
"2004-08-26",34.4500007629395,34.7099990844727,34.4199981689453,34.4700012207031,1638692,16.8599491119385
"2004-08-27",34.5699996948242,34.7999992370605,34.2799987792969,34.5499992370605,1552266,16.899076461792
"2004-08-30",34.5999984741211,34.6399993896484,34.0200004577637,34.310001373291,1362169,16.7816829681396
"2004-08-31",34.2400016784668,34.4000015258789,33.7599983215332,33.8899993896484,1615741,16.5762557983398
"2004-09-01",34.2200012207031,34.5,34.0800018310547,34.25,1150325,16.7523403167725
"2004-09-02",34.2900009155273,34.5499992370605,34.1399993896484,34.4599990844727,1446674,16.8550567626953
"2004-09-03",34.4199981689453,34.8499984741211,34.3400001525879,34.5800018310547,1533292,16.9137496948242
"2004-09-06",34.7200012207031,34.9199981689453,34.6199989318848,34.7599983215332,1314279,17.0017890930176
"2004-09-07",34.6599998474121,34.8600006103516,34.5800018310547,34.8199996948242,1207757,17.0311336517334
"2004-09-08",34.9300003051758,35.0200004577637,34.6699981689453,34.9599990844727,1601123,17.0996150970459
"2004-09-09",34.8699989318848,35,34.3899993896484,34.4799995422363,1933922,16.8648357391357
"2004-09-10",34.5699996948242,34.6100006103516,34.1100006103516,34.560001373291,2119789,16.9039649963379
"2004-09-13",34.6500015258789,35.3899993896484,34.6100006103516,35.2999992370605,2083632,17.2659168243408
"2004-09-14",35.4000015258789,35.4300003051758,35.0699996948242,35.3800010681152,1836502,17.305046081543
"2004-09-15",35.3400001525879,35.3899993896484,34.560001373291,34.7200012207031,2396033,16.9822235107422
"2004-09-16",34.75,35.2799987792969,34.6500015258789,35.2099990844727,1706553,17.2218952178955
"2004-09-17",35.1500015258789,35.4599990844727,34.939998626709,35.2299995422363,3027116,17.2316780090332
"2004-09-20",35.1199989318848,35.2299995422363,34.5900001525879,35.1100006103516,1430793,17.172981262207
"2004-09-21",35.0800018310547,35.189998626709,34.7000007629395,34.7799987792969,1342888,17.0115718841553
"2004-09-22",34.7200012207031,34.9000015258789,34.0999984741211,34.25,2402920,16.7523403167725
"2004-09-23",34.2799987792969,34.2799987792969,33.4500007629395,33.5999984741211,2913466,16.4344100952148
"2004-09-24",33.5900001525879,33.9099998474121,33.4300003051758,33.7900009155273,1463989,16.5273456573486
"2004-09-27",33.8499984741211,33.8600006103516,33.4000015258789,33.5900001525879,1742375,16.4295196533203
"2004-09-28",33.3899993896484,33.5,33.1599998474121,33.3600006103516,2350082,16.3170185089111
"2004-09-29",33.4199981689453,33.9599990844727,33.3800010681152,33.7099990844727,2359499,16.4882144927979
"2004-09-30",34.0099983215332,34.0099983215332,33.0200004577637,33.0999984741211,2698283,16.1898517608643
"2004-10-01",33.2599983215332,34.2000007629395,33.1399993896484,34.0200004577637,3682616,16.6398410797119
"2004-10-04",34.5,34.9500007629395,34.5,34.6500015258789,2377805,16.9479866027832
"2004-10-05",34.7000007629395,35.0400009155273,34.4500007629395,34.810001373291,2107645,17.0262489318848
"2004-10-06",34.7799987792969,34.9000015258789,34.5800018310547,34.6699981689453,1631068,16.9577693939209
"2004-10-07",34.9900016784668,35.2000007629395,34.7000007629395,34.8199996948242,2606750,17.0311336517334
"2004-10-08",34.7400016784668,34.8600006103516,34.2299995422363,34.2999992370605,2116131,16.7767944335938
"2004-10-11",34.2999992370605,34.3800010681152,34.0699996948242,34.2299995422363,1410618,16.7425575256348
"2004-10-12",34.0999984741211,34.1800003051758,33.2999992370605,33.5299987792969,2795479,16.4001712799072
"2004-10-13",33.6800003051758,34.3699989318848,33.6399993896484,33.75,2388802,16.5077781677246
"2004-10-14",33.3600006103516,33.8899993896484,33.3400001525879,33.689998626709,2707612,16.4784336090088
"2004-10-15",33.6800003051758,34.0800018310547,33.4000015258789,33.8499984741211,3554105,16.5566921234131
"2004-10-18",33.5999984741211,33.9599990844727,33.4799995422363,33.6599998474121,1730057,16.4637603759766
"2004-10-19",33.75,34.3899993896484,33.75,34,1787865,16.6300582885742
"2004-10-20",33.6500015258789,33.7000007629395,33.25,33.560001373291,1979975,16.4148464202881
"2004-10-21",33.7400016784668,33.9099998474121,33.310001373291,33.5400009155273,1849233,16.4050674438477
"2004-10-22",33.3800010681152,33.6100006103516,33.2000007629395,33.3499984741211,2697182,16.3121318817139
"2004-10-25",32.9000015258789,32.939998626709,32.0499992370605,32.3800010681152,4139372,15.8376865386963
"2004-10-26",32.4000015258789,32.9900016784668,32.4000015258789,32.7200012207031,2383181,16.0039863586426
"2004-10-27",32.9000015258789,33.3300018310547,32.7999992370605,33.2799987792969,2353616,16.2778930664062
"2004-10-28",33.7700004577637,34.0900001525879,33.5999984741211,33.689998626709,2950604,16.4784336090088
"2004-10-29",33.7099990844727,33.7200012207031,33.1100006103516,33.1500015258789,2521153,16.2143096923828
"2004-11-01",33.1399993896484,33.8800010681152,33.0299987792969,33.7299995422363,1469017,16.4980010986328
"2004-11-02",33.9300003051758,34,33.6800003051758,33.7999992370605,1725718,16.5322380065918
"2004-11-03",33.5,33.5,32.7099990844727,33.0099983215332,6128183,16.1458301544189
"2004-11-04",33,33.1800003051758,32.310001373291,32.4000015258789,4904733,15.8474702835083
"2004-11-05",32.7900009155273,32.9099998474121,32.25,32.3499984741211,5205545,15.8230085372925
"2004-11-08",32.439998626709,32.7400016784668,32.2400016784668,32.5699996948242,2681000,15.9306211471558
"2004-11-09",32.689998626709,32.7900009155273,32.5499992370605,32.5499992370605,2255750,15.9208374023438
"2004-11-10",32.5699996948242,32.9500007629395,32.5699996948242,32.7799987792969,3151940,16.0333347320557
"2004-11-11",32.7900009155273,33.3499984741211,32.6399993896484,33.25,3590270,16.2632179260254
"2004-11-12",33.4000015258789,33.4700012207031,32.7700004577637,32.8899993896484,3046911,16.0871353149414
"2004-11-15",32.9300003051758,33.3600006103516,32.6800003051758,32.7599983215332,2497649,16.0235500335693
"2004-11-16",32.8499984741211,32.9799995422363,32.25,32.4900016784668,3118967,15.8914890289307
"2004-11-17",32.5,32.689998626709,32.1199989318848,32.3600006103516,3490861,15.8279037475586
"2004-11-18",32.25,32.4599990844727,32.1500015258789,32.3699989318848,2844047,15.8327941894531
"2004-11-19",32.5,32.8699989318848,32.3199996948242,32.3499984741211,3740529,15.8230085372925
"2004-11-22",32.3800010681152,32.3800010681152,31.8500003814697,32.2099990844727,2468977,15.7545347213745
"2004-11-23",32.4500007629395,32.6100006103516,31.8099994659424,31.8099994659424,4078625,15.5588865280151
"2004-11-24",32.0999984741211,32.1599998474121,31.5200004577637,31.7999992370605,3316668,15.5539951324463
"2004-11-25",31.9099998474121,32.1599998474121,31.8500003814697,31.8999996185303,1872192,15.6029090881348
"2004-11-26",31.7600002288818,32.1100006103516,31.5200004577637,31.8400001525879,2266600,15.5735626220703
"2004-11-29",31.9500007629395,32.5200004577637,31.8500003814697,32.0999984741211,2794657,15.7007303237915
"2004-11-30",32.1500015258789,32.3699989318848,31.6299991607666,31.7800006866455,2387836,15.5442161560059
"2004-12-01",31.6200008392334,32.0499992370605,31.6200008392334,31.9500007629395,2024348,15.6273670196533
"2004-12-02",32.0099983215332,32.5800018310547,31.8600006103516,32.4099998474121,3457119,15.8523578643799
"2004-12-03",32.4099998474121,32.4799995422363,31.9599990844727,32.0999984741211,2116075,15.7007303237915
"2004-12-06",32.0299987792969,32.0499992370605,31.7800006866455,31.9400005340576,1392418,15.6224718093872
"2004-12-07",31.9400005340576,32.2400016784668,31.8600006103516,32.0299987792969,1805034,15.6664924621582
"2004-12-08",31.8299999237061,33.0999984741211,31.7999992370605,32.7999992370605,4849276,16.0431156158447
"2004-12-09",32.7999992370605,32.9799995422363,32.3499984741211,32.5699996948242,3662661,15.9306211471558
"2004-12-10",32.8199996948242,32.8699989318848,32.3800010681152,32.5999984741211,2783430,15.945291519165
"2004-12-13",32.7000007629395,32.9300003051758,32.5900001525879,32.7000007629395,2308081,15.9942064285278
"2004-12-14",32.9500007629395,33.2400016784668,32.75,33,2444483,16.1409397125244
"2004-12-15",32.9199981689453,33.0299987792969,32.7000007629395,32.7999992370605,2638955,16.0431156158447
"2004-12-16",32.7200012207031,32.9000015258789,32.5200004577637,32.9000015258789,1967920,16.0920276641846
"2004-12-17",32.9799995422363,33.0400009155273,32.1500015258789,32.439998626709,5110890,15.8670349121094
"2004-12-20",32.4700012207031,32.9199981689453,32.4099998474121,32.6699981689453,1910920,15.9795303344727
"2004-12-21",32.8400001525879,32.9599990844727,32.5800018310547,32.7900009155273,1910831,16.0382270812988
"2004-12-22",33.0200004577637,33.4700012207031,32.9199981689453,33.3400001525879,2821051,16.3072452545166
"2004-12-23",33.2599983215332,33.5,33.2000007629395,33.2599983215332,1322180,16.2681140899658
"2004-12-24",33.2599983215332,33.2599983215332,33.2599983215332,33.2599983215332,0,16.2681140899658
"2004-12-27",33.2099990844727,33.5400009155273,33.1599998474121,33.1800003051758,1199934,16.228982925415
"2004-12-28",33.2799987792969,33.3800010681152,33,33.310001373291,1122556,16.2925662994385
"2004-12-29",33.4000015258789,33.439998626709,33.0299987792969,33.2000007629395,838290,16.2387619018555
"2004-12-30",33.3800010681152,33.3800010681152,33.0499992370605,33.2000007629395,923684,16.2387619018555
"2004-12-31",33.2000007629395,33.2000007629395,33.2000007629395,33.2000007629395,0,16.2387619018555
"2005-01-03",33.4099998474121,33.8499984741211,33.4000015258789,33.75,1926903,16.5077781677246
"2005-01-04",33.5999984741211,34.5200004577637,33.5999984741211,34.4199981689453,3806695,16.8354892730713
"2005-01-05",34.2200012207031,34.689998626709,34.0499992370605,34.5400009155273,3527304,16.8941822052002
"2005-01-06",34.439998626709,34.9099998474121,34.4300003051758,34.7099990844727,2252040,16.9773330688477
"2005-01-07",34.689998626709,34.7299995422363,34.310001373291,34.5999984741211,1977673,16.9235324859619
"2005-01-10",34.560001373291,34.689998626709,34.2000007629395,34.5,1589247,16.8746185302734
"2005-01-11",34.3300018310547,34.4000015258789,33.7999992370605,34.1199989318848,3494706,16.6887550354004
"2005-01-12",34,34.060001373291,33.5499992370605,33.8499984741211,2954962,16.5566921234131
"2005-01-13",34,34,33.1599998474121,33.4199981689453,3211589,16.3463687896729
"2005-01-14",33.2000007629395,33.8400001525879,33.2000007629395,33.8300018310547,1883699,16.5469093322754
"2005-01-17",33.7000007629395,33.7999992370605,33.5200004577637,33.6699981689453,2217864,16.4686508178711
"2005-01-18",33.4500007629395,33.5699996948242,33.2799987792969,33.3300018310547,3345053,16.3023509979248
"2005-01-19",33.3499984741211,33.5,32.8400001525879,32.9799995422363,4511938,16.1311588287354
"2005-01-20",32.75,32.9099998474121,32.5499992370605,32.7799987792969,3213027,16.0333347320557
"2005-01-21",32.7099990844727,32.9000015258789,32.3499984741211,32.5200004577637,2540405,15.9061632156372
"2005-01-24",32.4099998474121,32.6500015258789,32.0699996948242,32.560001373291,2755728,15.9257287979126
"2005-01-25",32.560001373291,33.0299987792969,32.4700012207031,32.8800010681152,2459708,16.0822467803955
"2005-01-26",32.8600006103516,32.8699989318848,32.2200012207031,32.2400016784668,3536983,15.7692108154297
"2005-01-27",32.4700012207031,32.4700012207031,31.7199993133545,32.3199996948242,4538594,15.8083381652832
"2005-01-28",32.3699989318848,32.4000015258789,31.9400005340576,32.0400009155273,3025877,15.6713876724243
"2005-01-31",32.1599998474121,32.4500007629395,32.1300010681152,32.1699981689453,2309781,15.7349710464478
"2005-02-01",32.2000007629395,32.9500007629395,32.1100006103516,32.7700004577637,3369488,16.0284442901611
"2005-02-02",32.7999992370605,32.9700012207031,32.4000015258789,32.5999984741211,2966033,15.945291519165
"2005-02-03",32.6199989318848,32.8800010681152,32.4300003051758,32.7000007629395,2412719,15.9942064285278
"2005-02-04",32.9099998474121,32.9900016784668,32.7000007629395,32.8699989318848,1796706,16.077356338501
"2005-02-07",33.0999984741211,33.2900009155273,32.9199981689453,33.2400016784668,3352254,16.2583293914795
"2005-02-08",33.2999992370605,33.5699996948242,33.1100006103516,33.2000007629395,3118861,16.2387619018555
"2005-02-09",33.1599998474121,33.4199981689453,32.8199996948242,32.9799995422363,2152738,16.1311588287354
"2005-02-10",32.8499984741211,33.3800010681152,32.5499992370605,33.1699981689453,2726290,16.2240867614746
"2005-02-11",33.3300018310547,33.5,32.9500007629395,33.2000007629395,3089912,16.2387619018555
"2005-02-14",33.3499984741211,33.3499984741211,32.7999992370605,32.9900016784668,2246986,16.1360492706299
"2005-02-15",32.8899993896484,33.1399993896484,32.8800010681152,32.9500007629395,2490123,16.1164875030518
"2005-02-16",32.8400001525879,32.8899993896484,32.3499984741211,32.6500015258789,2679875,15.969747543335
"2005-02-17",32.75,32.939998626709,32.7099990844727,32.7099990844727,1890607,15.9990978240967
"2005-02-18",32.689998626709,32.7999992370605,32.3699989318848,32.6199989318848,2250144,15.9550733566284
"2005-02-21",32.6199989318848,32.939998626709,32.5,32.7000007629395,1383569,15.9942064285278
"2005-02-22",32.560001373291,32.6300010681152,32.1500015258789,32.2999992370605,2400952,15.7985534667969
"2005-02-23",32.0099983215332,32.2900009155273,31.9099998474121,32.2299995422363,2726692,15.7643175125122
"2005-02-24",32.0900001525879,32.310001373291,31.9899997711182,32.1500015258789,2093360,15.7251892089844
"2005-02-25",32.4000015258789,32.5999984741211,32.1500015258789,32.3400001525879,1823931,15.8181238174438
"2005-02-28",32.2000007629395,32.560001373291,32.0499992370605,32.3499984741211,1930903,15.8230085372925
"2005-03-01",32.439998626709,32.810001373291,32.1599998474121,32.4900016784668,2882654,15.8914890289307
"2005-03-02",32.6699981689453,33.0900001525879,32.5999984741211,32.9799995422363,3211625,16.1311588287354
"2005-03-03",32.8300018310547,33.2599983215332,32.8300018310547,33.2299995422363,3086266,16.253438949585
"2005-03-04",33.25,33.310001373291,32.939998626709,33.0999984741211,2019654,16.1898517608643
"2005-03-07",33.0499992370605,33.3499984741211,32.9300003051758,33.0999984741211,1814170,16.1898517608643
"2005-03-08",33.0099983215332,33.4799995422363,32.9799995422363,33.310001373291,3234074,16.2925662994385
"2005-03-09",33.4500007629395,33.4599990844727,32.7799987792969,33.0999984741211,2767779,16.1898517608643
"2005-03-10",32.9000015258789,34.8400001525879,32.5299987792969,34.0999984741211,13854584,16.6789703369141
"2005-03-11",34.5800018310547,34.9000015258789,34.3300018310547,34.7400016784668,6161805,16.9920120239258
"2005-03-14",34.5999984741211,34.7900009155273,34.3899993896484,34.5999984741211,2280982,16.9235324859619
"2005-03-15",34.5,34.689998626709,34.3600006103516,34.5400009155273,2863621,16.8941822052002
"2005-03-16",34.4000015258789,35.1300010681152,33.9599990844727,34.2200012207031,5855247,16.7376670837402
"2005-03-17",34.0499992370605,34.3600006103516,33.810001373291,34.060001373291,2565487,16.6594066619873
"2005-03-18",34.3899993896484,34.6699981689453,34.3400001525879,34.4599990844727,4920120,16.8550567626953
"2005-03-21",34.5299987792969,34.9199981689453,34.3300018310547,34.8499984741211,3194868,17.0458087921143
"2005-03-22",34.8199996948242,35.4700012207031,34.8199996948242,35.4300003051758,3902622,17.3295001983643
"2005-03-23",35.189998626709,35.5,35.0400009155273,35.4000015258789,2987478,17.314826965332
"2005-03-24",35.4199981689453,35.5,35.189998626709,35.4799995422363,2388906,17.3539543151855
"2005-03-25",35.4799995422363,35.4799995422363,35.4799995422363,35.4799995422363,0,17.3539543151855
"2005-03-28",35.4799995422363,35.4799995422363,35.4799995422363,35.4799995422363,0,17.3539543151855
"2005-03-29",35.4799995422363,35.4799995422363,34.8600006103516,35.3199996948242,1973495,17.2756977081299
"2005-03-30",35.060001373291,35.3499984741211,35.0400009155273,35.2999992370605,1902370,17.2659168243408
"2005-03-31",35.5,35.5699996948242,34.9199981689453,35.0499992370605,2224328,17.1436328887939
"2005-04-01",35,35.2299995422363,34.8600006103516,35.0999984741211,2014628,17.1680889129639
"2005-04-04",34.7999992370605,35.0800018310547,34.6300010681152,34.9599990844727,2053445,17.0996150970459
"2005-04-05",35.1100006103516,35.4500007629395,35.0099983215332,35.25,2169510,17.2414608001709
"2005-04-06",35.2099990844727,35.4000015258789,34.9599990844727,35.1500015258789,1463179,17.1925487518311
"2005-04-07",34.9000015258789,35.3300018310547,34.7299995422363,35.0900001525879,2379033,17.163200378418
"2005-04-08",35.0400009155273,35.2799987792969,34.6500015258789,34.7799987792969,2471363,17.0115718841553
"2005-04-11",34.5,35.0999984741211,34.3600006103516,34.9099998474121,1575498,17.075159072876
"2005-04-12",34.7999992370605,34.9900016784668,34.5499992370605,34.6399993896484,2046909,16.94309425354
"2005-04-13",34.7799987792969,34.8899993896484,34.4199981689453,34.5499992370605,1917704,16.899076461792
"2005-04-14",34.5099983215332,35.0800018310547,34.4599990844727,34.75,2529526,16.9969005584717
"2005-04-15",34.5,34.5099983215332,33.8699989318848,33.9900016784668,4025841,16.6251697540283
"2005-04-18",33.5,33.5400009155273,33.0299987792969,33.1100006103516,3728505,16.1947402954102
"2005-04-19",33.1500015258789,33.6699981689453,33.1500015258789,33.4199981689453,2204199,16.3463687896729
"2005-04-20",33.4500007629395,33.6599998474121,33.0200004577637,33.1699981689453,2480514,16.2240867614746
"2005-04-21",33,33.4599990844727,32.8699989318848,33.0099983215332,3658473,16.1458301544189
"2005-04-22",33.1500015258789,33.4500007629395,33.1100006103516,33.2299995422363,1752050,16.253438949585
"2005-04-25",33.0499992370605,33.3199996948242,32.9599990844727,33.2799987792969,1678210,16.2778930664062
"2005-04-26",33.1500015258789,33.25,32.6699981689453,32.8899993896484,2356679,16.0871353149414
"2005-04-27",32.6199989318848,32.8400001525879,32.310001373291,32.6500015258789,3281556,15.969747543335
"2005-04-28",32.5999984741211,32.7000007629395,32.2900009155273,32.2900009155273,2552538,15.7936639785767
"2005-04-29",32.1100006103516,33.0200004577637,32.1100006103516,32.7000007629395,3188299,15.9942064285278
"2005-05-02",32.9799995422363,33.0900001525879,32.8300018310547,32.9799995422363,1390664,16.1311588287354
"2005-05-03",32.9599990844727,33.310001373291,32.9000015258789,33.1399993896484,1963264,16.2094192504883
"2005-05-04",33.1500015258789,33.5400009155273,32.9700012207031,33.2999992370605,2957181,16.2876758575439
"2005-05-05",33.3400001525879,33.5800018310547,33.25,33.4500007629395,1642366,16.3610458374023
"2005-05-06",33.3499984741211,33.8899993896484,33.2700004577637,33.7700004577637,1944288,16.5175647735596
"2005-05-09",33.7700004577637,33.7999992370605,33.4099998474121,33.5499992370605,1550393,16.4099540710449
"2005-05-10",33.5400009155273,33.6699981689453,33.310001373291,33.310001373291,1989693,16.2925662994385
"2005-05-11",33.2999992370605,33.8800010681152,33.2099990844727,33.5800018310547,3126490,16.4246311187744
"2005-05-12",33.8899993896484,34.2900009155273,33.7900009155273,34.1199989318848,4163908,16.6887550354004
"2005-05-13",33.4300003051758,33.9799995422363,33.4199981689453,33.8199996948242,2704838,16.8481693267822
"2005-05-16",33.5900001525879,34.0499992370605,33.5800018310547,33.7099990844727,1542690,16.7933731079102
"2005-05-17",33.7999992370605,33.9700012207031,33.6300010681152,33.8899993896484,1941883,16.8830432891846
"2005-05-18",33.9900016784668,34.4300003051758,33.9900016784668,34.2900009155273,3017033,17.0823078155518
"2005-05-19",34.3499984741211,34.5699996948242,34.2999992370605,34.4099998474121,2347500,17.14208984375
"2005-05-20",34.5099983215332,34.810001373291,34.4199981689453,34.5999984741211,3170045,17.236743927002
"2005-05-23",34.8499984741211,34.8899993896484,34.6300010681152,34.7999992370605,2582147,17.3363780975342
"2005-05-24",34.9300003051758,34.9300003051758,34.5,34.7599983215332,1715858,17.3164482116699
"2005-05-25",34.6800003051758,34.8400001525879,34.3899993896484,34.5999984741211,2248326,17.236743927002
"2005-05-26",34.689998626709,35,34.6599998474121,34.810001373291,1203510,17.3413600921631
"2005-05-27",34.8499984741211,34.9799995422363,34.6199989318848,34.939998626709,1231635,17.406120300293
"2005-05-30",34.8800010681152,35.2299995422363,34.8499984741211,35.1300010681152,979908,17.5007762908936
"2005-05-31",35.1500015258789,35.4500007629395,35.0800018310547,35.2000007629395,1921671,17.53564453125
"2005-06-01",35.2099990844727,36.2200012207031,35.1699981689453,36.0099983215332,3735023,17.9391651153564
"2005-06-02",36.2000007629395,36.8499984741211,36.1500015258789,36.6199989318848,5025007,18.243049621582
"2005-06-03",36.7900009155273,36.9199981689453,36.1599998474121,36.1699981689453,3268697,18.0188751220703
"2005-06-06",36.2000007629395,36.4799995422363,36.0099983215332,36.3800010681152,1486040,18.1234893798828
"2005-06-07",36.3800010681152,37.1699981689453,36.3800010681152,36.9900016784668,3439307,18.4273777008057
"2005-06-08",36.939998626709,37.0499992370605,36.7099990844727,36.8400001525879,2170321,18.3526515960693
"2005-06-09",36.7999992370605,36.9000015258789,36.5699996948242,36.7599983215332,1812486,18.3127918243408
"2005-06-10",36.8800010681152,37.1300010681152,36.7599983215332,37.0400009155273,2105884,18.4522838592529
"2005-06-13",37.1500015258789,37.3800010681152,36.8800010681152,37.3800010681152,2134425,18.6216602325439
"2005-06-14",37.2900009155273,37.5400009155273,37.1300010681152,37.25,1596397,18.5568943023682
"2005-06-15",37.2200012207031,37.2799987792969,36.439998626709,36.4500007629395,2695085,18.1583633422852
"2005-06-16",36.560001373291,36.7999992370605,36.5499992370605,36.7400016784668,1477116,18.3028297424316
"2005-06-17",36.5499992370605,36.9199981689453,36.5499992370605,36.6300010681152,3894590,18.2480316162109
"2005-06-20",36.8800010681152,36.8800010681152,36.2400016784668,36.3899993896484,1711736,18.128475189209
"2005-06-21",36.4799995422363,37.0699996948242,36.3499984741211,37,1697026,18.4323558807373
"2005-06-22",36.8199996948242,37.5499992370605,36.8199996948242,37.4199981689453,1801501,18.6415882110596
"2005-06-23",37.5499992370605,37.6399993896484,37.2700004577637,37.560001373291,1154099,18.7113342285156
"2005-06-24",37.2000007629395,37.3800010681152,36.6699981689453,36.7999992370605,1748784,18.3327198028564
"2005-06-27",36.7000007629395,36.7000007629395,36.4500007629395,36.5800018310547,1021564,18.223123550415
"2005-06-28",36.7799987792969,37.2299995422363,36.6500015258789,37.1100006103516,1784359,18.487154006958
"2005-06-29",37.2799987792969,37.5800018310547,37.1300010681152,37.4599990844727,1441894,18.6615161895752
"2005-06-30",37.3199996948242,38.0299987792969,37.1699981689453,37.7299995422363,3077145,18.7960224151611
"2005-07-01",37.8300018310547,38.2200012207031,37.5,38.0900001525879,1838235,18.9753665924072
"2005-07-04",38.0999984741211,39,38,38.9000015258789,2969764,19.3788833618164
"2005-07-05",38.7999992370605,38.8699989318848,38.4799995422363,38.5699996948242,2259734,19.2144870758057
"2005-07-06",38.6500015258789,39.3199996948242,38.5,38.6199989318848,2619743,19.2393913269043
"2005-07-07",38.5,38.5,37.0200004577637,37.5800018310547,3796130,18.7212963104248
"2005-07-08",37.9500007629395,38.6800003051758,37.7200012207031,38.4799995422363,2327181,19.1696491241455
"2005-07-11",38.6699981689453,39.1699981689453,38.5,39,2257888,19.4286975860596
"2005-07-12",39.0099983215332,39.0900001525879,38.3499984741211,38.4700012207031,2028824,19.1646671295166
"2005-07-13",38.7000007629395,38.9099998474121,38.6100006103516,38.810001373291,1604811,19.3340511322021
"2005-07-14",38.8300018310547,39.25,38.7700004577637,39.0900001525879,1847489,19.4735336303711
"2005-07-15",39.1699981689453,39.1800003051758,38.9300003051758,39.0800018310547,1725367,19.4685592651367
"2005-07-18",39.0099983215332,39.2000007629395,38.810001373291,39.0699996948242,1359971,19.4635696411133
"2005-07-19",38.9700012207031,39.439998626709,38.9700012207031,39.2999992370605,2042763,19.5781478881836
"2005-07-20",39.3300018310547,39.6800003051758,39.1599998474121,39.439998626709,2290273,19.6478958129883
"2005-07-21",39.6500015258789,39.9700012207031,39.1599998474121,39.25,2803851,19.5532455444336
"2005-07-22",39.25,39.4000015258789,38.5200004577637,38.9300003051758,2479435,19.3938274383545
"2005-07-25",39.0900001525879,39.4500007629395,38.8499984741211,39.2700004577637,1264701,19.5632057189941
"2005-07-26",39.2799987792969,39.3600006103516,38.560001373291,38.6300010681152,1728422,19.2443790435791
"2005-07-27",38.5200004577637,38.75,38.2299995422363,38.4700012207031,2012831,19.1646671295166
"2005-07-28",38.8499984741211,39.5999984741211,38.560001373291,38.75,4674234,19.3041515350342
"2005-07-29",38.7200012207031,39.3899993896484,38.560001373291,38.7599983215332,2334909,19.3091335296631
"2005-08-01",38.6599998474121,39.2999992370605,38.6599998474121,38.9700012207031,2133024,19.4137573242188
"2005-08-02",39.1599998474121,39.9199981689453,39.1100006103516,39.6199989318848,3112748,19.7375659942627
"2005-08-03",38.560001373291,38.6399993896484,37.8199996948242,37.9500007629395,9636063,18.9056224822998
"2005-08-04",37.9799995422363,37.9900016784668,36.560001373291,37.1300010681152,7010969,18.4971199035645
"2005-08-05",36.8199996948242,37.189998626709,36.6100006103516,36.7400016784668,3170950,18.3028297424316
"2005-08-08",36.8899993896484,37.5400009155273,36.7599983215332,37.2700004577637,2738543,18.5668621063232
"2005-08-09",37.1800003051758,37.7299995422363,37.0699996948242,37.5999984741211,2869443,18.7312602996826
"2005-08-10",37.7299995422363,37.75,36.9000015258789,37.2900009155273,4240340,18.5768280029297
"2005-08-11",37.2700004577637,37.2700004577637,36.6500015258789,37,3051642,18.4323558807373
"2005-08-12",37.0699996948242,37.1300010681152,36.5200004577637,36.7400016784668,1970659,18.3028297424316
"2005-08-15",36.6300010681152,36.75,36.2900009155273,36.3800010681152,1744966,18.1234893798828
"2005-08-16",36.5699996948242,36.6699981689453,36.0800018310547,36.2099990844727,2251867,18.0387992858887
"2005-08-17",36.1500015258789,36.7999992370605,36.0900001525879,36.5400009155273,3539282,18.2031955718994
"2005-08-18",36.6100006103516,37.0800018310547,36.6100006103516,36.8199996948242,3071406,18.3426837921143
"2005-08-19",36.7799987792969,37.2999992370605,36.75,37.2000007629395,2584812,18.5319900512695
"2005-08-22",37.2000007629395,37.6100006103516,37.0299987792969,37.3400001525879,1878933,18.6017360687256
"2005-08-23",37.3800010681152,37.3800010681152,37,37.1399993896484,1430654,18.5020980834961
"2005-08-24",37.0099983215332,37.2400016784668,36.9199981689453,37,2130035,18.4323558807373
"2005-08-25",36.9000015258789,36.9500007629395,36.5,36.5699996948242,2517913,18.2181415557861
"2005-08-26",36.7000007629395,36.7799987792969,35.7200012207031,35.8800010681152,3589684,17.8744029998779
"2005-08-29",35.7000007629395,36.1500015258789,35.5999984741211,36,1412873,17.9341850280762
"2005-08-30",36.2000007629395,36.3499984741211,35.7599983215332,35.9599990844727,2606204,17.9142589569092
"2005-08-31",36.0699996948242,36.5800018310547,35.9199981689453,36.4199981689453,4264736,18.1434116363525
"2005-09-01",36.5999984741211,36.7599983215332,36.1699981689453,36.3499984741211,2254057,18.1085453033447
"2005-09-02",36.3499984741211,36.6800003051758,35.9700012207031,36.310001373291,3164775,18.0886173248291
"2005-09-05",36.4799995422363,36.9500007629395,36.439998626709,36.9099998474121,1402418,18.3875198364258
"2005-09-06",36.9500007629395,37.2999992370605,36.9500007629395,37.1100006103516,2056420,18.487154006958
"2005-09-07",37.1300010681152,37.6300010681152,37.0999984741211,37.5099983215332,2808266,18.6864223480225
"2005-09-08",37.5099983215332,37.5999984741211,37.0099983215332,37.2700004577637,2069876,18.5668621063232
"2005-09-09",37.1500015258789,37.6199989318848,37.1500015258789,37.4199981689453,1746619,18.6415882110596
"2005-09-12",37.6500015258789,37.75,37.0999984741211,37.2799987792969,2559089,18.5718460083008
"2005-09-13",37.3300018310547,37.3499984741211,36.3800010681152,36.4599990844727,3204055,18.1633415222168
"2005-09-14",36.6199989318848,36.8199996948242,36.3400001525879,36.5400009155273,2380578,18.2031955718994
"2005-09-15",36.4900016784668,36.8300018310547,36.4599990844727,36.5999984741211,1887061,18.2330856323242
"2005-09-16",36.6699981689453,37,36.5200004577637,36.9599990844727,4347790,18.4124279022217
"2005-09-19",36.439998626709,37.2700004577637,36.25,36.9500007629395,3988670,18.4074478149414
"2005-09-20",36.9300003051758,38.3800010681152,36.9300003051758,37.8899993896484,7860659,18.8757305145264
"2005-09-21",37.8800010681152,37.8800010681152,37.3499984741211,37.4599990844727,3855771,18.6615161895752
"2005-09-22",37.1199989318848,37.810001373291,37.0200004577637,37.4900016784668,3206001,18.6764602661133
"2005-09-23",37.810001373291,37.8899993896484,37.3499984741211,37.5099983215332,3505987,18.6864223480225
"2005-09-26",37.9000015258789,38.7700004577637,37.6100006103516,38.5299987792969,5171695,19.1945610046387
"2005-09-27",38.4500007629395,38.7999992370605,38.2099990844727,38.3899993896484,2659839,19.124813079834
"2005-09-28",38.5,39.0499992370605,38.4300003051758,38.9000015258789,3319391,19.3788833618164
"2005-09-29",39.0999984741211,39.7099990844727,38.560001373291,38.8699989318848,4144471,19.3639335632324
"2005-09-30",39.2000007629395,39.25,38.3899993896484,39.060001373291,3267681,19.458589553833
"2005-10-03",39.3699989318848,39.3699989318848,38.9900016784668,39.25,1593281,19.5532455444336
"2005-10-04",39.1800003051758,40.0900001525879,39.0299987792969,39.9700012207031,3241399,19.9119281768799
"2005-10-05",39.5999984741211,39.7700004577637,39.2299995422363,39.5,2675178,19.6777839660645
"2005-10-06",38.7099990844727,39.0699996948242,38.3800010681152,38.6500015258789,3430911,19.2543392181396
"2005-10-07",38.560001373291,39.0800018310547,38.560001373291,38.7400016784668,2587674,19.2991752624512
"2005-10-10",38.9000015258789,39.2400016784668,38.3800010681152,38.560001373291,1994095,19.2095031738281
"2005-10-11",38.5999984741211,38.939998626709,38.3800010681152,38.4000015258789,1874865,19.1297950744629
"2005-10-12",38.2599983215332,38.7599983215332,37.7200012207031,38.3400001525879,2870475,19.0999088287354
"2005-10-13",38.3400001525879,38.8699989318848,38.1500015258789,38.4300003051758,2712493,19.1447410583496
"2005-10-14",38.1500015258789,38.6699981689453,38.1300010681152,38.2599983215332,2324012,19.0600509643555
"2005-10-17",38.2599983215332,38.5,37.75,38.0900001525879,2406103,18.9753665924072
"2005-10-18",38.2599983215332,38.4000015258789,37.8600006103516,37.9000015258789,1742342,18.8807106018066
"2005-10-19",37.5,37.7700004577637,37.1500015258789,37.3800010681152,3540094,18.6216602325439
"2005-10-20",37.8499984741211,37.8899993896484,36.810001373291,36.8499984741211,2948735,18.357629776001
"2005-10-21",36.7700004577637,37.0699996948242,36.5499992370605,36.8199996948242,3285065,18.3426837921143
"2005-10-24",36.9000015258789,37.1800003051758,36.8499984741211,37.1300010681152,1426179,18.4971199035645
"2005-10-25",37.2400016784668,37.310001373291,36.75,36.7999992370605,1748780,18.3327198028564
"2005-10-26",36.9000015258789,37.2999992370605,36.8899993896484,37.0999984741211,2027156,18.4821739196777
"2005-10-27",36.9000015258789,37.0699996948242,36.5499992370605,36.6800003051758,3124889,18.2729434967041
"2005-10-28",36.5,36.75,35.9500007629395,36.5200004577637,3079382,18.1932353973389
"2005-10-31",36.5,36.9199981689453,36.0200004577637,36.2000007629395,4652648,18.0338172912598
"2005-11-01",36.25,36.3199996948242,35.8300018310547,36.2400016784668,2299196,18.0537490844727
"2005-11-02",36.0900001525879,36.5900001525879,35.8699989318848,36.3499984741211,2437431,18.1085453033447
"2005-11-03",35.7400016784668,37.1399993896484,35.310001373291,35.7000007629395,9008379,17.7847347259521
"2005-11-04",35.7200012207031,35.8600006103516,34.9700012207031,35.1599998474121,5457088,17.5157203674316
"2005-11-07",35.4900016784668,36.2400016784668,35.4000015258789,36.0900001525879,4037422,17.9790210723877
"2005-11-08",36.060001373291,36.8800010681152,36.060001373291,36.6800003051758,4816627,18.2729434967041
"2005-11-09",36.8499984741211,37.0200004577637,36.1599998474121,36.3499984741211,2289025,18.1085453033447
"2005-11-10",36.4000015258789,36.6800003051758,35.8600006103516,35.9599990844727,2705099,17.9142589569092
"2005-11-11",36.6399993896484,37,36.4500007629395,36.8499984741211,2105679,18.357629776001
"2005-11-14",37,37.2200012207031,36.7700004577637,36.9799995422363,2349588,18.4223861694336
"2005-11-15",36.8699989318848,37.2299995422363,36.8699989318848,37.0999984741211,1668255,18.4821739196777
"2005-11-16",37.0299987792969,37.3300018310547,36.9000015258789,37.0999984741211,2900600,18.4821739196777
"2005-11-17",37,37.5099983215332,36.9000015258789,37.310001373291,2793053,18.5867900848389
"2005-11-18",37.5999984741211,37.9900016784668,37.5999984741211,37.6500015258789,3562154,18.7561683654785
"2005-11-21",37.6500015258789,38.0699996948242,37.5999984741211,38.0400009155273,1617977,18.9504566192627
"2005-11-22",38,38.060001373291,37.3899993896484,37.4599990844727,2135425,18.6615161895752
"2005-11-23",37.5299987792969,37.6500015258789,37.1199989318848,37.310001373291,1742147,18.5867900848389
"2005-11-24",37.2799987792969,37.310001373291,36.8699989318848,37.2000007629395,1363136,18.5319900512695
"2005-11-25",37.2000007629395,37.4300003051758,37.1599998474121,37.2400016784668,1050885,18.5519180297852
"2005-11-28",37.25,37.6800003051758,37.2000007629395,37.2099990844727,1709504,18.5369701385498
"2005-11-29",37.0099983215332,37.3899993896484,37,37.2200012207031,1838824,18.5419540405273
"2005-11-30",37.1500015258789,37.5299987792969,37,37.3199996948242,1725843,18.5917682647705
"2005-12-01",37.3199996948242,37.5299987792969,37.0800018310547,37.4700012207031,2227990,18.6664981842041
"2005-12-02",37.4500007629395,37.939998626709,37.4500007629395,37.7900009155273,2159302,18.8259124755859
"2005-12-05",37.7900009155273,38.0499992370605,37.7000007629395,37.8199996948242,1769351,18.8408584594727
"2005-12-06",37.9199981689453,38.2200012207031,37.7400016784668,37.939998626709,1690219,18.900634765625
"2005-12-07",37.8699989318848,38.439998626709,37.3899993896484,37.4300003051758,2817999,18.6465721130371
"2005-12-08",37.2799987792969,37.4799995422363,37.0800018310547,37.4199981689453,2233198,18.6415882110596
"2005-12-09",37.3600006103516,37.7799987792969,37.3600006103516,37.6199989318848,1118705,18.7412223815918
"2005-12-12",37.7599983215332,37.8800010681152,37.3899993896484,37.6199989318848,1342588,18.7412223815918
"2005-12-13",37.5400009155273,37.9000015258789,37.439998626709,37.4599990844727,1669421,18.6615161895752
"2005-12-14",37.4500007629395,37.5,37.0499992370605,37.2799987792969,2356699,18.5718460083008
"2005-12-15",37.3499984741211,37.3899993896484,36.8499984741211,36.9000015258789,1968018,18.3825416564941
"2005-12-16",36.9799995422363,37.0499992370605,36.6199989318848,37,4149820,18.4323558807373
"2005-12-19",37.0099983215332,37.2900009155273,36.6599998474121,36.9199981689453,1843127,18.3924999237061
"2005-12-20",36.8899993896484,37.2900009155273,36.75,37.0200004577637,1597454,18.4423179626465
"2005-12-21",37.1199989318848,37.2000007629395,36.6500015258789,36.7599983215332,1949899,18.3127918243408
"2005-12-22",36.7599983215332,36.8800010681152,36.6100006103516,36.8600006103516,1661149,18.3626136779785
"2005-12-23",36.7299995422363,36.8800010681152,36.6300010681152,36.8800010681152,1291004,18.3725776672363
"2005-12-26",36.8800010681152,36.8800010681152,36.8800010681152,36.8800010681152,0,18.3725776672363
"2005-12-27",36.75,36.9900016784668,36.75,36.9000015258789,462207,18.3825416564941
"2005-12-28",36.9599990844727,37.2999992370605,36.810001373291,37.1199989318848,1407999,18.4921360015869
"2005-12-29",37.2999992370605,37.5400009155273,37.25,37.4099998474121,954425,18.6366081237793
"2005-12-30",37.3400001525879,37.4599990844727,36.7999992370605,37.0499992370605,928834,18.4572639465332
"2006-01-02",37.189998626709,37.5,37.1699981689453,37.4000015258789,849075,18.6316242218018
"2006-01-03",37.4099998474121,37.6699981689453,37.0699996948242,37.2099990844727,2063041,18.5369701385498
"2006-01-04",37.4199981689453,37.5400009155273,37.0499992370605,37.4500007629395,2003681,18.6565341949463
"2006-01-05",37.5,37.5900001525879,37.1800003051758,37.310001373291,1341857,18.5867900848389
"2006-01-06",37.2700004577637,37.7799987792969,37.2700004577637,37.7799987792969,2383140,18.820930480957
"2006-01-09",37.810001373291,37.939998626709,37.5900001525879,37.6800003051758,2287194,18.771110534668
"2006-01-10",37.5,37.7400016784668,37.4099998474121,37.560001373291,2079044,18.7113342285156
"2006-01-11",37.7400016784668,37.7400016784668,37.25,37.4000015258789,2621259,18.6316242218018
"2006-01-12",37.4799995422363,37.5999984741211,37.1199989318848,37.189998626709,3270695,18.5270080566406
"2006-01-13",37.2700004577637,37.3499984741211,36.8300018310547,37.1500015258789,2466417,18.5070858001709
"2006-01-16",36.8300018310547,37.0900001525879,36.7999992370605,37,1450837,18.4323558807373
"2006-01-17",36.8499984741211,36.9700012207031,36.4799995422363,36.5800018310547,2559236,18.223123550415
"2006-01-18",36.0999984741211,36.310001373291,36.0499992370605,36.1699981689453,2643747,18.0188751220703
"2006-01-19",36.2000007629395,36.3300018310547,36.060001373291,36.1100006103516,2161279,17.9889831542969
"2006-01-20",36.1500015258789,36.310001373291,35.8300018310547,35.8899993896484,4251799,17.8793830871582
"2006-01-23",35.5999984741211,35.9900016784668,35.5200004577637,35.8800010681152,2591870,17.8744029998779
"2006-01-24",35.8899993896484,36.0699996948242,35.8199996948242,35.9500007629395,2835512,17.9092750549316
"2006-01-25",36.189998626709,37.3499984741211,36.1500015258789,36.7900009155273,6389980,18.3277435302734
"2006-01-26",36.5,37.1500015258789,36.4000015258789,36.9199981689453,2889485,18.3924999237061
"2006-01-27",37.2200012207031,37.3199996948242,36.5900001525879,36.9199981689453,3600423,18.3924999237061
"2006-01-30",36.7000007629395,37.1699981689453,36.4799995422363,36.9799995422363,1799768,18.4223861694336
"2006-01-31",37.0099983215332,37.4500007629395,37,37.2299995422363,2729749,18.5469341278076
"2006-02-01",37.0499992370605,37.7799987792969,37,37.5,2991230,18.6814403533936
"2006-02-02",37.7000007629395,38.4099998474121,37.560001373291,37.9000015258789,3829339,18.8807106018066
"2006-02-03",38.2000007629395,38.439998626709,38,38.25,3804561,19.0550746917725
"2006-02-06",38.4000015258789,38.7999992370605,38.310001373291,38.6500015258789,2525201,19.2543392181396
"2006-02-07",38.7900009155273,39.0200004577637,38.560001373291,38.9700012207031,3465722,19.4137573242188
"2006-02-08",38.6500015258789,38.8199996948242,38.5,38.7400016784668,2120687,19.2991752624512
"2006-02-09",39,39.2200012207031,38.7900009155273,39.1500015258789,2411543,19.5034275054932
"2006-02-10",39,39.7700004577637,39,39.5900001525879,4048811,19.7226238250732
"2006-02-13",39.5999984741211,40.9099998474121,39.5200004577637,40.6300010681152,5568795,20.24072265625
"2006-02-14",40.5999984741211,40.6599998474121,39.3899993896484,40.0499992370605,4563922,19.9517803192139
"2006-02-15",39.9000015258789,39.9000015258789,39.3499984741211,39.5800018310547,2622237,19.7176399230957
"2006-02-16",39.8899993896484,39.9900016784668,39.25,39.5900001525879,2859188,19.7226238250732
"2006-02-17",39.689998626709,39.9799995422363,39.4599990844727,39.5999984741211,2023146,19.7276039123535
"2006-02-20",39.5200004577637,39.7799987792969,39.1100006103516,39.6300010681152,1732099,19.7425479888916
"2006-02-21",39.4099998474121,39.7099990844727,39.0999984741211,39.2799987792969,2587034,19.5681838989258
"2006-02-22",39.0499992370605,39.6699981689453,38.8499984741211,39.5999984741211,2666983,19.7276039123535
"2006-02-23",39.7999992370605,39.7999992370605,39.189998626709,39.5400009155273,2016644,19.6977157592773
"2006-02-24",39.5999984741211,39.9000015258789,39.3800010681152,39.7599983215332,1886159,19.8073101043701
"2006-02-27",39.9500007629395,40.0099983215332,39.75,40.0099983215332,1867016,19.9318542480469
"2006-02-28",40.189998626709,41.1199989318848,40.1100006103516,40.3400001525879,5489325,20.0962505340576
"2006-03-01",40.4500007629395,40.5699996948242,40.1599998474121,40.4900016784668,1914571,20.1709747314453
"2006-03-02",40.5,40.7999992370605,39.2999992370605,39.6399993896484,2557263,19.7475261688232
"2006-03-03",39.4700012207031,39.7900009155273,38.7900009155273,39.2799987792969,1735387,19.5681838989258
"2006-03-06",39.3800010681152,39.6300010681152,38.8699989318848,39.3699989318848,2342346,19.6130218505859
"2006-03-07",39.1100006103516,39.6199989318848,38.9700012207031,39.2400016784668,2312844,19.5482654571533
"2006-03-08",39.3499984741211,39.5099983215332,38.6199989318848,39.1599998474121,3514685,19.5084056854248
"2006-03-09",39.439998626709,40.5900001525879,38.9799995422363,40.3199996948242,5863978,20.0862865447998
"2006-03-10",40.1199989318848,40.7999992370605,39.9700012207031,40.560001373291,2857273,20.205846786499
"2006-03-13",40.5900001525879,40.75,40.3499984741211,40.7099990844727,1483498,20.280574798584
"2006-03-14",41.5099983215332,42.5699996948242,41.5099983215332,41.8699989318848,7432603,20.8584499359131
"2006-03-15",41.9199981689453,44.0699996948242,41.310001373291,42.7000007629395,10800476,21.271936416626
"2006-03-16",43.2999992370605,44.0299987792969,42.7200012207031,42.7200012207031,6719008,21.2818965911865
"2006-03-17",42.9700012207031,43.4799995422363,42.0400009155273,42.2999992370605,6168141,21.0726661682129
"2006-03-20",42.5999984741211,42.9500007629395,42.310001373291,42.7200012207031,2444572,21.2818965911865
"2006-03-21",42.7599983215332,43.0400009155273,42.310001373291,42.7299995422363,1932553,21.2868785858154
"2006-03-22",42.7299995422363,45.4099998474121,42.5200004577637,44.9700012207031,6216990,22.4027824401855
"2006-03-23",45.2799987792969,45.6399993896484,44.9700012207031,45.4500007629395,4075480,22.641902923584
"2006-03-24",45.439998626709,46.4700012207031,45.2999992370605,46.0099983215332,4241605,22.9208831787109
"2006-03-27",46.0499992370605,46.2000007629395,44.7200012207031,44.8499984741211,2647616,22.3430042266846
"2006-03-28",44.8699989318848,45.3300018310547,44.0400009155273,44.6100006103516,3213946,22.2234477996826
"2006-03-29",44.6500015258789,45.3300018310547,44.439998626709,44.8800010681152,1723541,22.3579521179199
"2006-03-30",45.3199996948242,45.7599983215332,45.0299987792969,45.5699996948242,2211326,22.7016906738281
"2006-03-31",45.5800018310547,45.6500015258789,44.9300003051758,45.4500007629395,1989032,22.641902923584
"2006-04-03",45.5200004577637,46.0900001525879,45.4000015258789,46.0800018310547,2005622,22.9557609558105
"2006-04-04",46.1699981689453,46.4700012207031,45.6599998474121,45.689998626709,1837827,22.7614650726318
"2006-04-05",45.9500007629395,46,45.1399993896484,45.7999992370605,2143887,22.8162631988525
"2006-04-06",45.7000007629395,45.7599983215332,44.7299995422363,45.2900009155273,2998438,22.5622005462646
"2006-04-07",45.060001373291,45.2200012207031,43.7900009155273,44.060001373291,3757721,21.9494438171387
"2006-04-10",44,44.939998626709,43.9500007629395,44.560001373291,2165765,22.1985359191895
"2006-04-11",44.2000007629395,45.2099990844727,44.0200004577637,44.6500015258789,3586185,22.2433738708496
"2006-04-12",44.6500015258789,44.8499984741211,44.1500015258789,44.4599990844727,2328095,22.1487159729004
"2006-04-13",44.5,44.6100006103516,44.0800018310547,44.4799995422363,1793720,22.1586818695068
"2006-04-18",44.4000015258789,44.8499984741211,43.8600006103516,44.2000007629395,1677918,22.019193649292
"2006-04-19",44.7999992370605,44.8800010681152,44.3499984741211,44.5499992370605,2218453,22.1935520172119
"2006-04-20",44.5499992370605,46.0099983215332,44.5499992370605,45.4000015258789,2264403,22.6169967651367
"2006-04-21",45.3800010681152,45.9300003051758,44.8499984741211,45.0099983215332,1896506,22.4227123260498
"2006-04-24",44.560001373291,44.8300018310547,44.2999992370605,44.5,1165563,22.1686458587646
"2006-04-25",44.7999992370605,44.9500007629395,44.0499992370605,44.2900009155273,1909116,22.0640277862549
"2006-04-26",44.5699996948242,45.1199989318848,44.310001373291,44.9000015258789,1557825,22.3679122924805
"2006-04-27",45.1399993896484,45.2599983215332,43.7999992370605,44.1800003051758,2037367,22.0092315673828
"2006-04-28",43.8699989318848,44.1399993896484,43.0699996948242,43.1100006103516,2404906,21.4761848449707
"2006-05-02",43.1100006103516,43.689998626709,42.6500015258789,43.4099998474121,2418235,21.6256351470947
"2006-05-03",44,44.1800003051758,42.0200004577637,42.2599983215332,3735336,21.052734375
"2006-05-04",42.2599983215332,42.9599990844727,42.2599983215332,42.6399993896484,2385490,21.2420406341553
"2006-05-05",42.5,43.1800003051758,42.4199981689453,42.810001373291,1596381,21.3267364501953
"2006-05-08",43.0099983215332,43.1599998474121,42.3800010681152,42.4000015258789,3145224,21.1224880218506
"2006-05-09",42.5,43.4000015258789,42.4199981689453,43.0800018310547,2117956,21.4612426757812
"2006-05-10",43,43.8499984741211,42.9000015258789,43.3600006103516,2474585,21.6007270812988
"2006-05-11",43.5,43.7900009155273,42.4500007629395,42.6800003051758,2124373,21.2619743347168
"2006-05-12",42.4799995422363,42.4900016784668,40.7900009155273,41.0699996948242,5941241,20.4599132537842
"2006-05-15",40.9000015258789,41.0400009155273,39.7000007629395,40.8499984741211,4769677,20.3503150939941
"2006-05-16",40.6500015258789,41.5,40.5,40.9900016784668,2326941,20.4200611114502
"2006-05-17",40.75,40.75,38.7000007629395,39,3950565,19.7368621826172
"2006-05-18",39.5699996948242,40.3499984741211,38.7599983215332,39.8600006103516,3908152,20.1720848083496
"2006-05-19",39.9900016784668,40.2400016784668,39.6699981689453,39.9300003051758,2464546,20.2075138092041
"2006-05-22",39.7900009155273,39.7900009155273,38.5,39.1699981689453,3014045,19.8228931427002
"2006-05-23",39.1800003051758,39.9900016784668,38.9700012207031,39.6300010681152,3678256,20.0556888580322
"2006-05-24",39.2999992370605,39.5400009155273,38.5,39.060001373291,3174058,19.7672271728516
"2006-05-25",39.3300018310547,39.75,39.1500015258789,39.6399993896484,2427149,20.0607452392578
"2006-05-26",40.5,41.7099990844727,40.1599998474121,41.3600006103516,4148893,20.9311981201172
"2006-05-29",41.0699996948242,41.3199996948242,40.8199996948242,40.9799995422363,782540,20.7388877868652
"2006-05-30",40.7299995422363,40.9000015258789,39.7099990844727,40.0299987792969,2552064,20.258113861084
"2006-05-31",39.8800010681152,40.3800010681152,39.5400009155273,40.1399993896484,2381873,20.3137874603271
"2006-06-01",39.9700012207031,40.2700004577637,39.3499984741211,39.7099990844727,2289947,20.0961742401123
"2006-06-02",40.0499992370605,40.2799987792969,39.3199996948242,39.4500007629395,2439828,19.9645938873291
"2006-06-05",39.5400009155273,39.5499992370605,38.6800003051758,39.060001373291,1598502,19.7672271728516
"2006-06-06",38.5499992370605,38.6399993896484,37.6800003051758,37.8800010681152,3510836,19.1700611114502
"2006-06-07",38,38.1599998474121,37.3199996948242,37.75,2441430,19.1042709350586
"2006-06-08",37.2099990844727,38.2700004577637,37.2099990844727,37.5,4194194,18.9777507781982
"2006-06-09",38.2700004577637,38.560001373291,38,38.3400001525879,2614835,19.4028568267822
"2006-06-12",38.2000007629395,38.7200012207031,37.9000015258789,38.0400009155273,2138162,19.2510299682617
"2006-06-13",37.5800018310547,37.6699981689453,36.439998626709,36.9599990844727,4118449,18.7044734954834
"2006-06-14",37.0099983215332,37.3400001525879,36.310001373291,36.560001373291,2955083,18.5020408630371
"2006-06-15",36.560001373291,36.560001373291,36.560001373291,36.560001373291,0,18.5020408630371
"2006-06-16",36.560001373291,36.560001373291,36.560001373291,36.560001373291,0,18.5020408630371
"2006-06-19",38.2200012207031,38.5200004577637,37.8400001525879,38.2400016784668,2070239,19.3522453308105
"2006-06-20",37.8499984741211,38.560001373291,37.7599983215332,38.4799995422363,2877057,19.4737014770508
"2006-06-21",38.4000015258789,38.5400009155273,37.5400009155273,38.1300010681152,2770896,19.2965793609619
"2006-06-22",38.4500007629395,38.6300010681152,38.0099983215332,38.1699981689453,1643014,19.316822052002
"2006-06-23",38.2000007629395,38.3400001525879,37.8600006103516,38.1300010681152,1415919,19.2965793609619
"2006-06-26",38.2200012207031,38.3199996948242,37.6599998474121,37.9300003051758,1173974,19.1953639984131
"2006-06-27",38.1500015258789,38.1500015258789,37.439998626709,37.4900016784668,1614484,18.972692489624
"2006-06-28",37.2999992370605,37.8300018310547,37.1699981689453,37.5999984741211,1967648,19.0283603668213
"2006-06-29",38,38.5999984741211,37.6800003051758,38.439998626709,2399110,19.4534606933594
"2006-06-30",38.8899993896484,39.1800003051758,38.4599990844727,39.060001373291,1873843,19.7672271728516
"2006-07-03",39,39.3699989318848,38.560001373291,38.9599990844727,1363176,19.7166194915771
"2006-07-04",39.2799987792969,39.3499984741211,38.5900001525879,39.1399993896484,1313565,19.8077144622803
"2006-07-05",38.8699989318848,39.0800018310547,38.2200012207031,38.5,2181017,19.4838275909424
"2006-07-06",38.75,39.5999984741211,38.5900001525879,39.1199989318848,2910690,19.7975883483887
"2006-07-07",39.1199989318848,39.3300018310547,38.6199989318848,38.7700004577637,2700131,19.6204681396484
"2006-07-10",38.6599998474121,39.189998626709,38.2599983215332,39.0200004577637,1434691,19.7469844818115
"2006-07-11",39.0499992370605,39.1399993896484,38.5200004577637,38.5900001525879,2424778,19.5293750762939
"2006-07-12",38.9000015258789,39.4099998474121,38.7900009155273,39.0900001525879,1929981,19.7824058532715
"2006-07-13",38.6699981689453,39.2999992370605,38.560001373291,38.9000015258789,3533835,19.6862525939941
"2006-07-14",38.4000015258789,38.7900009155273,38.189998626709,38.25,1623987,19.3573055267334
"2006-07-17",38.3499984741211,38.5400009155273,37.7099990844727,38.0499992370605,2174159,19.2560939788818
"2006-07-18",37.7099990844727,37.939998626709,37.560001373291,37.7000007629395,1927786,19.0789680480957
"2006-07-19",37.7599983215332,38.5,37.5299987792969,38.4099998474121,2416532,19.4382743835449
"2006-07-20",38.5999984741211,38.5999984741211,38.0099983215332,38.4700012207031,1817575,19.4686412811279
"2006-07-21",38.2700004577637,38.5999984741211,37.3800010681152,37.6800003051758,2451909,19.0688457489014
"2006-07-24",38.1300010681152,38.7000007629395,37.8600006103516,38.560001373291,2003485,19.5141887664795
"2006-07-25",38.7000007629395,39.2400016784668,38.5900001525879,38.8699989318848,2414778,19.6710720062256
"2006-07-26",38.8300018310547,38.9700012207031,38.3300018310547,38.6800003051758,1896190,19.5749225616455
"2006-07-27",39.0699996948242,40.2700004577637,38.8300018310547,39.7999992370605,3647358,20.1417236328125
"2006-07-28",39.439998626709,40.3600006103516,39.4199981689453,40.2900009155273,2150382,20.3896980285645
"2006-07-31",40.3400001525879,40.560001373291,39.9000015258789,40.4099998474121,2230309,20.4504261016846
"2006-08-01",40.4500007629395,40.8300018310547,39.5099983215332,39.7700004577637,2491695,20.1265392303467
"2006-08-02",40.7000007629395,41.2900009155273,39.6599998474121,39.9199981689453,7333210,20.202449798584
"2006-08-03",39.4000015258789,39.75,38.9000015258789,39.439998626709,4450964,19.9595317840576
"2006-08-04",39.810001373291,39.8300018310547,39.189998626709,39.5,2412790,19.9898948669434
"2006-08-07",39.0499992370605,39.1500015258789,38.5,38.7200012207031,2741305,19.5951614379883
"2006-08-08",39,39.189998626709,38.6599998474121,38.75,1877144,19.6103439331055
"2006-08-09",38.7999992370605,39.3899993896484,38.3800010681152,39.2599983215332,2410619,19.8684425354004
"2006-08-10",38.7999992370605,39.0800018310547,38.3800010681152,38.9099998474121,1974994,19.6913146972656
"2006-08-11",38.8400001525879,39.5499992370605,38.7900009155273,38.9900016784668,1978459,19.7318019866943
"2006-08-14",39.3699989318848,39.4799995422363,38.9300003051758,39.1500015258789,1443155,19.8127708435059
"2006-08-15",38.9099998474121,39.2999992370605,38.7799987792969,39.1500015258789,1674599,19.8127708435059
"2006-08-16",39.1199989318848,40,39.0200004577637,39.5900001525879,2758878,20.0354480743408
"2006-08-17",39.810001373291,40.2200012207031,39.4700012207031,39.9700012207031,2018799,20.2277526855469
"2006-08-18",39.8699989318848,40.4199981689453,39.8699989318848,40.1500015258789,2049619,20.31884765625
"2006-08-21",40.1699981689453,40.1699981689453,39.5299987792969,39.7900009155273,1433615,20.1366653442383
"2006-08-22",40.060001373291,40.3199996948242,39.560001373291,40.2299995422363,1844060,20.3593330383301
"2006-08-23",40.3199996948242,40.4900016784668,40,40.1599998474121,1962543,20.3239078521729
"2006-08-24",40.189998626709,40.6599998474121,39.7299995422363,40.4500007629395,2011086,20.470666885376
"2006-08-25",40.5499992370605,40.6699981689453,40.2000007629395,40.4099998474121,1899565,20.4504261016846
"2006-08-28",40.3300018310547,40.4300003051758,39.8400001525879,40.3300018310547,1147807,20.4099407196045
"2006-08-29",40.4599990844727,40.5,40.0800018310547,40.3899993896484,1266229,20.4403038024902
"2006-08-30",40.4199981689453,40.5900001525879,40.1399993896484,40.4500007629395,1492276,20.470666885376
"2006-08-31",40.4799995422363,40.5900001525879,39.9700012207031,40.439998626709,1339371,20.4656066894531
"2006-09-01",40.5400009155273,40.9000015258789,40.3300018310547,40.4799995422363,1648779,20.4858512878418
"2006-09-04",40.4500007629395,41.1399993896484,40.3199996948242,40.5,1842504,20.4959735870361
"2006-09-05",40.439998626709,40.5999984741211,40.0099983215332,40.4199981689453,1287192,20.4554862976074
"2006-09-06",40.4000015258789,40.4000015258789,39.5800018310547,39.6199989318848,2251105,20.0506286621094
"2006-09-07",39.4599990844727,39.4599990844727,38.8300018310547,38.9700012207031,2872169,19.7216835021973
"2006-09-08",38.9700012207031,39.1699981689453,38.7900009155273,39.0200004577637,1414158,19.7469844818115
"2006-09-11",38.9799995422363,38.9799995422363,38.560001373291,38.9300003051758,1718971,19.7014389038086
"2006-09-12",38.9799995422363,39.7799987792969,38.6599998474121,39.6100006103516,2343989,20.0455665588379
"2006-09-13",39.9500007629395,40.4099998474121,39.6300010681152,40.2000007629395,2724004,20.3441524505615
"2006-09-14",40.2999992370605,40.4700012207031,40.1300010681152,40.4500007629395,2327563,20.470666885376
"2006-09-15",40.3300018310547,40.4799995422363,39.25,39.9099998474121,7340685,20.1973857879639
"2006-09-18",40,40,39.4900016784668,39.810001373291,1704875,20.1467876434326
"2006-09-19",39.7900009155273,39.9799995422363,39.5,39.7700004577637,1658345,20.1265392303467
"2006-09-20",39.7200012207031,40.5900001525879,39.6500015258789,40.5,2467188,20.4959735870361
"2006-09-21",40.4599990844727,41.3300018310547,40.4500007629395,41.2299995422363,3032223,20.8654041290283
"2006-09-22",40.7299995422363,41.0299987792969,40.2099990844727,40.4700012207031,2201564,20.4807910919189
"2006-09-25",40.8400001525879,41.0299987792969,40.6800003051758,40.8600006103516,2025374,20.6781578063965
"2006-09-26",41.0999984741211,41.5900001525879,40.8499984741211,41.3899993896484,2341405,20.9463768005371
"2006-09-27",41.75,41.8800010681152,41.3499984741211,41.7400016784668,2002714,21.1235065460205
"2006-09-28",41.5299987792969,41.8800010681152,41.5,41.7400016784668,1729245,21.1235065460205
"2006-09-29",41.7599983215332,42.5,41.7599983215332,42.2400016784668,3416933,21.3765411376953
"2006-10-02",42.1199989318848,42.4300003051758,41.4700012207031,41.5699996948242,2408181,21.0374736785889
"2006-10-03",41.4700012207031,41.8800010681152,41.3600006103516,41.8699989318848,1987898,21.1892910003662
"2006-10-04",41.9000015258789,42.0499992370605,41.4000015258789,42,2350404,21.2550811767578
"2006-10-05",42.5,42.5,42.0400009155273,42.1599998474121,2366248,21.3360538482666
"2006-10-06",42.1599998474121,42.4700012207031,42.0299987792969,42.4000015258789,1921777,21.4575138092041
"2006-10-09",42.1300010681152,42.1300010681152,41.7299995422363,41.9700012207031,1963353,21.239896774292
"2006-10-10",41.9099998474121,42.3499984741211,41.5,42.2900009155273,2812985,21.4018440246582
"2006-10-11",42.0499992370605,42.3800010681152,41.9099998474121,42.0200004577637,1713965,21.2652053833008
"2006-10-12",42.4799995422363,42.4799995422363,42,42.0999984741211,2044518,21.3056888580322
"2006-10-13",42.1100006103516,43.3800010681152,42.0299987792969,43.1300010681152,3795713,21.8269443511963
"2006-10-16",43.1500015258789,44.0400009155273,43.1500015258789,43.8899993896484,3715059,22.2115592956543
"2006-10-17",43.6199989318848,44.0099983215332,43.2700004577637,43.2799987792969,3443654,21.9028568267822
"2006-10-18",43.4199981689453,44.2099990844727,43.4199981689453,44.0099983215332,2498422,22.2722873687744
"2006-10-19",44.0999984741211,45.3899993896484,44.0299987792969,45,4826074,22.7733001708984
"2006-10-20",45,45.8899993896484,44.810001373291,44.810001373291,6368975,22.6771488189697
"2006-10-23",44.939998626709,45.0999984741211,44.1399993896484,44.5800018310547,3335581,22.5607509613037
"2006-10-24",44.5499992370605,44.7299995422363,44.2000007629395,44.6100006103516,2511298,22.5759315490723
"2006-10-25",44.6500015258789,45.5499992370605,44.4099998474121,45.2599983215332,2852504,22.904878616333
"2006-10-26",45.3499984741211,45.8899993896484,45.0800018310547,45.0999984741211,2893390,22.8239097595215
"2006-10-27",45.3800010681152,45.3800010681152,44.5999984741211,45.2000007629395,2538802,22.8745231628418
"2006-10-30",44.5,44.8199996948242,44.0999984741211,44.6399993896484,3020747,22.5911178588867
"2006-10-31",44.2999992370605,45.2900009155273,44.2999992370605,45,2232366,22.7733001708984
"2006-11-01",45.2099990844727,45.439998626709,44.8300018310547,45.2000007629395,2156595,22.8745231628418
"2006-11-02",44.4199981689453,45.6500015258789,44.25,44.5499992370605,5492866,22.5455722808838
"2006-11-03",44.6300010681152,44.9799995422363,44.2799987792969,44.310001373291,2468710,22.4241104125977
"2006-11-06",44.3899993896484,44.8699989318848,44.310001373291,44.6500015258789,2327038,22.5961780548096
"2006-11-07",44.5400009155273,44.7999992370605,44.2900009155273,44.5800018310547,2659417,22.5607509613037
"2006-11-08",44.3899993896484,44.4599990844727,43.5800018310547,43.5800018310547,3410446,22.0546798706055
"2006-11-09",43.8499984741211,44.0099983215332,43.5,43.8800010681152,2123549,22.2064971923828
"2006-11-10",43.9099998474121,44.2400016784668,43.5,43.8499984741211,2853285,22.1913166046143
"2006-11-13",43.6599998474121,44.4500007629395,43.5,44.2000007629395,2424115,22.368444442749
"2006-11-14",44.1399993896484,44.4599990844727,44,44.0499992370605,2221799,22.2925281524658
"2006-11-15",44.4099998474121,44.9799995422363,44.1800003051758,44.9300003051758,2309235,22.7378787994385
"2006-11-16",45.1199989318848,46.0800018310547,44.5099983215332,45.1500015258789,3172828,22.849214553833
"2006-11-17",45,45.2000007629395,44.2900009155273,44.3800010681152,2329419,22.4595375061035
"2006-11-20",44.2999992370605,44.689998626709,43.9700012207031,44.5499992370605,1328419,22.5455722808838
"2006-11-21",44.5499992370605,44.5499992370605,44.0999984741211,44.1500015258789,1914668,22.3431396484375
"2006-11-22",44.4500007629395,44.4900016784668,43.8699989318848,44.0400009155273,2153695,22.2874717712402
"2006-11-23",44.0800018310547,44.3499984741211,43.8199996948242,43.9900016784668,1232578,22.2621650695801
"2006-11-24",43.9900016784668,44.060001373291,42.2400016784668,42.810001373291,5357703,21.6650047302246
"2006-11-27",42.6699981689453,42.6800003051758,41.5699996948242,41.8600006103516,4103129,21.1842346191406
"2006-11-28",41.8499984741211,41.9500007629395,41.2400016784668,41.7200012207031,4205387,21.1133861541748
"2006-11-29",42.0099983215332,42.4000015258789,41.8400001525879,42.1199989318848,3246871,21.3158111572266
"2006-11-30",42.4000015258789,42.4000015258789,41.4500007629395,41.6599998474121,2855510,21.0830192565918
"2006-12-01",41.8499984741211,42.0900001525879,40.810001373291,41.2000007629395,4577139,20.8502235412598
"2006-12-04",41.0999984741211,41.4000015258789,40.9300003051758,41.2000007629395,2536368,20.8502235412598
"2006-12-05",41.3499984741211,42.1500015258789,41.1300010681152,42.0200004577637,4102955,21.2652053833008
"2006-12-06",41.8899993896484,42.4099998474121,41.560001373291,41.7999992370605,2634212,21.1538677215576
"2006-12-07",41.5999984741211,42.0900001525879,41.3400001525879,42.0200004577637,2896181,21.2652053833008
"2006-12-08",41.9500007629395,42.4000015258789,41.4099998474121,41.7799987792969,2995942,21.1437473297119
"2006-12-11",42.1599998474121,42.7700004577637,41.9500007629395,42.5400009155273,2427169,21.5283660888672
"2006-12-12",42.5,42.7999992370605,42.4000015258789,42.5200004577637,2044550,21.5182399749756
"2006-12-13",42.6599998474121,43.060001373291,42.3600006103516,42.9500007629395,2647211,21.7358512878418
"2006-12-14",43.2000007629395,43.439998626709,42.9099998474121,43.4000015258789,2117302,21.963586807251
"2006-12-15",43.5999984741211,43.5999984741211,43.1399993896484,43.2200012207031,5302066,21.8724956512451
"2006-12-18",43.2200012207031,43.6399993896484,43.0999984741211,43.2599983215332,1361930,21.892728805542
"2006-12-19",43.0999984741211,43.3499984741211,42.7599983215332,43.0900001525879,2026821,21.8067016601562
"2006-12-20",43.439998626709,43.7599983215332,43.3800010681152,43.6599998474121,1559534,22.0951633453369
"2006-12-21",43.7799987792969,43.8199996948242,43.0499992370605,43.1800003051758,1546797,21.8522529602051
"2006-12-22",42.7999992370605,43.2200012207031,42.4799995422363,42.5800018310547,1271721,21.5486030578613
"2006-12-27",42.8499984741211,43.7900009155273,42.75,43.4900016784668,1160693,22.0091361999512
"2006-12-28",43.5099983215332,43.8400001525879,43.5,43.7000007629395,1107379,22.115406036377
"2006-12-29",43.7000007629395,43.8499984741211,43.5099983215332,43.5099983215332,579966,22.019250869751
"2007-01-02",43.5200004577637,44.1699981689453,43.5200004577637,43.7999992370605,1614311,22.1660118103027
"2007-01-03",43.9000015258789,44.2000007629395,43.7200012207031,44.0499992370605,2299500,22.2925281524658
"2007-01-04",43.7900009155273,43.7999992370605,43.1699981689453,43.6399993896484,3072768,22.0850391387939
"2007-01-05",43.560001373291,44.0499992370605,43.3400001525879,43.5900001525879,2177899,22.0597400665283
"2007-01-08",43.7000007629395,43.939998626709,42.939998626709,43.0499992370605,2266000,21.7864551544189
"2007-01-09",43.1800003051758,43.4500007629395,42.8800010681152,43,2624823,21.7611598968506
"2007-01-10",42.8800010681152,43.0999984741211,42.4099998474121,42.9500007629395,2445216,21.7358512878418
"2007-01-11",43.060001373291,43.7099990844727,42.7099990844727,43.5,2824712,22.0141925811768
"2007-01-12",43.3499984741211,43.7000007629395,43.2999992370605,43.7000007629395,2143714,22.115406036377
"2007-01-15",43.7999992370605,44.2999992370605,43.6300010681152,44.0499992370605,2292742,22.2925281524658
"2007-01-16",44.1500015258789,44.2000007629395,43.75,43.8499984741211,1924085,22.1913166046143
"2007-01-17",44.0699996948242,44.6500015258789,43.9500007629395,44.5299987792969,3691125,22.5354461669922
"2007-01-18",44.8199996948242,45.7799987792969,44.6800003051758,45.3899993896484,5214031,22.9706745147705
"2007-01-19",45.2999992370605,45.7799987792969,45.1300010681152,45.4000015258789,4907854,22.9757347106934
"2007-01-22",45.439998626709,45.7900009155273,45.25,45.3199996948242,2316412,22.935245513916
"2007-01-23",45.3400001525879,45.4900016784668,44.7999992370605,45.4500007629395,2118156,23.001033782959
"2007-01-24",45.9000015258789,46.689998626709,45.6699981689453,46.6500015258789,5203506,23.6083240509033
"2007-01-25",46.7999992370605,46.8499984741211,45.5400009155273,45.9900016784668,4361272,23.2743129730225
"2007-01-26",46.0099983215332,46.6800003051758,45.7099990844727,46.5499992370605,3617162,23.5577163696289
"2007-01-29",46.75,47.5499992370605,47.5200004577637,47.5200004577637,3884243,24.0486106872559
"2007-01-30",47.3600006103516,47.7099990844727,46.9300003051758,47.0800018310547,2953826,23.8259353637695
"2007-01-31",46.7599983215332,46.9799995422363,46.439998626709,46.7999992370605,3031047,23.6842308044434
"2007-02-01",47.0999984741211,47.4199981689453,47,47.1800003051758,2685108,23.8765449523926
"2007-02-02",47.0499992370605,47.439998626709,46.75,47.2400016784668,2306101,23.906909942627
"2007-02-05",47.060001373291,47.3899993896484,46.8199996948242,46.939998626709,1743892,23.7550849914551
"2007-02-06",46.75,47.4799995422363,46.4599990844727,46.5499992370605,2931357,23.5577163696289
"2007-02-07",45.9000015258789,46,45.4300003051758,45.4300003051758,8096982,22.9909133911133
"2007-02-08",45.5699996948242,45.7000007629395,44.5499992370605,44.6399993896484,6157959,22.5911178588867
"2007-02-09",44.5999984741211,45.7400016784668,44.5999984741211,45.5699996948242,4336190,23.0617637634277
"2007-02-12",45.4700012207031,45.4700012207031,44.810001373291,44.9000015258789,2837634,22.7226943969727
"2007-02-13",44.75,45.7999992370605,44.75,45.7400016784668,3469825,23.1477966308594
"2007-02-14",45.7400016784668,46.3899993896484,45.4199981689453,46.1500015258789,4129619,23.3552856445312
"2007-02-15",46.1199989318848,46.3499984741211,45.810001373291,45.9599990844727,2895588,23.2591323852539
"2007-02-16",45.8300018310547,46.2000007629395,45.7999992370605,46.0499992370605,2349729,23.3046817779541
"2007-02-19",46.25,46.7799987792969,46.1100006103516,46.3800010681152,3104009,23.4716815948486
"2007-02-20",45.75,45.939998626709,45.310001373291,45.5,4942533,23.0263404846191
"2007-02-21",45.7400016784668,45.7400016784668,44.8400001525879,45.2000007629395,3549927,22.8745231628418
"2007-02-22",45.3800010681152,45.7400016784668,44.6500015258789,44.7599983215332,2538372,22.6518440246582
"2007-02-23",44.8699989318848,44.939998626709,44.1800003051758,44.810001373291,3276100,22.6771488189697
"2007-02-26",44.7900009155273,45.25,44.7200012207031,45.0400009155273,2550037,22.7935485839844
"2007-02-27",44.8400001525879,44.9199981689453,43.4099998474121,43.689998626709,5719090,22.1103458404541
"2007-02-28",43.4000015258789,44.4599990844727,43.0400009155273,43.9099998474121,5279995,22.2216815948486
"2007-03-01",43.75,44.3800010681152,42.5400009155273,43.0099983215332,4580366,21.7662143707275
"2007-03-02",43.5999984741211,43.6399993896484,42.3600006103516,42.8499984741211,3416709,21.6852416992188
"2007-03-05",42.2000007629395,42.4000015258789,41.3199996948242,41.7400016784668,6887211,21.1235065460205
"2007-03-06",42.0499992370605,42.2900009155273,41.6300010681152,42.0900001525879,3791812,21.300630569458
"2007-03-07",42.25,42.6800003051758,41.8699989318848,42.5,3821990,21.5081176757812
"2007-03-08",42.8300018310547,43.689998626709,42.3699989318848,42.439998626709,6973785,21.4777545928955
"2007-03-09",42.4799995422363,42.4799995422363,41.7999992370605,42.25,3989918,21.3816032409668
"2007-03-12",42.4000015258789,42.9599990844727,42.2200012207031,42.4000015258789,3458882,21.4575138092041
"2007-03-13",42.3899993896484,42.5099983215332,41.7999992370605,41.7999992370605,3815253,21.1538677215576
"2007-03-14",41.25,41.3899993896484,40.4000015258789,40.5200004577637,7056342,20.5060939788818
"2007-03-15",41.2000007629395,41.3499984741211,40.8600006103516,41.2000007629395,4736638,20.8502235412598
"2007-03-16",40.9500007629395,41.5400009155273,40.8199996948242,40.9500007629395,6717132,20.723705291748
"2007-03-19",41.25,41.5499992370605,40.8899993896484,41.0400009155273,3063999,20.7692489624023
"2007-03-20",41,41.2999992370605,40.8199996948242,41.2599983215332,4296443,20.8805885314941
"2007-03-21",41.2999992370605,42.9799995422363,41.2099990844727,42.9000015258789,6940144,21.7105484008789
"2007-03-22",43.5999984741211,43.6800003051758,43.1599998474121,43.4199981689453,4860074,21.9737071990967
"2007-03-23",43.7900009155273,44.1699981689453,43.4000015258789,43.8699989318848,5245039,22.2014389038086
"2007-03-26",44.2000007629395,44.4199981689453,43.5499992370605,43.7799987792969,3562277,22.155891418457
"2007-03-27",43.7400016784668,44.1300010681152,43.5200004577637,43.5499992370605,2696126,22.0394973754883
"2007-03-28",43.2099990844727,43.6300010681152,42.6800003051758,42.9099998474121,2774771,21.7156085968018
"2007-03-29",43.4500007629395,43.939998626709,43.1399993896484,43.6800003051758,2969739,22.1052837371826
"2007-03-30",44,44.2999992370605,43.8199996948242,44.1699981689453,3778137,22.3532600402832
"2007-04-02",44.25,44.4000015258789,43.939998626709,44.0999984741211,2864187,22.317834854126
"2007-04-03",44.060001373291,44.4799995422363,43.9900016784668,44.310001373291,3765392,22.4241104125977
"2007-04-04",44.5499992370605,45.4000015258789,44.5400009155273,45.4000015258789,4331356,22.9757347106934
"2007-04-05",45.6599998474121,45.6599998474121,44.8199996948242,44.9000015258789,2295258,22.7226943969727
"2007-04-10",44.9099998474121,45.189998626709,44.6199989318848,45.0499992370605,2145893,22.7986068725586
"2007-04-11",45.1100006103516,45.2000007629395,44.5299987792969,44.7599983215332,2694490,22.6518440246582
"2007-04-12",44.7599983215332,45.0699996948242,44.2400016784668,44.7000007629395,3615095,22.6214809417725
"2007-04-13",44.7999992370605,45,44.4500007629395,44.939998626709,2924366,22.7429389953613
"2007-04-16",44.9000015258789,44.9700012207031,43.8699989318848,44.4599990844727,5062191,22.5000228881836
"2007-04-17",44.4199981689453,44.4199981689453,43.689998626709,43.8199996948242,3834271,22.1761341094971
"2007-04-18",43.8499984741211,43.9000015258789,42.9300003051758,43.3899993896484,4222907,21.9585285186768
"2007-04-19",42.8499984741211,43.4000015258789,42.5999984741211,43.4000015258789,3490775,21.963586807251
"2007-04-20",43.5999984741211,43.8899993896484,43.3699989318848,43.5900001525879,3587876,22.0597400665283
"2007-04-23",44.2400016784668,44.9799995422363,44.2400016784668,44.75,4562895,22.6467838287354
"2007-04-24",44.6800003051758,45.2599983215332,44.5299987792969,44.7000007629395,4449978,22.6214809417725
"2007-04-25",45.060001373291,45.3499984741211,44.6300010681152,45.1500015258789,3327115,22.849214553833
"2007-04-26",45.5,46.0800018310547,45.310001373291,46,4917130,23.2793750762939
"2007-04-27",45.7700004577637,45.9300003051758,45.2400016784668,45.4199981689453,2874470,22.9858512878418
"2007-04-30",45.2799987792969,45.689998626709,45.1300010681152,45.3199996948242,2214165,22.935245513916
"2007-05-02",45.7599983215332,46.3699989318848,45.5099983215332,45.9500007629395,3210609,23.2540721893311
"2007-05-03",46.0900001525879,46.75,44.5200004577637,46.4300003051758,8251524,23.4969844818115
"2007-05-04",47.5200004577637,48.2799987792969,47.1399993896484,48.0699996948242,8696415,24.3269462585449
"2007-05-07",48.2400016784668,48.3800010681152,47.4900016784668,47.7999992370605,2871398,24.1903076171875
"2007-05-08",47.5800018310547,47.7000007629395,46.810001373291,47.2700004577637,2816220,23.9220905303955
"2007-05-09",47.6300010681152,47.810001373291,46.9799995422363,47.439998626709,2898233,24.0081195831299
"2007-05-10",48.5,49.2000007629395,48.2000007629395,48.939998626709,7284572,24.7672309875488
"2007-05-11",48.5,50.5800018310547,48.2700004577637,50.4099998474121,6347083,25.5111598968506
"2007-05-14",50.7000007629395,51.4900016784668,49.6500015258789,49.8600006103516,7731567,25.2328205108643
"2007-05-15",49.7000007629395,50.7700004577637,49.2999992370605,50.6199989318848,5083102,25.6174392700195
"2007-05-16",49.9000015258789,50.5400009155273,49.3499984741211,49.689998626709,4835930,25.4994049072266
"2007-05-17",49.560001373291,49.9099998474121,49.0200004577637,49.0499992370605,2341272,25.1709747314453
"2007-05-18",49,49.7400016784668,48.810001373291,49.5299987792969,3783261,25.4172992706299
"2007-05-21",49.5299987792969,49.75,49.0299987792969,49.310001373291,3364707,25.3043994903564
"2007-05-22",49.2000007629395,49.75,49.0299987792969,49.3899993896484,2709386,25.3454494476318
"2007-05-23",49.189998626709,50.2000007629395,49.1599998474121,50,3019747,25.6584815979004
"2007-05-24",49.6599998474121,50.1300010681152,49.1199989318848,49.25,3077734,25.2736129760742
"2007-05-25",49.1500015258789,49.8699989318848,48.8600006103516,49.75,3541807,25.5301990509033
"2007-05-29",49.9000015258789,51.0999984741211,49.75,50.5999984741211,3923097,25.9663887023926
"2007-05-30",50.0299987792969,50.2200012207031,49.3600006103516,49.8800010681152,3070112,25.5969047546387
"2007-05-31",50.0499992370605,50.2999992370605,49.6100006103516,49.7700004577637,4053316,25.5404586791992
"2007-06-01",49.7700004577637,50.9900016784668,49.6100006103516,50.7299995422363,4089577,26.0331058502197
"2007-06-04",50.7000007629395,50.9000015258789,49.810001373291,49.8600006103516,3170851,25.5866470336914
"2007-06-05",50.1500015258789,50.1599998474121,49.0800018310547,49.2000007629395,3216433,25.2479553222656
"2007-06-06",49,49.0499992370605,47.5999984741211,47.5999984741211,4499765,24.4268817901611
"2007-06-07",47.7000007629395,48.1300010681152,46.7799987792969,47.0999984741211,3852708,24.1702938079834
"2007-06-08",46.7000007629395,47.3800010681152,46.3600006103516,46.810001373291,4133610,24.0214805603027
"2007-06-11",47.0299987792969,47.5400009155273,47,47.2999992370605,2915703,24.2729301452637
"2007-06-12",47.0499992370605,47.5299987792969,46.689998626709,47.2200012207031,2523896,24.2318744659424
"2007-06-13",46.8400001525879,47.5800018310547,46.560001373291,47.3699989318848,3113242,24.3088474273682
"2007-06-14",47.8499984741211,49.0999984741211,47.5,49.0499992370605,4481865,25.1709747314453
"2007-06-15",49.25,49.9000015258789,49.0999984741211,49.6599998474121,10856911,25.4840068817139
"2007-06-18",49.6800003051758,50.2000007629395,49.3600006103516,49.5499992370605,2112674,25.4275588989258
"2007-06-19",49,49.8499984741211,49,49.1599998474121,2389875,25.2274303436279
"2007-06-20",49.1500015258789,49.7599983215332,48.7700004577637,49.3800010681152,2433498,25.3403186798096
"2007-06-21",49.0499992370605,49.2900009155273,47.939998626709,48.3300018310547,2677768,24.8014965057373
"2007-06-22",48.2999992370605,48.4900016784668,47.8499984741211,48,2399643,24.6321506500244
"2007-06-25",47.7999992370605,48.0299987792969,47.2700004577637,47.9700012207031,2171166,24.6167545318604
"2007-06-26",47.560001373291,48.1599998474121,47.2099990844727,48,3181491,24.6321506500244
"2007-06-27",47.5,47.7400016784668,47.0400009155273,47.2400016784668,3705889,24.2421417236328
"2007-06-28",47.9000015258789,47.9799995422363,47.439998626709,47.7299995422363,3233447,24.4935970306396
"2007-06-29",47.8400001525879,48.1500015258789,47.2000007629395,48.0099983215332,2610768,24.6372776031494
"2007-07-02",47.6699981689453,47.9700012207031,47.3899993896484,47.75,1151342,24.5038566589355
"2007-07-03",47.9000015258789,48.5299987792969,47.9000015258789,48.4000015258789,2637305,24.8374195098877
"2007-07-04",48.5999984741211,49.1399993896484,48.3300018310547,48.9700012207031,2158806,25.1299228668213
"2007-07-05",49.0900001525879,49.1300010681152,47.8499984741211,48.0400009155273,2718748,24.6526775360107
"2007-07-06",48,49.3499984741211,47.9799995422363,49.25,3308092,25.2736129760742
"2007-07-09",49.6500015258789,49.8899993896484,49.1100006103516,49.4000015258789,2263567,25.3505821228027
"2007-07-10",49.2000007629395,49.5900001525879,48.1199989318848,48.189998626709,3387993,24.7296543121338
"2007-07-11",47.8499984741211,47.9000015258789,46.75,47.5800018310547,5306623,24.4166164398193
"2007-07-12",48.4000015258789,48.8499984741211,47.7599983215332,48.6599998474121,4519050,24.9708366394043
"2007-07-13",49.1699981689453,49.2799987792969,48.5699996948242,48.8899993896484,2392866,25.0888671875
"2007-07-16",49.1500015258789,50.0999984741211,48.7999992370605,49.7900009155273,5006517,25.550724029541
"2007-07-17",49.9300003051758,49.9700012207031,48.8600006103516,48.9599990844727,4149413,25.124792098999
"2007-07-18",48.3300018310547,48.5,47.439998626709,47.9599990844727,3532064,24.6116218566895
"2007-07-19",48.3300018310547,48.3899993896484,47.5999984741211,47.7700004577637,2486852,24.5141181945801
"2007-07-20",47.8899993896484,48.2999992370605,47.1599998474121,47.439998626709,4002863,24.3447723388672
"2007-07-23",47.5099983215332,48,46.8300018310547,47.939998626709,2374623,24.6013565063477
"2007-07-24",47.6699981689453,48.1500015258789,47,47.060001373291,2745092,24.1497669219971
"2007-07-25",46.7999992370605,47.2200012207031,45.9000015258789,46.2000007629395,4542013,23.7084426879883
"2007-07-26",46.2799987792969,46.4099998474121,45.0900001525879,45.0900001525879,4831404,23.1388263702393
"2007-07-27",44.5099983215332,45.5200004577637,44.2099990844727,45.0699996948242,4263899,23.1285572052002
"2007-07-30",45.2599983215332,45.3199996948242,44.4199981689453,44.5400009155273,3522348,22.8565807342529
"2007-07-31",45.0699996948242,46.0499992370605,44.939998626709,45.8300018310547,4254455,23.5185661315918
"2007-08-01",43.4000015258789,44.1199989318848,43.0800018310547,43.5299987792969,10442671,22.3382778167725
"2007-08-02",43.8899993896484,43.9900016784668,43.4300003051758,43.7099990844727,4904927,22.4306488037109
"2007-08-03",43.7900009155273,43.8400001525879,42.6100006103516,42.8199996948242,4223984,21.9739284515381
"2007-08-06",42.5,43.310001373291,42.4300003051758,43.1100006103516,3674668,22.1227512359619
"2007-08-07",43.310001373291,44.0499992370605,42.7900009155273,43.6800003051758,5091951,22.4152507781982
"2007-08-08",43.8199996948242,44.310001373291,43.6199989318848,44.2700004577637,4645140,22.7180271148682
"2007-08-09",44.3499984741211,44.5900001525879,43.4199981689453,43.8600006103516,5759721,22.507625579834
"2007-08-10",43.3800010681152,44.439998626709,43.0299987792969,44.2999992370605,6133923,22.733419418335
"2007-08-13",44.7000007629395,44.7900009155273,43.7999992370605,44.3199996948242,3356129,22.7436847686768
"2007-08-14",44.2000007629395,44.7299995422363,43.8499984741211,44.2099990844727,2554501,22.6872367858887
"2007-08-15",44.1500015258789,44.7900009155273,43.8400001525879,44.5200004577637,3104378,22.8463153839111
"2007-08-16",43.8600006103516,44.439998626709,43.4000015258789,43.75,5570947,22.4511775970459
"2007-08-17",43.2799987792969,44.4500007629395,43.060001373291,43.9199981689453,5076683,22.5384159088135
"2007-08-20",44.3600006103516,44.3600006103516,43.6199989318848,43.810001373291,2016585,22.481969833374
"2007-08-21",43.9000015258789,44.0999984741211,43.2599983215332,43.9300003051758,2830416,22.5435447692871
"2007-08-22",43.9300003051758,44.3199996948242,43.8699989318848,44.1500015258789,2678759,22.6564464569092
"2007-08-23",44.4300003051758,44.6199989318848,43.8899993896484,43.8899993896484,2415959,22.5230197906494
"2007-08-24",43.7700004577637,44.0499992370605,43.5900001525879,44.0400009155273,1406990,22.5999984741211
"2007-08-27",44.0400009155273,44.3199996948242,43.8899993896484,44,1530208,22.5794677734375
"2007-08-28",43.9099998474121,44.0400009155273,43.1199989318848,43.2999992370605,2335369,22.2202491760254
"2007-08-29",43.0400009155273,43.5200004577637,42.5699996948242,43.4099998474121,3227873,22.276704788208
"2007-08-30",43.5400009155273,43.9199981689453,43.189998626709,43.7999992370605,1921077,22.4768352508545
"2007-08-31",43.9900016784668,44.7799987792969,43.7700004577637,44.6300010681152,3470529,22.9027671813965
"2007-09-03",44.8899993896484,45.7900009155273,44.7700004577637,45.0800018310547,2681663,23.133695602417
"2007-09-04",45.0499992370605,45.6500015258789,44.9799995422363,45.5999984741211,2425424,23.4005355834961
"2007-09-05",45.5900001525879,45.6699981689453,44.810001373291,44.9000015258789,2748149,23.0413208007812
"2007-09-06",45.2700004577637,45.2700004577637,44.4199981689453,45.1300010681152,1970833,23.1593532562256
"2007-09-07",45.0499992370605,45.2700004577637,43.2000007629395,43.3800010681152,4091436,22.2613086700439
"2007-09-10",43.560001373291,43.6800003051758,42.7099990844727,42.7599983215332,3214640,21.94313621521
"2007-09-11",43,44.0499992370605,42.8400001525879,43.6100006103516,3578393,22.3793315887451
"2007-09-12",43.560001373291,43.5999984741211,42.6599998474121,42.9900016784668,3208366,22.0611705780029
"2007-09-13",43.0400009155273,43.1599998474121,42.0299987792969,42.9300003051758,3540978,22.0303821563721
"2007-09-14",42.9099998474121,43,42.3499984741211,42.7900009155273,2372143,21.9585361480713
"2007-09-17",42.5800018310547,42.7400016784668,42.0800018310547,42.1800003051758,2471365,21.6454982757568
"2007-09-18",42.1100006103516,42.5,41.939998626709,42.310001373291,3155893,21.7122116088867
"2007-09-19",43.0499992370605,43.3400001525879,42.5400009155273,43.0499992370605,5656449,22.0919589996338
"2007-09-20",42.9000015258789,42.9500007629395,42.0999984741211,42.1500015258789,4048452,21.6301040649414
"2007-09-21",42,43.7000007629395,42,43.5699996948242,8514711,22.3588085174561
"2007-09-24",43.9500007629395,45.25,43.5499992370605,45.1399993896484,6769442,23.1644840240479
"2007-09-25",45.0499992370605,45.439998626709,44.439998626709,45.2700004577637,3996248,23.2311954498291
"2007-09-26",45.5400009155273,47.5400009155273,45.3800010681152,46.6800003051758,8324171,23.9547653198242
"2007-09-27",48.5999984741211,48.9199981689453,45.8300018310547,45.9799995422363,17588767,23.5955429077148
"2007-09-28",45.6500015258789,45.7999992370605,44.6699981689453,45.2299995422363,7874960,23.2106666564941
"2007-10-01",45.4000015258789,45.5900001525879,44.8499984741211,45.5099983215332,3895973,23.3543567657471
"2007-10-02",45.8499984741211,46.4799995422363,45.6599998474121,46.2000007629395,4271986,23.7084426879883
"2007-10-03",46.2599983215332,46.4700012207031,45.7000007629395,45.7599983215332,3310662,23.4826488494873
"2007-10-04",45.5,46.5400009155273,45.2400016784668,46.4799995422363,3484086,23.8521327972412
"2007-10-05",46.5999984741211,47.5400009155273,46.5099983215332,47.4000015258789,5436667,24.3242492675781
"2007-10-08",47.6500015258789,47.6800003051758,47.1300010681152,47.4099998474121,2431672,24.3293781280518
"2007-10-09",47.4099998474121,47.7000007629395,47.060001373291,47.5,2236156,24.3755683898926
"2007-10-10",47.1300010681152,47.5900001525879,47.1300010681152,47.3199996948242,1826424,24.2831974029541
"2007-10-11",47.4799995422363,48.189998626709,47.1500015258789,47.6300010681152,3057387,24.4422779083252
"2007-10-12",47.2000007629395,47.4900016784668,46.8699989318848,47.2299995422363,2299847,24.2370052337646
"2007-10-15",47.2999992370605,47.2999992370605,46.7299995422363,46.810001373291,1753822,24.0214805603027
"2007-10-16",46.5499992370605,46.7900009155273,46.1800003051758,46.5699996948242,2333432,23.8983154296875
"2007-10-17",46.3300018310547,46.6699981689453,46.1399993896484,46.3699989318848,2814250,23.7956829071045
"2007-10-18",46.3800010681152,46.7799987792969,45.8300018310547,46.1100006103516,2102211,23.662260055542
"2007-10-19",45.8400001525879,46.1500015258789,45.7000007629395,45.7700004577637,3697409,23.4877777099609
"2007-10-22",45,45.6199989318848,44.8400001525879,45.5,3479883,23.3492259979248
"2007-10-23",45.7000007629395,46.1399993896484,45.2000007629395,45.2099990844727,3001851,23.2004070281982
"2007-10-24",45.1199989318848,45.5900001525879,44.7799987792969,44.9099998474121,2830829,23.0464572906494
"2007-10-25",45.2900009155273,45.8699989318848,44.8600006103516,45.5499992370605,3698889,23.3748836517334
"2007-10-26",45.9000015258789,45.9900016784668,45.0900001525879,45.7400016784668,3014509,23.4723873138428
"2007-10-29",45.9900016784668,46.7400016784668,45.9500007629395,46.3300018310547,3192596,23.7751560211182
"2007-10-30",46.0099983215332,46.3300018310547,45.6199989318848,45.7299995422363,2347127,23.4672565460205
"2007-10-31",45.7299995422363,46.3499984741211,45.4599990844727,46.2299995422363,2703598,23.7238388061523
"2007-11-01",46.0999984741211,46.6599998474121,44.7099990844727,44.9500007629395,3785801,23.0669803619385
"2007-11-02",44.9599990844727,44.9599990844727,43.9300003051758,44.2400016784668,3929613,22.7026348114014
"2007-11-05",44,44.9000015258789,43.6500015258789,44.7999992370605,3406582,22.9900074005127
"2007-11-06",44.189998626709,44.25,42.6599998474121,43.310001373291,10400420,22.2253837585449
"2007-11-07",42.8499984741211,43.0999984741211,41.2999992370605,41.5499992370605,8238212,21.3221988677979
"2007-11-08",41.2000007629395,41.939998626709,40.8499984741211,41.6300010681152,4170039,21.3632526397705
"2007-11-09",42,42.0699996948242,40.8600006103516,41.0800018310547,4455065,21.0810146331787
"2007-11-12",40.9900016784668,41.6199989318848,40.9000015258789,41.4799995422363,2553423,21.2862796783447
"2007-11-13",41.8800010681152,42.5800018310547,41.3300018310547,42.2599983215332,3992705,21.6865558624268
"2007-11-14",42.7999992370605,43.4500007629395,42.2900009155273,42.5200004577637,3195811,21.8199787139893
"2007-11-15",42.689998626709,43.1699981689453,41.9300003051758,42.25,2868914,21.6814231872559
"2007-11-16",42.060001373291,42.1800003051758,41.2599983215332,41.7900009155273,4191092,21.4453639984131
"2007-11-19",42.060001373291,42.0699996948242,40.5999984741211,40.7400016784668,3504165,20.9065380096436
"2007-11-20",40.8800010681152,41.7700004577637,40.75,41.2299995422363,3988079,21.1579895019531
"2007-11-21",40.6599998474121,41,39.6399993896484,39.810001373291,5422996,20.4292907714844
"2007-11-22",39.8800010681152,40.4099998474121,39.4199981689453,40.1300010681152,2398419,20.5935077667236
"2007-11-23",40.1800003051758,40.5800018310547,39.689998626709,40.5,3132833,20.783374786377
"2007-11-26",40.7000007629395,40.7900009155273,39.7999992370605,39.9500007629395,2765871,20.5011310577393
"2007-11-27",39.7999992370605,40.3199996948242,39.6199989318848,39.9199981689453,3666076,20.4857368469238
"2007-11-28",40.1599998474121,41,39.6500015258789,40.689998626709,4459782,20.880880355835
"2007-11-29",41.2999992370605,41.2999992370605,40.4500007629395,40.7999992370605,2957199,20.9373245239258
"2007-11-30",41.060001373291,41.9500007629395,40.8899993896484,41.7000007629395,9341455,21.3991794586182
"2007-12-03",41.9700012207031,41.9700012207031,41.2900009155273,41.6100006103516,3179043,21.3529930114746
"2007-12-04",41.9000015258789,41.9799995422363,40.3699989318848,40.8600006103516,3839762,20.9681167602539
"2007-12-05",41.189998626709,41.5299987792969,40.939998626709,41.2900009155273,2267385,21.1887798309326
"2007-12-06",41.6300010681152,41.6300010681152,40.8600006103516,41.1199989318848,2242504,21.1015377044678
"2007-12-07",41.2299995422363,42.0400009155273,40.7799987792969,41.0200004577637,3777504,21.0502243041992
"2007-12-10",41.0299987792969,42.0400009155273,40.7799987792969,41.8499984741211,3413323,21.4761562347412
"2007-12-11",42.2200012207031,42.5,41.7400016784668,42.0400009155273,3115555,21.5736541748047
"2007-12-12",41.3699989318848,41.9199981689453,40.9599990844727,41.7000007629395,4505374,21.3991794586182
"2007-12-13",41.1300010681152,41.6500015258789,40.7599983215332,40.8600006103516,3888348,20.9681167602539
"2007-12-14",40.7799987792969,41.3600006103516,40.3899993896484,41.3199996948242,3490244,21.204174041748
"2007-12-17",40.9099998474121,40.9599990844727,40.4300003051758,40.4300003051758,3317386,20.7474517822266
"2007-12-18",40.2200012207031,41.6199989318848,40.2099990844727,40.8600006103516,3775478,20.9681167602539
"2007-12-19",40.9000015258789,40.9199981689453,40.0999984741211,40.4199981689453,3030421,20.7423191070557
"2007-12-20",40.5999984741211,40.9900016784668,40.2900009155273,40.4099998474121,2336666,20.7371883392334
"2007-12-21",41,42.9099998474121,40.75,42.5200004577637,8320815,21.8199787139893
"2007-12-27",42.9000015258789,43,42.0800018310547,42.3600006103516,2882369,21.737865447998
"2007-12-28",42.0099983215332,43.2000007629395,42.0099983215332,42.3499984741211,2176865,21.7327365875244
"2008-01-02",42.7900009155273,43.6199989318848,42.3899993896484,42.7299995422363,4146992,21.9277458190918
"2008-01-03",42.7799987792969,43.1599998474121,41.8499984741211,42.0900001525879,4073510,21.5993194580078
"2008-01-04",41.9000015258789,41.9099998474121,40.25,40.9000015258789,6230583,20.9886436462402
"2008-01-07",41.6500015258789,42.9599990844727,40.9000015258789,41.9799995422363,8574784,21.5428676605225
"2008-01-08",42.2999992370605,42.8400001525879,41.6100006103516,42,4824530,21.5531311035156
"2008-01-09",41.5499992370605,42.5699996948242,41.1599998474121,41.75,5664163,21.4248390197754
"2008-01-10",42.0200004577637,42.7000007629395,41.7599983215332,42.0900001525879,3821745,21.5993194580078
"2008-01-11",42.310001373291,42.5,41.810001373291,41.8800010681152,4287339,21.4915504455566
"2008-01-14",41.7999992370605,42.2999992370605,41.3300018310547,41.5,5119749,21.2965488433838
"2008-01-15",41.2000007629395,41.3400001525879,39.6800003051758,39.9000015258789,5295972,20.4754734039307
"2008-01-16",39.75,40.4300003051758,39.0200004577637,40.0099983215332,6390046,20.5319194793701
"2008-01-17",40.4000015258789,40.6599998474121,38.5099983215332,38.7000007629395,7342407,19.8596725463867
"2008-01-18",38.689998626709,38.689998626709,37.5,37.6800003051758,6120439,19.3362350463867
"2008-01-21",37.4900016784668,38.6100006103516,35.8899993896484,36.2799987792969,9980134,18.6177978515625
"2008-01-22",34.9199981689453,36.6300010681152,34.2299995422363,35.9799995422363,9086614,18.463846206665
"2008-01-23",36.4099998474121,36.4099998474121,33.7700004577637,34.7099990844727,7684331,17.8121204376221
"2008-01-24",36.0099983215332,37.3800010681152,35.2299995422363,36.4500007629395,7675191,18.7050399780273
"2008-01-25",37.5699996948242,38.3699989318848,36.9500007629395,37.2000007629395,6149096,19.089916229248
"2008-01-28",36.5200004577637,37.3699989318848,36.310001373291,37.3300018310547,3597881,19.1566295623779
"2008-01-29",37.560001373291,38.4300003051758,37.0499992370605,37.439998626709,3720280,19.2130756378174
"2008-01-30",37.9199981689453,38.4000015258789,37.2700004577637,37.6500015258789,4159386,19.320837020874
"2008-01-31",37.5099983215332,37.7599983215332,36.0900001525879,36.7999992370605,4258538,18.884651184082
"2008-02-01",37.1599998474121,37.8899993896484,36.7999992370605,37.4500007629395,3627040,19.2182102203369
"2008-02-04",37.9799995422363,38.8800010681152,37.5999984741211,38.4199981689453,4606111,19.7159824371338
"2008-02-05",38.5400009155273,38.6300010681152,35.9099998474121,36.1199989318848,7071330,18.5356903076172
"2008-02-06",35.9599990844727,36.2799987792969,33.9000015258789,35.1100006103516,9154289,18.017391204834
"2008-02-07",35.0900001525879,35.0900001525879,33.8800010681152,34.3300018310547,4849968,17.6171188354492
"2008-02-08",35,35.1399993896484,34.0200004577637,34.4199981689453,4477727,17.6632995605469
"2008-02-11",34.2299995422363,34.7000007629395,33.8300018310547,34.2000007629395,4212833,17.5504055023193
"2008-02-12",34.5,35.9700012207031,34.3400001525879,35.810001373291,5265511,18.3766078948975
"2008-02-13",35.5499992370605,36.25,35.0800018310547,35.8300018310547,4848891,18.3868751525879
"2008-02-14",36.0999984741211,36.560001373291,35.2099990844727,35.4099998474121,4996391,18.1713409423828
"2008-02-15",35.560001373291,36.0699996948242,34.9199981689453,35.2200012207031,3691277,18.0738430023193
"2008-02-18",35.5,36.0999984741211,35.5,35.9000015258789,3491403,18.422794342041
"2008-02-19",35.8400001525879,36.7799987792969,35.5800018310547,36.3600006103516,4856810,18.6588459014893
"2008-02-20",36.0200004577637,36.4799995422363,35.7999992370605,36.310001373291,3242243,18.6331958770752
"2008-02-21",36.7200012207031,37.0999984741211,36.3199996948242,36.4300003051758,2412433,18.6947708129883
"2008-02-22",36.2099990844727,36.3300018310547,35.3499984741211,35.5999984741211,5774684,18.2688407897949
"2008-02-25",36.1300010681152,36.5800018310547,35.939998626709,36.3600006103516,2926501,18.6588459014893
"2008-02-26",36.6599998474121,37.4799995422363,36.5,37.4099998474121,4763445,19.1976833343506
"2008-02-27",37.5,37.5,36.2400016784668,37.0800018310547,4286733,19.0283355712891
"2008-02-28",36.7999992370605,37.2599983215332,36.7799987792969,36.9300003051758,4691011,18.951358795166
"2008-02-29",36.6699981689453,36.8499984741211,35.7900009155273,36.1800003051758,4048756,18.5664844512939
"2008-03-03",35.7599983215332,36.6300010681152,35.560001373291,36.4900016784668,4028346,18.7255668640137
"2008-03-04",36.2900009155273,36.7000007629395,35,35.2799987792969,4513172,18.1046295166016
"2008-03-05",35.4199981689453,35.9300003051758,35.0400009155273,35.3499984741211,4030115,18.1405467987061
"2008-03-06",35.3499984741211,35.3499984741211,34.6100006103516,34.9599990844727,3057711,17.9404125213623
"2008-03-07",34.5400009155273,35.1699981689453,33.9000015258789,34.7599983215332,4598473,17.8377780914307
"2008-03-10",34.4799995422363,34.9199981689453,34.0400009155273,34.3300018310547,2816518,17.6171188354492
"2008-03-11",34.3600006103516,34.6699981689453,33.1599998474121,33.7200012207031,6012998,17.304084777832
"2008-03-12",34.4099998474121,34.4900016784668,33.6800003051758,33.7999992370605,4350748,17.3451385498047
"2008-03-13",33.3600006103516,33.3699989318848,31.5699996948242,32.5999984741211,9466126,16.7293338775635
"2008-03-14",32.7000007629395,33.75,32.0400009155273,32.2000007629395,7049513,16.5240669250488
"2008-03-17",31.2399997711182,31.6599998474121,30.9300003051758,31.1100006103516,6530755,15.9647092819214
"2008-03-18",30.9899997711182,33.4500007629395,30.9899997711182,32.6300010681152,7966693,16.7447242736816
"2008-03-19",33.3300018310547,34.4099998474121,32.7099990844727,33.75,6820991,17.3194789886475
"2008-03-20",34,35.2900009155273,33.7999992370605,34.2299995422363,9086047,17.5658016204834
"2008-03-25",35.4700012207031,35.9500007629395,35.2200012207031,35.439998626709,3725095,18.1867351531982
"2008-03-26",35.5299987792969,35.6399993896484,34.7400016784668,34.8800010681152,3144241,17.8993625640869
"2008-03-27",34.8800010681152,35.3699989318848,34.5400009155273,34.939998626709,2983710,17.9301509857178
"2008-03-28",34.8400001525879,34.8800010681152,34.2900009155273,34.5499992370605,2875516,17.7300128936768
"2008-03-31",34.0499992370605,35.0499992370605,33.8899993896484,34.9900016784668,3269394,17.9558086395264
"2008-04-01",34.8199996948242,36.1300010681152,34.7599983215332,36.0499992370605,4375838,18.4997673034668
"2008-04-02",36.0999984741211,36.7999992370605,35.8199996948242,36.5499992370605,4035582,18.7563552856445
"2008-04-03",36.310001373291,36.4500007629395,35.6199989318848,35.939998626709,3427369,18.4433250427246
"2008-04-04",36.1199989318848,36.1199989318848,35.2200012207031,35.7200012207031,2720594,18.3304233551025
"2008-04-07",35.7799987792969,36.4599990844727,35.75,36.0999984741211,2747293,18.525426864624
"2008-04-08",36.0099983215332,36.0400009155273,35.5400009155273,35.7799987792969,1998704,18.361213684082
"2008-04-09",35.7000007629395,36.5,35.4900016784668,35.8699989318848,2491458,18.4074001312256
"2008-04-10",35.9500007629395,36.5900001525879,35.2999992370605,35.9000015258789,3826178,18.422794342041
"2008-04-11",36.2099990844727,36.2900009155273,34.7299995422363,34.939998626709,4699005,17.9301509857178
"2008-04-14",34.6300010681152,34.7400016784668,33.6699981689453,33.7900009155273,5225945,17.3400039672852
"2008-04-15",34.0900001525879,34.3699989318848,33.4099998474121,33.7900009155273,3609866,17.3400039672852
"2008-04-16",34.0200004577637,34.0400009155273,33.0900001525879,33.310001373291,7077959,17.0936870574951
"2008-04-17",33.7299995422363,34.2000007629395,33.4599990844727,33.9300003051758,3917041,17.4118518829346
"2008-04-18",34.2000007629395,35.0900001525879,33.9199981689453,34.8300018310547,5008202,17.8737030029297
"2008-04-21",35,35.0099983215332,33.8699989318848,34.2599983215332,3017518,17.5811958312988
"2008-04-22",34.1500015258789,34.2599983215332,33.689998626709,33.7900009155273,3357376,17.3400039672852
"2008-04-23",33.7099990844727,34.1300010681152,33.2099990844727,33.9000015258789,3687242,17.3964538574219
"2008-04-24",33.7299995422363,34.2200012207031,33.0999984741211,33.5800018310547,4570668,17.2322406768799
"2008-04-25",33.689998626709,35.7400016784668,33.5999984741211,35.0200004577637,6990476,17.9712047576904
"2008-04-28",35.1800003051758,35.9199981689453,34.8600006103516,35.1699981689453,0,18.0481777191162
"2008-04-29",35.4500007629395,36.4799995422363,34.9700012207031,35.0200004577637,0,17.9712047576904
"2008-04-30",35.2999992370605,35.439998626709,34.2900009155273,35.25,4027472,18.0892314910889
"2008-05-02",35.8600006103516,37.2000007629395,35.7000007629395,36.6199989318848,5841390,18.7922744750977
"2008-05-05",36.5900001525879,36.939998626709,36.5,36.7999992370605,1830450,18.884651184082
"2008-05-06",36.7999992370605,37.2900009155273,36.6500015258789,37.1300010681152,4252946,19.0539951324463
"2008-05-07",37.2700004577637,37.8499984741211,37.0400009155273,37.7099990844727,4924332,19.3516311645508
"2008-05-08",37.439998626709,37.8300018310547,37.1199989318848,37.7200012207031,3654998,19.3567600250244
"2008-05-09",36.5099983215332,36.6599998474121,35.8199996948242,36.1199989318848,4339574,19.0716381072998
"2008-05-12",36.1699981689453,36.5400009155273,36.0499992370605,36.2299995422363,2101863,19.1297206878662
"2008-05-13",36.5499992370605,36.8699989318848,36.2000007629395,36.5900001525879,2012713,19.3198013305664
"2008-05-14",36.4199981689453,36.8600006103516,36.3199996948242,36.6599998474121,2522060,19.3567600250244
"2008-05-15",36.6599998474121,36.75,36.4500007629395,36.5499992370605,2314891,19.2986812591553
"2008-05-16",36.7700004577637,37.3400001525879,36.6599998474121,36.939998626709,4890687,19.5046043395996
"2008-05-19",37.0900001525879,37.310001373291,36.8600006103516,37.1800003051758,3365986,19.631326675415
"2008-05-20",36.9799995422363,37.1100006103516,36.2700004577637,36.2999992370605,3722100,19.1666774749756
"2008-05-21",36.2700004577637,36.3899993896484,34.5099983215332,34.75,5194808,18.3482666015625
"2008-05-22",35.0499992370605,36.0299987792969,34.5999984741211,35.8300018310547,5645215,18.9185180664062
"2008-05-23",35.7000007629395,35.9199981689453,35.2799987792969,35.2799987792969,3199300,18.6281127929688
"2008-05-26",35.25,35.3699989318848,34.7099990844727,35.1500015258789,1455955,18.5594730377197
"2008-05-27",35.4000015258789,36.0099983215332,34.9599990844727,35.7400016784668,3395425,18.8709983825684
"2008-05-28",35.7999992370605,36.9700012207031,35.7000007629395,36.6100006103516,3911726,19.3303661346436
"2008-05-29",36.9500007629395,37.25,36.6399993896484,37.1300010681152,3644572,19.6049308776855
"2008-05-30",37.2900009155273,38.0699996948242,37.1100006103516,38.0699996948242,8346160,20.1012516021729
"2008-06-02",38.0400009155273,38.0499992370605,36.4700012207031,36.5,4095097,19.2722797393799
"2008-06-03",36.5,37.0900001525879,36.4199981689453,36.939998626709,2193641,19.5046043395996
"2008-06-04",37,37.1800003051758,36.2299995422363,36.8499984741211,3618004,19.4570827484131
"2008-06-05",36.9500007629395,37.2400016784668,35.9300003051758,36.1399993896484,4316003,19.0821952819824
"2008-06-06",36.4500007629395,36.4500007629395,34.5,34.560001373291,5884195,18.2479496002197
"2008-06-09",34.4000015258789,34.6699981689453,33.8800010681152,34.2799987792969,4568103,18.1001052856445
"2008-06-10",33.7900009155273,34.560001373291,33.5299987792969,34.3600006103516,4176808,18.1423454284668
"2008-06-11",34.4099998474121,34.6100006103516,32.7999992370605,33.4000015258789,4877184,17.635461807251
"2008-06-12",33.5900001525879,33.7999992370605,32.939998626709,33.6699981689453,3608534,17.7780208587646
"2008-06-13",32.9900016784668,33.560001373291,32.5400009155273,33.560001373291,4309292,17.7199420928955
"2008-06-16",33.6199989318848,34.0400009155273,33.0200004577637,33.189998626709,2809262,17.5245761871338
"2008-06-17",33.2299995422363,34.2999992370605,33.2299995422363,33.8699989318848,3327337,17.8836231231689
"2008-06-18",33.689998626709,33.8199996948242,32.7900009155273,33.0400009155273,3593711,17.4453735351562
"2008-06-19",32.8300018310547,33.25,31.9899997711182,32.9300003051758,3938517,17.3872966766357
"2008-06-20",32.6100006103516,33.1599998474121,32.2099990844727,32.4000015258789,5552554,17.1074504852295
"2008-06-23",32.5699996948242,32.8199996948242,32.2000007629395,32.3499984741211,3079252,17.0810508728027
"2008-06-24",32.2700004577637,32.2700004577637,30.8500003814697,31.25,6890446,16.5002403259277
"2008-06-25",31.25,32.1800003051758,31.25,31.8899993896484,3693354,16.8381652832031
"2008-06-26",31.5200004577637,31.7399997711182,30.2199993133545,30.5400009155273,4545637,16.1253528594971
"2008-06-27",30.0599994659424,30.6599998474121,29.4899997711182,30.1900005340576,4584535,15.9405555725098
"2008-06-30",30.0499992370605,30.7800006866455,29.2600002288818,30.5499992370605,4632514,16.1306381225586
"2008-07-01",30.5499992370605,30.5499992370605,29.2999992370605,29.9599990844727,3890688,15.8191108703613
"2008-07-02",29.9599990844727,30.25,29.6299991607666,29.7900009155273,3505120,15.7293510437012
"2008-07-03",29.2600002288818,29.9699993133545,28.8999996185303,29.8600006103516,4353642,15.7663097381592
"2008-07-04",30.2399997711182,30.3799991607666,29.4699993133545,29.6299991607666,1934353,15.644868850708
"2008-07-07",29.9200000762939,30.2800006866455,29.6800003051758,29.9899997711182,2957320,15.8349542617798
"2008-07-08",29.25,30.6700000762939,28.9799995422363,30.25,5169693,15.9722347259521
"2008-07-09",30.7000007629395,30.7000007629395,29.8099994659424,30.3099994659424,3542466,16.0039138793945
"2008-07-10",29.8600006103516,30.2800006866455,29.6000003814697,29.8600006103516,2657553,15.7663097381592
"2008-07-11",29.7800006866455,29.9300003051758,28.7600002288818,28.7600002288818,5124726,15.1855030059814
"2008-07-14",28.9300003051758,29.4200000762939,28.0699996948242,28.2199993133545,4518217,14.9003753662109
"2008-07-15",27.7999992370605,28.1499996185303,26.6399993896484,27.7099990844727,8768078,14.6310939788818
"2008-07-16",27.75,28.6499996185303,26.8700008392334,28.2700004577637,6716590,14.926775932312
"2008-07-17",28.9599990844727,30.1800003051758,28.7199993133545,29.4599990844727,6518623,15.5551118850708
"2008-07-18",29.5,30.3400001525879,28.9099998474121,30.1000003814697,4670374,15.8930320739746
"2008-07-21",30.2000007629395,30.7800006866455,29.8600006103516,30.5699996948242,2509311,16.1411933898926
"2008-07-22",30.3999996185303,30.7299995422363,29.6299991607666,30.7000007629395,3532676,16.2098388671875
"2008-07-23",31.1200008392334,32.2000007629395,31.1200008392334,31.8700008392334,5064542,16.8276081085205
"2008-07-24",32.2000007629395,32.4599990844727,30.1700000762939,30.4799995422363,8068766,16.0936756134033
"2008-07-25",30.25,30.9300003051758,29.6000003814697,30.6800003051758,4263907,16.1992778778076
"2008-07-28",30.5100002288818,30.5100002288818,29.6499996185303,29.75,3596172,15.7082300186157
"2008-07-29",29.25,29.6599998474121,28.75,29.4799995422363,4642472,15.5656681060791
"2008-07-30",29.7600002288818,29.8500003814697,29.1000003814697,29.4099998474121,2999434,15.5287055969238
"2008-07-31",29.4099998474121,29.5599994659424,28.6000003814697,28.9099998474121,4395296,15.264702796936
"2008-08-01",26.1000003814697,27.3899993896484,25.7999992370605,27.3600006103516,14642149,14.4462928771973
"2008-08-04",27.3199996948242,27.4500007629395,26.4699993133545,26.6299991607666,5551120,14.0608444213867
"2008-08-05",26.75,27.6399993896484,26.6000003814697,27.6399993896484,5800815,14.5941333770752
"2008-08-06",27.7000007629395,27.9200000762939,27.0550003051758,27.7700004577637,4007165,14.6627731323242
"2008-08-07",27.6399993896484,28.1299991607666,27.3400001525879,27.625,4214595,14.5862140655518
"2008-08-08",27.5100002288818,29.6650009155273,27.3099994659424,29.4300003051758,8626905,15.5392665863037
"2008-08-11",29.9899997711182,30.8700008392334,29.9099998474121,30.7549991607666,7986719,16.2388763427734
"2008-08-12",30.75,32.1699981689453,30.2900009155273,31.2199993133545,6611109,16.4844017028809
"2008-08-13",30.8349990844727,31,29.0799999237061,29.2199993133545,8314161,15.4283847808838
"2008-08-14",28.9799995422363,29.1800003051758,28.4699993133545,28.8799991607666,4748528,15.2488613128662
"2008-08-15",29.1100006103516,29.7399997711182,28.8899993896484,29.5799999237061,4458078,15.6184692382812
"2008-08-18",29.3099994659424,29.8349990844727,28.9050006866455,29.2000007629395,2944833,15.4178247451782
"2008-08-19",28.8500003814697,28.9750003814697,28.3899993896484,28.4300003051758,3437130,15.0112581253052
"2008-08-20",28.5400009155273,28.7299995422363,28.2250003814697,28.7000007629395,3099139,15.1538219451904
"2008-08-21",28.4500007629395,28.4799995422363,27.7299995422363,27.7299995422363,3776398,14.6416549682617
"2008-08-22",27.8500003814697,28.6599998474121,27.7350006103516,28.6299991607666,2944165,15.1168613433838
"2008-08-25",28.5,28.9500007629395,28.0599994659424,28.1399993896484,2351230,14.8581352233887
"2008-08-26",27.9899997711182,28.1700000762939,27.6100006103516,27.9099998474121,3514022,14.7366943359375
"2008-08-27",27.6000003814697,27.8999996185303,27.2399997711182,27.6550006866455,2804468,14.6020565032959
"2008-08-28",27.4500007629395,28.4449996948242,27.0499992370605,28.2600002288818,3493308,14.9214963912964
"2008-08-29",28.2399997711182,28.3899993896484,27.8050003051758,28,2938186,14.7842178344727
"2008-09-01",27.7399997711182,28.5149993896484,27.5400009155273,28.3500003814697,2898497,14.9690170288086
"2008-09-02",28.4400005340576,30.0799999237061,28.0799999237061,29.2999992370605,6146041,15.4706258773804
"2008-09-03",28.8799991607666,29.7649993896484,28.7749996185303,29.0699996948242,3442887,15.3491849899292
"2008-09-04",29.1800003051758,29.1800003051758,28.1299991607666,28.2700004577637,4404923,14.926775932312
"2008-09-05",28.1000003814697,28.2099990844727,27.5100002288818,27.5799999237061,4602887,14.5624542236328
"2008-09-08",28.9400005340576,29.1499996185303,28.2999992370605,28.7199993133545,4974155,15.1643800735474
"2008-09-09",28.7399997711182,29.4549999237061,28.6800003051758,28.9699993133545,4562247,15.2963809967041
"2008-09-10",29.0799999237061,29.4400005340576,28.6149997711182,29,3186350,15.3122243881226
"2008-09-11",28.5900001525879,28.8999996185303,28.0550003051758,28.6000003814697,3562627,15.1010208129883
"2008-09-12",29.0699996948242,29.0699996948242,28.2849998474121,28.9699993133545,2964171,15.2963809967041
"2008-09-15",28.0499992370605,28.4449996948242,27.7700004577637,27.9799995422363,5295881,14.7736549377441
"2008-09-16",27.6000003814697,28.4249992370605,27.2950000762939,27.8199996948242,7016978,14.6891756057739
"2008-09-17",27.6000003814697,27.7950000762939,27.0650005340576,27.3199996948242,6164324,14.4251689910889
"2008-09-18",27,28.0400009155273,26.7999992370605,27.3899993896484,7397752,14.4621305465698
"2008-09-19",28.9899997711182,30.9200000762939,28.375,30.9200000762939,16821272,16.326000213623
"2008-09-22",30.4899997711182,30.8500003814697,29.75,29.7800006866455,6748073,15.7240715026855
"2008-09-23",29.4500007629395,29.75,28.7000007629395,28.9200000762939,5213465,15.2699871063232
"2008-09-24",28.75,29.0799999237061,28.2900009155273,28.4650001525879,3091268,15.0297374725342
"2008-09-25",28.2999992370605,29.2399997711182,27.9300003051758,29.1550006866455,3425406,15.3940658569336
"2008-09-26",28.3850002288818,28.8050003051758,27.6800003051758,28.2199993133545,3902953,14.9003753662109
"2008-09-29",28.4500007629395,28.7999992370605,27.0900001525879,27.2950000762939,4904180,14.4119720458984
"2008-09-30",27,27.8600006103516,26.5849990844727,27.2900009155273,6065468,14.409330368042
"2008-10-01",27.6800003051758,27.8250007629395,25.8400001525879,26.0849990844727,5678815,13.7730827331543
"2008-10-02",25.9200000762939,25.9799995422363,24.6650009155273,24.8500003814697,7360338,13.1209926605225
"2008-10-03",25,25.8700008392334,24.8999996185303,25.8700008392334,4237728,13.6595602035522
"2008-10-06",24.6900005340576,25.2000007629395,24.2099990844727,24.7199993133545,7187573,13.0523509979248
"2008-10-07",25.0100002288818,25.6499996185303,23.5900001525879,24.5400009155273,7957838,12.9573087692261
"2008-10-08",22.1499996185303,25,22.0100002288818,22.6599998474121,9404734,11.9646558761597
"2008-10-09",23.0599994659424,24.5699996948242,21.3500003814697,21.5200004577637,7043953,11.3627271652222
"2008-10-10",19.8600006103516,20.4349994659424,18.2399997711182,19.6299991607666,15202099,10.3647928237915
"2008-10-13",20.7250003814697,21.8500003814697,20.2700004577637,21.8500003814697,6756828,11.5369701385498
"2008-10-14",22.5,23.2600002288818,21.9400005340576,22.5200004577637,6175126,11.8907337188721
"2008-10-15",22.2299995422363,22.3449993133545,19.8999996185303,20.2549991607666,7133547,10.6947956085205
"2008-10-16",19.3099994659424,20.875,19,19.6350002288818,7004082,10.3674306869507
"2008-10-17",20.6499996185303,21.3799991607666,19.6900005340576,20.4850006103516,7261474,10.8162384033203
"2008-10-20",21.4500007629395,21.4699993133545,19.8549995422363,20.2950000762939,4190565,10.7159156799316
"2008-10-21",20.9799995422363,21.4400005340576,20.5100002288818,21.0450000762939,4207588,11.1119241714478
"2008-10-22",20.5,21.3299999237061,19.8199996948242,19.8500003814697,5564685,10.4809532165527
"2008-10-23",20.1399993896484,20.2950000762939,17.8999996185303,19.2999992370605,6456732,10.1905488967896
"2008-10-24",18.3349990844727,18.3850002288818,17.0300006866455,18.2549991607666,6819419,9.63878154754639
"2008-10-27",17.2800006866455,17.8150005340576,16.5450000762939,17.1849994659424,6834079,9.07381248474121
"2008-10-28",17.6749992370605,17.9549999237061,16,17.0400009155273,9758488,8.99725246429443
"2008-10-29",18.5,19.0200004577637,18,18.4899997711182,7707666,9.76286125183105
"2008-10-30",19,20.2299995422363,18.6700000762939,20.2000007629395,6557073,10.6657552719116
"2008-10-31",20,20.4500007629395,19.5200004577637,20.1149997711182,5781716,10.6208753585815
"2008-11-03",20.7199993133545,20.7700004577637,19.75,20.5750007629395,4134408,10.8637599945068
"2008-11-04",19.7000007629395,22.9699993133545,19.0100002288818,22.9699993133545,10605187,12.1283378601074
"2008-11-05",23,23.5349998474121,22,22.7999992370605,6340451,12.03857421875
"2008-11-06",21.7649993896484,22.0900001525879,20.9500007629395,21.0650005340576,6235511,11.122483253479
"2008-11-07",21.2600002288818,22.0699996948242,20.6450004577637,21.5599994659424,3458608,11.3838443756104
"2008-11-10",22.3799991607666,22.9799995422363,22.0949993133545,22.5249996185303,4388654,11.8933753967285
"2008-11-11",21.875,21.9950008392334,21.0799999237061,21.4099998474121,4881134,11.3046474456787
"2008-11-12",21.6299991607666,21.7800006866455,20.2000007629395,20.6700000762939,3618487,10.9139204025269
"2008-11-13",20.625,22.3999996185303,20.5400009155273,22.0400009155273,6217912,11.6372919082642
"2008-11-14",22.6499996185303,22.9300003051758,21.1700000762939,21.3899993896484,4078713,11.2940855026245
"2008-11-17",21.8799991607666,22.5200004577637,21.2150001525879,21.5799999237061,4181004,11.3944063186646
"2008-11-18",21.8299999237061,22.0900001525879,21.0149993896484,21.8050003051758,3219116,11.5132083892822
"2008-11-19",21.8050003051758,21.8600006103516,18.9300003051758,18.9300003051758,7597123,9.9951868057251
"2008-11-20",18.3700008392334,19.1599998474121,17.8850002288818,18.5249996185303,5241150,9.78134346008301
"2008-11-21",18.75,19.5300006866455,17.5400009155273,17.9400005340576,6629279,9.47245979309082
"2008-11-24",18.3099994659424,19.8449993133545,18.25,19.7000007629395,5241593,10.4017534255981
"2008-11-25",19.8099994659424,20.6200008392334,18.9699993133545,19.1450004577637,5241882,10.1087093353271
"2008-11-26",19.2800006866455,20.7450008392334,18.8050003051758,19.4650001525879,5020961,10.2776708602905
"2008-11-27",19.7600002288818,20.4449996948242,19.6800003051758,20.3700008392334,2551241,10.755518913269
"2008-11-28",20.1299991607666,20.3899993896484,19.0650005340576,19.6749992370605,3946767,10.3885507583618
"2008-12-01",19.8500003814697,19.8500003814697,18.7199993133545,18.9050006866455,4073488,9.98198795318604
"2008-12-02",18.5650005340576,20.0900001525879,18.5100002288818,19.6550006866455,4550111,10.3779916763306
"2008-12-03",19.4500007629395,20.0450000762939,18.6200008392334,20,4551398,10.5601558685303
"2008-12-04",19.9799995422363,21.1499996185303,19.4050006866455,20.6550006866455,4548994,10.9060029983521
"2008-12-05",20.5,20.5400009155273,19.5,19.8199996948242,3677342,10.4651117324829
"2008-12-08",20.7299995422363,21.2250003814697,20.0100002288818,20.9400005340576,3302202,11.0564813613892
"2008-12-09",20.7999992370605,22.3899993896484,20.6499996185303,22.1100006103516,3517214,11.6742515563965
"2008-12-10",22.1100006103516,23.0900001525879,22,22.6149997711182,3969905,11.9408941268921
"2008-12-11",22.2049999237061,22.6650009155273,21.8600006103516,22.4400005340576,2581110,11.8484935760498
"2008-12-12",21.1399993896484,22.4500007629395,20.8199996948242,22,4594888,11.6161689758301
"2008-12-15",22.2950000762939,22.6000003814697,21.5599994659424,21.9899997711182,2191128,11.6108903884888
"2008-12-16",21.8299999237061,22.7800006866455,21.8250007629395,22.1749992370605,2493053,11.7085695266724
"2008-12-17",22.3999996185303,22.4400005340576,21.4349994659424,22.0699996948242,2524451,11.653130531311
"2008-12-18",22.1599998474121,22.6700000762939,21.9850006103516,22.2000007629395,2448553,11.721773147583
"2008-12-19",21.7150001525879,22.1849994659424,21.0149993896484,21.9099998474121,6712155,11.5686502456665
"2008-12-22",21.6700000762939,21.6849994659424,20.8549995422363,21.0499992370605,2857828,11.1145620346069
"2008-12-23",21.0300006866455,21.6900005340576,20.875,21.2600002288818,1964167,11.2254438400269
"2008-12-29",21.6499996185303,21.6749992370605,21.1350002288818,21.2999992370605,1516368,11.2465629577637
"2008-12-30",21.6800003051758,21.9950008392334,21.2450008392334,21.6100006103516,1238391,11.4102468490601
"2009-01-02",21.6200008392334,22.4699993133545,21.6200008392334,22.3400001525879,1830895,11.7956914901733
"2009-01-05",22.5599994659424,22.5599994659424,21.7199993133545,21.8549995422363,2226528,11.5396089553833
"2009-01-06",21.8999996185303,22.1499996185303,21.6700000762939,21.7749996185303,2756874,11.4973678588867
"2009-01-07",21.625,22.2150001525879,21.4599990844727,22.0400009155273,2313297,11.6372919082642
"2009-01-08",21.9050006866455,22.2450008392334,21.3700008392334,21.8999996185303,2468677,11.5633707046509
"2009-01-09",22.0349998474121,22.9449996948242,21.75,22.3899993896484,3528426,11.8220949172974
"2009-01-12",22.2999992370605,23.1100006103516,22.1200008392334,22.25,3671683,11.7481727600098
"2009-01-13",22.1450004577637,22.2000007629395,20.9750003814697,21.2399997711182,3261183,11.2148857116699
"2009-01-14",21.4500007629395,21.4500007629395,19.7199993133545,20.0750007629395,4699823,10.599757194519
"2009-01-15",20.3500003814697,20.4500007629395,19.3799991607666,19.6000003814697,3480124,10.348952293396
"2009-01-16",20.0900001525879,20.4200000762939,19.5200004577637,19.5550003051758,2594584,10.3251924514771
"2009-01-19",19.6599998474121,20.3099994659424,18.8549995422363,19.0799999237061,2287452,10.074387550354
"2009-01-20",19.0200004577637,19.4850006103516,18.375,18.5349998474121,2967230,9.78662300109863
"2009-01-21",18.2049999237061,19.25,17.7999992370605,18.7800006866455,3700134,9.91598510742188
"2009-01-22",19,19.5450000762939,18.0100002288818,18.2999992370605,3735909,9.66254043579102
"2009-01-23",18.1049995422363,18.1749992370605,17.2150001525879,17.6100006103516,3899288,9.29821681976318
"2009-01-26",17.5,18.4799995422363,17.3950004577637,18.2099990844727,2738875,9.61502170562744
"2009-01-27",18.3700008392334,18.7999992370605,18.0799999237061,18.5750007629395,3274063,9.80774402618408
"2009-01-28",18.8700008392334,19.3850002288818,18.7399997711182,18.9799995422363,5214547,10.0215864181519
"2009-01-29",18.8899993896484,19.0900001525879,17.8799991607666,18.2999992370605,5951883,9.66254043579102
"2009-01-30",18.2549991607666,18.9050006866455,18.0599994659424,18.6100006103516,3368505,9.82622623443604
"2009-02-02",18.3099994659424,18.4799995422363,17.3950004577637,17.6100006103516,4149233,9.29821681976318
"2009-02-03",17.6499996185303,18.1550006866455,17.3400001525879,18.125,3953543,9.57014083862305
"2009-02-04",18.2000007629395,19.7900009155273,17.8349990844727,19.3700008392334,4844579,10.2275114059448
"2009-02-05",18.8400001525879,19.6049995422363,18.3199996948242,19.5949993133545,4184677,10.3463106155396
"2009-02-06",19.8999996185303,21.9300003051758,19.8950004577637,21.8649997711182,7709504,11.5448884963989
"2009-02-09",21.5,23.0300006866455,21.4650001525879,22.9099998474121,5130212,12.0966558456421
"2009-02-10",22.6049995422363,23.0750007629395,22.1800003051758,22.3099994659424,4963129,11.7798519134521
"2009-02-11",22.0100002288818,22.7150001525879,21.8400001525879,22.6100006103516,2681565,11.93825340271
"2009-02-12",22.4200000762939,22.9150009155273,21.9599990844727,22.7000007629395,3735094,11.9857778549194
"2009-02-13",22.9699993133545,23.9500007629395,22.8999996185303,23.7150001525879,4828980,12.5217018127441
"2009-02-16",23.5499992370605,24.5,23.25,23.3649997711182,3874275,12.3369016647339
"2009-02-17",23.0699996948242,23.1399993896484,21.6650009155273,21.9249992370605,4405770,11.5765676498413
"2009-02-18",21.9799995422363,22.0499992370605,21.2350006103516,21.5799999237061,3268041,11.3944063186646
"2009-02-19",21.75,22.1650009155273,21.1200008392334,22,3154424,11.6161689758301
"2009-02-20",21.4750003814697,21.7000007629395,20.8999996185303,21.3099994659424,4085103,11.2518453598022
"2009-02-23",21.4899997711182,21.8500003814697,19.7999992370605,20.1499996185303,3218297,10.6393556594849
"2009-02-24",19.6000003814697,19.7399997711182,18.2849998474121,19.2299995422363,4515108,10.1535873413086
"2009-02-25",19.6499996185303,20.2950000762939,19.1650009155273,19.8099994659424,3992503,10.4598321914673
"2009-02-26",19.9300003051758,20.7749996185303,19.75,20.3250007629395,3437525,10.7317571640015
"2009-02-27",19.9300003051758,20.1599998474121,19.1450004577637,19.75,2555534,10.4281520843506
"2009-03-02",19.2999992370605,19.7600002288818,18.7000007629395,19.1800003051758,2510281,10.1271905899048
"2009-03-03",19.2099990844727,19.625,18.6650009155273,19.0550003051758,2585630,10.0611877441406
"2009-03-04",19,20.9200000762939,18.8899993896484,20.8999996185303,4379366,11.0353603363037
"2009-03-05",20.6499996185303,20.7150001525879,19.2999992370605,19.3099994659424,3546395,10.1958265304565
"2009-03-06",19.1149997711182,20.4200000762939,18.9200000762939,19.8299999237061,4591027,10.4703931808472
"2009-03-09",19.7299995422363,20.3649997711182,19.4799995422363,20.1650009155273,2994898,10.647274017334
"2009-03-10",20.3150005340576,21.7800006866455,20.2549991607666,21.5349998474121,4125005,11.3706483840942
"2009-03-11",21.6000003814697,23.8700008392334,21.2700004577637,22.9349994659424,7427554,12.1098585128784
"2009-03-12",22.5699996948242,23.6450004577637,20.2450008392334,23.3950004577637,10265354,12.3527383804321
"2009-03-13",23.8999996185303,24.1499996185303,22.3199996948242,22.5699996948242,4522911,11.9171333312988
"2009-03-16",23,23.0499992370605,22.0799999237061,22.4750003814697,3706861,11.8669748306274
"2009-03-17",22.2800006866455,22.9599990844727,21.8050003051758,22.8500003814697,2855591,12.064977645874
"2009-03-18",23,23.3700008392334,21.8950004577637,22.3050003051758,3036680,11.7772121429443
"2009-03-19",22.4200000762939,23.1700000762939,21.5450000762939,21.8649997711182,5123063,11.5448884963989
"2009-03-20",21.5200004577637,22.25,21.4300003051758,21.9799995422363,5034956,11.6056098937988
"2009-03-23",22.6350002288818,23.3999996185303,22.0200004577637,22.6000003814697,2805854,11.932975769043
"2009-03-24",22.6749992370605,23.125,22.0100002288818,22.4150009155273,3662191,11.8352918624878
"2009-03-25",22.2049999237061,22.7999992370605,22.1000003814697,22.3400001525879,2280494,11.7956914901733
"2009-03-26",22.25,22.8150005340576,22.1700000762939,22.4599990844727,2169533,11.8590536117554
"2009-03-27",22.8150005340576,23.9300003051758,22.7099990844727,23.2600002288818,5420212,12.2814598083496
"2009-03-30",22.4899997711182,22.7099990844727,21.25,21.5200004577637,4346619,11.3627271652222
"2009-03-31",21.7099990844727,22.125,21.3250007629395,21.7900009155273,3719883,11.5052881240845
"2009-04-01",21.7600002288818,22.9799995422363,21.6399993896484,22.7450008392334,4068767,12.0095357894897
"2009-04-02",23.8799991607666,26.5400009155273,23.7999992370605,26.1200008392334,11180779,13.7915639877319
"2009-04-03",25.8999996185303,28.1000003814697,25.8649997711182,27.1200008392334,9088415,14.3195714950562
"2009-04-06",27.1650009155273,27.3500003814697,24.7600002288818,25.0149993896484,5745435,13.2081108093262
"2009-04-07",24.7000007629395,25,23.3649997711182,23.9099998474121,5628360,12.6246652603149
"2009-04-08",24,25.5100002288818,24,25.3850002288818,5099803,13.4034757614136
"2009-04-09",25.7450008392334,26.3600006103516,25.0300006866455,26.0200004577637,2713621,13.7387628555298
"2009-04-14",26.0100002288818,26.0349998474121,25.0799999237061,25.7450008392334,2844217,13.593560218811
"2009-04-15",25.2450008392334,26.0049991607666,25.2299995422363,25.7049999237061,1549862,13.572437286377
"2009-04-16",25.5799999237061,26.1299991607666,25.3349990844727,26.0300006866455,2384694,13.7440414428711
"2009-04-17",26,27.1800003051758,25.8950004577637,27.1800003051758,3803665,14.3512516021729
"2009-04-20",26.9150009155273,27.3449993133545,25.3600006103516,25.9200000762939,2783432,13.685959815979
"2009-04-21",26,26.1700000762939,24.8199996948242,25.8299999237061,2395292,13.6384372711182
"2009-04-22",25.8199996948242,26.3999996185303,25.375,26.2399997711182,3005400,13.8549194335938
"2009-04-23",25.8950004577637,26.8700008392334,25.5699996948242,26.2299995422363,3574545,13.8496398925781
"2009-04-24",26.3999996185303,27.3299999237061,26.1499996185303,27.2099990844727,2375360,14.3670854568481
"2009-04-27",26.9500007629395,27.4899997711182,26.5,27.1900005340576,2112451,14.3565320968628
"2009-04-28",26.8999996185303,26.9899997711182,25.1900005340576,25.9850006103516,3025843,13.7202796936035
"2009-04-29",26.3500003814697,26.8449993133545,26.0750007629395,26.75,1719547,14.1242074966431
"2009-04-30",27.2299995422363,27.6000003814697,26.25,26.25,3677625,13.8602018356323
"2009-05-04",26.5,27.1350002288818,26.2649993896484,26.8500003814697,1658221,14.1770086288452
"2009-05-05",26.7800006866455,27.9799995422363,26.7800006866455,27.4899997711182,2797703,14.5149326324463
"2009-05-06",28.1000003814697,29.5900001525879,28.1000003814697,28.1949996948242,4769219,14.8871774673462
"2009-05-07",28.8899993896484,29.3999996185303,27.6100006103516,27.7600002288818,2862508,14.6574954986572
"2009-05-08",28.2150001525879,28.2150001525879,26.3050003051758,26.6599998474121,4097484,14.0766868591309
"2009-05-11",26.5450000762939,26.7000007629395,25.4300003051758,25.4899997711182,2681537,13.4589157104492
"2009-05-12",25.2800006866455,26.0049991607666,24.5200004577637,24.9200000762939,3155532,13.1579504013062
"2009-05-13",25,25.3500003814697,23.7800006866455,23.8050003051758,2996381,12.5692234039307
"2009-05-14",23.7549991607666,24.7849998474121,23.5699996948242,24.7549991607666,4168408,13.0708312988281
"2009-05-15",24.7549991607666,24.9699993133545,24.0750007629395,24.6200008392334,4002358,13.1590194702148
"2009-05-18",24.5699996948242,25.3999996185303,24.3250007629395,25.3199996948242,2319719,13.5331592559814
"2009-05-19",25.5,26.9500007629395,25.5,26.25,3411856,14.0302314758301
"2009-05-20",26.5499992370605,26.8999996185303,25.8850002288818,26.0349998474121,2503457,13.9153184890747
"2009-05-21",25.8449993133545,26.1900005340576,25.3050003051758,25.3799991607666,1517042,13.5652294158936
"2009-05-22",25.3400001525879,25.6900005340576,24.8349990844727,25.0550003051758,1499928,13.3915214538574
"2009-05-25",25.3500003814697,25.3500003814697,24.4400005340576,24.8799991607666,946711,13.2979879379272
"2009-05-26",24.6800003051758,25.4750003814697,24.1599998474121,25.4099998474121,2332801,13.5812644958496
"2009-05-27",25.6550006866455,26.1900005340576,25.5200004577637,26.1650009155273,2743248,13.9848012924194
"2009-05-28",25.9200000762939,26.0650005340576,25,25.4050006866455,2711165,13.5785913467407
"2009-05-29",25.7000007629395,25.9249992370605,25.2700004577637,25.3950004577637,2453552,13.5732479095459
"2009-06-01",25.9549999237061,27.2900009155273,25.7999992370605,26.9200000762939,2622874,14.3883352279663
"2009-06-02",26.6200008392334,27.8199996948242,26.6000003814697,27.4799995422363,2811098,14.6876516342163
"2009-06-03",27.7299995422363,27.7299995422363,26.8299999237061,27.1049995422363,2046479,14.4872169494629
"2009-06-04",26.9500007629395,27.1900005340576,26.6200008392334,27.0900001525879,1552776,14.4791965484619
"2009-06-05",27.2600002288818,28.2099990844727,27.0750007629395,27.9899997711182,3782310,14.9602365493774
"2009-06-08",27.6499996185303,28.2600002288818,27.2099990844727,28.0400009155273,3431233,14.9869632720947
"2009-06-09",28.2800006866455,28.4349994659424,27.8099994659424,28.1550006866455,2993565,15.0484237670898
"2009-06-10",28.3150005340576,29.6000003814697,28.3150005340576,29.0049991607666,3023299,15.502739906311
"2009-06-11",28.8649997711182,29.5300006866455,28.7450008392334,29.3500003814697,1897861,15.6871347427368
"2009-06-12",29.2800006866455,29.3999996185303,28.9400005340576,29.2199993133545,1775765,15.6176490783691
"2009-06-15",28.9449996948242,29.1350002288818,27.75,27.9150009155273,2309490,14.9201488494873
"2009-06-16",28.1049995422363,28.1749992370605,27.3950004577637,27.7250003814697,2093210,14.8185997009277
"2009-06-17",27.6100006103516,27.8500003814697,26.8449993133545,27.1599998474121,3028009,14.5166139602661
"2009-06-18",27.1599998474121,27.7099990844727,26.9349994659424,27.2999992370605,3181008,14.59144115448
"2009-06-19",27.2099990844727,27.6700000762939,26.7299995422363,26.8950004577637,4490066,14.3749752044678
"2009-06-22",26.9099998474121,27.1299991607666,25.6650009155273,25.8050003051758,3320358,13.792387008667
"2009-06-23",25.5400009155273,26.3700008392334,25.4750003814697,26,2074482,13.8966102600098
"2009-06-24",26.1000003814697,26.7549991607666,25.8099994659424,26.7000007629395,1957055,14.2707500457764
"2009-06-25",26.5450000762939,26.8050003051758,25.9750003814697,26.5849990844727,2063357,14.209285736084
"2009-06-26",26.6000003814697,27.2000007629395,26.2999992370605,26.5300006866455,1347422,14.1798915863037
"2009-06-29",26.5499992370605,27.1599998474121,26.5300006866455,27.0849990844727,1302177,14.4765281677246
"2009-06-30",27.0849990844727,27.2099990844727,26.6000003814697,26.8400001525879,1789009,14.3455781936646
"2009-07-01",26.8999996185303,27.6499996185303,26.8999996185303,27.5249996185303,1335329,14.7117004394531
"2009-07-02",27.3899993896484,27.5300006866455,26.5349998474121,26.5900001525879,2255515,14.2119588851929
"2009-07-03",26.7099990844727,26.8700008392334,26.2649993896484,26.4449996948242,1042457,14.1344537734985
"2009-07-06",26.0499992370605,26.1000003814697,25.3700008392334,25.6299991607666,1766308,13.6988506317139
"2009-07-07",25.7900009155273,26.1399993896484,25.3999996185303,25.4799995422363,2001658,13.6186790466309
"2009-07-08",25.3999996185303,25.6200008392334,24.9650001525879,25.0450000762939,2879550,13.3861808776855
"2009-07-09",25.3199996948242,26.1800003051758,25.1499996185303,25.6000003814697,2573503,13.6828174591064
"2009-07-10",25.4400005340576,26.5499992370605,25.3050003051758,25.8299999237061,1532669,13.8057470321655
"2009-07-13",25.6499996185303,26.6800003051758,25.4950008392334,26.6800003051758,1577627,14.2600603103638
"2009-07-14",27,28.2199993133545,26.7350006103516,28.0900001525879,4094491,15.0136852264404
"2009-07-15",28.2999992370605,28.7950000762939,28.2150001525879,28.6299991607666,3195900,15.3023042678833
"2009-07-16",28.7950000762939,28.9249992370605,28.1749992370605,28.5,2299018,15.2328214645386
"2009-07-17",28.7350006103516,29.4899997711182,28.7049999237061,29.2649993896484,2678103,15.6417055130005
"2009-07-20",29.4050006866455,29.5,28.6000003814697,28.7700004577637,2309027,15.3771333694458
"2009-07-21",28.8899993896484,30.1049995422363,28.7199993133545,30.0599994659424,2594465,16.0666198730469
"2009-07-22",29.9549999237061,30.2049999237061,29.3400001525879,30.0400009155273,1935987,16.0559310913086
"2009-07-23",29.9500007629395,30.6800003051758,29.5750007629395,30.5799999237061,1878114,16.3445529937744
"2009-07-24",30.5,31.1800003051758,30.3099994659424,30.8600006103516,1731073,16.4942073822021
"2009-07-27",31.2700004577637,31.2800006866455,30.1000003814697,30.5400009155273,2094411,16.3231716156006
"2009-07-28",30.6900005340576,31.1849994659424,30.2849998474121,30.3950004577637,1444895,16.2456741333008
"2009-07-29",30.5799999237061,31.7450008392334,30.4099998474121,31.4050006866455,2307144,16.7855033874512
"2009-07-30",31.7150001525879,32.4449996948242,31.0900001525879,32.060001373291,1847057,17.1355934143066
"2009-07-31",31.8250007629395,32.6800003051758,31.7849998474121,32.4300003051758,1954962,17.3333492279053
"2009-08-03",32.0200004577637,33.1100006103516,31.8999996185303,32.9150009155273,2395698,17.5925769805908
"2009-08-04",33.0999984741211,33.0999984741211,31.1650009155273,32.3549995422363,3096621,17.2932624816895
"2009-08-05",32.3050003051758,32.4500007629395,31.3950004577637,31.6700000762939,1932597,16.9271411895752
"2009-08-06",31.4500007629395,32.125,31.0149993896484,31.3999996185303,1568095,16.7828273773193
"2009-08-07",31.4599990844727,31.9300003051758,30.8649997711182,31.5200004577637,2540890,16.8469696044922
"2009-08-10",31.2000007629395,31.9799995422363,30.8999996185303,31.6949996948242,1842136,16.9405040740967
"2009-08-11",31.6599998474121,32.2350006103516,30.7000007629395,30.8349990844727,2407170,16.480842590332
"2009-08-12",30.6599998474121,31.5900001525879,30.4650001525879,31.3899993896484,1465042,16.7774848937988
"2009-08-13",31.3099994659424,32.6500015258789,31,32.5,2574151,17.3707618713379
"2009-08-14",32.4000015258789,33.0200004577637,31.8999996185303,32.0149993896484,1821043,17.1115379333496
"2009-08-17",31.7350006103516,31.8700008392334,31.0200004577637,31.2950000762939,1690095,16.7267074584961
"2009-08-18",31.3199996948242,31.7999992370605,31.0349998474121,31.3099994659424,1331693,16.7347278594971
"2009-08-19",31.0100002288818,31.4599990844727,30.5149993896484,31.3250007629395,1667935,16.7427444458008
"2009-08-20",31.7999992370605,32.2200012207031,31.6100006103516,31.9300003051758,1571683,17.0661087036133
"2009-08-21",31.6499996185303,32.7000007629395,31.6499996185303,32.5349998474121,2010773,17.3894691467285
"2009-08-24",32.7299995422363,32.7949981689453,32.1100006103516,32.2949981689453,1346451,17.261194229126
"2009-08-25",32.060001373291,32.7900009155273,32.0499992370605,32.439998626709,1130608,17.3386936187744
"2009-08-26",32.1650009155273,32.8899993896484,32.1650009155273,32.6100006103516,1190094,17.4295539855957
"2009-08-27",32.4449996948242,32.8600006103516,31.4200000762939,31.6749992370605,1666941,16.9298133850098
"2009-08-28",32.0900001525879,32.2999992370605,31.7800006866455,32.0400009155273,1223019,17.1249008178711
"2009-08-31",31.6949996948242,31.8799991607666,31.4400005340576,31.7749996185303,1203698,16.9832611083984
"2009-09-01",31.9249992370605,32.3199996948242,30.8150005340576,30.9799995422363,1982382,16.5583477020264
"2009-09-02",30.8299999237061,30.9599990844727,29.9099998474121,30.4750003814697,2133697,16.2884311676025
"2009-09-03",30.5949993133545,30.7450008392334,30.0450000762939,30.1499996185303,1733464,16.1147232055664
"2009-09-04",30.2999992370605,31.7999992370605,30.2999992370605,31.7299995422363,2993443,16.9592113494873
"2009-09-07",31.8850002288818,32.4249992370605,31.5650005340576,32.314998626709,1236017,17.2718830108643
"2009-09-08",32.3050003051758,32.5550003051758,31.7649993896484,31.9950008392334,1451761,17.1008472442627
"2009-09-09",32.5999984741211,34.6100006103516,32.5999984741211,34.4700012207031,6051102,18.4237003326416
"2009-09-10",34.7299995422363,34.7900009155273,34.0299987792969,34.2649993896484,3128368,18.3141288757324
"2009-09-11",34.1500015258789,34.6500015258789,33.8600006103516,34.4449996948242,2166255,18.4103355407715
"2009-09-14",34,35.2999992370605,33.9949989318848,35.0200004577637,3876327,18.7176647186279
"2009-09-15",35.2000007629395,35.2000007629395,34.3450012207031,34.75,2573991,18.5733528137207
"2009-09-16",34.8300018310547,35.6599998474121,34.5999984741211,34.9500007629395,2169102,18.6802520751953
"2009-09-17",35.25,35.375,34.0950012207031,34.2150001525879,2489618,18.2874069213867
"2009-09-18",34.2400016784668,34.3950004577637,33.7449989318848,33.810001373291,6313899,18.0709362030029
"2009-09-21",33.6599998474121,34.4099998474121,33.560001373291,34.2900009155273,2712440,18.3274936676025
"2009-09-22",34.439998626709,34.9449996948242,34.1599998474121,34.7200012207031,1900534,18.5573196411133
"2009-09-23",34.6399993896484,35.0699996948242,33.7700004577637,33.9500007629395,2155283,18.1457672119141
"2009-09-24",33.7799987792969,34.5200004577637,33.4749984741211,33.7900009155273,1833247,18.0602493286133
"2009-09-25",33.689998626709,34.2200012207031,33.5,33.5,1859888,17.9052486419678
"2009-09-28",33.5099983215332,34.1199989318848,33.064998626709,34.0349998474121,2134282,18.191198348999
"2009-09-29",34.2099990844727,34.4000015258789,33.6150016784668,33.6800003051758,1852623,18.0014553070068
"2009-09-30",33.6199989318848,33.814998626709,32.6100006103516,32.9500007629395,3432092,17.6112804412842
"2009-10-01",33.0800018310547,33.2900009155273,32.4000015258789,32.4099998474121,2161056,17.3226585388184
"2009-10-02",32.0999984741211,32.5349998474121,31.6000003814697,31.8299999237061,3269434,17.0126571655273
"2009-10-05",31.6200008392334,31.8799991607666,31.2049999237061,31.7749996185303,2434929,16.9832611083984
"2009-10-06",31.8199996948242,32.5400009155273,31.6100006103516,32.3950004577637,2344319,17.3146419525146
"2009-10-07",32.25,32.5950012207031,31.5699996948242,32.1500015258789,2500984,17.1836910247803
"2009-10-08",32.689998626709,33.0550003051758,32.25,33.0550003051758,2441905,17.6674022674561
"2009-10-09",32.8050003051758,33.5800018310547,32.6199989318848,32.8400001525879,1925910,17.5524864196777
"2009-10-12",33.1549987792969,33.7750015258789,33,33.5299987792969,1720987,17.9212837219238
"2009-10-13",33.560001373291,33.9949989318848,32.9500007629395,33.1949996948242,1563858,17.7422275543213
"2009-10-14",33.3699989318848,34.1349983215332,33.3699989318848,34.0349998474121,2180526,18.191198348999
"2009-10-15",34.1500015258789,34.2999992370605,33.564998626709,33.5800018310547,2276030,17.9480075836182
"2009-10-16",33.7900009155273,34.1800003051758,33.1500015258789,33.25,2322691,17.7716274261475
"2009-10-19",33.5750007629395,34.7099990844727,33.4749984741211,34.6650009155273,2686269,18.5279235839844
"2009-10-20",34.8950004577637,35.4150009155273,34.3899993896484,35.0999984741211,3494992,18.7604236602783
"2009-10-21",35,35.810001373291,34.5099983215332,35.5900001525879,3318612,19.0223217010498
"2009-10-22",35.185001373291,35.7000007629395,34.75,35.560001373291,2375567,19.0062866210938
"2009-10-23",35.7900009155273,36.4000015258789,35.4300003051758,35.939998626709,2961390,19.2093906402588
"2009-10-26",36.060001373291,36.4749984741211,35.4599990844727,35.6049995422363,2759655,19.0303401947021
"2009-10-27",35.8499984741211,35.9199981689453,34.4599990844727,34.4650001525879,3685292,18.4210262298584
"2009-10-28",34.1100006103516,34.3450012207031,32.7999992370605,33.125,4256704,17.70481300354
"2009-10-29",32.7799987792969,34.3450012207031,32.6049995422363,33.9300003051758,3594390,18.1350765228271
"2009-10-30",34.0699996948242,34.2999992370605,32.9799995422363,33.2949981689453,2178184,17.7956790924072
"2009-11-02",33.1300010681152,33.9150009155273,32.939998626709,33.6049995422363,2227727,17.961368560791
"2009-11-03",31.8999996185303,32.5499992370605,30.9200000762939,31.5,6945280,16.8362770080566
"2009-11-04",32,32.439998626709,31.7199993133545,32.2849998474121,4212558,17.2558460235596
"2009-11-05",31.7900009155273,33.0400009155273,31.6650009155273,32.7799987792969,3548055,17.5204162597656
"2009-11-06",32.6500015258789,33.2849998474121,32.3400001525879,33.0699996948242,2497487,17.6754207611084
"2009-11-09",33.1500015258789,33.5,33.0299987792969,33.4500007629395,1505502,17.8785228729248
"2009-11-10",33.2000007629395,33.439998626709,32.5999984741211,32.7000007629395,3353010,17.4776592254639
"2009-11-11",32.9000015258789,33.2099990844727,32.814998626709,33.0099983215332,2110064,17.6433506011963
"2009-11-12",33.1199989318848,33.5999984741211,32.9199981689453,33.185001373291,1995773,17.7368831634521
"2009-11-13",33.1150016784668,33.6300010681152,32.8499984741211,33.4650001525879,1932878,17.8865413665771
"2009-11-16",33.5950012207031,34.7700004577637,33.5550003051758,34.5900001525879,2430350,18.4878330230713
"2009-11-17",34.4049987792969,34.8199996948242,33.7750015258789,33.8800010681152,1796335,18.1083545684814
"2009-11-18",34.060001373291,34.4550018310547,33.8250007629395,33.8899993896484,1277141,18.113697052002
"2009-11-19",33.9199981689453,33.9599990844727,33.0499992370605,33.2000007629395,1985541,17.7449016571045
"2009-11-20",33.4000015258789,33.4749984741211,32.5999984741211,32.7599983215332,2582413,17.5097255706787
"2009-11-23",32.375,33.3450012207031,32.2750015258789,32.7949981689453,2675302,17.528434753418
"2009-11-24",32.5,33.1300010681152,32.2999992370605,32.3250007629395,2553099,17.2772274017334
"2009-11-25",32.4199981689453,32.8250007629395,31.7649993896484,32.1599998474121,3048081,17.1890392303467
"2009-11-26",31.8600006103516,31.9349994659424,31.1100006103516,31.2999992370605,2346127,16.7293796539307
"2009-11-27",30.8299999237061,32.3499984741211,30.4899997711182,32.2799987792969,2379655,17.2531776428223
"2009-11-30",32.0299987792969,32.2999992370605,31.1599998474121,31.4249992370605,2558318,16.7961902618408
"2009-12-01",31.7000007629395,32.439998626709,31.6900005340576,32.125,2261765,17.1703319549561
"2009-12-02",32.1800003051758,32.2000007629395,31.25,31.6550006866455,2944612,16.9191226959229
"2009-12-03",32.1650009155273,32.5900001525879,32,32.1949996948242,2435830,17.2077445983887
"2009-12-04",31.9549999237061,33.0999984741211,31.9500007629395,32.75,2401770,17.5043830871582
"2009-12-07",32.8549995422363,32.9500007629395,32.3800010681152,32.6100006103516,1731021,17.4295539855957
"2009-12-08",32.8499984741211,33,32.0050010681152,32.2200012207031,2288277,17.2211112976074
"2009-12-09",32.2200012207031,32.4150009155273,31.4599990844727,31.6949996948242,1727721,16.9405040740967
"2009-12-10",31.7999992370605,32.1949996948242,31.5249996185303,31.6550006866455,1725306,16.9191226959229
"2009-12-11",31.8400001525879,32.2599983215332,31.7199993133545,31.7199993133545,1733509,16.9538650512695
"2009-12-14",32,32.2200012207031,31.5100002288818,31.5949993133545,2017298,16.8870544433594
"2009-12-15",31.8500003814697,32,31.3700008392334,31.5900001525879,1572901,16.8843841552734
"2009-12-16",31.7800006866455,32.4199981689453,31.6499996185303,32.1949996948242,2176771,17.2077445983887
"2009-12-17",32.064998626709,32.5800018310547,32.0200004577637,32.3400001525879,1915655,17.2852458953857
"2009-12-18",32.2400016784668,32.3450012207031,31.8050003051758,31.9449996948242,3483688,17.0741214752197
"2009-12-21",32.0999984741211,32.1749992370605,31.3500003814697,31.8150005340576,1827183,17.0046405792236
"2009-12-22",31.9599990844727,32.2849998474121,31.8700008392334,32.1599998474121,1230419,17.1890392303467
"2009-12-23",32.2150001525879,32.3400001525879,31.9300003051758,32.1199989318848,1053478,17.1676616668701
"2009-12-28",32.3600006103516,32.4650001525879,31.75,31.7999992370605,846138,16.9966220855713
"2009-12-29",31.9500007629395,32.0499992370605,31.6149997711182,32.0499992370605,994436,17.1302452087402
"2009-12-30",31.9500007629395,32.1699981689453,31.7199993133545,31.7999992370605,623451,16.9966220855713
"2010-01-04",31.8199996948242,32.4550018310547,31.8199996948242,32.0499992370605,1808170,17.1302452087402
"2010-01-05",31.9599990844727,32.4099998474121,31.7849998474121,32.310001373291,1564182,17.269214630127
"2010-01-06",32.4500007629395,33.0400009155273,32.3600006103516,32.810001373291,2218604,17.5364532470703
"2010-01-07",32.6500015258789,33.2000007629395,32.3800010681152,33.0999984741211,2026145,17.6914539337158
"2010-01-08",33.3349990844727,33.4300003051758,32.5149993896484,32.6549987792969,1925894,17.4536075592041
"2010-01-11",32.9949989318848,33.0499992370605,32.1100006103516,32.1699981689453,2157825,17.1943798065186
"2010-01-12",32.2550010681152,32.2599983215332,31.1000003814697,31.2350006103516,3181836,16.6946392059326
"2010-01-13",31.0349998474121,31.5249996185303,31.0100002288818,31.4249992370605,2260311,16.7961902618408
"2010-01-14",31.6100006103516,32.1800003051758,31.5,31.8899993896484,2820510,17.0447273254395
"2010-01-15",32.0499992370605,32.1300010681152,31.3649997711182,31.6299991607666,2749408,16.90576171875
"2010-01-18",31.8199996948242,32.1199989318848,31.4300003051758,32.0999984741211,1491142,17.1569671630859
"2010-01-19",32.3300018310547,32.4500007629395,31.6450004577637,32.4300003051758,2637665,17.3333492279053
"2010-01-20",32.2999992370605,32.3899993896484,31.6650009155273,31.7999992370605,2544577,16.9966220855713
"2010-01-21",32,32.189998626709,31.1550006866455,31.1550006866455,3245845,16.6518802642822
"2010-01-22",31.1399993896484,31.3700008392334,30.3150005340576,30.7000007629395,3337230,16.40869140625
"2010-01-25",30.3099994659424,30.7900009155273,30.0499992370605,30.1399993896484,1893425,16.1093769073486
"2010-01-26",30,30.5300006866455,29.3999996185303,30.2549991607666,2930841,16.1708431243896
"2010-01-27",29.9300003051758,30.1399993896484,29.3799991607666,29.5900001525879,2995119,15.815411567688
"2010-01-28",29.9500007629395,30.2849998474121,29.4850006103516,29.5499992370605,4794578,15.7940320968628
"2010-01-29",29.8999996185303,31.2950000762939,29.8549995422363,30.9599990844727,4908091,16.5476570129395
"2010-02-01",30.6900005340576,31.3099994659424,30.5599994659424,31.0650005340576,2392304,16.6037769317627
"2010-02-02",31.0499992370605,31.2800006866455,30.5750007629395,31.1749992370605,2398928,16.6625709533691
"2010-02-03",31.2800006866455,31.7749996185303,31.0149993896484,31.2250003814697,2343686,16.6892929077148
"2010-02-04",31.3150005340576,31.5300006866455,30.2099990844727,30.3349990844727,2473082,16.2136039733887
"2010-02-05",30.2450008392334,30.2849998474121,29.4349994659424,29.9200000762939,3436881,15.991792678833
"2010-02-08",29.9950008392334,30.4500007629395,29.3349990844727,29.6100006103516,3359803,15.8261022567749
"2010-02-09",29.7549991607666,30.0699996948242,29.3500003814697,29.625,2235562,15.8341178894043
"2010-02-10",29.8899993896484,30.1200008392334,29.5499992370605,29.6650009155273,2197514,15.8554973602295
"2010-02-11",29.8050003051758,29.8700008392334,29.0200004577637,29.4899997711182,3076313,15.761962890625
"2010-02-12",29.5900001525879,29.8449993133545,28.2800006866455,29,3832336,15.5000658035278
"2010-02-15",29,29.2900009155273,28.4599990844727,28.6499996185303,2088003,15.3129978179932
"2010-02-16",28.8999996185303,29.4500007629395,28.6000003814697,29.4050006866455,2560619,15.7165327072144
"2010-02-17",29.6800003051758,29.7749996185303,29.3500003814697,29.6149997711182,2157337,15.8287744522095
"2010-02-18",29.5799999237061,29.7649993896484,28.4549999237061,29.4150009155273,4277152,15.7218751907349
"2010-02-19",29.2199993133545,30.4349994659424,29.0100002288818,30.4349994659424,3241132,16.2670516967773
"2010-02-22",30.6450004577637,30.6650009155273,30.0599994659424,30.2600002288818,2163162,16.1735172271729
"2010-02-23",30.3500003814697,30.5249996185303,29.5349998474121,29.6900005340576,2331493,15.8688621520996
"2010-02-24",29.7900009155273,29.8700008392334,29.1800003051758,29.4850006103516,2161768,15.7592906951904
"2010-02-25",29.2450008392334,29.8150005340576,29.0550003051758,29.375,2173803,15.700496673584
"2010-02-26",29.6949996948242,30,29.5499992370605,29.7849998474121,2098213,15.9196329116821
"2010-03-01",30.2049999237061,30.5750007629395,29.9500007629395,30.4449996948242,1927504,16.2723941802979
"2010-03-02",30.5699996948242,31.4699993133545,30.4850006103516,31.3400001525879,2630272,16.7507610321045
"2010-03-03",31.3999996185303,31.7600002288818,31.0799999237061,31.6499996185303,1971953,16.9164485931396
"2010-03-04",31.5,31.7999992370605,31.3449993133545,31.5599994659424,1842357,16.8683471679688
"2010-03-05",31.6299991607666,32.4500007629395,31.6299991607666,32.3650016784668,2465696,17.2986087799072
"2010-03-08",32.4049987792969,32.5400009155273,31.8099994659424,31.9899997711182,2206491,17.0981769561768
"2010-03-09",31.8349990844727,32.2900009155273,31.5750007629395,32.1300010681152,2367379,17.1730079650879
"2010-03-10",32.060001373291,32.3300018310547,31.8099994659424,32.2649993896484,2312507,17.2451591491699
"2010-03-11",32.1650009155273,33.2550010681152,32.1599998474121,32.689998626709,4103340,17.4723129272461
"2010-03-12",32.8499984741211,32.939998626709,32.435001373291,32.5400009155273,1901660,17.3921432495117
"2010-03-15",32.6199989318848,32.9150009155273,32.5400009155273,32.6399993896484,1691864,17.4455909729004
"2010-03-16",32.7750015258789,32.9650001525879,32.5499992370605,32.7550010681152,1592199,17.50705909729
"2010-03-17",32.8300018310547,33.0400009155273,32.4500007629395,32.4700012207031,2630644,17.3547286987305
"2010-03-18",32.4300003051758,32.560001373291,31.9799995422363,32.1049995422363,2789460,17.1596412658691
"2010-03-19",32.4249992370605,32.4900016784668,32.0200004577637,32.060001373291,4417910,17.1355934143066
"2010-03-22",31.9200000762939,32.6549987792969,31.8700008392334,32.5,3021932,17.3707618713379
"2010-03-23",32.6949996948242,33.4449996948242,32.6100006103516,33.1500015258789,4092777,17.7181816101074
"2010-03-24",33.3300018310547,33.5050010681152,32.9199981689453,33.375,2363979,17.838436126709
"2010-03-25",33.5,34.0950012207031,33.4949989318848,34.0400009155273,2624975,18.1938724517822
"2010-03-26",33.9449996948242,34.3450012207031,33.8050003051758,34.2000007629395,2849826,18.279390335083
"2010-03-29",34.4049987792969,34.7299995422363,34.0050010681152,34.1150016784668,2104449,18.2339572906494
"2010-03-30",34.2649993896484,34.4300003051758,33.7099990844727,33.7849998474121,1781874,18.0575752258301
"2010-03-31",33.8800010681152,34.2900009155273,33.7799987792969,34.1800003051758,2505019,18.2686958312988
"2010-04-01",35.1100006103516,35.4900016784668,34.9700012207031,35.1549987792969,3985778,18.7898197174072
"2010-04-06",35.4000015258789,35.4500007629395,35.1549987792969,35.4099998474121,2823141,18.9261131286621
"2010-04-07",35.3400001525879,35.4099998474121,34.7700004577637,34.7999992370605,2156558,18.6000785827637
"2010-04-08",34.7999992370605,35.0550003051758,34.439998626709,34.5299987792969,2398002,18.4557666778564
"2010-04-09",34.8849983215332,35.0499992370605,34.6399993896484,34.8600006103516,1429403,18.6321487426758
"2010-04-12",35.25,35.3899993896484,34.9850006103516,35.1199989318848,1758587,18.7711124420166
"2010-04-13",35.060001373291,35.3849983215332,34.8800010681152,35.3499984741211,2266579,18.8940448760986
"2010-04-14",35.060001373291,35.5849990844727,34.8800010681152,35.5149993896484,2856435,18.982234954834
"2010-04-15",35.5900001525879,35.6100006103516,35.0900001525879,35.3300018310547,2295534,18.883358001709
"2010-04-16",35.1549987792969,36.1949996948242,35.1500015258789,35.560001373291,4085667,19.0062866210938
"2010-04-19",35.4500007629395,35.7849998474121,35.1049995422363,35.310001373291,1896120,18.8726654052734
"2010-04-20",36.560001373291,37.0750007629395,36.4099998474121,36.7949981689453,4193208,19.6663761138916
"2010-04-21",36.75,36.9949989318848,36.3699989318848,36.5800018310547,2683826,19.5514621734619
"2010-04-22",36.6300010681152,37.1150016784668,35.9300003051758,36.25,2762554,19.3750839233398
"2010-04-23",36.5999984741211,37.4000015258789,36.3349990844727,37.2799987792969,2459043,19.9256019592285
"2010-04-26",37.5999984741211,37.8549995422363,37.2599983215332,37.8199996948242,1791218,20.2142219543457
"2010-04-27",37.8499984741211,37.9599990844727,37.060001373291,37.060001373291,3196634,19.8080177307129
"2010-04-28",36.7999992370605,37.2799987792969,36.1399993896484,36.7900009155273,3939605,19.6637077331543
"2010-04-29",36.7000007629395,36.9049987792969,36.185001373291,36.7750015258789,2643682,19.6556873321533
"2010-04-30",36.8349990844727,37.6199989318848,36.7000007629395,37.1300010681152,2191017,19.8454303741455
"2010-05-03",37.0800018310547,37.5,36.7200012207031,37.3800010681152,1184196,19.9790515899658
"2010-05-04",37.5050010681152,37.564998626709,35.3800010681152,35.8400001525879,3500538,19.1559410095215
"2010-05-05",36.6100006103516,36.6199989318848,35.4199981689453,35.9799995422363,3411471,19.2307682037354
"2010-05-06",35.4500007629395,37.3800010681152,35.4500007629395,36.4199981689453,4517281,19.4659461975098
"2010-05-07",35.7799987792969,36.9049987792969,35.0499992370605,35.4799995422363,6723404,18.9635257720947
"2010-05-10",36.2299995422363,37.7400016784668,36.2000007629395,37.6800003051758,5326535,20.1393966674805
"2010-05-11",36.8699989318848,38.1949996948242,36.7299995422363,38.1800003051758,4071608,20.4066410064697
"2010-05-12",37.9700012207031,39.3499984741211,37.7350006103516,39,4120677,20.8449172973633
"2010-05-13",39.3499984741211,40.064998626709,39.1549987792969,39.5200004577637,3335344,21.1228504180908
"2010-05-14",39.4150009155273,39.8800010681152,38.4599990844727,38.6199989318848,4142366,20.641809463501
"2010-05-17",38.3800010681152,39.5900001525879,38.25,38.7150001525879,3498406,20.6925888061523
"2010-05-18",39.0999984741211,39.6500015258789,38.8950004577637,39.6500015258789,3213427,21.1923294067383
"2010-05-19",38.1500015258789,38.7000007629395,36.9749984741211,37,6910234,19.9267139434814
"2010-05-20",37.4449996948242,37.5499992370605,35.4300003051758,36.1800003051758,4993332,19.4850978851318
"2010-05-21",36.2000007629395,36.5699996948242,35.2799987792969,36.0250015258789,4982594,19.4016208648682
"2010-05-24",36.2999992370605,36.3849983215332,35.4099998474121,36.1399993896484,2408977,19.4635543823242
"2010-05-25",35.560001373291,35.6699981689453,34.6399993896484,35.2900009155273,4150248,19.0057792663574
"2010-05-26",35.7999992370605,36.3199996948242,35.5,35.7599983215332,2882400,19.258903503418
"2010-05-27",36.2999992370605,37.3300018310547,36.0550003051758,37.2050018310547,2629638,20.0371208190918
"2010-05-28",37.4199981689453,37.8849983215332,37.0200004577637,37.6749992370605,1987186,20.2902412414551
"2010-05-31",37.5699996948242,38.0900001525879,37.4900016784668,37.9650001525879,738797,20.4464263916016
"2010-06-01",37.9599990844727,38.3800010681152,36.9799995422363,38.064998626709,2471029,20.500280380249
"2010-06-02",37.7999992370605,38.4550018310547,37.3699989318848,38.4550018310547,2174924,20.7103233337402
"2010-06-03",39.2400016784668,39.5499992370605,38.9449996948242,39.2200012207031,2429831,21.1223220825195
"2010-06-04",39.3499984741211,39.4000015258789,37.8199996948242,38.1049995422363,3216762,20.5218238830566
"2010-06-07",37.4000015258789,38.5499992370605,37.4000015258789,38.2350006103516,2410156,20.5918369293213
"2010-06-08",38.3300018310547,38.5449981689453,37.310001373291,37.6800003051758,2654521,20.2929382324219
"2010-06-09",37.8499984741211,38.9799995422363,37.7599983215332,38.9099998474121,2125625,20.9553623199463
"2010-06-10",38.8499984741211,40.9199981689453,38.6800003051758,40.6549987792969,4243400,21.8951530456543
"2010-06-11",40.9500007629395,41.2700004577637,39.7150001525879,40.0849990844727,2650947,21.588171005249
"2010-06-14",40.5900001525879,40.8499984741211,39.564998626709,39.7550010681152,3005447,21.4104499816895
"2010-06-15",39.3499984741211,40.0499992370605,39.3400001525879,39.8450012207031,2071220,21.4589195251465
"2010-06-16",40.1800003051758,40.4099998474121,38.7999992370605,39.0299987792969,3164118,21.0199909210205
"2010-06-17",38.9099998474121,39.9550018310547,38.7350006103516,39.7000007629395,2322052,21.3808269500732
"2010-06-18",39.8499984741211,40.8699989318848,39.8199996948242,40.7050018310547,4596807,21.922082901001
"2010-06-21",41.7000007629395,42.3250007629395,41.4300003051758,41.7999992370605,3087797,22.5117988586426
"2010-06-22",41.5499992370605,41.8849983215332,41.060001373291,41.5149993896484,2050444,22.3583106994629
"2010-06-23",41.1100006103516,42.0149993896484,41.0699996948242,41.4850006103516,2218170,22.3421573638916
"2010-06-24",41.9749984741211,42.189998626709,41.25,41.3600006103516,2920482,22.2748374938965
"2010-06-25",41.3600006103516,41.3800010681152,40.2200012207031,40.3600006103516,2935228,21.7362785339355
"2010-06-28",40.6599998474121,41.6399993896484,40.3600006103516,41.2599983215332,2537765,22.2209796905518
"2010-06-29",40.8400001525879,40.8849983215332,39.8650016784668,39.9000015258789,2152706,21.4885368347168
"2010-06-30",40.0950012207031,40.6100006103516,39.7999992370605,40.064998626709,2504803,21.5773983001709
"2010-07-01",39.560001373291,39.560001373291,38.0800018310547,38.2000007629395,3890777,20.5729885101318
"2010-07-02",38.8300018310547,39.2000007629395,37.7949981689453,37.8849983215332,2849023,20.403341293335
"2010-07-05",38.0999984741211,38.5299987792969,37.9099998474121,38.1100006103516,1294605,20.5245170593262
"2010-07-06",38.2949981689453,39.2700004577637,38.2949981689453,39,1825517,21.0038356781006
"2010-07-07",38.7000007629395,39.8699989318848,38.6150016784668,39.75,2640764,21.4077548980713
"2010-07-08",39.6199989318848,39.9749984741211,38.8650016784668,38.9099998474121,3162224,20.9553623199463
"2010-07-09",39.2999992370605,39.3899993896484,38.6049995422363,39.1500015258789,2305584,21.0846195220947
"2010-07-12",39.2999992370605,39.2999992370605,38.8650016784668,38.9049987792969,1377886,20.9526710510254
"2010-07-13",39,42.1399993896484,39,42.1300010681152,7966100,22.6895294189453
"2010-07-14",42.4199981689453,42.7050018310547,40.9900016784668,41.5449981689453,5267683,22.3744716644287
"2010-07-15",41.75,42.939998626709,41.3600006103516,42.2599983215332,4938556,22.75954246521
"2010-07-16",42.2599983215332,43.2949981689453,41.7999992370605,42.1500015258789,3863548,22.7002964019775
"2010-07-19",41.8499984741211,42.0900001525879,41.1699981689453,41.3549995422363,2146857,22.2721424102783
"2010-07-20",42,42.1199989318848,40.5950012207031,41.0699996948242,2504088,22.1186542510986
"2010-07-21",41.2999992370605,41.7999992370605,40.6100006103516,40.9199981689453,2125655,22.0378665924072
"2010-07-22",40.8349990844727,42.3499984741211,40.7900009155273,41.9650001525879,2283699,22.6006679534912
"2010-07-23",41.9500007629395,42.2350006103516,41.5750007629395,41.9900016784668,1841633,22.6141300201416
"2010-07-26",42.1699981689453,42.2900009155273,41.6100006103516,42.1100006103516,1792961,22.6787586212158
"2010-07-27",42.2449989318848,42.4900016784668,41.2099990844727,41.5,2715157,22.3502388000488
"2010-07-28",41.6800003051758,41.8800010681152,40.4099998474121,40.7200012207031,2398214,21.9301567077637
"2010-07-29",40.7700004577637,41.2150001525879,40.3950004577637,40.7150001525879,1836693,21.9274654388428
"2010-07-30",40.439998626709,41.4000015258789,39.9550018310547,41.310001373291,2294551,22.2479133605957
"2010-08-02",41.4599990844727,42.0099983215332,41.0200004577637,41.8699989318848,1870081,22.5495014190674
"2010-08-03",42.75,44.0449981689453,42.75,43.1599998474121,5021385,23.2442436218262
"2010-08-04",43.1399993896484,43.8300018310547,42.4900016784668,43.6800003051758,3052287,23.5242938995361
"2010-08-05",43.685001373291,44.9949989318848,43.4749984741211,44.5149993896484,3169618,23.973991394043
"2010-08-06",44.9000015258789,45.3800010681152,43.7200012207031,43.9000015258789,3207298,23.6427841186523
"2010-08-09",44.4900016784668,44.5999984741211,43.9749984741211,44.3050003051758,1443586,23.8608989715576
"2010-08-10",44.3499984741211,44.4000015258789,43.1450004577637,43.3450012207031,2134409,23.343879699707
"2010-08-11",43.0499992370605,43.0800018310547,42.3300018310547,42.3950004577637,1610870,22.8322429656982
"2010-08-12",42.2999992370605,42.9150009155273,40.7849998474121,41.9000015258789,3412914,22.5656585693359
"2010-08-13",42.0200004577637,42.2249984741211,41.2849998474121,41.8849983215332,2245662,22.5575771331787
"2010-08-16",42.0849990844727,42.2949981689453,41.3950004577637,41.810001373291,1406962,22.5171852111816
"2010-08-17",41.810001373291,43.0999984741211,41.7400016784668,43.0999984741211,3108515,23.2119255065918
"2010-08-18",43.0200004577637,43.5900001525879,42.7649993896484,43.5,2090243,23.4273548126221
"2010-08-19",43.6800003051758,44.0699996948242,42.6599998474121,42.8400001525879,2651955,23.071907043457
"2010-08-20",42.8400001525879,42.9199981689453,41.7449989318848,41.8699989318848,2253678,22.5495014190674
"2010-08-23",42,42.310001373291,41.5950012207031,41.8600006103516,1441990,22.5441188812256
"2010-08-24",41.560001373291,41.7599983215332,41.0999984741211,41.5200004577637,1542276,22.3610076904297
"2010-08-25",41.2249984741211,41.9700012207031,40.8300018310547,41.435001373291,2596844,22.3152275085449
"2010-08-26",41.560001373291,41.9599990844727,41.3499984741211,41.685001373291,1900537,22.4498691558838
"2010-08-27",41.5999984741211,41.810001373291,40.7400016784668,41.7599983215332,1977177,22.4902534484863
"2010-08-30",41.7649993896484,41.8950004577637,40.939998626709,41.2050018310547,1122612,22.1913642883301
"2010-08-31",40.5,41.6650009155273,40.1549987792969,41.6650009155273,2956642,22.439094543457
"2010-09-01",42,42.9900016784668,41.3800010681152,42.9099998474121,3248910,23.1096038818359
"2010-09-02",42.6399993896484,43.8899993896484,42.6399993896484,43.5950012207031,2092487,23.4785175323486
"2010-09-03",43.5999984741211,44.5250015258789,43.2599983215332,44.0950012207031,2610676,23.7477989196777
"2010-09-06",44.1699981689453,44.2000007629395,43.4700012207031,44.0349998474121,1336079,23.715482711792
"2010-09-07",43.9749984741211,44.314998626709,43.5099983215332,43.935001373291,2086932,23.6616325378418
"2010-09-08",43.7200012207031,44.9900016784668,43.5999984741211,44.9900016784668,2678450,24.2298107147217
"2010-09-09",44.7000007629395,45.7350006103516,44.5149993896484,45.4000015258789,3448289,24.4506225585938
"2010-09-10",45,46.8650016784668,44.9850006103516,46.2050018310547,4189435,24.8841590881348
"2010-09-13",46.6500015258789,47.0499992370605,45.9099998474121,46.435001373291,2372940,25.0080280303955
"2010-09-14",46.2999992370605,47.1199989318848,46.2050018310547,47.1199989318848,2823383,25.3769416809082
"2010-09-15",46.9799995422363,47.5550003051758,46.8800010681152,47.25,3141028,25.4469547271729
"2010-09-16",47.1800003051758,47.4500007629395,46.8199996948242,47.3499984741211,2649883,25.5008068084717
"2010-09-17",47.810001373291,48.0250015258789,47.1049995422363,47.4099998474121,14558159,25.5331249237061
"2010-09-20",47.3650016784668,49.125,47.2150001525879,49.125,4289154,26.4567565917969
"2010-09-21",48.8499984741211,49.4150009155273,48.4500007629395,48.4799995422363,3133084,26.1093807220459
"2010-09-22",48.4799995422363,48.7000007629395,47.5699996948242,48.0800018310547,3061832,25.8939609527588
"2010-09-23",48.4900016784668,48.6949996948242,47.4850006103516,48.2949981689453,2523980,26.0097503662109
"2010-09-24",48.0900001525879,50.5299987792969,48.0299987792969,50.3499984741211,4022665,27.1164875030518
"2010-09-27",50.1500015258789,50.3499984741211,49.5999984741211,50.1500015258789,2380796,27.0087795257568
"2010-09-28",49.7999992370605,50.689998626709,49.314998626709,50.6699981689453,2904663,27.2888298034668
"2010-09-29",51,51.8400001525879,50.6399993896484,51.060001373291,3464105,27.4988708496094
"2010-09-30",50.9000015258789,52.1500015258789,50.5,51.439998626709,3262731,27.7035179138184
"2010-10-01",51.439998626709,51.439998626709,49.125,49.2999992370605,4764366,26.55100440979
"2010-10-04",49.0550003051758,49.189998626709,47.9249992370605,48.2200012207031,3402602,25.9693565368652
"2010-10-05",48.3650016784668,49.9550018310547,47.8199996948242,49.9550018310547,3168500,26.9037570953369
"2010-10-06",49.7700004577637,50.0499992370605,49.1300010681152,49.4949989318848,3092975,26.6560211181641
"2010-10-07",49.310001373291,50.25,48.8050003051758,50,2722411,26.9279899597168
"2010-10-08",50.2599983215332,50.2900009155273,49.4150009155273,50.0699996948242,2592531,26.9656963348389
"2010-10-11",50.2000007629395,50.6199989318848,49.8199996948242,49.8699989318848,1506315,26.8579807281494
"2010-10-12",49.439998626709,50.4900016784668,49.064998626709,50.2000007629395,2763409,27.0357036590576
"2010-10-13",50.4000015258789,50.4900016784668,49.875,50.0699996948242,3817390,26.9656963348389
"2010-10-14",50.5,50.5,49.7400016784668,50,2287812,26.9279899597168
"2010-10-15",50.0800018310547,50.25,49.185001373291,49.4500007629395,3689231,26.6317844390869
"2010-10-18",49.2299995422363,49.4150009155273,48.5800018310547,49,2061426,26.3894329071045
"2010-10-19",48.9900016784668,49.6949996948242,48.8400001525879,49.1150016784668,2259207,26.4513664245605
"2010-10-20",49.0900001525879,49.6049995422363,48.8950004577637,49.5999984741211,1796069,26.7125701904297
"2010-10-21",49.5400009155273,50.0900001525879,49.3050003051758,50.0200004577637,2292159,26.9387664794922
"2010-10-22",50.189998626709,50.439998626709,49.5449981689453,50.0299987792969,1849862,26.9441471099854
"2010-10-25",50.310001373291,51.0200004577637,50.2000007629395,50.7200012207031,2100971,27.3157596588135
"2010-10-26",50.4900016784668,50.939998626709,50.1199989318848,50.439998626709,2354786,27.1649608612061
"2010-10-27",50.0400009155273,50.4500007629395,49.0999984741211,49.875,2713585,26.8606719970703
"2010-10-28",50.1500015258789,50.4799995422363,49.5349998474121,49.8450012207031,2645875,26.844518661499
"2010-10-29",49.4949989318848,51.6500015258789,49.439998626709,51.5099983215332,3494594,27.7412166595459
"2010-11-01",51.7700004577637,52.9900016784668,51.6500015258789,52.9599990844727,3194745,28.5221271514893
"2010-11-02",52.7000007629395,52.7000007629395,52.0999984741211,52.3499984741211,2507747,28.1936092376709
"2010-11-03",50.75,52.3800010681152,50.6500015258789,51.6399993896484,5289275,27.8112297058105
"2010-11-04",52.0499992370605,54.1500015258789,52,54.0800018310547,3451963,29.1253108978271
"2010-11-05",54.1399993896484,54.9900016784668,53.7599983215332,54.060001373291,3309033,29.1145515441895
"2010-11-08",53.689998626709,53.7700004577637,52.8600006103516,53.4099998474121,1913984,28.7644844055176
"2010-11-09",53.4000015258789,54.9799995422363,53.2200012207031,54.9099998474121,2267865,29.572322845459
"2010-11-10",54.5999984741211,54.7000007629395,53.3300018310547,53.75,2259474,28.9475975036621
"2010-11-11",54,54.4900016784668,53.5999984741211,54.4199981689453,1720550,29.3084239959717
"2010-11-12",53.3300018310547,55.9000015258789,52.8499984741211,55.2900009155273,3583731,29.7769775390625
"2010-11-15",55.0699996948242,56.5200004577637,54.9000015258789,56.060001373291,1951607,30.1916675567627
"2010-11-16",55.6800003051758,55.8300018310547,54.6199989318848,54.6199989318848,1843721,29.4161376953125
"2010-11-17",54.7200012207031,54.7299995422363,53.8699989318848,54.2999992370605,1664083,29.2438011169434
"2010-11-18",54.9599990844727,56.2999992370605,54.939998626709,56.2999992370605,2207875,30.3209190368652
"2010-11-19",56.3400001525879,56.7299995422363,55.6500015258789,56.6699981689453,2652948,30.5201873779297
"2010-11-22",57.3300018310547,58.9000015258789,57.2999992370605,57.689998626709,3292362,31.0695171356201
"2010-11-23",57.1500015258789,58.6199989318848,56.3899993896484,56.4700012207031,2953097,30.4124717712402
"2010-11-24",57.0099983215332,59.1199989318848,56.4799995422363,59.1199989318848,3316915,31.8396606445312
"2010-11-25",59.0999984741211,60,58.8400001525879,59.9000015258789,1992241,32.2597389221191
"2010-11-26",59.310001373291,59.7599983215332,58.1300010681152,59.25,2301565,31.9096717834473
"2010-11-29",59.75,59.9099998474121,57.7400016784668,57.7400016784668,2266241,31.0964488983154
"2010-11-30",57.7000007629395,59.2400016784668,57.2200012207031,57.9300003051758,3330930,31.1987762451172
"2010-12-01",58.3499984741211,60.9000015258789,58.3499984741211,60.9000015258789,3533953,32.7982940673828
"2010-12-02",61.689998626709,63.7999992370605,61.5499992370605,63.7999992370605,4412518,34.3601150512695
"2010-12-03",63.7000007629395,65.4899978637695,63.4799995422363,63.689998626709,2999655,34.3008804321289
"2010-12-06",64,64.5299987792969,62.75,62.810001373291,2530327,33.8269462585449
"2010-12-07",63,64.4899978637695,62.4000015258789,63.9799995422363,2748638,34.4570617675781
"2010-12-08",63.5,63.5,61.9000015258789,61.9000015258789,3157849,33.3368530273438
"2010-12-09",62.4199981689453,62.6599998474121,58.8800010681152,60.2000007629395,5442032,32.4212989807129
"2010-12-10",60.5,62.9900016784668,60.3899993896484,62.5200004577637,3097184,33.670768737793
"2010-12-13",62,63.439998626709,62,63.439998626709,1871774,34.1662330627441
"2010-12-14",63.4000015258789,63.439998626709,62.1399993896484,62.4700012207031,1818675,33.6438331604004
"2010-12-15",62,62.8300018310547,61.4000015258789,62.4900016784668,1475533,33.6546096801758
"2010-12-16",62.4000015258789,63.2599983215332,61.7900009155273,62.7999992370605,1602021,33.8215599060059
"2010-12-17",62.9500007629395,63.1500015258789,61.7999992370605,61.9500007629395,2848191,33.3637847900391
"2010-12-20",61.9000015258789,63.2299995422363,61.6399993896484,63.1500015258789,1586810,34.0100517272949
"2010-12-21",63.4000015258789,64.8000030517578,62.9199981689453,64.8000030517578,1808112,34.8986854553223
"2010-12-22",64.9800033569336,65.1100006103516,64.3000030517578,64.370002746582,1257052,34.6670989990234
"2010-12-23",64.5500030517578,64.6900024414062,63.2400016784668,63.2599983215332,1114917,34.0692939758301
"2010-12-27",62.7000007629395,62.7000007629395,59.1199989318848,59.2200012207031,3488989,31.893518447876
"2010-12-28",59.689998626709,59.9799995422363,57.6599998474121,58.25,3100661,31.3711071014404
"2010-12-29",58.0999984741211,58.9199981689453,58.0800018310547,58.7200012207031,1400695,31.6242408752441
"2010-12-30",59.0999984741211,59.4700012207031,58.6199989318848,58.8499984741211,1077112,31.6942481994629
"2011-01-03",59.2599983215332,61.4500007629395,59.0699996948242,61.4500007629395,2101012,33.0945091247559
"2011-01-04",61.5,61.7400016784668,60.0200004577637,60.7400016784668,2266190,32.7121276855469
"2011-01-05",60.5,60.9300003051758,58.2200012207031,60.0299987792969,3913153,32.3297500610352
"2011-01-06",60,61.1800003051758,59.6599998474121,59.9000015258789,2101823,32.2597389221191
"2011-01-07",59.5099983215332,60.0900001525879,58.5400009155273,59.310001373291,2776312,31.941987991333
"2011-01-10",58.7999992370605,59.4000015258789,58.3600006103516,58.4700012207031,1950108,31.4895935058594
"2011-01-11",58.3600006103516,59.9900016784668,58.1500015258789,59.6599998474121,2540226,32.1304893493652
"2011-01-12",59.689998626709,60.5699996948242,58.9300003051758,59.3199996948242,2220002,31.9473724365234
"2011-01-13",59.25,59.5400009155273,57.6100006103516,57.6800003051758,3123094,31.064136505127
"2011-01-14",57.5,59.0200004577637,56.7900009155273,58.939998626709,4078219,31.7427139282227
"2011-01-17",58.7999992370605,59.5,58.2200012207031,58.5499992370605,1615997,31.5326824188232
"2011-01-18",58.9799995422363,59.939998626709,58.2700004577637,58.75,3142418,31.6403903961182
"2011-01-19",58.8699989318848,58.9199981689453,57.3300018310547,57.8600006103516,4434169,31.161075592041
"2011-01-20",57.5699996948242,57.7000007629395,55.2200012207031,55.5099983215332,4670268,29.8954582214355
"2011-01-21",55.7700004577637,56.689998626709,54.1699981689453,55.7000007629395,5366862,29.9977836608887
"2011-01-24",55.5999984741211,55.8300018310547,54.4000015258789,55.2299995422363,2825547,29.7446613311768
"2011-01-25",55.7700004577637,56.7299995422363,55.3499984741211,56.0800018310547,2587932,30.2024421691895
"2011-01-26",56.5099983215332,57.5499992370605,56.1800003051758,56.9500007629395,3016559,30.670991897583
"2011-01-27",56.9000015258789,57.9700012207031,56.6699981689453,57.310001373291,2516008,30.8648662567139
"2011-01-28",58.7000007629395,58.9500007629395,57.060001373291,57.0999984741211,3788334,30.7517681121826
"2011-01-31",56.8800010681152,56.9099998474121,55.439998626709,56.0800018310547,2796644,30.2024421691895
"2011-02-01",57.0299987792969,57.1100006103516,55.9700012207031,56.5099983215332,2394850,30.434009552002
"2011-02-02",56.8499984741211,58.2400016784668,56.1300010681152,56.4700012207031,3190674,30.4124717712402
"2011-02-03",56.4099998474121,57.3300018310547,55.2299995422363,57.3300018310547,2485234,30.8756351470947
"2011-02-04",57.75,57.9000015258789,56.4500007629395,56.8499984741211,1952374,30.6171264648438
"2011-02-07",57,58.8699989318848,56.5499992370605,58.8499984741211,2575937,31.6942481994629
"2011-02-08",59.0299987792969,61.6500015258789,58.8600006103516,61.5900001525879,5588838,33.1699028015137
"2011-02-09",61.4500007629395,62.4199981689453,60.7599983215332,61.2900009155273,3492106,33.0083389282227
"2011-02-10",60.9199981689453,61.810001373291,60.4000015258789,61.7099990844727,2534881,33.2345237731934
"2011-02-11",61.25,63.439998626709,61.0999984741211,63.1399993896484,2734862,34.0046691894531
"2011-02-14",63.5,63.6800003051758,62.9700012207031,63.1399993896484,2370599,34.0046691894531
"2011-02-15",63.1500015258789,63.2999992370605,61.8400001525879,61.9799995422363,2410165,33.3799438476562
"2011-02-16",62.2000007629395,62.3699989318848,60.7700004577637,61.6599998474121,3256747,33.2075996398926
"2011-02-17",61.7000007629395,61.9199981689453,60.1699981689453,61.0400009155273,2799679,32.8736915588379
"2011-02-18",61.5800018310547,61.5800018310547,60.0999984741211,60.560001373291,2418461,32.6151809692383
"2011-02-21",60.3899993896484,61.6800003051758,60.0699996948242,60.2999992370605,2072955,32.4751625061035
"2011-02-22",59.5,61.1800003051758,59.4700012207031,60.4300003051758,2184646,32.5451736450195
"2011-02-23",60.3800010681152,60.4199981689453,57.7900009155273,58.2999992370605,2859988,31.3980388641357
"2011-02-24",57.25,58,56.3899993896484,57,3591172,30.6979103088379
"2011-02-25",57.4900016784668,59.0499992370605,57.0800018310547,58.7000007629395,2662872,31.6134662628174
"2011-02-28",58.4599990844727,59.2099990844727,57.9000015258789,58.7799987792969,2061073,31.6565437316895
"2011-03-01",59.3199996948242,61.0999984741211,58.9700012207031,59.6699981689453,3450012,32.1358680725098
"2011-03-02",58.8499984741211,59.0499992370605,57.5499992370605,58,3454511,31.2364730834961
"2011-03-03",58.5999984741211,59.3199996948242,57.8400001525879,58.0900001525879,2300279,31.2849388122559
"2011-03-04",58.5999984741211,59.75,57.5800018310547,57.7799987792969,3265392,31.1179866790771
"2011-03-07",56.810001373291,58.6699981689453,56.4199981689453,57.7400016784668,2155275,31.0964488983154
"2011-03-08",58.4900016784668,58.8600006103516,56.9300003051758,57.9700012207031,2115514,31.2203178405762
"2011-03-09",58.2700004577637,58.8899993896484,57.5499992370605,58.1399993896484,2655032,31.3118686676025
"2011-03-10",57.4099998474121,59.5,56.6800003051758,57.1199989318848,4850780,30.7625408172607
"2011-03-11",56.5,57.2000007629395,55.9099998474121,56.2999992370605,2706899,30.3209190368652
"2011-03-14",55.75,56.4500007629395,55.25,55.7999992370605,2718095,30.0516414642334
"2011-03-15",54.7200012207031,54.8199996948242,52.0099983215332,54.2900009155273,5671440,29.2384147644043
"2011-03-16",54.8800010681152,55.439998626709,52.9500007629395,53.0900001525879,3765636,28.5921440124512
"2011-03-17",53.4900016784668,54.9199981689453,53.2099990844727,54.1300010681152,3745805,29.1522483825684
"2011-03-18",54.5999984741211,56.1599998474121,53.8199996948242,55.2999992370605,6405214,29.7823638916016
"2011-03-21",56.439998626709,56.439998626709,54.9099998474121,55.439998626709,3129613,29.8577613830566
"2011-03-22",55.2999992370605,55.3400001525879,54.25,54.5900001525879,2586977,29.3999862670898
"2011-03-23",54.7000007629395,55.8899993896484,54.2700004577637,55.2700004577637,2922312,29.7662086486816
"2011-03-24",55.3499984741211,57.8300018310547,55.0299987792969,57.5999984741211,3672785,31.0210437774658
"2011-03-25",58.1699981689453,58.1699981689453,57.2200012207031,57.4599990844727,1782525,30.9456443786621
"2011-03-28",57.4000015258789,57.4900016784668,56.4000015258789,57.3600006103516,2058266,30.8917922973633
"2011-03-29",57.7000007629395,58.189998626709,56.6300010681152,57.3899993896484,2294273,30.9079475402832
"2011-03-30",58.0800018310547,58.9099998474121,57.8800010681152,58.560001373291,2296540,31.5380706787109
"2011-03-31",58.5900001525879,59.1399993896484,58.2900009155273,58.75,2365321,31.6403903961182
"2011-04-01",59.2000007629395,61.310001373291,59.0999984741211,61.2200012207031,3383227,32.970630645752
"2011-04-04",61.3899993896484,61.4000015258789,60.1599998474121,60.4099998474121,2114657,32.5344009399414
"2011-04-05",60.7099990844727,61.189998626709,60.5,61,2382554,32.8521537780762
"2011-04-06",61.2200012207031,61.5,60.1399993896484,60.810001373291,2689580,32.749828338623
"2011-04-07",59.6500015258789,59.9000015258789,59.0499992370605,59.1300010681152,4163243,31.8450450897217
"2011-04-08",59.3600006103516,59.7099990844727,58.3199996948242,58.5400009155273,2776722,31.5272979736328
"2011-04-11",58,58.2700004577637,57.0200004577637,57.0999984741211,3165738,30.7517681121826
"2011-04-12",56.7000007629395,57.0800018310547,56.2200012207031,56.6399993896484,2673787,30.5040321350098
"2011-04-13",57.2700004577637,58.4199981689453,56.939998626709,57.5900001525879,2496512,31.0156669616699
"2011-04-14",57.5099983215332,58.1500015258789,57.2099990844727,57.939998626709,1622783,31.2041530609131
"2011-04-15",58.2000007629395,58.3899993896484,57.7200012207031,58.1199989318848,2658288,31.3010997772217
"2011-04-18",57.8499984741211,58.8199996948242,56.7900009155273,57.2099990844727,2327710,30.8110122680664
"2011-04-19",57.6100006103516,59.310001373291,57.5499992370605,58.7900009155273,2455377,31.6619319915771
"2011-04-20",59.310001373291,60.7599983215332,59.2799987792969,60.5299987792969,2693796,32.5990257263184
"2011-04-21",61,61.1800003051758,59.8899993896484,61,1683593,32.8521537780762
"2011-04-26",60.9900016784668,61.8699989318848,60.5999984741211,61.7099990844727,1347059,33.2345237731934
"2011-04-27",61.560001373291,63.1399993896484,61.5,61.939998626709,2706143,33.3583984375
"2011-04-28",62.560001373291,63.25,62.060001373291,63.1800003051758,2787943,34.0262184143066
"2011-04-29",62.9099998474121,63.6699981689453,62.2900009155273,63.6699981689453,1741289,34.2901077270508
"2011-05-02",64,65.3000030517578,64,64.4400024414062,2321406,34.7048034667969
"2011-05-03",63.7799987792969,63.9799995422363,62.1699981689453,63.3699989318848,2775566,34.1285438537598
"2011-05-04",64.8000030517578,65,61.9199981689453,62.3499984741211,5808821,33.5792083740234
"2011-05-05",62.2000007629395,62.5200004577637,60.3800010681152,61.3600006103516,3546100,33.0460357666016
"2011-05-06",61.4199981689453,62.9900016784668,60.2700004577637,62.8199996948242,3851643,33.832332611084
"2011-05-09",62.7299995422363,62.9599990844727,60.9799995422363,61.2799987792969,3179012,33.0029525756836
"2011-05-10",61.5999984741211,63.0400009155273,61.2099990844727,62.6699981689453,2905464,33.7515449523926
"2011-05-11",63.0299987792969,63.8499984741211,62.4099998474121,63.1699981689453,6560795,34.0208282470703
"2011-05-12",62.4000015258789,63.2099990844727,62.1599998474121,63.2099990844727,15639814,34.042366027832
"2011-05-13",62.3800010681152,62.9500007629395,61.7099990844727,61.8600006103516,2457148,34.0148773193359
"2011-05-16",61.1699981689453,61.7999992370605,60.3800010681152,61.5400009155273,2023599,33.8389167785645
"2011-05-17",61.3899993896484,61.5699996948242,60.4599990844727,60.5699996948242,2258542,33.3055458068848
"2011-05-18",61.0900001525879,61.4500007629395,60.6699981689453,61.25,1888415,33.6794624328613
"2011-05-19",61.8300018310547,62.5,61.2799987792969,61.9799995422363,2377335,34.0808639526367
"2011-05-20",62.189998626709,62.4300003051758,60.6199989318848,60.9799995422363,5738738,33.5309944152832
"2011-05-23",60,60.0299987792969,58.8300018310547,59.1300010681152,2760383,32.5137367248535
"2011-05-24",59.0099983215332,60.689998626709,59,60.2799987792969,2139999,33.1460838317871
"2011-05-25",59.6500015258789,60.9900016784668,59.4000015258789,60.75,1954010,33.4045219421387
"2011-05-26",61,61,59.3600006103516,59.7000007629395,2733454,32.8271560668945
"2011-05-27",60.2000007629395,60.8300018310547,59.8699989318848,60.7000007629395,1846888,33.3770332336426
"2011-05-30",60.8899993896484,61.2400016784668,60.4900016784668,60.8300018310547,658108,33.4485130310059
"2011-05-31",61.5,61.8899993896484,61.25,61.4799995422363,2096293,33.8059272766113
"2011-06-01",61.2799987792969,61.4000015258789,60.1399993896484,60.6100006103516,2064142,33.3275413513184
"2011-06-02",60.2999992370605,60.9000015258789,59.4000015258789,60.1399993896484,1915722,33.0690994262695
"2011-06-03",60.2599983215332,60.9099998474121,59.6500015258789,60.2900009155273,1760603,33.1515846252441
"2011-06-06",60.0999984741211,60.9599990844727,59.75,60.7400016784668,1579540,33.3990211486816
"2011-06-07",60.7000007629395,61.1300010681152,60.1199989318848,60.3199996948242,1379774,33.1680793762207
"2011-06-08",59.8800010681152,61,59.2599983215332,61,2859053,33.5419883728027
"2011-06-09",61.2599983215332,63.060001373291,60.9700012207031,62.9300003051758,4258202,34.6032333374023
"2011-06-10",62.9900016784668,63.4700012207031,62.0400009155273,62.3400001525879,2748506,34.2788162231445
"2011-06-13",62.5,62.9199981689453,61.7200012207031,62.5099983215332,1149645,34.3722915649414
"2011-06-14",62.0400009155273,63.5200004577637,62.0099983215332,63.4000015258789,2637256,34.8616752624512
"2011-06-15",62.8499984741211,63.689998626709,62.2099990844727,62.3800010681152,2449543,34.3008079528809
"2011-06-16",62,63.439998626709,61.4900016784668,63.439998626709,2907755,34.8836669921875
"2011-06-17",63.060001373291,64.5500030517578,62.439998626709,64.1800003051758,5171504,35.2905769348145
"2011-06-20",63.6599998474121,64.2399978637695,62.9300003051758,63.9000015258789,2213674,35.1366081237793
"2011-06-21",64.4100036621094,64.870002746582,63.8300018310547,64.8499984741211,2594437,35.6589889526367
"2011-06-22",64.9000015258789,65.629997253418,64.0199966430664,65.3899993896484,3423654,35.9559135437012
"2011-06-23",65.1500015258789,66.0699996948242,64.6600036621094,65.2099990844727,2965074,35.8569374084473
"2011-06-24",66.120002746582,68.4599990844727,66.120002746582,67.129997253418,4747099,36.9126853942871
"2011-06-27",67.0899963378906,68.0599975585938,66.7900009155273,67.7600021362305,2061224,37.2591018676758
"2011-06-28",67.8399963378906,69.379997253418,67.2900009155273,69.0999984741211,2638323,37.995922088623
"2011-06-29",69.5500030517578,70.0199966430664,67.9800033569336,68.8600006103516,3465572,37.8639602661133
"2011-06-30",68.9700012207031,69.0999984741211,67.2600021362305,68.8099975585938,2978742,37.8364639282227
"2011-07-01",68.6999969482422,68.6999969482422,67.3499984741211,67.7699966430664,2556578,37.2645950317383
"2011-07-04",67.9800033569336,69,67.5400009155273,68.8199996948242,1300389,37.8419647216797
"2011-07-05",68.5100021362305,69.5500030517578,68.2099990844727,68.7900009155273,1776463,37.8254661560059
"2011-07-06",68.4400024414062,69.1399993896484,67.5599975585938,67.8199996948242,2342908,37.2920951843262
"2011-07-07",68.379997253418,69.4499969482422,68.129997253418,69.2799987792969,2774569,38.0949020385742
"2011-07-08",69.3300018310547,70.120002746582,68.25,68.5100021362305,2415872,37.6714973449707
"2011-07-11",68,68.2600021362305,66.3300018310547,66.75,2667642,36.7037353515625
"2011-07-12",65.7399978637695,67.5599975585938,64.1900024414062,67.2399978637695,5383859,36.9731750488281
"2011-07-13",67.5800018310547,70.2900009155273,67.5599975585938,70.1800003051758,3597249,38.5897789001465
"2011-07-14",69.6399993896484,71.75,69.5599975585938,71,3657786,39.0406799316406
"2011-07-15",70.75,72.7399978637695,70.4400024414062,72.6699981689453,3756090,39.9589614868164
"2011-07-18",72.2699966430664,72.6500015258789,70.9400024414062,71.1100006103516,2262233,39.1011581420898
"2011-07-19",71.9499969482422,72.5199966430664,71.2399978637695,72,1712031,39.5905456542969
"2011-07-20",72.4899978637695,72.4899978637695,71.120002746582,71.9499969482422,1865206,39.5630531311035
"2011-07-21",72.3899993896484,72.5699996948242,70.3399963378906,71.1900024414062,2878589,39.1451606750488
"2011-07-22",71.9400024414062,71.9400024414062,70.620002746582,71.5800018310547,1644125,39.3595962524414
"2011-07-25",71.2200012207031,73.6800003051758,70.9199981689453,73.5199966430664,2432193,40.426342010498
"2011-07-26",73.7699966430664,73.8499984741211,71.5699996948242,72.1900024414062,2356886,39.6950187683105
"2011-07-27",71.5800018310547,72.8499984741211,70.3199996948242,70.6999969482422,3332609,38.8757209777832
"2011-07-28",70,70.870002746582,68,70.25,3278654,38.6282691955566
"2011-07-29",69.2600021362305,70.7200012207031,68.6999969482422,69.8199996948242,2231679,38.3918304443359
"2011-08-01",71.5999984741211,71.7600021362305,67.5100021362305,67.7099990844727,2824591,37.2316017150879
"2011-08-02",67.8000030517578,69.3000030517578,65.7900009155273,65.9700012207031,4547803,36.2748336791992
"2011-08-03",65,66.8899993896484,64.4100036621094,65.5500030517578,4093606,36.0438957214355
"2011-08-04",66.7799987792969,66.7799987792969,61.2200012207031,61.2700004577637,5965142,33.6904525756836
"2011-08-05",59.1300010681152,63.7200012207031,58.5999984741211,60.4799995422363,6102743,33.2560539245605
"2011-08-08",59.3499984741211,61.2700004577637,54.5099983215332,55.1399993896484,7467791,30.3197593688965
"2011-08-09",55.5900001525879,58.7700004577637,51.7099990844727,58.6300010681152,9731294,32.2388000488281
"2011-08-10",60.5900001525879,61.5900001525879,54.6300010681152,55.6199989318848,7388724,30.5836925506592
"2011-08-11",57.1699981689453,57.9000015258789,54.3499984741211,57.6599998474121,5738880,31.7054290771484
"2011-08-12",57.5699996948242,59.7099990844727,56.0900001525879,59.3400001525879,4424046,32.6292037963867
"2011-08-15",60,60.6800003051758,59.0900001525879,59.310001373291,2643815,32.6127052307129
"2011-08-16",58.5200004577637,59.0999984741211,56.7999992370605,58.8699989318848,3086059,32.3707733154297
"2011-08-17",58.3499984741211,59.9000015258789,57.7299995422363,58.7599983215332,2430044,32.3102836608887
"2011-08-18",57.810001373291,58.2900009155273,53.2799987792969,54.1500015258789,5909122,29.775390625
"2011-08-19",53.1300010681152,53.9900016784668,50.5699996948242,52.2999992370605,7542802,28.7581310272217
"2011-08-22",50.3300018310547,52.439998626709,49.8349990844727,50.0900001525879,5743470,27.5429267883301
"2011-08-23",50.9700012207031,52.4900016784668,50.2000007629395,51.3699989318848,4907408,28.2467479705811
"2011-08-24",52.5,54.4500007629395,51.0999984741211,53.5699996948242,4400397,29.4564666748047
"2011-08-25",54.2900009155273,55.560001373291,52.8699989318848,53.8199996948242,5235590,29.5939292907715
"2011-08-26",53.4799995422363,54.4300003051758,52.1599998474121,54.0499992370605,3312430,29.7203979492188
"2011-08-29",55.2299995422363,55.3400001525879,53.4900016784668,54.4099998474121,2340070,29.9183559417725
"2011-08-30",55.4300003051758,55.4300003051758,53.4000015258789,54.25,2713792,29.8303737640381
"2011-08-31",54.4799995422363,56.8699989318848,54.3899993896484,56.3499984741211,4129537,30.9850959777832
"2011-09-01",56.5,57.6599998474121,54.7200012207031,56.9000015258789,4086319,31.2875289916992
"2011-09-02",55.75,55.9000015258789,53.7200012207031,54.2200012207031,3240227,29.8138790130615
"2011-09-05",52.7999992370605,54.0099983215332,50.2000007629395,50.8699989318848,4449885,27.9718208312988
"2011-09-06",50.9300003051758,51.9599990844727,49.8549995422363,50.6599998474121,4123690,27.8563480377197
"2011-09-07",52.1500015258789,53.9300003051758,52,53.7099990844727,3630093,29.5334453582764
"2011-09-08",53.9599990844727,54.4000015258789,52.0499992370605,53.2999992370605,3012612,29.3080024719238
"2011-09-09",53,53.8499984741211,51.4099998474121,51.689998626709,3903642,28.4227161407471
"2011-09-12",50.0999984741211,51.2400016784668,49.0349998474121,50.9000015258789,4288358,27.988317489624
"2011-09-13",52.0800018310547,52.75,50.060001373291,51.9500007629395,3931718,28.5656795501709
"2011-09-14",51.3800010681152,55.3499984741211,51.0999984741211,55.0699996948242,5200929,30.2812671661377
"2011-09-15",55.7999992370605,57.4799995422363,55.0499992370605,56.5200004577637,4777026,31.078577041626
"2011-09-16",57.25,57.5,56.2200012207031,57.1800003051758,7887509,31.4414920806885
"2011-09-19",55.7999992370605,57.7799987792969,55.5200004577637,56.2000007629395,3224595,30.9026222229004
"2011-09-20",55.9000015258789,57.9700012207031,55.560001373291,57.6399993896484,2641362,31.6944332122803
"2011-09-21",57.7299995422363,57.7700004577637,55.6699981689453,56.0900001525879,2385333,30.8421306610107
"2011-09-22",54.0999984741211,54.3800010681152,52.0499992370605,52.9900016784668,5021351,29.1375427246094
"2011-09-23",53.5,53.7000007629395,49.9449996948242,52.1800003051758,5207533,28.6921482086182
"2011-09-26",51.4500007629395,51.6100006103516,49.7299995422363,50.7999992370605,5306710,27.93332862854
"2011-09-27",53.2099990844727,54.2299995422363,51.9099998474121,53.9500007629395,4113166,29.6654148101807
"2011-09-28",53.2200012207031,54.8400001525879,52.7299995422363,53.25,2722945,29.2805099487305
"2011-09-29",52.8199996948242,54.2099990844727,52.2299995422363,52.75,3213371,29.0055732727051
"2011-09-30",51.5200004577637,51.5999984741211,48.6500015258789,49.9650001525879,7201518,27.4741878509521
"2011-10-04",46.3300018310547,46.5,43.4900016784668,45.0400009155273,7053889,24.7660846710205
"2011-10-05",46.2799987792969,47.4049987792969,45.1199989318848,47.3950004577637,4541747,26.0610237121582
"2011-10-06",48.0499992370605,49.4700012207031,47.3300018310547,48.9049987792969,4607270,26.8913269042969
"2011-10-07",49.125,51.0999984741211,48.3950004577637,50.8899993896484,4290206,27.9828128814697
"2011-10-10",51.5,53.4799995422363,49.814998626709,52.9900016784668,3381225,29.1375427246094
"2011-10-11",52.7099990844727,53.9799995422363,51.939998626709,53.75,2918576,29.5554466247559
"2011-10-12",53.5,55.4500007629395,52.810001373291,54.9099998474121,3217130,30.1932888031006
"2011-10-13",54.7099990844727,55.6500015258789,53.5400009155273,54.8199996948242,3265116,30.1438064575195
"2011-10-14",55.0900001525879,57.1699981689453,54.560001373291,56.439998626709,3183197,31.0345897674561
"2011-10-17",57.2200012207031,58.0800018310547,53.8400001525879,54.5,4019764,29.9678497314453
"2011-10-18",53.2599983215332,55.6500015258789,52.0900001525879,55.0800018310547,3980826,30.2867660522461
"2011-10-19",55.5900001525879,55.9599990844727,54.0900001525879,55.0099983215332,2307509,30.2482738494873
"2011-10-20",53.9199981689453,55.9900016784668,53.7999992370605,54.1100006103516,2983797,29.7533893585205
"2011-10-21",54.4000015258789,57.4000015258789,53.6699981689453,57.189998626709,3832887,31.4469833374023
"2011-10-24",57.8499984741211,58.439998626709,56.5400009155273,57.8800010681152,2710174,31.8263988494873
"2011-10-25",57.4700012207031,59.6699981689453,57.189998626709,57.7999992370605,3103470,31.7824115753174
"2011-10-26",57.7200012207031,59.5999984741211,57.1500015258789,57.810001373291,2602385,31.7879066467285
"2011-10-27",60,61.060001373291,59.0299987792969,61.060001373291,4088061,33.5749778747559
"2011-10-28",61.6599998474121,62.4700012207031,60.8600006103516,61.810001373291,3330207,33.9873809814453
"2011-10-31",61.4000015258789,61.4000015258789,59.060001373291,59.060001373291,2617454,32.4752464294434
"2011-11-01",57.25,57.4199981689453,55.2700004577637,56.5800018310547,4415084,31.1115703582764
"2011-11-02",57.3600006103516,58.2700004577637,56.1699981689453,57.9700012207031,2678096,31.8758888244629
"2011-11-03",57,61.1599998474121,56.6800003051758,60.6100006103516,5618806,33.3275413513184
"2011-11-04",61.0999984741211,61.1500015258789,57.7000007629395,57.8600006103516,2884576,31.8153953552246
"2011-11-07",57.5,59.5099983215332,56.5099983215332,58.1300010681152,2675624,31.9638633728027
"2011-11-08",58.1599998474121,60.2900009155273,57.9000015258789,58.4199981689453,2794669,32.1233253479004
"2011-11-09",59.2000007629395,59.7200012207031,55.5,56.8400001525879,3655191,31.2545299530029
"2011-11-10",56.7000007629395,58.5800018310547,55.8300018310547,57.6100006103516,2985140,31.6779365539551
"2011-11-11",57.9799995422363,58.8499984741211,56.7000007629395,58.7299995422363,2210002,32.2937850952148
"2011-11-14",59.1500015258789,59.2000007629395,57.3600006103516,58.1599998474121,1893280,31.9803619384766
"2011-11-15",57.5999984741211,58.5,56.5900001525879,57.5499992370605,2189465,31.6449432373047
"2011-11-16",57.1699981689453,58.0800018310547,55.1199989318848,55.7099990844727,3419133,30.6331825256348
"2011-11-17",55.4099998474121,55.9599990844727,54.2700004577637,54.4900016784668,3323821,29.9623432159424
"2011-11-18",53.9199981689453,55.0900001525879,53.3800010681152,53.5499992370605,3008101,29.4454669952393
"2011-11-21",53.3499984741211,53.3899993896484,51.0200004577637,51.3300018310547,3224065,28.224760055542
"2011-11-22",51.7999992370605,52.4700012207031,50.7099990844727,50.8400001525879,2623140,27.9553203582764
"2011-11-23",50.25,51.0699996948242,49.2999992370605,49.2999992370605,3237708,27.1085262298584
"2011-11-24",49.7999992370605,51.2599983215332,49.5,49.7799987792969,2747566,27.3724613189697
"2011-11-25",49.7449989318848,50.4900016784668,48.5200004577637,50.3199996948242,2701335,27.6693916320801
"2011-11-28",51.0499992370605,53.4599990844727,50.8699989318848,52.939998626709,3318297,29.110050201416
"2011-11-29",52.7999992370605,53.3199996948242,51.9199981689453,52.9199981689453,2685605,29.0990505218506
"2011-11-30",52.4700012207031,56.3800010681152,51.6100006103516,55.9799995422363,5352345,30.7816486358643
"2011-12-01",55.6300010681152,56.5,55.0999984741211,55.1800003051758,2842405,30.3417491912842
"2011-12-02",55.8400001525879,57.4099998474121,55.4500007629395,55.6100006103516,2684393,30.578197479248
"2011-12-05",56.3499984741211,56.5699996948242,55.5699996948242,56.2099990844727,2528174,30.9081172943115
"2011-12-06",55.5900001525879,56.8699989318848,55.2000007629395,56.0699996948242,2224773,30.8311386108398
"2011-12-07",56.8600006103516,57.4000015258789,54.7400016784668,55.6699981689453,2091769,30.6111888885498
"2011-12-08",56.0800018310547,56.2099990844727,53.3800010681152,53.6100006103516,2860961,29.478458404541
"2011-12-09",53.0999984741211,54.7999992370605,52.8600006103516,53.7999992370605,2805392,29.5829372406006
"2011-12-12",53.5699996948242,53.9000015258789,52.4799995422363,52.5200004577637,2272070,28.8791007995605
"2011-12-13",52.8800010681152,53.7900009155273,52.1199989318848,52.9500007629395,2487656,29.1155452728271
"2011-12-14",52.4300003051758,52.4700012207031,50.189998626709,50.25,4538410,27.6308994293213
"2011-12-15",50.6500015258789,51.6500015258789,50.2400016784668,50.7400016784668,3100241,27.9003353118896
"2011-12-16",50.8899993896484,51.0999984741211,49.9000015258789,49.9900016784668,5251479,27.4879379272461
"2011-12-19",49.5999984741211,51.560001373291,49.4199981689453,50.0699996948242,3241872,27.5319232940674
"2011-12-20",50.1500015258789,52.6800003051758,50.0499992370605,52.2200012207031,2321189,28.7141456604004
"2011-12-21",53,53.9000015258789,52.1800003051758,52.5299987792969,1919814,28.8845958709717
"2011-12-22",52.6699981689453,53.4599990844727,52.2200012207031,52.7400016784668,1347793,29.0000705718994
"2011-12-23",53.3699989318848,53.3699989318848,52.310001373291,52.5,810657,28.868106842041
"2011-12-27",52.7599983215332,53.2999992370605,52.7000007629395,52.8199996948242,570044,29.044059753418
"2011-12-28",52.7700004577637,52.7700004577637,51.0099983215332,51.0999984741211,1280047,28.0982875823975
"2011-12-29",51.2700004577637,51.4500007629395,50.6100006103516,51.3600006103516,990264,28.2412624359131
"2011-12-30",51.2200012207031,51.7599983215332,50.7999992370605,51.7599983215332,749416,28.4612007141113
"2012-01-02",51.8400001525879,53.4599990844727,51.4500007629395,53.1599998474121,1620355,29.2310199737549
"2012-01-03",53.75,55.5800018310547,53.689998626709,55.2900009155273,2679672,30.4022350311279
"2012-01-04",55.0099983215332,56.4500007629395,54.5699996948242,55.8699989318848,2132005,30.7211647033691
"2012-01-05",56.0499992370605,56.5699996948242,54.560001373291,56.1500015258789,2723050,30.8751258850098
"2012-01-06",56.1300010681152,56.5800018310547,55.0499992370605,55.5499992370605,1911346,30.5452003479004
"2012-01-09",56,57.5400009155273,55.6100006103516,56.8400001525879,3087412,31.2545299530029
"2012-01-10",57.810001373291,59.3800010681152,57.6100006103516,58.7200012207031,2949987,32.2882957458496
"2012-01-11",58.7000007629395,59.2900009155273,58.3800010681152,58.9300003051758,2035241,32.4037628173828
"2012-01-12",58.9900016784668,60.310001373291,58.4500007629395,59.4000015258789,2061301,32.6622009277344
"2012-01-13",60.0499992370605,60.1699981689453,56.8300018310547,58.4500007629395,2958139,32.139820098877
"2012-01-16",58.4000015258789,60.0699996948242,58.0499992370605,59.9599990844727,2000149,32.9701194763184
"2012-01-17",61.4700012207031,62.1300010681152,61.189998626709,62.0400009155273,3547504,34.1138572692871
"2012-01-18",61.7999992370605,62.2999992370605,60.8800010681152,62.2299995422363,3030372,34.2183227539062
"2012-01-19",62.4500007629395,63.189998626709,61.7299995422363,62.9599990844727,2860549,34.6197280883789
"2012-01-20",62.9599990844727,64.0800018310547,62.3699989318848,63.5900001525879,3275573,34.9661483764648
"2012-01-23",63.4099998474121,64.1800003051758,62.6500015258789,63.8800010681152,2283960,35.1256103515625
"2012-01-24",63.439998626709,64.0999984741211,62.5699996948242,63.5,2224542,34.9166603088379
"2012-01-25",63.7700004577637,63.7900009155273,62.3199996948242,63.5900001525879,1791303,34.9661483764648
"2012-01-26",63.9099998474121,65.6999969482422,63.5,65.4000015258789,2907762,35.9614105224609
"2012-01-27",64.9800033569336,66.3199996948242,64.2399978637695,64.5999984741211,2456825,35.5215148925781
"2012-01-30",63.7900009155273,64.9899978637695,63.7200012207031,64.5500030517578,1962533,35.4940185546875
"2012-01-31",65.0800018310547,66.5,65.0500030517578,65.3899993896484,2551733,35.9559135437012
"2012-02-01",65.129997253418,68.0800018310547,65.129997253418,67.9899978637695,3664839,37.3855667114258
"2012-02-02",68.2399978637695,68.5699996948242,67.1100006103516,68,2580196,37.3910751342773
"2012-02-03",67.75,70,67.5,69.9800033569336,2821086,38.479808807373
"2012-02-06",69.7699966430664,70.7600021362305,69.2600021362305,70.7600021362305,2037744,38.9087028503418
"2012-02-07",71.2900009155273,71.4800033569336,68.370002746582,69.3600006103516,3268653,38.1388969421387
"2012-02-08",69.6900024414062,70.1399993896484,68.7300033569336,69,2939786,37.9409370422363
"2012-02-09",69.6699981689453,72.620002746582,69.4000015258789,71.5400009155273,4317421,39.3376083374023
"2012-02-10",71,71.9199981689453,69.4899978637695,69.870002746582,2645764,38.4193267822266
"2012-02-13",70.5,71.1900024414062,70.0800018310547,70.5599975585938,1628428,38.7987365722656
"2012-02-14",70.1399993896484,71.0800018310547,69.2799987792969,70.0199966430664,2122166,38.5018043518066
"2012-02-15",70.6500015258789,71.2300033569336,70,70.2300033569336,2379308,38.6172828674316
"2012-02-16",69.1999969482422,70.5,68.6399993896484,70.4000015258789,2670820,38.7107543945312
"2012-02-17",71.1699981689453,72.0400009155273,70.6500015258789,71.9800033569336,2790675,39.5795440673828
"2012-02-20",72.3600006103516,72.6600036621094,71.620002746582,72.2399978637695,1493392,39.7225074768066
"2012-02-21",72.1999969482422,72.5999984741211,71.5400009155273,71.9000015258789,1701197,39.5355529785156
"2012-02-22",71.9800033569336,72.4400024414062,70.4199981689453,70.9499969482422,2674911,39.01318359375
"2012-02-23",70.6800003051758,71.5500030517578,68.629997253418,69.8899993896484,2664599,38.4303245544434
"2012-02-24",70.2399978637695,70.9400024414062,69.4000015258789,70.3199996948242,2104477,38.6667671203613
"2012-02-27",69.5199966430664,69.5999984741211,67.6699981689453,69.0400009155273,3066474,37.9629325866699
"2012-02-28",69.4000015258789,70.1500015258789,68.8499984741211,69.879997253418,2164189,38.4248237609863
"2012-02-29",70.4700012207031,70.7200012207031,69.0500030517578,69.4300003051758,2137769,38.177375793457
"2012-03-01",69.3600006103516,71.4899978637695,68.6100006103516,71.4899978637695,2776963,39.3101043701172
"2012-03-02",71.75,71.7699966430664,70.4199981689453,70.6100006103516,1795326,38.826229095459
"2012-03-05",69.9000015258789,71.2300033569336,69.2099990844727,70.629997253418,2288057,38.8372230529785
"2012-03-06",70.1699981689453,70.1699981689453,67.0199966430664,67.0199966430664,3974467,36.8521957397461
"2012-03-07",66.9899978637695,68.3199996948242,66.5199966430664,68.2699966430664,2582683,37.5395317077637
"2012-03-08",68.6699981689453,70.7200012207031,67.7099990844727,69.1999969482422,6874578,38.0509147644043
"2012-03-09",69.1600036621094,70.8499984741211,68.5800018310547,70.5,2497897,38.7657356262207
"2012-03-12",70.4000015258789,71.4599990844727,69.9700012207031,71.0500030517578,2520748,39.068172454834
"2012-03-13",71.5,71.5899963378906,69.6800003051758,70.7399978637695,3957259,38.8977088928223
"2012-03-14",71.0299987792969,73.7399978637695,70.129997253418,73.4499969482422,4542967,40.3878555297852
"2012-03-15",73.4499969482422,73.8899993896484,72.4599990844727,73.7600021362305,2388616,40.5583152770996
"2012-03-16",73.9000015258789,73.9499969482422,72.6699981689453,73.0199966430664,4832557,40.1514053344727
"2012-03-19",72.3499984741211,72.5,71.2099990844727,71.8399963378906,2439894,39.5025634765625
"2012-03-20",69.6999969482422,70,67.9499969482422,68.2200012207031,5613118,37.5120391845703
"2012-03-21",68.8000030517578,69.4499969482422,67.9400024414062,68.8099975585938,2693984,37.8364639282227
"2012-03-22",68.6999969482422,69.1999969482422,67.0800018310547,67.6100006103516,2703704,37.1766204833984
"2012-03-23",67.5500030517578,68.0999984741211,66.4400024414062,67.9000015258789,2372924,37.3360862731934
"2012-03-26",68.1900024414062,69.4300003051758,67.1999969482422,68.6699981689453,2160832,37.7594757080078
"2012-03-27",69.1999969482422,69.3399963378906,68.4000015258789,68.4499969482422,1808313,37.6385116577148
"2012-03-28",68.0800018310547,68.5500030517578,67.0100021362305,67.2200012207031,2202779,36.9621734619141
"2012-03-29",67.0199966430664,67.3399963378906,65.6699981689453,65.8300018310547,3075223,36.1978530883789
"2012-03-30",66.4300003051758,68.2300033569336,66.1999969482422,67.4300003051758,3198455,37.0776405334473
"2012-04-02",68.379997253418,69.2099990844727,67.4100036621094,69.2099990844727,3238087,38.0564117431641
"2012-04-03",69.2099990844727,69.2099990844727,67.9899978637695,67.9899978637695,2089514,37.3855667114258
"2012-04-04",67.5,67.8000030517578,66.2099990844727,66.5599975585938,2904477,36.5992546081543
"2012-04-05",66.8000030517578,67.0899963378906,65.4400024414062,66.7799987792969,2584787,36.7202301025391
"2012-04-10",65.6999969482422,66.5299987792969,65.0800018310547,65.0800018310547,2751649,35.7854537963867
"2012-04-11",65.1500015258789,67.2200012207031,65.0800018310547,66.7099990844727,3117808,36.6817359924316
"2012-04-12",67.3499984741211,69.0899963378906,67.2600021362305,68.6500015258789,3676956,37.7484893798828
"2012-04-13",68.9300003051758,68.9300003051758,67,67.5,2655072,37.116138458252
"2012-04-16",66.9000015258789,69.4899978637695,66.8000030517578,68.7099990844727,2757322,37.7814788818359
"2012-04-17",68.5100021362305,70,67.9199981689453,70,2503480,38.4908027648926
"2012-04-18",70.4599990844727,70.5,68.8199996948242,69.4400024414062,2314609,38.1828765869141
"2012-04-19",69.7900009155273,70.25,68.25,68.3199996948242,2865183,37.5670318603516
"2012-04-20",68.4100036621094,69.9700012207031,67.8199996948242,69.8399963378906,2618937,38.4028205871582
"2012-04-23",68.8000030517578,68.8399963378906,66.4000015258789,67,2617648,36.8412055969238
"2012-04-24",67.3000030517578,68.1100006103516,66.9700012207031,67.5999984741211,1937241,37.1711158752441
"2012-04-25",67.9499969482422,70.0800018310547,67.8300018310547,69.6800003051758,2337231,38.3148460388184
"2012-04-26",69.629997253418,71.4400024414062,69.3000030517578,71.25,3749825,39.1781387329102
"2012-04-27",70.8000030517578,72.5,70.5100021362305,72.129997253418,2623097,39.6620292663574
"2012-04-30",72.3099975585938,72.6699981689453,71.6100006103516,71.8099975585938,1892410,39.4860687255859
"2012-05-02",72.6399993896484,72.9100036621094,70.2900009155273,71.0699996948242,2681607,39.0791625976562
"2012-05-03",71.8099975585938,73.9499969482422,71.1100006103516,71.6800003051758,5130666,39.4145889282227
"2012-05-04",71.620002746582,71.8600006103516,68.7300033569336,68.9899978637695,2956169,37.9354438781738
"2012-05-07",67.0999984741211,70.25,66.8899993896484,70.0500030517578,2454028,38.5183029174805
"2012-05-08",69.3000030517578,69.7300033569336,66.879997253418,67.3499984741211,2917030,37.0336570739746
"2012-05-09",67.8000030517578,68.5,66.3600006103516,67.6999969482422,2938800,37.2261047363281
"2012-05-10",68.0999984741211,68.2799987792969,65.9000015258789,66.2399978637695,4070960,36.4232978820801
"2012-05-11",65.8199996948242,67.5999984741211,65.5100021362305,67.5999984741211,2729961,37.1711158752441
"2012-05-14",67.2300033569336,67.3499984741211,65.9100036621094,66.4400024414062,2222874,36.533275604248
"2012-05-15",66.9499969482422,67.3000030517578,65.5,66.1699981689453,2965273,36.3848075866699
"2012-05-16",65.3099975585938,67.1600036621094,64.5699996948242,66.5299987792969,4103589,36.582763671875
"2012-05-17",64.8000030517578,64.879997253418,62.3699989318848,62.7299995422363,2629253,35.7284317016602
"2012-05-18",61.810001373291,62.2400016784668,61.0200004577637,61.310001373291,4288518,34.9196548461914
"2012-05-21",61.4799995422363,62.6599998474121,61.3899993896484,61.7700004577637,2362798,35.1816520690918
"2012-05-22",62.7700004577637,63.7599983215332,62.4799995422363,63.4300003051758,2880567,36.1271171569824
"2012-05-23",62.7099990844727,62.8300018310547,61.5299987792969,61.810001373291,2670776,35.2044296264648
"2012-05-24",62.439998626709,62.5800018310547,61.25,61.9799995422363,2459775,35.3012580871582
"2012-05-25",62.0099983215332,62.6199989318848,61.4000015258789,61.9000015258789,1634898,35.2556915283203
"2012-05-28",62.439998626709,63.4199981689453,62.0200004577637,62.2799987792969,1201981,35.4721260070801
"2012-05-29",63.1300010681152,64.7900009155273,62.9799995422363,64,2426478,36.4517593383789
"2012-05-30",63.6100006103516,63.7400016784668,61.6599998474121,62.0099983215332,2858769,35.3183479309082
"2012-05-31",62.0999984741211,62.8800010681152,60.5999984741211,61.0999984741211,3012985,34.8000450134277
"2012-06-01",61.0699996948242,61.0999984741211,57.8400001525879,58.7200012207031,4219292,33.4444999694824
"2012-06-04",57.9000015258789,58.0400009155273,56.810001373291,56.8499984741211,2609948,32.3794174194336
"2012-06-05",57.5299987792969,57.5800018310547,56.0999984741211,57.2000007629395,2346209,32.5787658691406
"2012-06-06",58.0200004577637,58.9099998474121,57.5099983215332,58.5099983215332,3325975,33.3248863220215
"2012-06-07",59.0999984741211,61.0499992370605,58.1599998474121,59.5800018310547,3114859,33.9343147277832
"2012-06-08",58.9000015258789,59.0200004577637,58.0800018310547,58.8199996948242,2083147,33.5014457702637
"2012-06-11",60.7000007629395,60.9500007629395,58.0800018310547,58.7700004577637,2505321,33.4729690551758
"2012-06-12",58.2900009155273,59.6699981689453,58.0800018310547,58.5800018310547,2377663,33.3647575378418
"2012-06-13",58.8800010681152,59.6100006103516,56.7799987792969,57.810001373291,2981678,32.9261932373047
"2012-06-14",57.4700012207031,57.6599998474121,55.8400001525879,56.2900009155273,3672086,32.0604629516602
"2012-06-15",56.4599990844727,56.7799987792969,55.8899993896484,55.9599990844727,5844449,31.8725070953369
"2012-06-18",57.189998626709,57.6399993896484,56.6500015258789,57.1399993896484,3252808,32.5445861816406
"2012-06-19",57.2000007629395,58.2999992370605,56.939998626709,57.9300003051758,2270671,32.9945449829102
"2012-06-20",57.8699989318848,58.25,56.8400001525879,58.0699996948242,1943565,33.0742797851562
"2012-06-21",57.75,58.4300003051758,57.189998626709,57.5800018310547,2398303,32.7951965332031
"2012-06-22",57,57.1800003051758,56.2999992370605,56.4700012207031,1903736,32.1629905700684
"2012-06-25",56.2599983215332,56.3199996948242,54.939998626709,54.939998626709,2306851,31.2915554046631
"2012-06-26",54.2799987792969,54.4799995422363,53.1599998474121,53.7000007629395,3837315,30.5853080749512
"2012-06-27",54,54.5499992370605,53.439998626709,54.5200004577637,2202471,31.0523433685303
"2012-06-28",54.5999984741211,55.0499992370605,53.7599983215332,54.1599998474121,2183552,30.8473091125488
"2012-06-29",56.4000015258789,57.0499992370605,55.3699989318848,56.9300003051758,3464824,32.4249801635742
"2012-07-02",56.9000015258789,58.1300010681152,56.2000007629395,57.4099998474121,2176732,32.6983680725098
"2012-07-03",57.7000007629395,59,57.5499992370605,58.939998626709,2547190,33.5697937011719
"2012-07-04",58.9799995422363,59.5699996948242,58.5999984741211,58.9500007629395,1896566,33.575496673584
"2012-07-05",59.0999984741211,60.1399993896484,58.0800018310547,59.1100006103516,3009595,33.6666221618652
"2012-07-06",58,58.1699981689453,56.4099998474121,56.4199981689453,3377305,32.1345062255859
"2012-07-09",56.4599990844727,56.6599998474121,55.8499984741211,56.3899993896484,1858782,32.1174240112305
"2012-07-10",56.6699981689453,57.7400016784668,56.0099983215332,57.25,1856226,32.607234954834
"2012-07-11",57.0099983215332,57.0999984741211,56.0900001525879,56.689998626709,1924342,32.2882919311523
"2012-07-12",56.1599998474121,56.8199996948242,55.3899993896484,55.8400001525879,2796670,31.8041648864746
"2012-07-13",55.8600006103516,58.0299987792969,55.6699981689453,57.7700004577637,2532760,32.9034194946289
"2012-07-16",57.6599998474121,57.7000007629395,56.7799987792969,57.5,1562187,32.7496337890625
"2012-07-17",57.5699996948242,58.2400016784668,57.4000015258789,57.6199989318848,2058816,32.8179817199707
"2012-07-18",57.8499984741211,59.0099983215332,57.4300003051758,58.8400001525879,1790450,33.5128402709961
"2012-07-19",59.0200004577637,60.189998626709,58.8499984741211,59.6599998474121,2609882,33.9798812866211
"2012-07-20",59.810001373291,60.6199989318848,58.1599998474121,58.2799987792969,3809096,33.1938858032227
"2012-07-23",57.5,57.8199996948242,56.0299987792969,56.6399993896484,2386687,32.2598114013672
"2012-07-24",56.439998626709,56.5999984741211,55.0699996948242,55.1800003051758,2775280,31.4282512664795
"2012-07-25",55.0999984741211,56.7999992370605,55.0099983215332,55.8899993896484,3258039,31.8326377868652
"2012-07-26",55.9799995422363,57.5,54.7599983215332,57.5,3702441,32.7496337890625
"2012-07-27",57.5,59.3800010681152,56.9099998474121,59.1500015258789,2987322,33.6893997192383
"2012-07-30",59.5,60.7400016784668,59.4199981689453,60.4300003051758,2410460,34.4184417724609
"2012-07-31",60.689998626709,61.4300003051758,59.5299987792969,60.7700004577637,2467810,34.6120910644531
"2012-08-01",59.2999992370605,59.75,57.7200012207031,58.9900016784668,4126187,33.598274230957
"2012-08-02",58.439998626709,59.6500015258789,56.2099990844727,56.4599990844727,4950842,32.1572914123535
"2012-08-03",56.5099983215332,58.5400009155273,56.3499984741211,58.1199989318848,3501478,33.1027565002441
"2012-08-06",57.9300003051758,60.0499992370605,57.8400001525879,59.5,2897938,33.8887481689453
"2012-08-07",59.4000015258789,60.689998626709,59.2900009155273,60.5099983215332,2820883,34.463996887207
"2012-08-08",60.2000007629395,60.5999984741211,59.7200012207031,60.2200012207031,1846688,34.2988319396973
"2012-08-09",60.2299995422363,60.4199981689453,59.0400009155273,60.1699981689453,2109837,34.2703552246094
"2012-08-10",59.810001373291,60.2000007629395,59.2400016784668,59.9000015258789,1407699,34.1165771484375
"2012-08-13",59.7200012207031,59.7999992370605,58.6199989318848,59.0800018310547,1535835,33.6495361328125
"2012-08-14",59.4000015258789,59.6699981689453,58.8300018310547,59.1300010681152,1631873,33.6780166625977
"2012-08-15",58.9500007629395,59.5200004577637,58.6599998474121,58.9799995422363,1619493,33.5925788879395
"2012-08-16",59.3800010681152,60.0999984741211,59.0200004577637,59.9500007629395,2077253,34.1450500488281
"2012-08-17",60.2999992370605,61.6399993896484,60.1300010681152,61.4599990844727,2658919,35.0050849914551
"2012-08-20",61.5099983215332,62.0400009155273,60.8899993896484,61.2200012207031,1664962,34.8683891296387
"2012-08-21",61.4599990844727,61.9199981689453,61.189998626709,61.6399993896484,1981514,35.1076049804688
"2012-08-22",61.3300018310547,61.4099998474121,60.3600006103516,61.3899993896484,1785112,34.965217590332
"2012-08-23",61.7700004577637,61.9500007629395,60.3300018310547,60.810001373291,2287012,34.6348724365234
"2012-08-24",60.5499992370605,60.7099990844727,59.2400016784668,60.0499992370605,2188408,34.2020111083984
"2012-08-27",59.7999992370605,60.8800010681152,59.560001373291,60.7700004577637,1267798,34.6120910644531
"2012-08-28",60.3400001525879,60.5400009155273,59.8400001525879,60.5299987792969,1314107,34.4753913879395
"2012-08-29",60.5,60.5800018310547,59.5800018310547,60.2099990844727,1385564,34.2931327819824
"2012-08-30",59.4500007629395,59.5,57.2000007629395,57.3499984741211,3839263,32.6641998291016
"2012-08-31",57.3499984741211,58.1699981689453,56.939998626709,57.6599998474121,2895763,32.840763092041
"2012-09-03",57.2299995422363,57.7700004577637,56.7200012207031,57.1500015258789,1715284,32.5502853393555
"2012-09-04",57.1399993896484,57.4099998474121,54.9500007629395,55.3899993896484,3406526,31.5478649139404
"2012-09-05",54.7200012207031,55.3499984741211,54.3499984741211,55.0499992370605,3727446,31.354211807251
"2012-09-06",55.2000007629395,57.2299995422363,55.0400009155273,57.2299995422363,4238427,32.5958557128906
"2012-09-07",57.9000015258789,58.6300010681152,57.3699989318848,58.0299987792969,3195831,33.0514984130859
"2012-09-10",57.9300003051758,58.7900009155273,57.7599983215332,58.5299987792969,1994554,33.3362808227539
"2012-09-11",58.2099990844727,59.5699996948242,58.0499992370605,59.3800010681152,2126791,33.8204002380371
"2012-09-12",59.6500015258789,61.1100006103516,59.2900009155273,60.560001373291,3343294,34.4924774169922
"2012-09-13",60.810001373291,60.8800010681152,59.6399993896484,59.9700012207031,2379819,34.1564445495605
"2012-09-14",61.4300003051758,62.4900016784668,61.310001373291,62,3471899,35.3126487731934
"2012-09-17",61.8600006103516,62.2999992370605,61.3800010681152,61.689998626709,1663747,35.1360778808594
"2012-09-18",61.0999984741211,61.310001373291,59.8499984741211,60.4500007629395,2408995,34.4298324584961
"2012-09-19",60.8499984741211,61.3899993896484,60.060001373291,61.189998626709,1987198,34.8513031005859
"2012-09-20",60.5699996948242,60.6500015258789,58.6699981689453,59.439998626709,4531868,33.8545761108398
"2012-09-21",59.7999992370605,59.9000015258789,58.9099998474121,59.7900009155273,4522674,34.0539207458496
"2012-09-24",59.4099998474121,59.8300018310547,58.9000015258789,59.6399993896484,1438130,33.9684867858887
"2012-09-25",59.3600006103516,59.3600006103516,57.8400001525879,58.810001373291,2545599,33.4957542419434
"2012-09-26",57.7999992370605,57.9799995422363,57.4000015258789,57.6199989318848,2807224,32.8179817199707
"2012-09-27",57.6399993896484,58.0200004577637,57.2900009155273,57.6399993896484,2439550,32.8293724060059
"2012-09-28",58.1300010681152,58.2299995422363,56.9099998474121,56.9099998474121,2052855,32.4135894775391
"2012-10-01",56.8499984741211,57.7299995422363,56.5099983215332,57.1399993896484,2332284,32.5445861816406
"2012-10-02",56.8400001525879,58.4700012207031,56.5200004577637,57.7299995422363,1967027,32.8806304931641
"2012-10-04",58.25,60.1300010681152,58.1800003051758,59.7599983215332,3777807,34.0368347167969
"2012-10-05",60.189998626709,61.2400016784668,60.0699996948242,60.9900016784668,2662377,34.7373962402344
"2012-10-08",60.6399993896484,60.6599998474121,60.0200004577637,60.0499992370605,1495949,34.2020111083984
"2012-10-09",60.4000015258789,60.8300018310547,59.7599983215332,59.9900016784668,1932972,34.1678314208984
"2012-10-10",59.9300003051758,60.1699981689453,59.1399993896484,59.5499992370605,1776235,33.9172248840332
"2012-10-11",59.1599998474121,61.060001373291,59.0400009155273,60.8400001525879,2598530,34.6519622802734
"2012-10-12",60.9000015258789,61.8499984741211,60.4000015258789,60.4000015258789,1790762,34.4013519287109
"2012-10-15",60.2900009155273,60.9500007629395,60.1199989318848,60.4599990844727,1425627,34.4355239868164
"2012-10-16",60.8300018310547,61.1500015258789,59.7599983215332,60.9900016784668,2134124,34.7373962402344
"2012-10-17",61.0999984741211,61.810001373291,60.0099983215332,61.6599998474121,2894007,35.1189956665039
"2012-10-18",61.6599998474121,62.2900009155273,61.0099983215332,62.0400009155273,2384064,35.3354339599609
"2012-10-19",62.5999984741211,63.6800003051758,61.9300003051758,62.0099983215332,4718607,35.3183479309082
"2012-10-22",62.0800018310547,62.1199989318848,61.1399993896484,61.4799995422363,2074603,35.0164756774902
"2012-10-23",61.7099990844727,61.7900009155273,60.189998626709,60.4599990844727,2409075,34.4355239868164
"2012-10-24",60.5299987792969,60.7999992370605,59.2200012207031,60.3499984741211,2571781,34.372875213623
"2012-10-25",60.0099983215332,60.9199981689453,59.5699996948242,60.3400001525879,2122482,34.3671760559082
"2012-10-26",59.8499984741211,60.9700012207031,59.6100006103516,60.9700012207031,1864159,34.726001739502
"2012-10-29",60.810001373291,60.9700012207031,60.0099983215332,60.4900016784668,1099654,34.4526176452637
"2012-10-30",60.7799987792969,61.5099983215332,60.6199989318848,61.5099983215332,1265519,35.033561706543
"2012-10-31",61.5900001525879,62.7000007629395,61.4199981689453,61.4500007629395,2338039,34.999397277832
"2012-11-01",61.75,63.5200004577637,61.6599998474121,63.3199996948242,2491800,36.0644645690918
"2012-11-02",63.6399993896484,65.2900009155273,63.5099983215332,65,3497619,37.0213241577148
"2012-11-05",64.5500030517578,65.2399978637695,63.9799995422363,64.4899978637695,2254136,36.730842590332
"2012-11-06",64.4000015258789,65.0100021362305,62.7999992370605,64.0500030517578,3523496,36.4802436828613
"2012-11-07",64.4000015258789,66.2799987792969,64.0699996948242,64.4199981689453,4166853,36.6909790039062
"2012-11-08",65.0100021362305,65.3499984741211,63.4000015258789,63.689998626709,2661144,36.2751998901367
"2012-11-09",63.9300003051758,64.7799987792969,63.439998626709,64.2300033569336,2757947,36.5827598571777
"2012-11-12",64.1500015258789,64.2799987792969,63.3199996948242,63.6599998474121,1663716,36.258113861084
"2012-11-13",63.3600006103516,63.8899993896484,62.5699996948242,63.6199989318848,2108502,36.2353286743164
"2012-11-14",63.5800018310547,63.9300003051758,62.9000015258789,63.2299995422363,1287355,36.0132026672363
"2012-11-15",62.689998626709,63.2099990844727,62.3199996948242,62.5999984741211,1871914,35.6543846130371
"2012-11-16",62.6199989318848,63.0999984741211,61.5699996948242,61.9900016784668,2534722,35.3069534301758
"2012-11-19",62.5999984741211,65.3099975585938,62.5,65.1100006103516,2945851,37.0839729309082
"2012-11-20",64.7600021362305,65.9100036621094,64.5599975585938,65.6999969482422,2237194,37.4200096130371
"2012-11-21",65.6399993896484,66.9599990844727,65.5999984741211,66.1399993896484,2134231,37.6706199645996
"2012-11-22",66.370002746582,66.9400024414062,65.620002746582,65.6600036621094,2121691,37.3972358703613
"2012-11-23",65.7200012207031,65.9899978637695,65.2300033569336,65.7799987792969,1726763,37.465576171875
"2012-11-26",65.4899978637695,66.6500015258789,65.3199996948242,66.2300033569336,1412289,37.7218780517578
"2012-11-27",66.4100036621094,66.8000030517578,65.9499969482422,66.5599975585938,1192986,37.9098320007324
"2012-11-28",67,67.4499969482422,66.2799987792969,67.0400009155273,2107702,38.1832160949707
"2012-11-29",67.6100006103516,68.3300018310547,67.4400024414062,67.9100036621094,2398452,38.6787490844727
"2012-11-30",67.8600006103516,68.5899963378906,67.6600036621094,68.1900024414062,1670749,38.8382186889648
"2012-12-03",68.4599990844727,68.5599975585938,67.7799987792969,67.9000015258789,1477337,38.6730461120605
"2012-12-04",67.8899993896484,68.7099990844727,67.5100021362305,67.6900024414062,1275525,38.5534324645996
"2012-12-05",68.3899993896484,68.7699966430664,67.7200012207031,67.9300003051758,1769418,38.6901359558105
"2012-12-06",68.2600021362305,68.8399963378906,68.0999984741211,68.6600036621094,2036459,39.1059112548828
"2012-12-07",68.7699966430664,69.1900024414062,68,69.0400009155273,1797971,39.3223419189453
"2012-12-10",68.7699966430664,69.4300003051758,68.4800033569336,69.3300018310547,1260540,39.4875144958496
"2012-12-11",69.5,70.6399993896484,69.2699966430664,70.5899963378906,1872903,40.205150604248
"2012-12-12",70.5899963378906,71.129997253418,70.1900024414062,70.9800033569336,1775357,40.4272918701172
"2012-12-13",71.0899963378906,71.2300033569336,70.2799987792969,70.7900009155273,1775714,40.3190689086914
"2012-12-14",70.9000015258789,71.8899993896484,70.8000030517578,71.7300033569336,1616826,40.8544578552246
"2012-12-17",71.7300033569336,72.1900024414062,71.2699966430664,71.6800003051758,1388846,40.8259773254395
"2012-12-18",71.9499969482422,72.0899963378906,71.4700012207031,72,1341593,41.0082359313965
"2012-12-19",72.1900024414062,72.1900024414062,71.1999969482422,72.0199966430664,1470066,41.0196228027344
"2012-12-20",71.5,72.2600021362305,71.3199996948242,72.1699981689453,1340299,41.1050605773926
"2012-12-21",71.6100006103516,72.8499984741211,71.5999984741211,72.6999969482422,3394220,41.4069213867188
"2012-12-27",72.8499984741211,73.8300018310547,72.8000030517578,73.4599990844727,1169029,41.8397979736328
"2012-12-28",73.5100021362305,74,72.9300003051758,72.9300003051758,907064,41.5379219055176
"2013-01-02",74.9000015258789,76.1600036621094,74.6999969482422,75.9300003051758,2354195,43.2466049194336
"2013-01-03",75.7300033569336,76.0500030517578,74.7399978637695,75.6100006103516,1519799,43.0643501281738
"2013-01-04",75.6600036621094,75.9599990844727,74.8899993896484,75.8000030517578,1136437,43.1725578308105
"2013-01-07",75.6399993896484,75.879997253418,74.9100036621094,75.75,1288665,43.1440773010254
"2013-01-08",75.3600006103516,75.8000030517578,73.0599975585938,73.2099990844727,2291326,41.697395324707
"2013-01-09",72.9300003051758,73.9499969482422,71.5999984741211,72.1600036621094,2283158,41.0993614196777
"2013-01-10",72.1100006103516,73.8300018310547,72.1100006103516,72.8899993896484,1828257,41.51513671875
"2013-01-11",72,73.2200012207031,71.6399993896484,73.2200012207031,1701070,41.7030944824219
"2013-01-14",73.0999984741211,73.879997253418,72.5899963378906,73.2200012207031,2005640,41.7030944824219
"2013-01-15",73.1100006103516,73.6399993896484,72.2799987792969,72.4800033569336,1549660,41.2816200256348
"2013-01-16",72.0999984741211,73.2099990844727,71.8399963378906,73.0999984741211,1166401,41.6347465515137
"2013-01-17",72.9800033569336,74.3000030517578,72.7200012207031,74.0599975585938,1380526,42.181526184082
"2013-01-18",74.379997253418,74.5500030517578,73.1100006103516,73.3300018310547,1555616,41.7657508850098
"2013-01-21",73.5199966430664,74.2799987792969,73,74.2799987792969,856386,42.3068237304688
"2013-01-22",74,74.2600021362305,72.7600021362305,74.1600036621094,1554942,42.2384872436523
"2013-01-23",74.2200012207031,74.9100036621094,73.9499969482422,74.3399963378906,1028652,42.3409996032715
"2013-01-24",74.3399963378906,74.6999969482422,73.6900024414062,74.629997253418,975244,42.5061721801758
"2013-01-25",74.5199966430664,75.8499984741211,74.0599975585938,75.8499984741211,1454972,43.2010345458984
"2013-01-28",76,76.1600036621094,75.4100036621094,75.5,1074180,43.0016937255859
"2013-01-29",75.4000015258789,75.6600036621094,74.9199981689453,75.5800018310547,1173346,43.0472564697266
"2013-01-30",75.5199966430664,75.5999984741211,74.5100021362305,74.9100036621094,1163550,42.6656532287598
"2013-01-31",74.8499984741211,74.8499984741211,73.6800003051758,74.1500015258789,1997021,42.2327880859375
"2013-02-01",74.2399978637695,75.370002746582,73.8499984741211,74.4800033569336,1837169,42.4207420349121
"2013-02-04",74.7799987792969,74.7900009155273,72.0299987792969,72.0299987792969,2057850,41.0253219604492
"2013-02-05",71.629997253418,72.1999969482422,70.0500030517578,71.8600006103516,1972099,40.9285011291504
"2013-02-06",72.129997253418,72.9199981689453,70.9700012207031,71.7699966430664,1477268,40.8772354125977
"2013-02-07",71.620002746582,72.5800018310547,71.3499984741211,71.7399978637695,1635556,40.8601455688477
"2013-02-08",72.0500030517578,73.5,71.8899993896484,73.5,1310537,41.8625755310059
"2013-02-11",73.2600021362305,73.5299987792969,71.7600021362305,72.0699996948242,1291026,41.0480995178223
"2013-02-12",71.7300033569336,72.129997253418,71.0899963378906,71.5199966430664,1347531,40.7348480224609
"2013-02-13",71.8199996948242,72.7099990844727,71.2799987792969,72.1500015258789,1189974,41.0936698913574
"2013-02-14",72.1500015258789,72.7200012207031,71.4000015258789,71.6800003051758,1353896,40.8259773254395
"2013-02-15",71.879997253418,72.0999984741211,71.4000015258789,71.6500015258789,1461517,40.8088874816895
"2013-02-18",70.7900009155273,71.4899978637695,70.6500015258789,71.370002746582,951551,40.6494216918945
"2013-02-19",71.0800018310547,71.9000015258789,70.7900009155273,71.7900009155273,1926065,40.8886299133301
"2013-02-20",71.8199996948242,71.9499969482422,70.5999984741211,70.7600021362305,1485880,40.3019790649414
"2013-02-21",70.3000030517578,70.3000030517578,68.6399993896484,69.0599975585938,2327628,39.3337364196777
"2013-02-22",69.4100036621094,70.120002746582,68.0699996948242,68.7900009155273,2783226,39.1799507141113
"2013-02-25",69.2399978637695,71.5999984741211,69.1500015258789,70.5800018310547,2810780,40.1994667053223
"2013-02-26",69.1399993896484,70.5800018310547,68.9100036621094,69.4599990844727,2264463,39.5615539550781
"2013-02-27",69.9700012207031,70.4499969482422,68.8600006103516,70.3199996948242,1919743,40.0513801574707
"2013-02-28",70.7699966430664,70.870002746582,70,70.6999969482422,1555604,40.2678146362305
"2013-03-01",70.6999969482422,71.1699981689453,68.0299987792969,69.1999969482422,2202823,39.4134712219238
"2013-03-04",68.8199996948242,70.0400009155273,68.0500030517578,69.4000015258789,1510626,39.5273857116699
"2013-03-05",70.4400024414062,71.6999969482422,70.2099990844727,71.4100036621094,1966063,40.6721954345703
"2013-03-06",71.6399993896484,72.3000030517578,71.5400009155273,71.5999984741211,1503437,40.7804069519043
"2013-03-07",71.9700012207031,72.2799987792969,71.5699996948242,72.0199966430664,1320415,41.0196228027344
"2013-03-08",72.5899963378906,73.0999984741211,71.8899993896484,72.6500015258789,1694965,41.3784408569336
"2013-03-11",72.7300033569336,73,72.379997253418,72.5599975585938,984141,41.3271827697754
"2013-03-12",72.4700012207031,72.7399978637695,71.7900009155273,72,1135101,41.0082359313965
"2013-03-13",71.7300033569336,71.75,70.6800003051758,71.2699966430664,1674850,40.592456817627
"2013-03-14",71.870002746582,71.9899978637695,69.6999969482422,70.9400024414062,2805546,40.4045066833496
"2013-03-15",71.0599975585938,71.0699996948242,69.4100036621094,70,4029880,39.8691139221191
"2013-03-18",68.9599990844727,70.3600006103516,68.5500030517578,70.1900024414062,1584596,39.9773368835449
"2013-03-19",69.8099975585938,71.8499984741211,68.5800018310547,69.0699996948242,3185411,39.3394317626953
"2013-03-20",70.3000030517578,70.3000030517578,69.0400009155273,70.1500015258789,2148542,39.9545478820801
"2013-03-21",69.8300018310547,69.9300003051758,68.5,69.3600006103516,2646699,39.5046043395996
"2013-03-22",69.1600036621094,70.4199981689453,68.7900009155273,69.5899963378906,1497609,39.6355934143066
"2013-03-25",70.2699966430664,70.9000015258789,69.3099975585938,69.75,1716196,39.7267227172852
"2013-03-26",70.129997253418,70.3000030517578,69.3399963378906,69.8099975585938,1502627,39.7609024047852
"2013-03-27",70.2600021362305,70.3300018310547,68.5999984741211,69.0999984741211,1738713,39.3565101623535
"2013-03-28",68.9700012207031,69.0999984741211,66.879997253418,67.3099975585938,2657631,38.3369979858398
"2013-04-02",67.4100036621094,68.4000015258789,66.3199996948242,68.3499984741211,2175298,38.9293403625488
"2013-04-03",68.4499969482422,69.2099990844727,68.1800003051758,68.3899993896484,1469838,38.9521255493164
"2013-04-04",68.6999969482422,68.9800033569336,67.2099990844727,67.5699996948242,1730482,38.4850883483887
"2013-04-05",67.5899963378906,68.0299987792969,65.5800018310547,66.3099975585938,2087464,37.7674446105957
"2013-04-08",66.5999984741211,66.6900024414062,65.6900024414062,66.3000030517578,1372505,37.7617530822754
"2013-04-09",66.4599990844727,66.7900009155273,65.5199966430664,65.9000015258789,1673707,37.5339279174805
"2013-04-10",65.9899978637695,68.0699996948242,65.7600021362305,67.9499969482422,2163077,38.7015190124512
"2013-04-11",68.0999984741211,69.4800033569336,67.8600006103516,69.0299987792969,1889763,39.3166465759277
"2013-04-12",68.629997253418,68.7699966430664,66.9800033569336,67.4000015258789,2031612,38.3882751464844
"2013-04-15",67.4800033569336,67.5100021362305,65.879997253418,66.4400024414062,1659154,37.8414878845215
"2013-04-16",66.1500015258789,67.7300033569336,65.6699981689453,66.8600006103516,1626339,38.0807075500488
"2013-04-17",67.3399963378906,67.3899993896484,64.5899963378906,65,2983725,37.0213241577148
"2013-04-18",65.0899963378906,65.129997253418,63.2700004577637,63.9300003051758,2147021,36.4118957519531
"2013-04-19",64.3099975585938,65.2099990844727,63.9099998474121,64.8399963378906,2618329,36.9301948547363
"2013-04-22",65.120002746582,66.1699981689453,64.7799987792969,65.2399978637695,1928576,37.1580123901367
"2013-04-23",65,66.8499984741211,64.3399963378906,66.7799987792969,2446173,38.0351371765137
"2013-04-24",66.5,68.1999969482422,66.3499984741211,67.8399963378906,2325262,38.6388664245605
"2013-04-25",67.9899978637695,69.2300033569336,67.629997253418,68.8899993896484,1626319,39.2369041442871
"2013-04-26",68.5999984741211,69.2900009155273,67.6699981689453,68.620002746582,1524785,39.083122253418
"2013-04-29",68.8099975585938,69.9899978637695,68.620002746582,69.8600006103516,1568487,39.7893753051758
"2013-04-30",70.2799987792969,70.7900009155273,69.5999984741211,70.0500030517578,1637370,39.8975982666016
"2013-05-02",70.6999969482422,72.1999969482422,69.9400024414062,70.7399978637695,3011882,40.2905883789062
"2013-05-03",70.5199966430664,72.1900024414062,70.0100021362305,72.120002746582,2129704,41.0765838623047
"2013-05-06",71.9700012207031,72.1999969482422,71.129997253418,71.3300018310547,989178,40.6266288757324
"2013-05-07",71.3300018310547,72.0800018310547,70.9100036621094,70.9800033569336,1694368,40.4272918701172
"2013-05-08",70.9000015258789,71.370002746582,70.3300018310547,71.0299987792969,1721713,40.4557609558105
"2013-05-09",70.870002746582,71.0899963378906,70.4000015258789,71.0699996948242,873197,40.4785423278809
"2013-05-10",71.4100036621094,72.3600006103516,71.379997253418,71.8399963378906,2330640,40.9171028137207
"2013-05-13",72.0100021362305,72.4499969482422,71.0899963378906,72.0800018310547,1984624,41.0537986755371
"2013-05-14",72.5500030517578,73.4899978637695,71.8600006103516,73.3099975585938,3103309,41.7543525695801
"2013-05-15",71.2699966430664,71.9499969482422,71.0699996948242,71.9300003051758,2180800,42.4147911071777
"2013-05-16",71.8499984741211,71.879997253418,70.8399963378906,71.4000015258789,1819197,42.1022605895996
"2013-05-17",71.25,72.5599975585938,70.9800033569336,71.9300003051758,2964272,42.4147911071777
"2013-05-20",72.5400009155273,74.2799987792969,72.5,74.0199966430664,1829185,43.6471900939941
"2013-05-21",73.75,73.9000015258789,72.7600021362305,73.8300018310547,1537029,43.5351486206055
"2013-05-22",74,74,72.5299987792969,73.3499984741211,1519202,43.2521133422852
"2013-05-23",71.1999969482422,71.5999984741211,70.5100021362305,71.4800033569336,2201417,42.1494331359863
"2013-05-24",71.6500015258789,71.8300018310547,69.870002746582,70.879997253418,1513236,41.7956314086914
"2013-05-27",71.4000015258789,71.9899978637695,71.3499984741211,71.879997253418,670305,42.3853034973145
"2013-05-28",72.2600021362305,73.25,72.1900024414062,72.3099975585938,1437762,42.638858795166
"2013-05-29",71.7600021362305,73.0400009155273,71.75,72.4199981689453,1748559,42.7037162780762
"2013-05-30",72.2900009155273,73.7099990844727,72.0100021362305,73.1500015258789,1432106,43.1341743469238
"2013-05-31",72.9300003051758,74.1600036621094,72.4899978637695,73.6900024414062,2009895,43.4526023864746
"2013-06-03",73.25,74.2600021362305,72.5,73.1100006103516,1658421,43.1105995178223
"2013-06-04",74.0500030517578,74.4800033569336,72.8300018310547,73.3000030517578,1365717,43.2226333618164
"2013-06-05",72.7900009155273,73.4499969482422,72.120002746582,72.379997253418,1411789,42.6801338195801
"2013-06-06",72.2399978637695,72.5999984741211,70.9899978637695,71.0500030517578,1831545,41.895881652832
"2013-06-07",71.0899963378906,72.6999969482422,69.879997253418,72.1999969482422,2182110,42.5739974975586
"2013-06-10",72.0899963378906,72.879997253418,71.5500030517578,72.4899978637695,1244098,42.7449951171875
"2013-06-11",72,72.2300033569336,70.5400009155273,71.4100036621094,1591006,42.1081581115723
"2013-06-12",71.0699996948242,71.370002746582,69.8099975585938,70.1600036621094,1851352,41.3710784912109
"2013-06-13",69.0999984741211,69.7600021362305,68.5500030517578,69.1600036621094,2019214,40.7814102172852
"2013-06-14",69.9499969482422,70.5400009155273,69.4300003051758,70.0299987792969,2168197,41.2944145202637
"2013-06-17",70.4000015258789,71.120002746582,70.0400009155273,70.5500030517578,1455662,41.6010437011719
"2013-06-18",70.0500030517578,70.120002746582,69.4300003051758,69.870002746582,2013697,41.2000732421875
"2013-06-19",70.0899963378906,70.1699981689453,69.2799987792969,69.8000030517578,1540885,41.1587982177734
"2013-06-20",68.4199981689453,68.7099990844727,66.1100006103516,66.4300003051758,3679654,39.1716117858887
"2013-06-21",66.629997253418,66.9300003051758,64.3600006103516,64.3600006103516,4351948,37.9510040283203
"2013-06-24",64.5199966430664,65.3300018310547,63.8199996948242,64.0400009155273,3551142,37.7623062133789
"2013-06-25",64.5999984741211,66.3199996948242,64.5299987792969,65.9199981689453,2845461,38.8708877563477
"2013-06-26",66.1399993896484,66.9000015258789,65.9000015258789,66.7699966430664,2244382,39.3720932006836
"2013-06-27",67.0400009155273,67.7200012207031,66.629997253418,67.2900009155273,1823867,39.6787300109863
"2013-06-28",67.5500030517578,68.120002746582,66.5500030517578,67.1800003051758,2225631,39.6138610839844
"2013-07-01",67.5400009155273,67.9700012207031,66.3499984741211,67.2799987792969,1628394,39.6728248596191
"2013-07-02",67.6100006103516,67.6399993896484,65.5899963378906,66.4300003051758,1969226,39.1716117858887
"2013-07-03",64.9499969482422,66.1500015258789,64.4400024414062,66.120002746582,2288806,38.9888153076172
"2013-07-04",66.5,68,66.3499984741211,67.6999969482422,1587857,39.9204902648926
"2013-07-05",67.9899978637695,68.6699981689453,66.1399993896484,66.1999969482422,1774163,39.0359840393066
"2013-07-08",67.1900024414062,68.6699981689453,66.8000030517578,67.9000015258789,1515412,40.0384254455566
"2013-07-09",68.5,69.5299987792969,68.2099990844727,69.0299987792969,1738159,40.7047538757324
"2013-07-10",68.9800033569336,69.3199996948242,68.370002746582,69,1131534,40.6870574951172
"2013-07-11",70,70.3199996948242,69.5,70.1500015258789,1452895,41.3651733398438
"2013-07-12",70.4899978637695,71.1999969482422,70.2099990844727,70.5199966430664,1459301,41.5833435058594
"2013-07-15",70.8000030517578,71.1399993896484,70.5,70.8600006103516,734948,41.7838401794434
"2013-07-16",70.6900024414062,71.3300018310547,70.2600021362305,71.0999984741211,1223807,41.9253616333008
"2013-07-17",71.0299987792969,71.3899993896484,70.3099975585938,71.2699966430664,1124583,42.0256004333496
"2013-07-18",71.3300018310547,72.0800018310547,70.9300003051758,72.0199966430664,1135065,42.4678497314453
"2013-07-19",71.6699981689453,72.6500015258789,71.5899963378906,72.2300033569336,1917855,42.5916862487793
"2013-07-22",72.5999984741211,72.9400024414062,71.9100036621094,72.129997253418,915232,42.5327224731445
"2013-07-23",72.5899963378906,72.9800033569336,72.2200012207031,72.4000015258789,958805,42.6919288635254
"2013-07-24",72.8399963378906,74.0100021362305,72.2600021362305,73.8600006103516,1819482,43.5528411865234
"2013-07-25",73.5699996948242,74.0699996948242,73.129997253418,74.0400009155273,1313389,43.6589889526367
"2013-07-26",74.1900024414062,74.5999984741211,73.629997253418,74.1600036621094,1260879,43.7297477722168
"2013-07-29",74.4499969482422,74.9100036621094,73.6100006103516,73.9700012207031,1163554,43.6177062988281
"2013-07-30",74.3499984741211,74.9599990844727,74.2399978637695,74.4499969482422,1128919,43.900749206543
"2013-07-31",74.2799987792969,74.5800018310547,72.9499969482422,73.5899963378906,1712495,43.393627166748
"2013-08-01",73.4599990844727,73.5500030517578,71.3099975585938,73.0100021362305,2712042,43.0516319274902
"2013-08-02",73.3000030517578,73.5,72.0699996948242,72.4800033569336,1348017,42.7391014099121
"2013-08-05",72.75,72.9100036621094,71.9499969482422,72.1800003051758,1184499,42.5622024536133
"2013-08-06",72.1900024414062,72.5100021362305,71.0400009155273,71.370002746582,1476202,42.0845794677734
"2013-08-07",71.0400009155273,71.0899963378906,70.0800018310547,70.6399993896484,1236720,41.6541137695312
"2013-08-08",70.7200012207031,71.9899978637695,70.2099990844727,71.6800003051758,1351383,42.2673721313477
"2013-08-09",71.9899978637695,72.8300018310547,71.8000030517578,72.3000030517578,1038734,42.6329650878906
"2013-08-12",72.5500030517578,73.4000015258789,71.129997253418,73.1600036621094,1236766,43.140079498291
"2013-08-13",73.4400024414062,74.1699981689453,73.25,73.9700012207031,1191423,43.6177062988281
"2013-08-14",74.2200012207031,74.6800003051758,74,74.4000015258789,1025436,43.871265411377
"2013-08-15",74.379997253418,74.5699996948242,73.6600036621094,74.3600006103516,878118,43.8476753234863
"2013-08-16",74.25,75.6999969482422,74.0599975585938,75.5299987792969,1884100,44.5375862121582
"2013-08-19",75.5199966430664,75.75,74.879997253418,75.0299987792969,1437138,44.2427520751953
"2013-08-20",74.4700012207031,74.5400009155273,73.3099975585938,74.0500030517578,1266412,43.6648826599121
"2013-08-21",74,74.2600021362305,73.6900024414062,73.6999969482422,809661,43.4584999084473
"2013-08-22",73.6999969482422,75.4599990844727,73.6600036621094,75.1800003051758,1171987,44.3312072753906
"2013-08-23",75.370002746582,75.7200012207031,74.5500030517578,75.4000015258789,905294,44.4609336853027
"2013-08-26",75.6999969482422,75.7200012207031,74.9800033569336,75.4199981689453,490153,44.4727249145508
"2013-08-27",74.9000015258789,75.3300018310547,72.9700012207031,73,1693824,43.0457229614258
"2013-08-28",72.4000015258789,72.7099990844727,70.5699996948242,71.75,1617948,42.3086471557617
"2013-08-29",72.1500015258789,72.7699966430664,71.7399978637695,72.4100036621094,905077,42.697826385498
"2013-08-30",72.4300003051758,72.4499969482422,71.0800018310547,71.2900009155273,1419100,42.0373954772949
"2013-09-02",72.3300018310547,72.9000015258789,72.3300018310547,72.7600021362305,865104,42.9042129516602
"2013-09-03",72.9300003051758,73.120002746582,71.6699981689453,72.2300033569336,923654,42.5916862487793
"2013-09-04",72.2300033569336,72.5899963378906,70.8899993896484,72.5899963378906,1088612,42.8039665222168
"2013-09-05",74.3499984741211,77.129997253418,74.0800018310547,76.9700012207031,4185074,45.3867149353027
"2013-09-06",77.0699996948242,77.8899993896484,76.1500015258789,77.6999969482422,2179984,45.8171653747559
"2013-09-09",77.8000030517578,78.6900024414062,77.5500030517578,78.1699981689453,1659879,46.094310760498
"2013-09-10",79,79.9599990844727,78.8499984741211,79.1399993896484,1817425,46.6662826538086
"2013-09-11",79.3499984741211,80.0599975585938,79.1699981689453,80,1338850,47.1734046936035
"2013-09-12",80,80.0400009155273,79.0400009155273,79.5500030517578,1293682,46.9080581665039
"2013-09-13",79.4700012207031,79.9000015258789,79.25,79.9000015258789,944579,47.1144409179688
"2013-09-16",80.9800033569336,81.0500030517578,80.0800018310547,80.5800018310547,1093485,47.5154151916504
"2013-09-17",80.5500030517578,80.6600036621094,79.2300033569336,80.1800003051758,1388096,47.2795448303223
"2013-09-18",80.5,80.5199966430664,79.6600036621094,80.0500030517578,1150457,47.2028846740723
"2013-09-19",81.4400024414062,82.4400024414062,80.6800003051758,81.4400024414062,2465833,48.022518157959
"2013-09-20",81.5,81.7799987792969,79.870002746582,80.4700012207031,3373707,47.4505500793457
"2013-09-23",80.7900009155273,81.4100036621094,80.129997253418,80.3099975585938,1202686,47.3561973571777
"2013-09-24",80.5699996948242,81.5299987792969,80.4599990844727,80.8000030517578,1267055,47.6451301574707
"2013-09-25",80.9499969482422,81.1100006103516,79.629997253418,80.370002746582,1046931,47.3915786743164
"2013-09-26",80.5299987792969,80.6999969482422,79.4700012207031,79.7200012207031,1150771,47.00830078125
"2013-09-27",80.0299987792969,80.3199996948242,79.379997253418,80.0999984741211,899253,47.232364654541
"2013-09-30",79.379997253418,80.0199966430664,78.8000030517578,79.4700012207031,1008984,46.8608856201172
"2013-10-01",79.9700012207031,81.3199996948242,79.75,80.9100036621094,1270862,47.7100028991699
"2013-10-02",80.7900009155273,80.7900009155273,78.6800003051758,79.3000030517578,1540464,46.7606353759766
"2013-10-04",79.5500030517578,79.8499984741211,78.75,79.6800003051758,972099,46.9847068786621
"2013-10-07",79.5100021362305,79.5100021362305,78.25,79.1699981689453,970471,46.6839790344238
"2013-10-08",79.1699981689453,79.3899993896484,78.5299987792969,78.620002746582,775005,46.3596611022949
"2013-10-09",78.3899993896484,79.3499984741211,78.2300033569336,78.8000030517578,995233,46.4658126831055
"2013-10-10",79.2699966430664,80.9100036621094,79.0699996948242,80.379997253418,1299252,47.3974685668945
"2013-10-11",80.8399963378906,80.9400024414062,80.0899963378906,80.7399978637695,812135,47.6097564697266
"2013-10-14",80.3000030517578,80.6500015258789,80.0699996948242,80.629997253418,582459,47.5448913574219
"2013-10-15",81.3300018310547,83.3000030517578,81.2200012207031,82.9499969482422,2004212,48.912914276123
"2013-10-16",82.7300033569336,82.8199996948242,81.6699981689453,82.1999969482422,1964131,48.4706687927246
"2013-10-17",82.1999969482422,82.7099990844727,81,81.9400024414062,1440792,48.3173675537109
"2013-10-18",82.2099990844727,82.3899993896484,81.5100021362305,82.0299987792969,2610280,48.3704299926758
"2013-10-21",82.3499984741211,82.4899978637695,81.1100006103516,82.0999984741211,970188,48.4117012023926
"2013-10-22",81.1600036621094,82.370002746582,80.7200012207031,81.8499984741211,2065376,48.2642822265625
"2013-10-23",81.6900024414062,82.3899993896484,81.3600006103516,82,1194395,48.3527297973633
"2013-10-24",82.5699996948242,83.7200012207031,82.4199981689453,83.5599975585938,1693550,49.2726211547852
"2013-10-25",83.2799987792969,83.9400024414062,82.9000015258789,83.6600036621094,1532022,49.3315887451172
"2013-10-28",84.0299987792969,84.0500030517578,81.7300033569336,82.3899993896484,1436472,48.5827102661133
"2013-10-29",82.0500030517578,83.0800018310547,81.379997253418,82.2099990844727,1308176,48.4765625
"2013-10-30",82.5999984741211,83.5500030517578,82.3099975585938,82.6900024414062,1344602,48.7596092224121
"2013-10-31",82.2699966430664,83.7399978637695,81.9499969482422,83.5400009155273,1819633,49.2608337402344
"2013-11-01",83.3600006103516,83.5999984741211,82.4400024414062,82.6800003051758,1064889,48.7537117004395
"2013-11-04",83.1500015258789,83.6100006103516,82.5500030517578,83.5999984741211,1149392,49.2962036132812
"2013-11-05",81.2600021362305,81.9899978637695,79.5599975585938,81.1999969482422,4387208,47.8809967041016
"2013-11-06",81.7099990844727,82.629997253418,81,82.1600036621094,1471253,48.4470825195312
"2013-11-07",82.1500015258789,83.6699981689453,81.5699996948242,81.8199996948242,2408874,48.2465972900391
"2013-11-08",81.4100036621094,82.1399993896484,80.4300003051758,81.7699966430664,1915290,48.217113494873
"2013-11-11",82,82.1999969482422,81.7900009155273,82.0699996948242,759352,48.3940162658691
"2013-11-12",82.0299987792969,82.4300003051758,81.3000030517578,81.5400009155273,1275324,48.0814933776855
"2013-11-13",81.370002746582,81.379997253418,79.9199981689453,80.9599990844727,1391905,47.7394905090332
"2013-11-14",82,82.3099975585938,81.4199981689453,81.5999984741211,1212672,48.116870880127
"2013-11-15",81.75,82,80.8000030517578,81.5500030517578,2013462,48.0873832702637
"2013-11-18",81.5500030517578,83.2699966430664,81.370002746582,83.1999969482422,1592756,49.0603370666504
"2013-11-19",83.129997253418,83.4300003051758,82.5899963378906,83.0199966430664,865345,48.9541969299316
"2013-11-20",82.8399963378906,83.5299987792969,82.6500015258789,83.2799987792969,775433,49.1075134277344
"2013-11-21",82.5400009155273,83.5299987792969,82.0500030517578,83.1399993896484,822598,49.0249633789062
"2013-11-22",83.370002746582,83.8899993896484,83.120002746582,83.7699966430664,1104376,49.3964462280273
"2013-11-25",84.1800003051758,84.879997253418,83.9300003051758,84.5699996948242,1363670,49.8681869506836
"2013-11-26",84.1600036621094,84.8399963378906,84.1399993896484,84.3199996948242,993111,49.7207641601562
"2013-11-27",84.7300033569336,85,84.1500015258789,84.8000030517578,726384,50.0038070678711
"2013-11-28",84.9599990844727,85.0199966430664,84.6399993896484,84.7300033569336,605633,49.9625358581543
"2013-11-29",84.6900024414062,84.9899978637695,84.4400024414062,84.5699996948242,669232,49.8681869506836
"2013-12-02",84.7200012207031,85.4400024414062,84.5199966430664,85.1100006103516,914591,50.1866073608398
"2013-12-03",85.2799987792969,85.4599990844727,83.370002746582,83.5199966430664,1728503,49.2490272521973
"2013-12-04",83.7900009155273,83.7900009155273,81.9000015258789,82.5400009155273,1943799,48.6711578369141
"2013-12-05",82.379997253418,82.4899978637695,81.3199996948242,81.5800018310547,1262632,48.1050720214844
"2013-12-06",82.2900009155273,82.629997253418,81.4700012207031,82.1399993896484,1335002,48.4352989196777
"2013-12-09",82.6900024414062,82.8899993896484,81.7799987792969,82.1100006103516,964346,48.4176025390625
"2013-12-10",82.1399993896484,82.3199996948242,80.7399978637695,81.0500030517578,1213791,47.7925491333008
"2013-12-11",80.9199981689453,81.379997253418,80.5100021362305,80.5800018310547,1174657,47.5154151916504
"2013-12-12",80.4400024414062,80.7699966430664,79.3300018310547,79.7799987792969,1856537,47.0436706542969
"2013-12-13",80.0500030517578,80.3000030517578,79.6699981689453,79.7900009155273,1081941,47.0495796203613
"2013-12-16",79.6900024414062,81.2300033569336,79.3499984741211,80.9199981689453,1543978,47.7158966064453
"2013-12-17",80.7699966430664,81,80.4100036621094,80.4400024414062,947912,47.4328575134277
"2013-12-18",81.0899963378906,82.1399993896484,80.8099975585938,82.1399993896484,1730612,48.4352989196777
"2013-12-19",82.8399963378906,83.5999984741211,82.6100006103516,83.3899993896484,1735613,49.1723823547363
"2013-12-20",83.870002746582,84.3499984741211,83.4599990844727,83.9899978637695,2760556,49.5261726379395
"2013-12-23",84.6999969482422,84.9499969482422,84.3499984741211,84.5500030517578,820037,49.8563919067383
"2013-12-27",85.120002746582,85.6900024414062,85.0100021362305,85.4199981689453,805858,50.3693885803223
"2013-12-30",85.6100006103516,85.7300033569336,85.2200012207031,85.2200012207031,483820,50.2514724731445
"2014-01-02",85.9000015258789,86.0999984741211,83.379997253418,83.5400009155273,1499492,49.2608337402344
"2014-01-03",83.629997253418,84.5100021362305,83.3499984741211,83.9800033569336,826285,49.5202789306641
"2014-01-06",84,84.5299987792969,82.870002746582,82.9899978637695,987242,48.9365043640137
"2014-01-07",83.0999984741211,84.0100021362305,82.4100036621094,83.5500030517578,1231698,49.2667274475098
"2014-01-08",83.8199996948242,84.6600036621094,83.7300033569336,84.4499969482422,1435898,49.797420501709
"2014-01-09",84.129997253418,85.129997253418,83.5400009155273,83.8600006103516,1297442,49.4495239257812
"2014-01-10",83.7399978637695,84.1800003051758,83.0299987792969,83.1500015258789,1964388,49.0308609008789
"2014-01-13",83.5,84.2300033569336,83.2799987792969,84.1500015258789,1077464,49.6205215454102
"2014-01-14",83.3300018310547,84.1399993896484,83.1100006103516,84.120002746582,1071799,49.6028327941895
"2014-01-15",84.6999969482422,85.7699966430664,84.6100006103516,84.9599990844727,1541638,50.0981559753418
"2014-01-16",84.9300003051758,85.5699996948242,84.4899978637695,85.5,1371889,50.4165687561035
"2014-01-17",85.75,86.879997253418,85.7399978637695,86.2099990844727,1779656,50.8352432250977
"2014-01-20",86.120002746582,86.5800018310547,85.5800018310547,86.129997253418,834723,50.7880592346191
"2014-01-21",86.129997253418,86.5400009155273,85.629997253418,85.9300003051758,939655,50.6701393127441
"2014-01-22",86.3499984741211,86.5100021362305,85.2699966430664,85.7300033569336,1081848,50.5522003173828
"2014-01-23",85.5,85.7799987792969,84.1100006103516,84.6399993896484,1679626,49.9094657897949
"2014-01-24",84.4899978637695,84.879997253418,81.5800018310547,81.9700012207031,2827352,48.3350563049316
"2014-01-27",82.129997253418,82.3000030517578,80.4400024414062,80.4400024414062,2596691,47.4328575134277
"2014-01-28",81.0599975585938,81.9000015258789,80.5999984741211,81.5299987792969,2214005,48.0755882263184
"2014-01-29",82.7799987792969,83.0800018310547,78.870002746582,80.8300018310547,2668752,47.6628227233887
"2014-01-30",80.6600036621094,81.2900009155273,79.4899978637695,80.8199996948242,1722914,47.6569290161133
"2014-01-31",80.9899978637695,81.129997253418,78.6699981689453,80.8199996948242,2293745,47.6569290161133
"2014-02-03",81.0699996948242,81.4599990844727,79.8899993896484,79.9899978637695,2267484,47.1674957275391
"2014-02-04",79.9499969482422,80.8000030517578,79.0400009155273,80.2900009155273,1882416,47.3444061279297
"2014-02-05",80.370002746582,80.5299987792969,79.5199966430664,79.879997253418,1726361,47.1026420593262
"2014-02-06",81.4800033569336,81.8600006103516,80.5500030517578,81.4400024414062,2804474,48.022518157959
"2014-02-07",81.9000015258789,82.1800003051758,80.9499969482422,81.8000030517578,1567542,48.2348136901855
"2014-02-10",82.3499984741211,82.3600006103516,81.629997253418,82,1562118,48.3527297973633
"2014-02-11",83.5,84.4499969482422,82.9599990844727,84.4499969482422,2127013,49.797420501709
"2014-02-12",84.7699966430664,85.6699981689453,84.5199966430664,84.9700012207031,1564127,50.1040496826172
"2014-02-13",84.870002746582,85.5400009155273,83.8600006103516,85.3600006103516,1323715,50.3340225219727
"2014-02-14",85.4800033569336,86.3600006103516,85.25,86,1495632,50.7114143371582
"2014-02-17",85.9599990844727,85.9599990844727,84.6900024414062,84.9300003051758,1193335,50.0804557800293
"2014-02-18",85,85.1500015258789,83.4899978637695,84.620002746582,1702177,49.8976669311523
"2014-02-19",84.6600036621094,85.3600006103516,83.9199981689453,85,1202057,50.1217384338379
"2014-02-20",83.8099975585938,84.6699981689453,83.2399978637695,84.4300003051758,1671609,49.7856292724609
"2014-02-21",84.9199981689453,85.3899993896484,84.1500015258789,85.2200012207031,1236708,50.2514724731445
"2014-02-24",84.5699996948242,85.7099990844727,83.8399963378906,84.5899963378906,2029107,49.8799781799316
"2014-02-25",84.7699966430664,84.8499984741211,83.5800018310547,83.9499969482422,1569552,49.5025939941406
"2014-02-26",84.1600036621094,84.5100021362305,83.7399978637695,84.3099975585938,1466019,49.7148704528809
"2014-02-27",84.4100036621094,84.8899993896484,82.6900024414062,83.8000030517578,1626959,49.4141387939453
"2014-02-28",83.9100036621094,84.2099990844727,83.1900024414062,84.1999969482422,1542605,49.6500053405762
"2014-03-03",82.2200012207031,83.0800018310547,81.5400009155273,81.6500015258789,2223672,48.1463584899902
"2014-03-04",82.5,83.2200012207031,81.7399978637695,82.7799987792969,1937088,48.8126754760742
"2014-03-05",82.6800003051758,83.2200012207031,82.25,82.4800033569336,1496291,48.6357879638672
"2014-03-06",83.0199966430664,83.7399978637695,82.6500015258789,83.0800018310547,1470678,48.9895782470703
"2014-03-07",83.3099975585938,83.620002746582,81.7099990844727,81.8600006103516,1807393,48.2701835632324
"2014-03-10",81.5100021362305,82.25,79.8300018310547,80.5199966430664,1579605,47.4800262451172
"2014-03-11",80.8099975585938,81.7699966430664,80.6900024414062,81.2099990844727,1194555,47.8869018554688
"2014-03-12",80.75,80.8399963378906,79.1699981689453,80.2399978637695,1525505,47.3149147033691
"2014-03-13",80.5599975585938,82.879997253418,79.6600036621094,80.120002746582,2966473,47.2441596984863
"2014-03-14",79.0400009155273,79.6100006103516,77.5800018310547,79.2600021362305,3007090,46.7370529174805
"2014-03-17",79.1399993896484,80.3600006103516,78.3399963378906,80.0800018310547,1557329,47.2205772399902
"2014-03-18",80.0800018310547,80.0800018310547,80.0800018310547,80.0800018310547,0,47.2205772399902
"2014-03-19",80.9899978637695,87.1600036621094,80.3000030517578,86.5999984741211,7355055,51.0652084350586
"2014-03-20",86.0500030517578,88.1800003051758,85.8000030517578,87.3000030517578,3438493,51.477970123291
"2014-03-21",87.2900009155273,88.9199981689453,86.9899978637695,88.4000015258789,4090403,52.1266136169434
"2014-03-24",89.5,90.0500030517578,88.0100021362305,88.0599975585938,2127834,51.9261207580566
"2014-03-25",89,89.9700012207031,87.3600006103516,89.4499969482422,2225501,52.7457580566406
"2014-03-26",89.8499984741211,91.2399978637695,89.5199966430664,90.5999984741211,1849624,53.4238777160645
"2014-03-27",90.8000030517578,91.2799987792969,90.0299987792969,91.2799987792969,1504631,53.8248519897461
"2014-03-28",91.3499984741211,92.6699981689453,91.3000030517578,92.2300033569336,1592012,54.3850440979004
"2014-03-31",92.5999984741211,92.9100036621094,90.9199981689453,91.620002746582,1587633,54.0253448486328
"2014-04-01",92.4499969482422,92.5999984741211,91.6900024414062,92.0899963378906,1633795,54.3024864196777
"2014-04-02",92.9199981689453,93.5500030517578,92.2699966430664,92.6500015258789,1574234,54.6326942443848
"2014-04-03",92.8600006103516,93.9000015258789,92.3899993896484,93.0400009155273,1419855,54.862663269043
"2014-04-04",93.0400009155273,94.2300033569336,92.5299987792969,93.8499984741211,991988,55.3403015136719
"2014-04-07",92.5199966430664,92.8000030517578,91.7600021362305,91.8300018310547,1308552,54.1491737365723
"2014-04-08",92.2699966430664,92.5,90.4400024414062,91.4199981689453,1620318,53.9074020385742
"2014-04-09",91,91.9499969482422,90.8099975585938,91.2900009155273,1369298,53.8307495117188
"2014-04-10",91.6100006103516,92.0999984741211,90.1699981689453,90.5100021362305,1295717,53.3708038330078
"2014-04-11",89.5999984741211,90.629997253418,89.0500030517578,90.2099990844727,1779345,53.193904876709
"2014-04-14",89.120002746582,90.5199966430664,89.120002746582,90.1399993896484,1178870,53.1526298522949
"2014-04-15",90.1800003051758,90.5699996948242,88.0100021362305,88.1900024414062,1386384,52.0027923583984
"2014-04-16",89.0599975585938,90.4100036621094,88.8899993896484,90.4100036621094,1480554,53.3118476867676
"2014-04-17",90.9000015258789,92.1500015258789,90.2200012207031,92.120002746582,1470764,54.3201751708984
"2014-04-22",92.7699966430664,94.0199966430664,92.4400024414062,94.0199966430664,1264123,55.440544128418
"2014-04-23",94.2099990844727,94.3899993896484,92.4400024414062,92.6800003051758,1079207,54.6503829956055
"2014-04-24",93.2099990844727,93.3499984741211,89.8000030517578,91.4599990844727,1937576,53.9309921264648
"2014-04-25",90.8399963378906,91.0500030517578,89.1100006103516,89.5599975585938,1386902,52.8106346130371
"2014-04-28",89.879997253418,90.2699966430664,89.2099990844727,89.8399963378906,903623,52.9757270812988
"2014-04-29",90.4300003051758,91.1699981689453,89.4300003051758,90.3399963378906,1196538,53.2705612182617
"2014-04-30",90.0999984741211,90.5,89.2900009155273,90.1800003051758,1164847,53.1762199401855
"2014-05-02",90.7200012207031,90.7200012207031,88.7399978637695,89.0299987792969,1167197,52.4981002807617
"2014-05-05",89.2399978637695,89.2399978637695,87.0299987792969,88.75,1402990,52.3329963684082
"2014-05-06",89.5599975585938,90.0999984741211,87.8099975585938,88.4400024414062,1754563,52.1501960754395
"2014-05-07",88,89.0299987792969,87.5100021362305,88.1900024414062,1650361,52.0027923583984
"2014-05-08",88.4300003051758,88.9100036621094,87.2900009155273,88.3000030517578,2225996,52.0676422119141
"2014-05-09",88.0800018310547,88.379997253418,87.6900024414062,88.120002746582,1190803,51.9615020751953
"2014-05-12",88.6600036621094,88.7900009155273,87.8399963378906,88.6999969482422,1627317,52.3035125732422
"2014-05-13",89.6800003051758,89.6900024414062,88.9800033569336,89.4499969482422,1701553,52.7457580566406
"2014-05-14",89.7900009155273,89.8099975585938,88.8899993896484,89.25,1295058,52.6278305053711
"2014-05-15",89.6999969482422,90.3000030517578,87.8499984741211,88.1100006103516,2526006,51.9556045532227
"2014-05-16",85.5699996948242,86.9800033569336,85.5500030517578,86.4300003051758,2413624,52.5145988464355
"2014-05-19",86.4599990844727,88.5400009155273,86.129997253418,88.1800003051758,1613657,53.5778884887695
"2014-05-20",88.3499984741211,88.9700012207031,87.75,88,1068609,53.4685211181641
"2014-05-21",87.8199996948242,88.75,87.4700012207031,88.6999969482422,1178464,53.8938407897949
"2014-05-22",88.9000015258789,89.6500015258789,88.6500015258789,89.3399963378906,1134750,54.2827033996582
"2014-05-23",89.5500030517578,90,89.2099990844727,89.879997253418,1029319,54.6108131408691
"2014-05-26",90.5,91.5,90.3399963378906,91.2699966430664,938777,55.4553604125977
"2014-05-27",91.1999969482422,91.8000030517578,90.8600006103516,91.7699966430664,1197488,55.759162902832
"2014-05-28",91.9300003051758,92,90.7799987792969,91.3600006103516,1036264,55.5100555419922
"2014-05-29",91.379997253418,92.129997253418,91.25,92.129997253418,728236,55.9778900146484
"2014-05-30",92,92.2699966430664,91.6800003051758,92.0899963378906,878996,55.9535980224609
"2014-06-02",91.75,92.4899978637695,90.7900009155273,91.4800033569336,1087656,55.5829696655273
"2014-06-03",91.6900024414062,92.0199966430664,91.0500030517578,92.0199966430664,1019484,55.9110565185547
"2014-06-04",92.0999984741211,92.129997253418,90.2799987792969,91.2699966430664,1284077,55.4553604125977
"2014-06-05",91.3899993896484,92.8399963378906,90.9499969482422,92.7600021362305,1824330,56.3606796264648
"2014-06-06",93,93.2699966430664,92.5699996948242,92.879997253418,1102585,56.4335975646973
"2014-06-09",93.3499984741211,93.3499984741211,92.1100006103516,92.5800018310547,647395,56.2513313293457
"2014-06-10",92.5800018310547,92.5999984741211,91.5500030517578,92.0199966430664,1179158,55.9110565185547
"2014-06-11",92.25,92.4000015258789,91.3000030517578,91.7399978637695,901745,55.7409439086914
"2014-06-12",91.5800018310547,91.9700012207031,90.9899978637695,91.3600006103516,993840,55.5100555419922
"2014-06-13",91.4000015258789,91.5400009155273,90.0199966430664,90.7600021362305,1287758,55.1455001831055
"2014-06-16",90.3399963378906,91.1399993896484,90.2600021362305,90.9300003051758,858916,55.2487831115723
"2014-06-17",91.4499969482422,91.9499969482422,90.4700012207031,90.75,1030298,55.1394119262695
"2014-06-18",91.0999984741211,92.129997253418,90.3899993896484,91.4100036621094,1753546,55.5404319763184
"2014-06-19",92.5,92.8600006103516,92.0400009155273,92.6699981689453,1357245,56.3059997558594
"2014-06-20",92.6500015258789,93.4800033569336,92.4700012207031,92.5599975585938,2696673,56.2391662597656
"2014-06-23",92.5299987792969,92.5500030517578,91.1999969482422,91.5,824017,55.5951156616211
"2014-06-24",92.9899978637695,94.2099990844727,92.8499984741211,94.0999984741211,1688145,57.174861907959
"2014-06-25",93.4499969482422,93.7900009155273,92.379997253418,93.0899963378906,1280630,56.5611915588379
"2014-06-26",93.5,93.5199966430664,91.3199996948242,92.4800033569336,1067451,56.1905670166016
"2014-06-27",92.8099975585938,92.870002746582,91.9199981689453,92.3600006103516,911405,56.1176452636719
"2014-06-30",92.5,93.3199996948242,92.3499984741211,92.620002746582,1105942,56.2756118774414
"2014-07-01",92.8600006103516,93.3300018310547,92.0999984741211,93.3000030517578,1007073,56.6888008117676
"2014-07-02",93.3000030517578,94.7300033569336,93.2300033569336,93.879997253418,1085690,57.0411949157715
"2014-07-03",94.1800003051758,95.3199996948242,93.4899978637695,95.3199996948242,1194046,57.9161415100098
"2014-07-04",95.5,95.8899993896484,94.9400024414062,95.1500015258789,851498,57.8128395080566
"2014-07-07",94.8499984741211,95.3000030517578,93.9100036621094,93.9100036621094,925948,57.0594215393066
"2014-07-08",94.3000030517578,94.4100036621094,92.6999969482422,92.6999969482422,1082984,56.3242301940918
"2014-07-09",92.9700012207031,93.2699966430664,92.0999984741211,92.7200012207031,915621,56.3363838195801
"2014-07-10",92.6999969482422,92.6999969482422,90.5,91.4199981689453,1468986,55.546501159668
"2014-07-11",91.870002746582,92.7699966430664,91.5,92.0699996948242,1066279,55.9414405822754
"2014-07-14",92.6500015258789,93.0999984741211,91.5800018310547,92.8300018310547,963382,56.4032135009766
"2014-07-15",92.7799987792969,93.9000015258789,92.0400009155273,92.4800033569336,1047813,56.1905670166016
"2014-07-16",93.0599975585938,95.2900009155273,93.0599975585938,95.25,1555541,57.8736000061035
"2014-07-17",94.9000015258789,96.0999984741211,94.3099975585938,94.4700012207031,1540519,57.3996772766113
"2014-07-18",93.9000015258789,94.3199996948242,93.1500015258789,93.6100006103516,2026779,56.8771438598633
"2014-07-21",93.75,93.8499984741211,92.120002746582,92.4800033569336,1108062,56.1905670166016
"2014-07-22",93.4400024414062,94.4499969482422,93.0299987792969,93.9700012207031,1224949,57.0958862304688
"2014-07-23",94.0400009155273,95.0500030517578,93.620002746582,94.4599990844727,1098408,57.3935966491699
"2014-07-24",94.4599990844727,95.6399993896484,93.6399993896484,95.5100021362305,1105074,58.0315742492676
"2014-07-25",95.0500030517578,95.7799987792969,93.9700012207031,94.3000030517578,1496918,57.29638671875
"2014-07-28",94.370002746582,94.370002746582,91.6900024414062,92.2099990844727,1993699,56.0265121459961
"2014-07-29",92.4000015258789,92.8099975585938,90.9199981689453,91.5299987792969,1826134,55.613338470459
"2014-07-30",91.5599975585938,92.5299987792969,90.7200012207031,90.9700012207031,1227811,55.273078918457
"2014-07-31",91.3899993896484,91.3899993896484,89.0199966430664,89.3399963378906,1791953,54.2827033996582
"2014-08-01",89.3600006103516,89.4599990844727,86.879997253418,87.629997253418,2109090,53.243709564209
"2014-08-04",88.1999969482422,89.3399963378906,88.0100021362305,88.4100036621094,1701246,53.717643737793
"2014-08-05",91.6600036621094,91.7399978637695,87.6600036621094,88.5,2950053,53.7723159790039
"2014-08-06",87.8499984741211,88.6399993896484,86.3099975585938,88.0400009155273,2153944,53.4928207397461
"2014-08-07",88.2099990844727,88.9199981689453,85.8600006103516,86.1999969482422,2097155,52.3748435974121
"2014-08-08",84.5999984741211,87.1999969482422,83.75,86.3899993896484,2050884,52.4902954101562
"2014-08-11",87.75,89.1600036621094,87.5299987792969,88.8300018310547,1631420,53.9728317260742
"2014-08-12",88.6699981689453,88.9800033569336,86.9899978637695,87.1999969482422,1216641,52.9824447631836
"2014-08-13",88.0699996948242,88.2900009155273,87.0999984741211,87.8300018310547,1109169,53.3652305603027
"2014-08-14",87.7300033569336,88.8899993896484,87.1999969482422,88.2799987792969,1109207,53.6386489868164
"2014-08-15",88.6900024414062,89.25,86.0199966430664,86.2399978637695,1961060,52.3991470336914
"2014-08-18",87.7799987792969,88.3099975585938,87.2600021362305,88.0299987792969,928020,53.4867477416992
"2014-08-19",88.5,89.2399978637695,88.3000030517578,89.0199966430664,841671,54.0882759094238
"2014-08-20",89.1999969482422,89.25,87.6600036621094,88.6100006103516,977004,53.8391647338867
"2014-08-21",89.0800018310547,89.7900009155273,88.2900009155273,89.7799987792969,1173293,54.550048828125
"2014-08-22",89.9300003051758,90.1800003051758,88.5500030517578,89.0599975585938,1091000,54.1125679016113
"2014-08-25",90.5,91.25,90.3000030517578,91.129997253418,1024001,55.3703079223633
"2014-08-26",91.2600021362305,91.5,90.120002746582,91.1399993896484,1242922,55.3763732910156
"2014-08-27",91.0699996948242,91.2200012207031,89.7799987792969,90.2799987792969,1045722,54.8538475036621
"2014-08-28",89.7900009155273,89.9700012207031,88.5599975585938,89.2799987792969,1374171,54.2462539672852
"2014-08-29",89.5400009155273,89.870002746582,87.7099990844727,88.5999984741211,1415090,53.8330764770508
"2014-09-01",88.75,88.8300018310547,87.5100021362305,88.0100021362305,809751,53.4745979309082
"2014-09-02",88.5999984741211,89.1600036621094,87.8199996948242,87.9899978637695,1025745,53.4624443054199
"2014-09-03",88.0899963378906,90.5400009155273,87.9899978637695,90.0100021362305,1720014,54.6897926330566
"2014-09-04",89.8600006103516,91.8000030517578,89.0199966430664,91.5400009155273,1824426,55.6194114685059
"2014-09-05",91.6699981689453,92.5899963378906,91.120002746582,92.0500030517578,1376233,55.9292907714844
"2014-09-08",92.2300033569336,92.75,91.3499984741211,91.9100036621094,875527,55.8442268371582
"2014-09-09",91.7099990844727,92.3099975585938,90.6399993896484,91.2399978637695,1034089,55.4371299743652
"2014-09-10",90.4499969482422,90.8000030517578,89.8899993896484,90.3300018310547,1132539,54.8842239379883
"2014-09-11",90.9499969482422,90.9599990844727,89.0199966430664,90,1175682,54.683723449707
"2014-09-12",90.1800003051758,90.2200012207031,88.8600006103516,89.4300003051758,829482,54.3373794555664
"2014-09-15",89.0500030517578,90.2900009155273,88.9499969482422,89.4899978637695,915952,54.3738441467285
"2014-09-16",89.4800033569336,89.7200012207031,88.5100021362305,89.2699966430664,805525,54.2401695251465
"2014-09-17",89.9899978637695,90.4700012207031,89.5800018310547,89.8000030517578,1194774,54.5621948242188
"2014-09-18",90.1999969482422,90.5500030517578,89.5699996948242,90.379997253418,1251638,54.9146041870117
"2014-09-19",91.25,91.5500030517578,88.9899978637695,88.9899978637695,3012845,54.0700454711914
"2014-09-22",88.3000030517578,88.3199996948242,86.3000030517578,86.7699966430664,2207729,52.7211761474609
"2014-09-23",86.370002746582,86.3899993896484,84.0599975585938,84.9000015258789,3092514,51.5849685668945
"2014-09-24",85.25,86.8199996948242,84.629997253418,86.7900009155273,2121985,52.7333335876465
"2014-09-25",86.7300033569336,87.4400024414062,84.9599990844727,85.25,1758490,51.7976303100586
"2014-09-26",85.3099975585938,86.1999969482422,84.8600006103516,85.6399993896484,1305575,52.034595489502
"2014-09-29",85.5999984741211,85.9599990844727,84.3899993896484,85.2099990844727,1260715,51.773323059082
"2014-09-30",84.6699981689453,85.3000030517578,83.9400024414062,85.0199966430664,1684287,51.657886505127
"2014-10-01",86,86.5599975585938,84.5400009155273,84.8300018310547,2116762,51.5424346923828
"2014-10-02",84.9800033569336,86.3499984741211,83.5699996948242,83.620002746582,2453539,50.807243347168
"2014-10-06",85.4300003051758,85.5400009155273,81.6500015258789,81.9800033569336,2928672,49.8107872009277
"2014-10-07",81.6100006103516,83.1699981689453,81.0800018310547,82.3300018310547,2319786,50.0234451293945
"2014-10-08",81.9400024414062,82.3399963378906,80.7300033569336,81.2399978637695,1922162,49.3611717224121
"2014-10-09",83,83.75,82.0800018310547,82.5,2699442,50.1267395019531
"2014-10-10",81.6500015258789,82.0100021362305,79.0999984741211,79.5299987792969,2989386,48.3221778869629
"2014-10-13",78.5999984741211,80.3399963378906,77.5800018310547,79.4400024414062,1928803,48.2675018310547
"2014-10-14",78.9000015258789,80.8600006103516,78.120002746582,79.4700012207031,2633930,48.2857284545898
"2014-10-15",79.7799987792969,79.8099975585938,76.370002746582,77.4100036621094,2906796,47.0340766906738
"2014-10-16",77.7300033569336,78.5,74.7399978637695,77.8499984741211,3706338,47.3014144897461
"2014-10-17",78.620002746582,80.75,77.9899978637695,80.5699996948242,3401061,48.9540786743164
"2014-10-20",80.5,80.6900024414062,78.8199996948242,79.6100006103516,1671279,48.3707847595215
"2014-10-21",78.4499969482422,81.7600021362305,77.4400024414062,81.3499984741211,3029731,49.4280014038086
"2014-10-22",82.120002746582,82.9300003051758,81.6600036621094,82.5899963378906,2303419,50.1814193725586
"2014-10-23",82.1699981689453,84.1699981689453,81.2099990844727,83.1500015258789,1993179,50.5216865539551
"2014-10-24",83.0199966430664,83.5400009155273,81.8499984741211,82.2900009155273,1457338,49.9991416931152
"2014-10-27",82.9899978637695,83.1600036621094,80.2799987792969,81.2900009155273,1435998,49.3915519714355
"2014-10-28",81.8499984741211,82.6399993896484,81.5899963378906,82.4199981689453,1249074,50.0781288146973
"2014-10-29",83.1100006103516,83.5,82.5400009155273,82.6699981689453,1095569,50.2300300598145
"2014-10-30",83.6500015258789,84.4700012207031,81.1999969482422,83.0299987792969,1898649,50.4487571716309
"2014-10-31",84.7600021362305,85.6699981689453,84.25,85.3199996948242,2141755,51.8401641845703
"2014-11-03",85.4000015258789,85.9800033569336,84.9599990844727,85.2699966430664,1863460,51.8097839355469
"2014-11-04",84.9000015258789,85.0299987792969,82.0699996948242,82.8899993896484,2954729,50.3636932373047
"2014-11-05",83,84.7600021362305,83,83.8499984741211,1752348,50.9469947814941
"2014-11-06",83.6399993896484,85.5800018310547,83.4100036621094,84.379997253418,1864472,51.2690200805664
"2014-11-07",85.0800018310547,85.2200012207031,82.6699981689453,83.3300018310547,1546059,50.6310424804688
"2014-11-10",83.1600036621094,84.25,82.629997253418,83.9100036621094,1139438,50.9834594726562
"2014-11-11",83.7200012207031,84.5800018310547,83.3199996948242,84.3099975585938,1275866,51.2264938354492
"2014-11-12",83.8000030517578,84.0699996948242,82.2300033569336,82.7099990844727,1640682,50.2543334960938
"2014-11-13",83.0599975585938,83.7600021362305,82.3000030517578,82.7200012207031,1411305,50.2604179382324
"2014-11-14",83,83.5100021362305,82.0500030517578,83.0599975585938,1318386,50.4669952392578
"2014-11-17",82.1600036621094,83.6999969482422,81.7300033569336,83.4599990844727,1217653,50.7100296020508
"2014-11-18",83.5,84.6100006103516,83.1600036621094,84.4300003051758,1232494,51.2994041442871
"2014-11-19",84.4000015258789,85.3300018310547,83.8000030517578,84.75,1206646,51.4938316345215
"2014-11-20",85,85.0699996948242,84.0299987792969,84.9000015258789,1094314,51.5849685668945
"2014-11-21",85.4000015258789,88.4199981689453,85.3199996948242,88.1600036621094,3609291,53.5657386779785
"2014-11-24",88.1900024414062,90.1100006103516,87.8399963378906,89.4000015258789,1704896,54.3191566467285
"2014-11-25",89.7799987792969,90.5999984741211,89.5,90.3499984741211,1658042,54.8963775634766
"2014-11-26",90.4000015258789,90.9700012207031,89.6999969482422,90.4800033569336,1161454,54.9753608703613
"2014-11-27",90.7300033569336,91.5899963378906,90.1600036621094,91.4899978637695,1174101,55.5890274047852
"2014-11-28",91.4899978637695,91.9499969482422,91.1100006103516,91.9499969482422,1057782,55.8685302734375
"2014-12-01",91.0999984741211,92.2300033569336,90.75,92.2300033569336,1390981,56.0386657714844
"2014-12-02",92.5,92.9899978637695,91.3199996948242,91.8099975585938,1475945,55.7834625244141
"2014-12-03",91.5500030517578,91.9899978637695,90.25,91.25,1618541,55.4432106018066
"2014-12-04",91.2200012207031,92.6500015258789,89.5899963378906,89.870002746582,2128986,54.6047210693359
"2014-12-05",90.6999969482422,92.4899978637695,90.0999984741211,92.3499984741211,1791046,56.111572265625
"2014-12-08",92.1100006103516,92.370002746582,91.5199966430664,91.5999984741211,777888,55.6558685302734
"2014-12-09",90.0599975585938,91.1699981689453,88.9000015258789,88.9000015258789,1861352,54.0153656005859
"2014-12-10",89.6999969482422,90.5500030517578,89.2900009155273,89.7900009155273,1308754,54.5561180114746
"2014-12-11",89.8099975585938,90.8499984741211,89.4100036621094,90.3099975585938,1414872,54.8720703125
"2014-12-12",89.6999969482422,89.9499969482422,87.8499984741211,87.9800033569336,1313492,53.4563751220703
"2014-12-15",87.7600021362305,88.8499984741211,85.0100021362305,85.0100021362305,1724828,51.6518173217773
"2014-12-16",85.3600006103516,88.0599975585938,83.2600021362305,88.0599975585938,3185401,53.5049781799316
"2014-12-17",86.7600021362305,88.0400009155273,86.5599975585938,87.5,1489245,53.1647262573242
"2014-12-18",89,90.3300018310547,88.5,90.3300018310547,1784143,54.8842239379883
"2014-12-19",91,91.4000015258789,88.6399993896484,89.9400024414062,2719427,54.6472625732422
"2014-12-22",90.4700012207031,90.9499969482422,89.5999984741211,90.0199966430664,848060,54.6958694458008
"2014-12-23",90.1900024414062,90.8300018310547,89.7399978637695,90.8300018310547,786728,55.1880187988281
"2014-12-29",90.8000030517578,91.0699996948242,89.0599975585938,91.0100021362305,759811,55.2973937988281
"2014-12-30",90.6999969482422,90.7900009155273,89.5999984741211,89.7699966430664,599968,54.5439682006836
"2015-01-02",88.5999984741211,89.5899963378906,87.379997253418,88.0100021362305,1532820,53.4745979309082
"2015-01-05",87.1800003051758,87.2300033569336,84.5500030517578,85.0800018310547,2308143,51.6943435668945
"2015-01-06",85.8000030517578,87.120002746582,84.5500030517578,85.8300018310547,1841589,52.1500434875488
"2015-01-07",86.4000015258789,87.0500030517578,85.2699966430664,86.2900009155273,1239393,52.4295387268066
"2015-01-08",87.5199966430664,89.870002746582,86.879997253418,89.3899993896484,1837539,54.3130836486816
"2015-01-09",89,90.0500030517578,87.4800033569336,88.1600036621094,1976705,53.5657386779785
"2015-01-12",88,89.1699981689453,87.129997253418,88.6500015258789,1932427,53.863452911377
"2015-01-13",88.6500015258789,91.3499984741211,88.5899963378906,90.629997253418,1693734,55.0665016174316
"2015-01-14",89,90.4800033569336,88.5699996948242,88.7799987792969,2081147,53.9424476623535
"2015-01-15",89.6800003051758,91.2900009155273,86.879997253418,91.0699996948242,2373034,55.3338470458984
"2015-01-16",90.6999969482422,94,90.3199996948242,93.5899963378906,2767649,56.864990234375
"2015-01-19",94.0500030517578,95.1100006103516,93.3499984741211,94.2200012207031,1510553,57.2477760314941
"2015-01-20",94.4499969482422,95.4100036621094,94.3300018310547,94.7399978637695,1851296,57.5637245178223
"2015-01-21",94.4899978637695,95.25,93.6600036621094,94.9199981689453,2118747,57.6730880737305
"2015-01-22",95.3300018310547,98.5299987792969,95.0800018310547,98.0400009155273,3261028,59.568790435791
"2015-01-23",99.2699966430664,103.300003051758,99.1600036621094,102.800003051758,3804962,62.4609565734863
"2015-01-26",102.400001525879,105.550003051758,102.25,105.25,2068695,63.9495620727539
"2015-01-27",103.050003051758,104.650001525879,101.25,102,2657376,61.9748725891113
"2015-01-28",103,103.650001525879,101.349998474121,103.099998474121,1465512,62.6432304382324
"2015-01-29",102.199996948242,103.25,101.199996948242,102.949996948242,1402025,62.5520896911621
"2015-01-30",103.900001525879,104,102.449996948242,103.400001525879,1644077,62.8255081176758
"2015-02-02",103.650001525879,104.650001525879,102.75,104.25,1109509,63.3419723510742
"2015-02-03",105.050003051758,108.150001525879,104.5,106.300003051758,1987805,64.5875549316406
"2015-02-04",105.800003051758,106.650001525879,104.650001525879,106.650001525879,1334047,64.8002166748047
"2015-02-05",105.849998474121,108.349998474121,105.599998474121,106.650001525879,1389057,64.8002166748047
"2015-02-06",106.75,107.199996948242,105.800003051758,106.849998474121,943311,64.9217300415039
"2015-02-09",105.5,105.75,101.449996948242,102.5,1964708,62.2786827087402
"2015-02-10",102.75,105.599998474121,102.449996948242,104.699996948242,1595601,63.6153869628906
"2015-02-11",104.650001525879,105,103.400001525879,104.449996948242,859053,63.4634895324707
"2015-02-12",104.75,107.5,104.75,106.699996948242,1288502,64.8305816650391
"2015-02-13",107.75,107.949996948242,106.900001525879,107.800003051758,1154337,65.4989471435547
"2015-02-16",107.150001525879,107.449996948242,106.099998474121,106.599998474121,726571,64.7698211669922
"2015-02-17",106.150001525879,106.949996948242,104.400001525879,106.75,989415,64.860969543457
"2015-02-18",107.5,108.75,107.25,108.75,952729,66.0761642456055
"2015-02-19",108.349998474121,109.650001525879,107.849998474121,109.449996948242,1029587,66.5014724731445
"2015-02-20",109.449996948242,111.199996948242,109,111.099998474121,2282118,67.5040054321289
"2015-02-23",112.449996948242,112.949996948242,110.900001525879,111.650001525879,1213324,67.8381958007812
"2015-02-24",111.400001525879,111.699996948242,109.599998474121,110.650001525879,1396309,67.2305908203125
"2015-02-25",110.800003051758,111,109.099998474121,109.650001525879,1316753,66.6229934692383
"2015-02-26",109.699996948242,112.050003051758,109.650001525879,112,1319509,68.0508499145508
"2015-02-27",111.900001525879,113,110.449996948242,113,1761239,68.658447265625
"2015-03-02",113.5,114.849998474121,112.699996948242,114.199996948242,1501878,69.3875579833984
"2015-03-03",114.199996948242,114.75,110.949996948242,111,1388578,67.4432525634766
"2015-03-04",111.900001525879,113.199996948242,110.599998474121,113,1947448,68.658447265625
"2015-03-05",114.050003051758,114.699996948242,113.150001525879,114.5,1341334,69.5698318481445
"2015-03-06",114.949996948242,116.300003051758,114.349998474121,115.300003051758,1314922,70.0559234619141
"2015-03-09",115,115.199996948242,114,114.349998474121,1375639,69.4787063598633
"2015-03-10",114.349998474121,114.949996948242,112.25,113.699996948242,1559777,69.0837631225586
"2015-03-11",113.800003051758,119.650001525879,113.800003051758,119.349998474121,2282116,72.5166778564453
"2015-03-12",119.199996948242,119.25,116.349998474121,118.550003051758,2214793,72.0306091308594
"2015-03-13",119.699996948242,120.099998474121,117.199996948242,119.949996948242,1479424,72.8812484741211
"2015-03-16",120.5,123.400001525879,120.349998474121,122.599998474121,2002769,74.4913711547852
"2015-03-17",123.300003051758,123.75,120.099998474121,121,2158329,73.5192184448242
"2015-03-18",121.25,121.699996948242,113.699996948242,115.900001525879,4162275,70.4204711914062
"2015-03-19",115.349998474121,117.050003051758,114.199996948242,116.599998474121,2544757,70.8457946777344
"2015-03-20",116.900001525879,118.349998474121,116.099998474121,116.75,2984667,70.9369201660156
"2015-03-23",116.699996948242,116.699996948242,113.400001525879,113.75,1697260,69.114143371582
"2015-03-24",112.800003051758,115.599998474121,111.800003051758,115.099998474121,1938037,69.9343948364258
"2015-03-25",115.900001525879,116.949996948242,113.849998474121,114.150001525879,1580463,69.3571853637695
"2015-03-26",112.849998474121,116.449996948242,110.550003051758,116.449996948242,2379172,70.7546691894531
"2015-03-27",117.099998474121,118.849998474121,114.900001525879,116.099998474121,1870303,70.5419921875
"2015-03-30",117.099998474121,118.550003051758,116.699996948242,118,1198811,71.6964340209961
"2015-03-31",117,117.599998474121,114.900001525879,116.449996948242,1922608,70.7546691894531
"2015-04-01",115.5,117.599998474121,114.900001525879,115.5,1663499,70.1774368286133
"2015-04-02",115.699996948242,116.550003051758,114.25,114.949996948242,1107060,69.84326171875
"2015-04-07",116.300003051758,116.300003051758,113.849998474121,114.900001525879,1567562,69.8128967285156
"2015-04-08",114,114.199996948242,111.800003051758,113.25,1938165,68.8103408813477
"2015-04-09",115.150001525879,116.199996948242,114,116.199996948242,1616394,70.6027526855469
"2015-04-10",116.900001525879,117.849998474121,116,117.349998474121,1481240,71.3014907836914
"2015-04-13",117.25,117.900001525879,116.150001525879,116.25,1295423,70.6331329345703
"2015-04-14",116.199996948242,117.099998474121,114.599998474121,115.150001525879,1640549,69.9647750854492
"2015-04-15",115.199996948242,117,114.949996948242,115.400001525879,1455244,70.1166763305664
"2015-04-16",115.650001525879,115.849998474121,112.75,112.900001525879,1900217,68.5976791381836
"2015-04-17",112.699996948242,113.900001525879,110.099998474121,110.400001525879,2402282,67.0786895751953
"2015-04-20",111.050003051758,113.050003051758,110.849998474121,111.699996948242,1828615,67.8685760498047
"2015-04-21",112.75,113.400001525879,111.900001525879,112,1309402,68.0508499145508
"2015-04-22",112.849998474121,113.449996948242,108.849998474121,110,2336912,66.8356475830078
"2015-04-23",110.5,111.5,108.599998474121,110.25,1884209,66.9875564575195
"2015-04-24",110.800003051758,111.5,109.400001525879,110.449996948242,1469805,67.1090698242188
"2015-04-27",111.5,113.400001525879,110,113,1523575,68.658447265625
"2015-04-28",113.75,114.25,108.75,109.849998474121,2062331,66.7445220947266
"2015-04-29",110.599998474121,110.75,105.449996948242,106.349998474121,2720609,64.617919921875
"2015-04-30",106.5,108.099998474121,104.699996948242,106.099998474121,2293553,64.4660263061523
"2015-05-04",106.949996948242,108.099998474121,105.25,106.75,1417230,64.860969543457
"2015-05-05",106.699996948242,109.300003051758,106,106.5,2045175,64.7090759277344
"2015-05-06",106.5,108.449996948242,101.5,104.099998474121,3585784,63.2508316040039
"2015-05-07",103.599998474121,105.25,102,104.599998474121,2172455,63.554630279541
"2015-05-08",105.800003051758,109.5,104.599998474121,109.5,2848869,66.5318603515625
"2015-05-11",109.900001525879,110,108.199996948242,109.300003051758,1548211,66.4103240966797
"2015-05-12",108.449996948242,108.550003051758,104.900001525879,106.349998474121,2661247,64.617919921875
"2015-05-13",105.849998474121,106.650001525879,104,104.900001525879,2524029,63.7369117736816
"2015-05-14",101.5,104.949996948242,100.050003051758,104.599998474121,2342047,65.361572265625
"2015-05-15",105.550003051758,105.900001525879,101.449996948242,102,2600927,63.7369117736816
"2015-05-18",102,103.449996948242,101.050003051758,103.349998474121,1594978,64.5804901123047
"2015-05-19",104.5,107.650001525879,104.5,107.150001525879,2736997,66.9549942016602
"2015-05-20",107.449996948242,107.699996948242,105.800003051758,106.449996948242,1307453,66.5175857543945
"2015-05-21",106,106.300003051758,103.900001525879,105.349998474121,1625269,65.8302230834961
"2015-05-22",105.25,105.550003051758,104,104.800003051758,1386501,65.4865417480469
"2015-05-26",105.199996948242,106.550003051758,102.550003051758,103.599998474121,2308592,64.736701965332
"2015-05-27",103.5,105.449996948242,102.699996948242,104.900001525879,1840832,65.5490341186523
"2015-05-28",104.199996948242,104.949996948242,102.150001525879,103.050003051758,1704937,64.3930206298828
"2015-05-29",103,103.099998474121,100.199996948242,100.699996948242,2023928,62.9245719909668
"2015-06-01",101,101.550003051758,99.3399963378906,100.75,1477159,62.9558181762695
"2015-06-02",101,101.150001525879,99.0599975585938,100.199996948242,2086954,62.6121444702148
"2015-06-03",100.699996948242,102.949996948242,99.5800018310547,101.25,2239851,63.2682571411133
"2015-06-04",100.949996948242,101.650001525879,99.0100021362305,100.300003051758,2008434,62.6746292114258
"2015-06-05",99.3399963378906,100.449996948242,98.3399963378906,99.5899963378906,2573932,62.2309646606445
"2015-06-08",99.1800003051758,100.150001525879,96.7799987792969,97.370002746582,2213431,60.84375
"2015-06-09",96.8600006103516,98.4499969482422,95.4300003051758,98.0400009155273,2791489,61.2624244689941
"2015-06-10",98.0100021362305,101.699996948242,97.1100006103516,100.800003051758,2960651,62.9870643615723
"2015-06-11",101,102.650001525879,100.599998474121,101.25,1854943,63.2682571411133
"2015-06-12",100.599998474121,101.800003051758,98.7399978637695,99.9199981689453,1918746,62.4371719360352
"2015-06-15",98.4499969482422,99.2799987792969,97.7600021362305,98.5899963378906,1761320,61.6060981750488
"2015-06-16",97.4199981689453,98.879997253418,96.5699996948242,98.3499984741211,2182298,61.4561233520508
"2015-06-17",98.5699996948242,98.7200012207031,96.7200012207031,97.0100021362305,1665320,60.6187896728516
"2015-06-18",96.5500030517578,98.1699981689453,95.1699981689453,97.879997253418,2315391,61.1624412536621
"2015-06-19",98.3300018310547,99.7799987792969,97.3399963378906,97.7399978637695,3610880,61.0749549865723
"2015-06-22",100.5,102.900001525879,100.349998474121,102.300003051758,3414958,63.9243698120117
"2015-06-23",103.550003051758,105.449996948242,102.75,104.349998474121,2381362,65.2053604125977
"2015-06-24",104.25,104.5,101.599998474121,103.25,2301626,64.5179977416992
"2015-06-25",102,104.400001525879,101.800003051758,103.699996948242,1679344,64.7991943359375
"2015-06-26",103,104.25,102,103.5,1414401,64.6742172241211
"2015-06-29",98.1999969482422,100.75,97.5100021362305,99.3000030517578,2853136,62.0497589111328
"2015-06-30",99,99.8499984741211,97.2200012207031,98.1800003051758,3594242,61.3498954772949
"2015-07-01",99.5299987792969,101.849998474121,98.7600021362305,100.5,2227877,62.7996101379395
"2015-07-02",102.400001525879,102.400001525879,98.879997253418,99.1999969482422,1445447,61.9872703552246
"2015-07-03",99.25,99.8600006103516,98.4800033569336,98.9000015258789,1424217,61.7998046875
"2015-07-06",97,98.4700012207031,97,97.2600021362305,2239469,60.7750244140625
"2015-07-07",97.2300033569336,97.3000030517578,93.5100021362305,93.9000015258789,3904588,58.6754493713379
"2015-07-08",92,92.6900024414062,90.3600006103516,92.0899963378906,4832811,57.5444259643555
"2015-07-09",92.8199996948242,95.2399978637695,92.5100021362305,93.9899978637695,3102574,58.7316932678223
"2015-07-10",96.6699981689453,96.6699981689453,94.4100036621094,95.1999969482422,3102690,59.4877777099609
"2015-07-13",96.5500030517578,97.5199966430664,93.9000015258789,94.9700012207031,4173199,59.3440628051758
"2015-07-14",94.7300033569336,94.8099975585938,93.2900009155273,94.6699981689453,2515058,59.1565933227539
"2015-07-15",94.0800018310547,94.4700012207031,93.3600006103516,93.5500030517578,1970743,58.4567413330078
"2015-07-16",94.7099990844727,96.6600036621094,93.8499984741211,95.7399978637695,2577091,59.8252143859863
"2015-07-17",96.6399993896484,96.8000030517578,95.2799987792969,95.5800018310547,1718430,59.7252388000488
"2015-07-20",95.5800018310547,96.4400024414062,95.0500030517578,95.6100006103516,1588553,59.7439804077148
"2015-07-21",96.129997253418,96.7099990844727,94.879997253418,95.1399993896484,1460054,59.4502906799316
"2015-07-22",94.3199996948242,94.6500015258789,93.0100021362305,94.129997253418,1984416,58.819164276123
"2015-07-23",96.1900024414062,96.1900024414062,93.3300018310547,93.6900024414062,2282123,58.5442237854004
"2015-07-24",93.3300018310547,94.0500030517578,91.2200012207031,91.6399993896484,2273645,57.263240814209
"2015-07-27",90.6900024414062,91.4700012207031,88.7699966430664,89.0800018310547,3139869,55.6635665893555
"2015-07-28",89.5299987792969,90.6100006103516,89.1800003051758,90.1800003051758,2185360,56.3509216308594
"2015-07-29",90.870002746582,91,88.5800018310547,89.4800033569336,2247493,55.913516998291
"2015-07-30",89.6900024414062,90.0899963378906,88.5299987792969,89.8600006103516,1764373,56.1509590148926
"2015-07-31",90,91.4700012207031,89.8499984741211,91.3000030517578,3068012,57.0507850646973
"2015-08-03",91.25,92.2900009155273,90.1999969482422,92.0599975585938,2202652,57.5256843566895
"2015-08-04",89.4000015258789,90.9700012207031,89.4000015258789,90.879997253418,2624069,56.7883338928223
"2015-08-05",91,93.9100036621094,91,92.9700012207031,2358677,58.0943260192871
"2015-08-06",92.9000015258789,93.9800033569336,91.8600006103516,92.1800003051758,1398120,57.6006736755371
"2015-08-07",91.8499984741211,93.620002746582,91.5100021362305,92.879997253418,1357583,58.0380706787109
"2015-08-10",93.25,93.4400024414062,91.7900009155273,93.4000015258789,1025490,58.3630104064941
"2015-08-11",92,92,89,89.4199981689453,3447847,55.8760223388672
"2015-08-12",87.7799987792969,87.7799987792969,85.3300018310547,86.0899963378906,3850043,53.7952079772949
"2015-08-13",88,88.3499984741211,85.9300003051758,86.1900024414062,2055861,53.8576812744141
"2015-08-14",86.1800003051758,86.9599990844727,85.4800033569336,86.1500015258789,1802060,53.8326950073242
"2015-08-17",87.5,87.870002746582,85.6399993896484,86.629997253418,2219923,54.1326332092285
"2015-08-18",86.3099975585938,86.629997253418,85.620002746582,85.870002746582,1429892,53.6577301025391
"2015-08-19",85.2699966430664,85.5699996948242,83.7300033569336,83.870002746582,2044226,52.4079895019531
"2015-08-20",82.7300033569336,83.6600036621094,81.5899963378906,82,3121220,51.2394752502441
"2015-08-21",79.9499969482422,82.5400009155273,79.5899963378906,80.129997253418,4067615,50.0709609985352
"2015-08-24",76.5,78.6900024414062,74.5899963378906,76.9300003051758,6898394,48.0713806152344
"2015-08-25",78.5199966430664,83.0400009155273,77.8099975585938,81.8199996948242,5356570,51.1269950866699
"2015-08-26",80.7399978637695,81.6600036621094,78.7200012207031,80.620002746582,3100818,50.3771514892578
"2015-08-27",83.2699966430664,83.7200012207031,82.4899978637695,82.9499969482422,2744922,51.8331069946289
"2015-08-28",83.370002746582,83.4400024414062,81.7699966430664,82.9400024414062,1488219,51.8268508911133
"2015-08-31",82.1999969482422,82.6600036621094,81.370002746582,82.2200012207031,1325230,51.3769454956055
"2015-09-01",80.870002746582,80.870002746582,79.2200012207031,80.0999984741211,2062744,50.0522155761719
"2015-09-02",80.2600021362305,81.1399993896484,79.4899978637695,79.5500030517578,1424644,49.7085456848145
"2015-09-03",80.5999984741211,82.9000015258789,80.4300003051758,82.1600036621094,2333471,51.3394546508789
"2015-09-04",81.3000030517578,81.870002746582,79.4800033569336,80.3199996948242,2423828,50.1896896362305
"2015-09-07",81.0500030517578,81.6800003051758,80.4300003051758,80.9400024414062,1106397,50.5771141052246
"2015-09-08",82.3000030517578,84.9800033569336,82.2799987792969,84.0400009155273,2903466,52.5142059326172
"2015-09-09",88.4599990844727,88.879997253418,85.5400009155273,85.5400009155273,2753020,53.4515228271484
"2015-09-10",84.8899993896484,87.0400009155273,84.5400009155273,86.0599975585938,2384076,53.7764549255371
"2015-09-11",86.0299987792969,86.3000030517578,85.0199966430664,85.5299987792969,1758800,53.4452781677246
"2015-09-14",85.3000030517578,86.379997253418,84.9899978637695,85.3399963378906,1285628,53.3265533447266
"2015-09-15",85.870002746582,87.8899993896484,85.4800033569336,87.2300033569336,2067981,54.5075492858887
"2015-09-16",88.1500015258789,88.75,86.870002746582,87.4199981689453,1937510,54.6262817382812
"2015-09-17",88.1999969482422,88.5500030517578,87.6699981689453,88.2600021362305,1805229,55.1511688232422
"2015-09-18",87.6999969482422,87.7900009155273,84.5199966430664,85.7099990844727,3953859,53.5577507019043
"2015-09-21",83.3300018310547,85.3600006103516,81.6800003051758,84.4000015258789,3586459,52.7391662597656
"2015-09-22",84.4100036621094,84.4100036621094,78,79.3199996948242,4967252,49.5648231506348
"2015-09-23",79.0699996948242,81.5,76.4000015258789,79.7900009155273,4126823,49.8585090637207
"2015-09-24",80.2200012207031,82.2099990844727,72.0500030517578,75.6800003051758,10938296,47.2902870178223
"2015-09-25",79.4300003051758,79.8300018310547,77.9000015258789,78.8899993896484,4723003,49.2961273193359
"2015-09-28",78.7900009155273,78.7900009155273,75.9000015258789,76.5899963378906,2588364,47.8589134216309
"2015-09-29",75.0299987792969,78,74.7399978637695,76.370002746582,2065430,47.7214508056641
"2015-09-30",79.9000015258789,80.7900009155273,78.3099975585938,79.2200012207031,2011132,49.5023345947266
"2015-10-01",80.620002746582,80.9899978637695,77.8199996948242,78.3300018310547,1875836,48.9462013244629
"2015-10-02",79.3300018310547,79.7300033569336,76.120002746582,78.2099990844727,2015689,48.871208190918
"2015-10-05",79.7699966430664,81.6100006103516,78.4599990844727,81.1699981689453,2142922,50.7208366394043
"2015-10-06",81.5100021362305,82.9800033569336,80.4499969482422,82.2200012207031,1958200,51.3769454956055
"2015-10-07",83,87.3300018310547,82.7399978637695,85.7399978637695,2874372,53.5764961242676
"2015-10-08",85.4000015258789,87.3300018310547,85.2099990844727,86.1999969482422,1387348,53.8639297485352
"2015-10-09",87.4000015258789,88.3099975585938,86.6800003051758,87.8000030517578,1712496,54.8637351989746
"2015-10-12",88.3499984741211,89.9599990844727,88.1500015258789,89.25,2087173,55.7697944641113
"2015-10-13",89,89.0400009155273,86.1800003051758,88.1100006103516,2058862,55.0574417114258
"2015-10-14",87,89,86.4300003051758,86.7399978637695,1812788,54.2013664245605
"2015-10-15",87.7099990844727,88.1399993896484,86.7399978637695,87.0100021362305,1390518,54.3700828552246
"2015-10-16",87.9000015258789,87.9000015258789,86.0400009155273,86.7399978637695,1406404,54.2013664245605
"2015-10-19",86.5999984741211,88,86.5500030517578,87.6900024414062,997830,54.794994354248
"2015-10-20",87.3499984741211,88,86.370002746582,87.2799987792969,1072542,54.5387954711914
"2015-10-21",87.9199981689453,88.5599975585938,86.6699981689453,88,1080837,54.9887008666992
"2015-10-22",87.6600036621094,90.6699981689453,86.9599990844727,90.3499984741211,2392035,56.4571533203125
"2015-10-23",91.7099990844727,94.4599990844727,91.7099990844727,93.2900009155273,3194668,58.2942848205566
"2015-10-26",92.8399963378906,93.9899978637695,92.3899993896484,92.9100036621094,1213819,58.0568199157715
"2015-10-27",93.0500030517578,93.2600021362305,92.25,92.379997253418,1129783,57.7256355285645
"2015-10-28",92.5500030517578,93.5100021362305,91.5500030517578,92.9700012207031,1032763,58.0943260192871
"2015-10-29",94,94.1699981689453,92.6500015258789,93.3399963378906,1161212,58.3255195617676
"2015-10-30",93.6100006103516,94.0299987792969,92.4700012207031,93.3600006103516,1272422,58.338005065918
"2015-11-02",92.7300033569336,94.5599975585938,92.7099990844727,94.3600006103516,1425532,58.962890625
"2015-11-03",95.8000030517578,96,91.9499969482422,93.5699996948242,2516208,58.46923828125
"2015-11-04",92.7300033569336,93.1800003051758,89.7399978637695,92.4499969482422,2866718,57.7693786621094
"2015-11-05",92.5199966430664,93.4100036621094,91.5800018310547,92.7799987792969,1351343,57.9755821228027
"2015-11-06",92.7799987792969,96.8399963378906,92.7799987792969,96.0299987792969,2565914,60.0064315795898
"2015-11-09",96.2300033569336,97.2399978637695,94.8000030517578,94.9599990844727,1590171,59.3378105163574
"2015-11-10",95.4899978637695,96.1100006103516,94,95.9300003051758,1260190,59.9439392089844
"2015-11-11",95.8899993896484,97.0100021362305,95.5400009155273,96.1800003051758,1498093,60.1001586914062
"2015-11-12",95.7399978637695,95.7600021362305,93.6399993896484,94.4599990844727,1544659,59.0253639221191
"2015-11-13",94.1999969482422,95.7900009155273,93,94.5400009155273,1435459,59.0753707885742
"2015-11-16",93.2799987792969,95.4800033569336,93.2799987792969,94.7099990844727,1018574,59.1815986633301
"2015-11-17",95.7099990844727,97.5899963378906,95.2699966430664,97.2600021362305,1374915,60.7750244140625
"2015-11-18",96.9100036621094,97.9400024414062,96.4199981689453,97.4499969482422,928612,60.8937339782715
"2015-11-19",97.9000015258789,99.3600006103516,97.7399978637695,98.7300033569336,1389820,61.6935806274414
"2015-11-20",99,99.5899963378906,98.6100006103516,99.1699981689453,1538165,61.9685134887695
"2015-11-23",98.9700012207031,99.2799987792969,98.1600036621094,98.4499969482422,1009608,61.5186157226562
"2015-11-24",98,98.6800003051758,96.1600036621094,96.7600021362305,1388239,60.4625778198242
"2015-11-25",97.4800033569336,99.5199966430664,96.2399978637695,99.5,1210034,62.1747283935547
"2015-11-26",99.5,101.650001525879,99.4499969482422,100.849998474121,1257150,63.0183067321777
"2015-11-27",100.25,102,99.9300003051758,101.5,1085280,63.4244651794434
"2015-11-30",101.400001525879,104.099998474121,101.150001525879,103.300003051758,1758637,64.5492401123047
"2015-12-01",103.599998474121,104.849998474121,103.150001525879,103.300003051758,1498201,64.5492401123047
"2015-12-02",103.699996948242,103.849998474121,101.900001525879,102.650001525879,1258909,64.1430816650391
"2015-12-03",102.300003051758,104.150001525879,97.4100036621094,98.3399963378906,2783841,61.449878692627
"2015-12-04",97.9100036621094,99.1100006103516,96.4000015258789,98.1699981689453,1888066,61.3436546325684
"2015-12-07",99.2099990844727,101.449996948242,98.9400024414062,99.9899978637695,1028514,62.4809150695801
"2015-12-08",100.300003051758,100.349998474121,96.0699996948242,97.1999969482422,1404543,60.7375297546387
"2015-12-09",97.4000015258789,98.4700012207031,95.8499984741211,97.1399993896484,1243850,60.7000274658203
"2015-12-10",96.1999969482422,97.9800033569336,96.1500015258789,97.2699966430664,1018605,60.7812652587891
"2015-12-11",97.1500015258789,97.1999969482422,93.2399978637695,94.1100006103516,2035528,58.8066635131836
"2015-12-14",94.0800018310547,95.0800018310547,91.5699996948242,91.9000015258789,1680614,57.4257011413574
"2015-12-15",92.7399978637695,95.5,92.7399978637695,94.6900024414062,1490529,59.1691017150879
"2015-12-16",95.2900009155273,96.5999984741211,94.4800033569336,95.4899978637695,1530588,59.6689910888672
"2015-12-17",98.2399978637695,99.4899978637695,98.1500015258789,98.7200012207031,2218039,61.687328338623
"2015-12-18",97.5999984741211,98.5199966430664,96.0299987792969,96.7099990844727,2791328,60.4313278198242
"2015-12-21",96.379997253418,99.3600006103516,95.5,95.5,1325708,59.6752471923828
"2015-12-22",96.3399963378906,97.2300033569336,94.7399978637695,96.3499984741211,1142643,60.2063865661621
"2015-12-23",97.9499969482422,99.0800018310547,97.620002746582,98.5500030517578,886473,61.5811042785645
"2015-12-25",98.5500030517578,98.5500030517578,98.5500030517578,98.5500030517578,0,61.5811042785645
"2015-12-28",98.879997253418,99.0800018310547,97.0999984741211,97.3499984741211,372209,60.8312492370605
"2015-12-29",98.1600036621094,98.9899978637695,97.5999984741211,98.5599975585938,565467,61.5873527526855
"2015-12-30",98.5,98.5,97.5699996948242,97.629997253418,431934,61.0062217712402
"2016-01-04",94.7099990844727,94.7099990844727,91.7600021362305,92.25,2376296,57.6444129943848
"2016-01-05",93.4199981689453,93.5,90.629997253418,91.8199996948242,1533191,57.3757133483887
"2016-01-06",91,91,87.1399993896484,88.7799987792969,2301978,55.4761009216309
"2016-01-07",85.3000030517578,86,83.5199966430664,85.4400024414062,2812427,53.389030456543
"2016-01-08",86.1600036621094,87.1399993896484,83.4100036621094,83.4400024414062,1969156,52.1392936706543
"2016-01-11",83.1100006103516,85.5899963378906,82.879997253418,83.1399993896484,1832479,51.951831817627
"2016-01-12",83.5999984741211,86.5,83.2699966430664,84.8499984741211,1766974,53.0203628540039
"2016-01-13",86.2600021362305,86.6399993896484,82.0999984741211,82.8899993896484,2155809,51.7956047058105
"2016-01-14",82,82.1100006103516,78.0599975585938,80.1100006103516,3759382,50.0584678649902
"2016-01-15",79.6399993896484,80.8199996948242,76.5800018310547,78.0199966430664,3031976,48.7524795532227
"2016-01-18",77.9800033569336,79.6999969482422,76.7699966430664,78.0999984741211,1434581,48.8024787902832
"2016-01-19",80.1999969482422,80.3300018310547,78.5,78.8600006103516,1797236,49.2773857116699
"2016-01-20",76.3000030517578,77.3000030517578,75.4599990844727,76.7699966430664,2233135,47.9713973999023
"2016-01-21",76.4000015258789,79.3300018310547,75.9899978637695,78.6999969482422,2139284,49.1773986816406
"2016-01-22",80.5199966430664,80.9599990844727,79.5899963378906,79.7099990844727,1988186,49.808521270752
"2016-01-25",80.3099975585938,80.3099975585938,78.3399963378906,78.9199981689453,1448731,49.3148727416992
"2016-01-26",77.3499984741211,80.120002746582,76.1900024414062,79.4000015258789,1560186,49.6148109436035
"2016-01-27",79.129997253418,79.9599990844727,78.0400009155273,79.9599990844727,1239918,49.9647407531738
"2016-01-28",79.1800003051758,80.5899963378906,77.3000030517578,77.620002746582,1860762,48.5025405883789
"2016-01-29",78.8399963378906,78.9000015258789,75.7200012207031,76.6600036621094,2448748,47.9026679992676
"2016-02-01",76.8899993896484,77,74.2300033569336,75.4700012207031,2236348,47.1590614318848
"2016-02-02",75.2200012207031,75.4000015258789,73.6900024414062,74.0299987792969,1593641,46.2592430114746
"2016-02-03",73.4000015258789,74.8099975585938,71.5,72.6999969482422,2686190,45.4281616210938
"2016-02-04",72.1100006103516,72.4899978637695,69.379997253418,71.4899978637695,3232030,44.6720733642578
"2016-02-05",71.5999984741211,73.8499984741211,71.1800003051758,72.4100036621094,1967856,45.2469635009766
"2016-02-08",72.7600021362305,73.2799987792969,69.0400009155273,69.3000030517578,2041244,43.3036041259766
"2016-02-09",69.4100036621094,69.6999969482422,66.8600006103516,67.8300018310547,2402454,42.3850479125977
"2016-02-10",68.2300033569336,70.1699981689453,67.6399993896484,69.0800018310547,2283727,43.1661376953125
"2016-02-11",68.3199996948242,68.4599990844727,66,67.1800003051758,2124925,41.9788780212402
"2016-02-12",68.129997253418,70.7900009155273,67.3899993896484,70.2600021362305,2671779,43.9034843444824
"2016-02-15",72.5899963378906,73.9499969482422,71.9800033569336,73.0800018310547,2120795,45.6656227111816
"2016-02-16",74.0999984741211,74.4899978637695,72.1399993896484,72.8199996948242,1885957,45.5031547546387
"2016-02-17",73.3000030517578,75.8899993896484,73.1500015258789,75.3899993896484,1660922,47.109073638916
"2016-02-18",76.1500015258789,76.6399993896484,74.1999969482422,75.3499984741211,1585166,47.0840797424316
"2016-02-19",74.6500015258789,75.3600006103516,73.2399978637695,73.8300018310547,1632695,46.1342735290527
"2016-02-22",74.9300003051758,75.7600021362305,74.8099975585938,75.1999969482422,1274010,46.9903450012207
"2016-02-23",74.5100021362305,74.870002746582,72.9400024414062,73.1399993896484,1294713,45.7031059265137
"2016-02-24",73,73.2099990844727,68.9400024414062,70.1999969482422,2313335,43.8659858703613
"2016-02-25",71.120002746582,71.9800033569336,70.0100021362305,71.3000030517578,1353706,44.553352355957
"2016-02-26",72.4499969482422,74.7900009155273,72.2200012207031,73.8899993896484,1568411,46.171760559082
"2016-02-29",73.0500030517578,75.370002746582,72.6100006103516,75.1500015258789,1726466,46.9591064453125
"2016-03-01",75.2699966430664,78.6100006103516,75,78.3099975585938,2189791,48.9336967468262
"2016-03-02",78.9599990844727,80.5199966430664,78.8499984741211,80.4300003051758,1998270,50.2584266662598
"2016-03-03",80.879997253418,81.9300003051758,80.0500030517578,81.1500015258789,1571274,50.7083358764648
"2016-03-04",81.6699981689453,83.3000030517578,80.9000015258789,82.629997253418,1715750,51.6331329345703
"2016-03-07",82.25,82.9599990844727,80.620002746582,81.870002746582,1192838,51.1582412719727
"2016-03-08",80.629997253418,81.7099990844727,79.0899963378906,80.0199966430664,1861677,50.0022277832031
"2016-03-09",79.7799987792969,81.9499969482422,77.5,78.5400009155273,4328693,49.0774154663086
"2016-03-10",78.8000030517578,81.75,75.3600006103516,75.4199981689453,3855851,47.127815246582
"2016-03-11",77.1100006103516,79.3399963378906,76.7600021362305,78.7200012207031,2289482,49.1898956298828
"2016-03-14",80.0100021362305,81.3499984741211,79.5699996948242,80.2300033569336,2004485,50.1334609985352
"2016-03-15",80,80.6699981689453,78.8099975585938,79.5599975585938,1565677,49.7147827148438
"2016-03-16",80.0100021362305,83.5100021362305,80,82.629997253418,3191563,51.6331329345703
"2016-03-17",83.5,83.5,79.120002746582,81.0199966430664,2512867,50.6271018981934
"2016-03-18",81.1500015258789,81.9899978637695,80.5599975585938,81.5800018310547,2973056,50.9770278930664
"2016-03-21",80.9000015258789,82.5599975585938,80.3499984741211,81.1999969482422,1357408,50.739574432373
"2016-03-22",80.5,81.5599975585938,79.4000015258789,81.379997253418,1478225,50.85205078125
"2016-03-23",81.9800033569336,82.75,80.4100036621094,81.0599975585938,1279003,50.6520919799805
"2016-03-24",80.8199996948242,80.9800033569336,79.2399978637695,79.5800018310547,1506755,49.7272911071777
"2016-03-29",79.5800018310547,80.75,79.4300003051758,80.4499969482422,1243995,50.2709197998047
"2016-03-30",80.8399963378906,82.870002746582,80.5299987792969,82.1100006103516,1457943,51.3082160949707
"2016-03-31",82,82.2200012207031,80.629997253418,80.6999969482422,1537700,50.4271469116211
"2016-04-01",79.5999984741211,79.7300033569336,77.2600021362305,78,2215091,48.739990234375
"2016-04-04",77.6399993896484,78.4400024414062,76.5699996948242,77.5400009155273,1766999,48.4525489807129
"2016-04-05",76.0999984741211,76.1900024414062,74.5999984741211,74.629997253418,2052746,46.6341667175293
"2016-04-06",75,75.1900024414062,73.5599975585938,75,1659586,46.8653717041016
"2016-04-07",75.4000015258789,75.5,73.3000030517578,73.8499984741211,1708302,46.1467666625977
"2016-04-08",74.0599975585938,75.3499984741211,74.0599975585938,74.3000030517578,1284426,46.4279632568359
"2016-04-11",74.3399963378906,75.5999984741211,73.6600036621094,74.7900009155273,1165326,46.7341537475586
"2016-04-12",75.120002746582,75.6399993896484,73.9400024414062,75.3499984741211,1320701,47.0840797424316
"2016-04-13",76.9499969482422,78.7699966430664,76.4800033569336,78,2267654,48.739990234375
"2016-04-14",78.4000015258789,79.1999969482422,78.0999984741211,79.1999969482422,1718337,49.4898338317871
"2016-04-15",79.0100021362305,79.1800003051758,77.620002746582,78.370002746582,1495738,48.9711952209473
"2016-04-18",78.2699966430664,80.8600006103516,77.8000030517578,80.4100036621094,1869912,50.2459297180176
"2016-04-19",81.0400009155273,83.1999969482422,80.9100036621094,83.0699996948242,2054926,51.908088684082
"2016-04-20",82.4800033569336,84.4599990844727,81.9899978637695,84.0199966430664,1922678,52.5017166137695
"2016-04-21",84.4000015258789,85.0699996948242,83.2600021362305,84.1500015258789,1823710,52.5829467773438
"2016-04-22",81.8300018310547,83.620002746582,81.2600021362305,82.7799987792969,2129746,51.7268753051758
"2016-04-25",83,83.2900009155273,81.870002746582,81.9400024414062,2338947,51.2019844055176
"2016-04-26",82.3000030517578,83.629997253418,82.2799987792969,82.5999984741211,1400989,51.6143951416016
"2016-04-27",82.9000015258789,83.6500015258789,82.620002746582,83.3600006103516,1214112,52.089298248291
"2016-04-28",82.9300003051758,84.1500015258789,81.8899993896484,83.9400024414062,1766563,52.4517250061035
"2016-04-29",83.2099990844727,84.0699996948242,80.5,80.5,2252489,50.3021697998047
"2016-05-02",81.3199996948242,82.7300033569336,80.9899978637695,81.120002746582,1531004,50.6895866394043
"2016-05-03",79.9199981689453,79.9199981689453,77.7699966430664,78.0299987792969,3093464,48.7587356567383
"2016-05-04",78.0500030517578,78.4300003051758,76,76.4499969482422,2096952,47.7714309692383
"2016-05-05",76.6900024414062,76.6900024414062,75,75.5299987792969,1480636,47.1965522766113
"2016-05-06",75.4800033569336,76.0599975585938,74.4100036621094,75.6900024414062,2446801,47.2965354919434
"2016-05-09",76.7300033569336,77.3499984741211,75.8199996948242,76.5199966430664,1624828,47.8151741027832
"2016-05-10",77.5299987792969,78.25,77.1600036621094,78.0100021362305,1783410,48.7462425231934
"2016-05-11",78.0599975585938,78.4000015258789,76.5999984741211,76.9000015258789,1307035,48.0526313781738
"2016-05-12",76.7099990844727,77.3399963378906,75.3899993896484,75.7200012207031,2708165,47.3152809143066
"2016-05-13",72.8499984741211,73.9400024414062,72.25,73.7699966430664,2570526,48.1308364868164
"2016-05-17",74.7600021362305,74.879997253418,70.9899978637695,71.5599975585938,2952708,46.6889343261719
"2016-05-18",71.1100006103516,71.6500015258789,70.5100021362305,70.9899978637695,2053563,46.3170394897461
"2016-05-19",70.8600006103516,71.879997253418,69.9400024414062,70.6600036621094,2372266,46.1017379760742
"2016-05-20",71.1999969482422,71.9000015258789,70.9400024414062,71.6999969482422,1889879,46.7802734375
"2016-05-23",71.9499969482422,71.9700012207031,70.5100021362305,70.8199996948242,1654356,46.206127166748
"2016-05-24",70.6999969482422,72.3499984741211,70.0500030517578,72.1399993896484,2170646,47.0673484802246
"2016-05-25",73.2699966430664,74.2099990844727,72.8199996948242,73.8600006103516,2025847,48.1895523071289
"2016-05-26",73.8899993896484,75.8099975585938,73.8600006103516,75.4499969482422,2067667,49.2269401550293
"2016-05-27",75.5299987792969,75.5899963378906,74.5699996948242,75.1600036621094,1348277,49.0377349853516
"2016-05-30",75.4899978637695,76.120002746582,75.25,75.7600021362305,686324,49.4292068481445
"2016-05-31",76.0100021362305,76.370002746582,74.7900009155273,75.8899993896484,2144111,49.5140190124512
"2016-06-01",75.9199981689453,75.9599990844727,73.5500030517578,73.9300003051758,1920236,48.2352294921875
"2016-06-02",73.7200012207031,74.4100036621094,73.1600036621094,74.0500030517578,1311682,48.3135261535645
"2016-06-03",74.5,74.5800018310547,71.5899963378906,72.2699966430664,1905975,47.1521644592285
"2016-06-06",72.4300003051758,73.2300033569336,71.8600006103516,72.2399978637695,864789,47.1325988769531
"2016-06-07",72.7300033569336,74.0500030517578,72.5400009155273,73.8300018310547,1386706,48.1699829101562
"2016-06-08",73.6800003051758,74.0400009155273,72.7099990844727,73,1138227,47.6284561157227
"2016-06-09",72.8899993896484,72.9700012207031,71.379997253418,71.8399963378906,1395811,46.8716163635254
"2016-06-10",71.4000015258789,71.5599975585938,70.0999984741211,70.6999969482422,1957367,46.1278305053711
"2016-06-13",70,70.2099990844727,68.8399963378906,69.3399963378906,2088180,45.2405052185059
"2016-06-14",68.7900009155273,69.0999984741211,67.4499969482422,67.5999984741211,2282134,44.1052551269531
"2016-06-15",68.4499969482422,70.0999984741211,67.9499969482422,68.5599975585938,2198059,44.7315979003906
"2016-06-16",67.5899963378906,68.4800033569336,67.1100006103516,68.3000030517578,1985538,44.5619659423828
"2016-06-17",69.0699996948242,69.9000015258789,68.6900024414062,68.9700012207031,2500473,44.9990997314453
"2016-06-20",71.1800003051758,72.5199966430664,71.0500030517578,72.2399978637695,2039189,47.1325988769531
"2016-06-21",72.3000030517578,73.1600036621094,71.7300033569336,72.6399993896484,1694363,47.3935775756836
"2016-06-22",73.1900024414062,73.6399993896484,72.4700012207031,72.4700012207031,1460882,47.2826614379883
"2016-06-23",72.5299987792969,74.3899993896484,72.2600021362305,74.25,2227283,48.4440078735352
"2016-06-24",66,70.6100006103516,66,68.6600036621094,8608707,44.7968521118164
"2016-06-27",68.2399978637695,68.7799987792969,65.0100021362305,65.6699981689453,3713125,42.8460311889648
"2016-06-28",67.6900024414062,68.1600036621094,65.5599975585938,65.8300018310547,2686898,42.9504280090332
"2016-06-29",66.4199981689453,67.5199966430664,65.5500030517578,65.879997253418,2732408,42.9830474853516
"2016-06-30",65.9800033569336,66.25,64.9800033569336,65.7900009155273,2450555,42.9243278503418
"2016-07-01",66.2699966430664,68.4800033569336,66,67.7900009155273,2544873,44.2292175292969
"2016-07-04",68.3399963378906,68.379997253418,66.4100036621094,66.7900009155273,1716922,43.5767707824707
"2016-07-05",66.3300018310547,66.4400024414062,64.9899978637695,65.2099990844727,2097336,42.5459136962891
"2016-07-06",64.9000015258789,65.2200012207031,63.3800010681152,65.0999984741211,2701771,42.4741363525391
"2016-07-07",65.5899963378906,67.120002746582,65.4300003051758,65.5999984741211,1804498,42.8003616333008
"2016-07-08",65.4499969482422,68.9000015258789,65.3000030517578,68.4400024414062,2670354,44.6533050537109
"2016-07-11",69.25,70.5500030517578,68.8199996948242,70.0400009155273,1858795,45.6972198486328
"2016-07-12",70.620002746582,73.6699981689453,70.5899963378906,73.3099975585938,2946321,47.8307151794434
"2016-07-13",73,75.2200012207031,72.620002746582,72.9800033569336,2527306,47.615406036377
"2016-07-14",74,75.2200012207031,73.7200012207031,74.7399978637695,2234020,48.7637062072754
"2016-07-15",74.5,75.1699981689453,73.7900009155273,74.6600036621094,1606795,48.7115135192871
"2016-07-18",74.9000015258789,76.0299987792969,74.3300018310547,74.9100036621094,1405594,48.874626159668
"2016-07-19",74.75,74.9599990844727,72.6800003051758,73.5800018310547,1960174,48.0068778991699
"2016-07-20",74.1900024414062,75.7300033569336,73.3899993896484,75.3899993896484,1710237,49.1877975463867
"2016-07-21",75.6999969482422,76.5299987792969,74.9599990844727,75.9800033569336,1434406,49.5727462768555
"2016-07-22",75.5599975585938,76.1699981689453,75.0999984741211,75.5,948378,49.2595710754395
"2016-07-25",75.7200012207031,77.370002746582,75.0800018310547,76.1399993896484,1393923,49.6771278381348
"2016-07-26",76.1399993896484,77.3399963378906,75.7300033569336,76.7799987792969,1222808,50.0946960449219
"2016-07-27",77.6399993896484,78.8000030517578,77.5100021362305,78.3600006103516,1971401,51.1255569458008
"2016-07-28",78.379997253418,78.5,75.9700012207031,75.9700012207031,2356433,49.566219329834
"2016-07-29",76.5899963378906,77.120002746582,76.3899993896484,77.0500030517578,1458689,50.2708625793457
"2016-08-01",78.4400024414062,78.6800003051758,76.5400009155273,77.129997253418,1492129,50.3230476379395
"2016-08-02",78,78.1999969482422,74.75,75.4100036621094,2513576,49.2008438110352
"2016-08-03",75.3899993896484,75.8099975585938,73.7300033569336,75.8099975585938,1883969,49.4618186950684
"2016-08-04",76.2399978637695,77.6100006103516,75.5699996948242,75.8399963378906,1576490,49.4813919067383
"2016-08-05",76.1600036621094,78.0100021362305,76.0500030517578,77.9199981689453,1438771,50.8384742736816
"2016-08-08",78.5,78.9800033569336,77.2900009155273,77.629997253418,1226634,50.6492729187012
"2016-08-09",77.9100036621094,80.4800033569336,77.6399993896484,80.2900009155273,2012005,52.3847770690918
"2016-08-10",79.8600006103516,80.6900024414062,79.4000015258789,80.1900024414062,1417259,52.3195343017578
"2016-08-11",80.7099990844727,81.1999969482422,79.129997253418,80.370002746582,1470743,52.4369659423828
"2016-08-12",80.2300033569336,80.4499969482422,79.4400024414062,79.629997253418,1002134,51.9541664123535
"2016-08-15",79.870002746582,80.879997253418,79.6500015258789,80.5,855474,52.521785736084
"2016-08-16",79.9100036621094,80.0800018310547,78.9499969482422,79.4899978637695,1233620,51.8628196716309
"2016-08-17",79.6800003051758,79.9300003051758,78.0199966430664,78.5500030517578,1036483,51.2495193481445
"2016-08-18",79.0999984741211,79.25,78.3899993896484,78.8399963378906,892046,51.4387283325195
"2016-08-19",78.0199966430664,78.1900024414062,76.4700012207031,77.3199996948242,1852903,50.4470176696777
"2016-08-22",77.4000015258789,78.4499969482422,76.5199966430664,76.9499969482422,1165052,50.2056083679199
"2016-08-23",77.3899993896484,77.9700012207031,76.7300033569336,77.4800033569336,1038967,50.5514068603516
"2016-08-24",77.25,78.0299987792969,76.6900024414062,77.5100021362305,971047,50.5709762573242
"2016-08-25",76.8000030517578,76.8399963378906,75.5999984741211,76.2200012207031,1490961,49.7293243408203
"2016-08-26",76.0999984741211,77.2900009155273,75.8199996948242,77.2300033569336,1476195,50.388298034668
"2016-08-29",76.7099990844727,77.2300033569336,76.0699996948242,76.879997253418,708241,50.1599388122559
"2016-08-30",77.4400024414062,78.5599975585938,77.1100006103516,78.4599990844727,1213735,51.1907997131348
"2016-08-31",78.379997253418,79.2799987792969,78.0100021362305,78.0100021362305,1314066,50.8972053527832
"2016-09-01",78.2699966430664,79.8000030517578,77.5500030517578,77.9300003051758,1480375,50.8450088500977
"2016-09-02",78.370002746582,78.7699966430664,76.6600036621094,78.5699996948242,1593828,51.2625694274902
"2016-09-05",78.9700012207031,79.0599975585938,78.2399978637695,78.2399978637695,843916,51.0472640991211
"2016-09-06",78.620002746582,78.620002746582,77.2399978637695,77.5500030517578,1218090,50.5970802307129
"2016-09-07",77.7600021362305,78.8499984741211,76.9599990844727,78.2399978637695,1206012,51.0472640991211
"2016-09-08",78.4199981689453,78.5199966430664,76.1399993896484,77.4400024414062,2131834,50.5253067016602
"2016-09-09",77.3099975585938,77.8499984741211,76.5400009155273,76.9300003051758,1184648,50.1925659179688
"2016-09-12",75.5,75.9000015258789,74.5999984741211,75.5800018310547,2043200,49.3117599487305
"2016-09-13",76,76.3199996948242,74.9499969482422,75.4100036621094,1305666,49.2008438110352
"2016-09-14",75.6399993896484,75.7699966430664,74.6100006103516,75.0999984741211,1371437,48.9985885620117
"2016-09-15",74.9100036621094,75.6699981689453,74.1399993896484,75.3000030517578,1294409,49.1290702819824
"2016-09-16",75.25,75.5,73.2200012207031,73.4199981689453,2855151,47.9024772644043
"2016-09-19",74.0500030517578,74.6399993896484,73.8099975585938,73.9700012207031,1231305,48.2613296508789
"2016-09-20",73.9599990844727,74.4800033569336,73.7200012207031,74.0899963378906,1062279,48.3396148681641
"2016-09-21",74.7600021362305,75.2699966430664,74.2699966430664,74.3600006103516,1202665,48.5157775878906
"2016-09-22",75.1500015258789,76.9599990844727,74.9199981689453,76.2799987792969,1961060,49.7684707641602
"2016-09-23",76.25,76.4700012207031,75.3300018310547,75.5899963378906,1056154,49.318286895752
"2016-09-26",75.0599975585938,75.129997253418,73.4000015258789,73.7300033569336,1924227,48.1047439575195
"2016-09-27",74.2900009155273,74.4400024414062,72.0299987792969,73.1800003051758,1668855,47.7458953857422
"2016-09-28",73.5100021362305,74.4899978637695,73.4100036621094,73.6800003051758,1184285,48.0721130371094
"2016-09-29",74.4899978637695,75.0599975585938,73.4499969482422,73.6999969482422,1296793,48.0851669311523
"2016-09-30",72.379997253418,75.129997253418,72.0199966430664,74.8099975585938,2422227,48.8093795776367
"2016-10-04",76,77.6800003051758,75.7900009155273,77.2900009155273,2802839,50.4274406433105
"2016-10-05",76.6500015258789,78.3899993896484,75.9800033569336,78.1800003051758,1831075,51.0081100463867
"2016-10-06",78.3000030517578,78.6900024414062,77.8600006103516,78.3000030517578,1405848,51.0864105224609
"2016-10-07",78.3000030517578,78.3300018310547,76.8399963378906,77.4100036621094,1794688,50.5057373046875
"2016-10-10",77.4300003051758,78.3899993896484,76.8300018310547,78.0899963378906,1360853,50.9493942260742
"2016-10-11",78.0500030517578,78.75,77.4499969482422,77.6600036621094,1419536,50.6688461303711
"2016-10-12",77.6600036621094,78.0299987792969,76.7200012207031,77,1195629,50.2382316589355
"2016-10-13",76.3399963378906,76.5500030517578,75.2799987792969,75.9400024414062,1688240,49.5466461181641
"2016-10-14",75.7900009155273,77.5500030517578,75.7099990844727,76.8399963378906,1787777,50.1338386535645
"2016-10-17",76.7200012207031,76.9400024414062,75.8899993896484,76.3399963378906,1073588,49.8076171875
"2016-10-18",76.8600006103516,77.2399978637695,76.0199966430664,77.0100021362305,1395534,50.2447547912598
"2016-10-19",77.0999984741211,78.5899963378906,76.5199966430664,78.0199966430664,1566405,50.9037208557129
"2016-10-20",78.5999984741211,79.6699981689453,78.0899963378906,79.1699981689453,1777144,51.6540374755859
"2016-10-21",79.1399993896484,79.1900024414062,77.9700012207031,78.629997253418,1600932,51.3017120361328
"2016-10-24",79.0100021362305,80.0999984741211,79.0100021362305,79.5899963378906,1364786,51.9280624389648
"2016-10-25",79.870002746582,80.379997253418,79.4499969482422,79.629997253418,962293,51.9541664123535
"2016-10-26",79.4000015258789,80.370002746582,79.1500015258789,80.0699996948242,1235956,52.2412376403809
"2016-10-27",80,80.5400009155273,79.5,79.9199981689453,1311206,52.1433715820312
"2016-10-28",79.370002746582,80.3000030517578,78.3399963378906,80.1699981689453,1150215,52.3064804077148
"2016-10-31",80,80.2399978637695,78.9300003051758,79.370002746582,1253884,51.7845191955566
"2016-11-01",79.8000030517578,79.9899978637695,78.0500030517578,78.3199996948242,1165792,51.0994567871094
"2016-11-02",77.5899963378906,77.5899963378906,75.1999969482422,75.4000015258789,2420080,49.1943244934082
"2016-11-03",75.3000030517578,76.2799987792969,75,75.2300033569336,1437285,49.0834083557129
"2016-11-04",73.9499969482422,75.7200012207031,73.5800018310547,75.4599990844727,2173379,49.2334632873535
"2016-11-07",77.0999984741211,77.370002746582,76.5299987792969,77.1999969482422,1578469,50.3687171936035
"2016-11-08",77,77.5,75.9700012207031,77.3099975585938,1631926,50.440486907959
"2016-11-09",73.5100021362305,76.9499969482422,73.4000015258789,76.8399963378906,3870661,50.1338386535645
"2016-11-10",77.5899963378906,77.7200012207031,76.0999984741211,76.7799987792969,2030338,50.0946960449219
"2016-11-11",76.8300018310547,80.1500015258789,76.8199996948242,80.1100006103516,3100893,52.267333984375
"2016-11-14",80.7799987792969,82.5400009155273,80.5400009155273,80.879997253418,2549250,52.7697143554688
"2016-11-15",81.120002746582,81.7300033569336,80.4800033569336,81.5299987792969,1290580,53.1938056945801
"2016-11-16",81.5100021362305,81.6699981689453,79.75,80.7399978637695,1387781,52.6783714294434
"2016-11-17",80.5400009155273,81.5699996948242,79.6999969482422,80.4199981689453,1433849,52.4695930480957
"2016-11-18",81.0999984741211,81.9300003051758,80.4199981689453,81,1728801,52.848014831543
"2016-11-21",81.1600036621094,82.9300003051758,80.6699981689453,82.370002746582,2004221,53.7418632507324
"2016-11-22",83,83.4899978637695,82.5800018310547,83.3000030517578,1962034,54.3486328125
"2016-11-23",83.1999969482422,83.3099975585938,81.129997253418,82.2399978637695,1825460,53.657039642334
"2016-11-24",82.4899978637695,82.8000030517578,82.0899963378906,82.5100021362305,663757,53.8332023620605
"2016-11-25",82.4300003051758,82.7900009155273,81.9199981689453,82.7900009155273,798224,54.0158920288086
"2016-11-28",81.9199981689453,82.5599975585938,81.5599975585938,82.0599975585938,1171748,53.5396041870117
"2016-11-29",82.1399993896484,82.1399993896484,80.3000030517578,81.1999969482422,1555821,52.9784965515137
"2016-11-30",81.1800003051758,81.3099975585938,80.0299987792969,80.4100036621094,1712074,52.4630699157715
"2016-12-01",80.1600036621094,80.7699966430664,79.4499969482422,80.0699996948242,1411483,52.2412376403809
"2016-12-02",79.2099990844727,80.0299987792969,78.5599975585938,79.8199996948242,1476924,52.0781211853027
"2016-12-05",79.3099975585938,82.5999984741211,79.1999969482422,82.4000015258789,2083892,53.7614288330078
"2016-12-06",82.5199966430664,83.629997253418,81.9700012207031,83.370002746582,1560553,54.3943061828613
"2016-12-07",84.0800018310547,86.620002746582,84.0599975585938,86.3199996948242,2508926,56.3190155029297
"2016-12-08",87,89.3300018310547,86.6500015258789,88.9899978637695,3308826,58.0610389709473
"2016-12-09",88.4000015258789,89.2600021362305,87.6600036621094,88.7699966430664,1870981,57.9174995422363
"2016-12-12",88.5,89.0999984741211,87.3300018310547,88.0899963378906,1398367,57.4738388061523
"2016-12-13",88.25,89.4000015258789,88.0999984741211,88.9000015258789,1401304,58.0023231506348
"2016-12-14",89.9199981689453,90.4300003051758,89.0400009155273,89.0500030517578,1973261,58.1001815795898
"2016-12-15",89,89.9599990844727,86.7300033569336,89.75,2336676,58.5568923950195
"2016-12-16",89.75,90.7799987792969,89.2900009155273,90,2550729,58.7200088500977
"2016-12-19",89.6100006103516,90.2200012207031,89.0999984741211,90.1100006103516,1132010,58.7917823791504
"2016-12-20",89.0100021362305,90.4300003051758,88.6600036621094,90.25,1760752,58.8831214904785
"2016-12-21",90,90.6699981689453,89.9000015258789,90.0699996948242,1009885,58.7656860351562
"2016-12-22",89.7300033569336,90.8499984741211,89.4400024414062,89.6699981689453,928293,58.504711151123
"2016-12-23",89.7200012207031,90.3300018310547,89.6900024414062,89.9599990844727,665904,58.6939163208008
"2016-12-27",89.8399963378906,90.1800003051758,89.4599990844727,89.6999969482422,483756,58.5242805480957
"2016-12-28",89.7099990844727,90.2099990844727,89.5500030517578,89.8499984741211,554383,58.6221466064453
"2016-12-29",89.0100021362305,89.1999969482422,88.0400009155273,88.5199966430664,1068188,57.7543907165527
"2016-12-30",88.4199981689453,88.8899993896484,87.5100021362305,88.75,760809,57.9044456481934
"2017-01-02",88.3399963378906,90.2699966430664,87.8099975585938,89.9800033569336,774391,58.7069702148438
"2017-01-03",90.5,91.7600021362305,90.4899978637695,90.8300018310547,1514253,59.2615356445312
"2017-01-04",91.0199966430664,91.5699996948242,89.3000030517578,90.1800003051758,1224694,58.8374481201172
"2017-01-05",89.5,90.5899963378906,89.4800033569336,90.3399963378906,967699,58.941837310791
"2017-01-06",90.3199996948242,90.6999969482422,89.8099975585938,90.5100021362305,969606,59.0527572631836
"2017-01-09",90.7900009155273,90.7900009155273,89.3099975585938,89.8300018310547,1413820,58.6090965270996
"2017-01-10",89.8399963378906,90.5199966430664,88.9899978637695,89.9100036621094,1252387,58.6613006591797
"2017-01-11",89.6900024414062,90.4199981689453,89.0999984741211,90.129997253418,1438353,58.8048248291016
"2017-01-12",89.9000015258789,90.3199996948242,86.7600021362305,87.4599990844727,2233218,57.062801361084
"2017-01-13",88.129997253418,89.1999969482422,87.2200012207031,87.8099975585938,1908167,57.2911605834961
"2017-01-16",86,87.1600036621094,85.5,86.5299987792969,1384090,56.4560279846191
"2017-01-17",86.1999969482422,87.1800003051758,85.1900024414062,86.4700012207031,1480197,56.4168815612793
"2017-01-18",86.6500015258789,87.0400009155273,86.1800003051758,87,1077436,56.7626800537109
"2017-01-19",86.9000015258789,87.3899993896484,86.4199981689453,86.5899963378906,1368684,56.495174407959
"2017-01-20",86.5800018310547,87.370002746582,86.0800018310547,87.1500015258789,1646303,56.8605422973633
"2017-01-23",86.5100021362305,86.7799987792969,85.9800033569336,86.2600021362305,1184095,56.2798652648926
"2017-01-24",86.3899993896484,87.5999984741211,86.3899993896484,87.3300018310547,1069901,56.9779930114746
"2017-01-25",87.879997253418,89.4000015258789,87.8300018310547,88.8000030517578,1745950,57.9370765686035
"2017-01-26",89.7600021362305,89.7600021362305,87.879997253418,88.129997253418,1295080,57.4999389648438
"2017-01-27",87.9899978637695,87.9899978637695,87.0899963378906,87.4100036621094,1340989,57.0301818847656
"2017-01-30",87.0500030517578,87.4499969482422,85.9400024414062,86.2900009155273,1538027,56.2994499206543
"2017-01-31",86.2699966430664,86.5100021362305,84.1699981689453,84.1699981689453,2052243,54.9162559509277
"2017-02-01",84.8300018310547,85.6999969482422,84.2300033569336,84.620002746582,1352724,55.2098617553711
"2017-02-02",84.1100006103516,84.7699966430664,83.6500015258789,84.1999969482422,1294157,54.9358253479004
"2017-02-03",84.4300003051758,84.75,83.9899978637695,84.0299987792969,1084952,54.8249206542969
"2017-02-06",83.7399978637695,84.0500030517578,82.5500030517578,82.9400024414062,1739679,54.1137466430664
"2017-02-07",82.8099975585938,83.620002746582,82.4700012207031,82.7799987792969,1084469,54.0093650817871
"2017-02-08",82.7300033569336,83.7200012207031,82.4700012207031,83.4899978637695,1552697,54.4726028442383
"2017-02-09",83.7699966430664,85,83.0400009155273,84.7900009155273,1786771,55.3207702636719
"2017-02-10",85.4400024414062,85.5999984741211,84.6800003051758,85.0699996948242,1225759,55.5034523010254
"2017-02-13",85.2799987792969,87.2099990844727,85.0999984741211,86.6900024414062,1707298,56.5604209899902
"2017-02-14",86.6800003051758,86.9499969482422,85.8899993896484,86.3000030517578,1196841,56.3059768676758
"2017-02-15",86.8099975585938,87.1399993896484,85.1999969482422,86.1800003051758,1047116,56.2276649475098
"2017-02-16",86.1999969482422,86.2399978637695,85.0400009155273,85.4499969482422,1230592,55.7513847351074
"2017-02-17",85.379997253418,85.4100036621094,84.2200012207031,85.0299987792969,1300475,55.477367401123
"2017-02-20",85.6999969482422,86.25,84.9899978637695,85.0699996948242,852443,55.5034523010254
"2017-02-21",85.1900024414062,86.6699981689453,84.6999969482422,86.5299987792969,1408494,56.4560279846191
"2017-02-22",86.9199981689453,87.1800003051758,86.2200012207031,86.8099975585938,1203491,56.6387138366699
"2017-02-23",87,87.5899963378906,85.5899963378906,85.7600021362305,1199782,55.9536476135254
"2017-02-24",85.8199996948242,85.9199981689453,83.4700012207031,84.25,1920210,54.9684562683105
"2017-02-27",84.629997253418,85.0199966430664,84.3600006103516,84.5199966430664,950395,55.1446151733398
"2017-02-28",84.5899963378906,84.8399963378906,83.9800033569336,84.370002746582,1107265,55.0467529296875
"2017-03-01",85,86.9400024414062,84.8300018310547,86.6699981689453,2033028,56.54736328125
"2017-03-02",86.4899978637695,87.3899993896484,86.3300018310547,87.1800003051758,1122990,56.8801193237305
"2017-03-03",86.7200012207031,87.6699981689453,86.4700012207031,87,1017310,56.7626800537109
"2017-03-06",86.6900024414062,87.0299987792969,86.0100021362305,86.3499984741211,1025674,56.3385925292969
"2017-03-07",86.4700012207031,86.8600006103516,86.0599975585938,86.3199996948242,1025264,56.3190155029297
"2017-03-08",86,87.0199966430664,85.5999984741211,86.6500015258789,1105107,56.5343284606934
"2017-03-09",86.3499984741211,86.8499984741211,83.0100021362305,84.4300003051758,4196289,55.0858993530273
"2017-03-10",84.6800003051758,85.5599975585938,83.3199996948242,83.5400009155273,2433446,54.5052299499512
"2017-03-13",83.8000030517578,84.3499984741211,83.5599975585938,83.8899993896484,1681567,54.7335739135742
"2017-03-14",83.9000015258789,84.1100006103516,83.0100021362305,83.4000015258789,2201982,54.4138793945312
"2017-03-15",83.2600021362305,83.5500030517578,82.9199981689453,83.1900024414062,2002514,54.2768630981445
"2017-03-16",84.2900009155273,84.3000030517578,83.2300033569336,83.6800003051758,1804195,54.5965614318848
"2017-03-17",83.25,83.4800033569336,82.0999984741211,82.8899993896484,3108440,54.0811233520508
"2017-03-20",82.5100021362305,82.6999969482422,81.9599990844727,82.5,2016318,53.8266792297363
"2017-03-21",82.8399963378906,84.7699966430664,81.8000030517578,82.9300003051758,2667179,54.1072273254395
"2017-03-22",81.9599990844727,82.7900009155273,81.0999984741211,82.7399978637695,1645875,53.9832725524902
"2017-03-23",82.9700012207031,83.25,82.1900024414062,83.0800018310547,1391640,54.2050971984863
"2017-03-24",83.4000015258789,83.75,82.4400024414062,83.6800003051758,1565883,54.5965614318848
"2017-03-27",83.0999984741211,83.4800033569336,82.4499969482422,83.4800033569336,1424345,54.4660797119141
"2017-03-28",84.0400009155273,84.7699966430664,83.4800033569336,84.4800033569336,1719210,55.1185150146484
"2017-03-29",84.6999969482422,85.3300018310547,84.1500015258789,84.8099975585938,1708850,55.3338165283203
"2017-03-30",85,85.9000015258789,84.8000030517578,85.5800018310547,1577509,55.8362045288086
"2017-03-31",85.5800018310547,85.7699966430664,84.7200012207031,85.5100021362305,1474396,55.7905349731445
"2017-04-03",85.9800033569336,86.0800018310547,84.5199966430664,84.870002746582,1636969,55.372974395752
"2017-04-04",84.7600021362305,84.8000030517578,82.9499969482422,83.9499969482422,2170607,54.7727241516113
"2017-04-05",84,84,82.9700012207031,83.2399978637695,1656950,54.3094825744629
"2017-04-06",82.8000030517578,82.9499969482422,81.7600021362305,82.9499969482422,1710527,54.1202812194824
"2017-04-07",82.6500015258789,83.0100021362305,82.2699966430664,82.7900009155273,1218307,54.0158920288086
"2017-04-10",83.1699981689453,83.2699966430664,82.1100006103516,82.7099990844727,1143207,53.9636917114258
"2017-04-11",82.6500015258789,83.0199966430664,82.0100021362305,82.629997253418,1506405,53.9114837646484
"2017-04-12",83.5999984741211,84.120002746582,82.9300003051758,83.3899993896484,1829069,54.4073524475098
"2017-04-13",83.5100021362305,83.8000030517578,82.6900024414062,82.8300018310547,1383419,54.0419883728027
"2017-04-18",83.4100036621094,83.4300003051758,81.8899993896484,82.4400024414062,1617270,53.7875289916992
"2017-04-19",82.7300033569336,84.3899993896484,82.6900024414062,83.9800033569336,2118830,54.792293548584
"2017-04-20",83.5500030517578,85.3099975585938,82.9899978637695,84.0800018310547,2432624,54.8575439453125
"2017-04-21",84.25,85.4100036621094,83.9199981689453,84.9300003051758,2363017,55.4121131896973
"2017-04-24",86.4300003051758,87.620002746582,86.25,87.4300003051758,3070174,57.0432319641113
"2017-04-25",87.6999969482422,88,86.9199981689453,87.7699966430664,1681180,57.2650566101074
"2017-04-26",87.8600006103516,88.9700012207031,87.5500030517578,88.6600036621094,2013349,57.8457412719727
"2017-04-27",88.4000015258789,88.4000015258789,87.3099975585938,87.6999969482422,1678073,57.2193870544434
"2017-04-28",87.6999969482422,88.2300033569336,87.3499984741211,87.6500015258789,1714974,57.186767578125
"2017-05-02",88.5899963378906,88.7900009155273,87.0299987792969,87.7099990844727,1864875,57.2259101867676
"2017-05-03",87.5299987792969,87.5299987792969,86.620002746582,86.9000015258789,1663461,56.6974296569824
"2017-05-04",87.6800003051758,88.7200012207031,86.6399993896484,87.3000030517578,2232748,56.9584045410156
"2017-05-05",87.5,89.0999984741211,86.9899978637695,89.0999984741211,2668487,58.1328048706055
"2017-05-08",89.6699981689453,90.0599975585938,88.9000015258789,89.8899993896484,2263707,58.6482467651367
"2017-05-09",90.1500015258789,90.1800003051758,88.5,89.5299987792969,1914241,58.4133644104004
"2017-05-10",89.4400024414062,90.9000015258789,89.4400024414062,90.5199966430664,1926305,59.0592842102051
"2017-05-11",90.6699981689453,91.0599975585938,89.5699996948242,90.1399993896484,2727611,58.8113479614258
"2017-05-12",87.0299987792969,88.0699996948242,86.870002746582,87.2399978637695,2348529,59.2186279296875
"2017-05-15",87.6900024414062,87.9000015258789,86.5599975585938,87.3499984741211,1555557,59.2933082580566
"2017-05-16",87.1900024414062,87.2099990844727,86.4300003051758,86.6900024414062,1615215,58.8452949523926
"2017-05-17",86.1500015258789,87.0699996948242,85.5999984741211,86.4300003051758,1887198,58.6688079833984
"2017-05-18",86.2399978637695,86.2900009155273,83.8000030517578,85.1900024414062,2760266,57.8270950317383
"2017-05-19",85.5,86.7200012207031,85.3899993896484,86.1800003051758,2530349,58.4990997314453
"2017-05-22",86.5899963378906,86.7399978637695,85.1800003051758,85.9000015258789,1357947,58.3090400695801
"2017-05-23",85.75,87.4700012207031,85.6100006103516,86.2699966430664,1891517,58.5601959228516
"2017-05-24",85.8199996948242,86.1399993896484,85.129997253418,85.7699966430664,1362796,58.2207984924316
"2017-05-25",85.9800033569336,86.0400009155273,84.870002746582,85.2399978637695,1067356,57.861026763916
"2017-05-26",85.0500030517578,85.1999969482422,83.6399993896484,84.3099975585938,1817563,57.2297401428223
"2017-05-29",84.0500030517578,84.6399993896484,83.9400024414062,84.5599975585938,738074,57.3994483947754
"2017-05-30",84.2399978637695,84.9400024414062,83.9400024414062,84.2399978637695,1366393,57.1822280883789
"2017-05-31",84.25,84.4199981689453,83.1699981689453,83.2900009155273,1699913,56.5373687744141
"2017-06-01",83.5100021362305,85.3099975585938,83.4800033569336,84.9199981689453,1952537,57.6438217163086
"2017-06-02",85.4899978637695,87,85.3499984741211,85.9300003051758,1931083,58.3294067382812
"2017-06-05",85.9300003051758,85.9300003051758,85.9300003051758,85.9300003051758,0,58.3294067382812
"2017-06-06",85.6999969482422,85.9599990844727,84.3000030517578,84.8300018310547,1925519,57.5827217102051
"2017-06-07",84.7099990844727,85.379997253418,84.2200012207031,84.5999984741211,1160342,57.4265975952148
"2017-06-08",84.5400009155273,84.9300003051758,83.7399978637695,84.1100006103516,1554382,57.0939826965332
"2017-06-09",84.1999969482422,84.870002746582,84,84.4300003051758,984708,57.311206817627
"2017-06-12",84.25,85.879997253418,84.129997253418,84.9000015258789,1742216,57.6302375793457
"2017-06-13",85.2099990844727,85.4499969482422,84.9000015258789,85.0599975585938,929682,57.7388496398926
"2017-06-14",85.120002746582,85.1900024414062,83.7099990844727,84.1100006103516,2438550,57.0939826965332
"2017-06-15",84.0500030517578,84.6800003051758,82.8399963378906,83.4199981689453,1980581,56.6256103515625
"2017-06-16",83.9000015258789,84.3300018310547,83.1399993896484,83.3600006103516,3149044,56.5848846435547
"2017-06-19",84.0999984741211,84.629997253418,84,84,1181583,57.0193214416504
"2017-06-20",84.5,84.6999969482422,83.5,83.6500015258789,1047704,56.7817344665527
"2017-06-21",83.3300018310547,83.6800003051758,82.6699981689453,83.5999984741211,1128180,56.7477912902832
"2017-06-22",83.5199966430664,84.4599990844727,82.9400024414062,84.1699981689453,1436608,57.1347122192383
"2017-06-23",84.1999969482422,84.4499969482422,82.8499984741211,83.5999984741211,1497917,56.7477912902832
"2017-06-26",83.879997253418,84.4599990844727,83.2900009155273,83.4899978637695,1101405,56.6731338500977
"2017-06-27",83,83.5,82.1699981689453,82.8600006103516,1796666,56.2454872131348
"2017-06-28",82.5,84.129997253418,82.370002746582,83.6800003051758,1835895,56.8021011352539
"2017-06-29",84.0999984741211,84.2699966430664,82.1399993896484,82.7200012207031,2140773,56.1504592895508
"2017-06-30",82.879997253418,83.0500030517578,81.1999969482422,81.2799987792969,2137136,55.1729774475098
"2017-07-03",80.5100021362305,83.5199966430664,80.5,82.9800033569336,1938295,56.3269424438477
"2017-07-04",82.5500030517578,83.5299987792969,82.2799987792969,82.2799987792969,1223306,55.8517761230469
"2017-07-05",82.0500030517578,82.1800003051758,81.1900024414062,81.5299987792969,1671095,55.3426742553711
"2017-07-06",81.8000030517578,82.129997253418,80.5,81.4400024414062,2095259,55.2815856933594
"2017-07-07",81.4000015258789,81.5999984741211,80.8300018310547,81.379997253418,1114144,55.2408561706543
"2017-07-10",81.75,82.129997253418,81.1800003051758,81.620002746582,1053915,55.4037704467773
"2017-07-11",82.4000015258789,83.379997253418,82.1100006103516,83.0100021362305,2043589,56.3473091125488
"2017-07-12",83.25,84.7799987792969,83.25,84.1999969482422,2235579,57.1550750732422
"2017-07-13",83.5999984741211,84.879997253418,83.3499984741211,84.3600006103516,1958941,57.2636871337891
"2017-07-14",84.4899978637695,84.4899978637695,83.1100006103516,83.7399978637695,1428874,56.8428268432617
"2017-07-17",83.8600006103516,84.3000030517578,83.4199981689453,83.6500015258789,805646,56.7817344665527
"2017-07-18",83.4100036621094,83.5999984741211,82.6100006103516,83.2799987792969,1330665,56.5305824279785
"2017-07-19",83.5,83.7900009155273,82.870002746582,83.2799987792969,797684,56.5305824279785
"2017-07-20",83.5999984741211,84.3000030517578,82.7399978637695,83.370002746582,1506716,56.5916748046875
"2017-07-21",83.2699966430664,83.4400024414062,80.5800018310547,81.1900024414062,3878764,55.1118927001953
"2017-07-24",79.6999969482422,79.9199981689453,78.5500030517578,78.9400024414062,4103436,53.584587097168
"2017-07-25",79.0699996948242,79.5,78.2699966430664,79.4300003051758,2436359,53.9171943664551
"2017-07-26",79.5,80.1500015258789,78.7600021362305,79.1100006103516,1781466,53.6999855041504
"2017-07-27",78.9700012207031,78.9700012207031,78.0299987792969,78.5,1709825,53.2859115600586
"2017-07-28",78.0400009155273,78.0400009155273,77.0699996948242,77.8499984741211,2099315,52.8446846008301
"2017-07-31",77.5400009155273,77.9599990844727,77.129997253418,77.7099990844727,1772723,52.7496566772461
"2017-08-01",78.0100021362305,79.3300018310547,77.7699966430664,78.8899993896484,2305561,53.5506439208984
"2017-08-02",79.1999969482422,79.6600036621094,77.9400024414062,78.8600006103516,2276768,53.5302848815918
"2017-08-03",79.8000030517578,80.0800018310547,79.1100006103516,79.379997253418,1902469,53.8832550048828
"2017-08-04",79.4899978637695,82.4300003051758,79.2099990844727,81.3499984741211,3203533,55.2204971313477
"2017-08-07",81.5699996948242,81.9000015258789,80.4700012207031,81,1306582,54.9829177856445
"2017-08-08",80.8600006103516,81.3300018310547,80.1699981689453,80.7900009155273,1209891,54.8403625488281
"2017-08-09",80.1900024414062,80.4899978637695,79.5800018310547,80.0699996948242,1487577,54.3516273498535
"2017-08-10",80,80.1699981689453,79.2399978637695,80.0500030517578,1156328,54.3380508422852
"2017-08-11",79.6500015258789,80.3899993896484,79.3600006103516,79.9499969482422,1319596,54.2701759338379
"2017-08-14",80.4000015258789,80.8899993896484,80.1600036621094,80.1999969482422,882807,54.4398727416992
"2017-08-15",80.5999984741211,80.9300003051758,79.6999969482422,80,839394,54.3041114807129
"2017-08-16",80.5,80.6500015258789,80.0100021362305,80.1399993896484,776205,54.3991394042969
"2017-08-17",80.3000030517578,80.4599990844727,79.5599975585938,79.8099975585938,1156370,54.1751441955566
"2017-08-18",79.1399993896484,79.5400009155273,78.7600021362305,79.5400009155273,1549213,53.9918670654297
"2017-08-21",79.4499969482422,79.8300018310547,78.3499984741211,78.9700012207031,1061270,53.6049499511719
"2017-08-22",79.2900009155273,79.629997253418,79.0299987792969,79.379997253418,1017084,53.8832550048828
"2017-08-23",79.4400024414062,79.7799987792969,78.8899993896484,79.1100006103516,1018070,53.6999855041504
"2017-08-24",79.25,80.5,78.9000015258789,79.7900009155273,1690811,54.1615676879883
"2017-08-25",79.9700012207031,80.3000030517578,79.1999969482422,79.2900009155273,1068142,53.8221588134766
"2017-08-28",79.0500030517578,79.3499984741211,78.1399993896484,79.2099990844727,797455,53.7678604125977
"2017-08-29",78.5599975585938,78.7900009155273,77.6600036621094,78.3199996948242,1535284,53.1637229919434
"2017-08-30",78.7900009155273,78.9300003051758,78.2799987792969,78.370002746582,786615,53.1976699829102
"2017-08-31",78,78.5199966430664,77.4000015258789,78,1621049,52.9465103149414
"2017-09-01",78.1999969482422,79.0800018310547,77.8899993896484,79,2088905,53.6253089904785
"2017-09-04",78.2699966430664,79.6399993896484,78.2300033569336,79.129997253418,1110378,53.7135581970215
"2017-09-05",79.379997253418,81.0999984741211,79.25,80.5,2153782,54.6435127258301
"2017-09-06",80.1999969482422,82.7099990844727,80.0299987792969,81.7600021362305,2298700,55.4988059997559
"2017-09-07",82.3300018310547,83.4499969482422,82.3000030517578,82.6500015258789,2312434,56.1029396057129
"2017-09-08",82.2099990844727,82.9400024414062,82.0500030517578,82.5199966430664,1165651,56.0146865844727
"2017-09-11",82.9800033569336,83.129997253418,82.2300033569336,82.8499984741211,1293521,56.238697052002
"2017-09-12",83.2399978637695,83.9700012207031,82.8000030517578,83.5999984741211,1398344,56.7477912902832
"2017-09-13",83.4800033569336,84.3300018310547,83.4499969482422,84.0699996948242,1421090,57.066837310791
"2017-09-14",83.9000015258789,84.6399993896484,83.9000015258789,84.370002746582,1377921,57.2704811096191
"2017-09-15",84.1699981689453,84.8300018310547,83.6699981689453,84.8300018310547,3517610,57.5827217102051
"2017-09-18",85.1100006103516,85.25,84.620002746582,84.620002746582,1324330,57.4401779174805
"2017-09-19",84.4899978637695,84.9199981689453,83.9199981689453,84.7099990844727,1132274,57.5012664794922
"2017-09-20",84.5,84.9000015258789,84.120002746582,84.4599990844727,959690,57.3315582275391
"2017-09-21",84.7099990844727,85.5400009155273,84.6100006103516,85.1399993896484,1063793,57.7931442260742
"2017-09-22",85,85.7300033569336,84.7799987792969,85.0899963378906,894307,57.759204864502
"2017-09-25",84.9199981689453,85,84.4000015258789,84.7799987792969,966648,57.5487899780273
"2017-09-26",84.4800033569336,85.2300033569336,84.4800033569336,84.8899993896484,1047217,57.6234512329102
"2017-09-27",85.3600006103516,85.7699966430664,84.8399963378906,84.9700012207031,1071296,57.6777534484863
"2017-09-28",84.9800033569336,85.0299987792969,83.9100036621094,84.4199981689453,1632349,57.3044128417969
"2017-09-29",84.379997253418,85.8300018310547,83.8300018310547,85.8300018310547,1990981,58.2615242004395
"2017-10-02",86,86.6999969482422,85.75,86.1600036621094,1084280,58.4855346679688
"2017-10-03",86.1600036621094,86.1600036621094,86.1600036621094,86.1600036621094,0,58.4855346679688
"2017-10-04",86.5999984741211,88.6399993896484,86.25,88.4800033569336,2907246,60.0603523254395
"2017-10-05",88.6999969482422,89.2799987792969,88.5100021362305,88.7099990844727,1587369,60.2164688110352
"2017-10-06",88.5500030517578,89.3499984741211,88.5100021362305,89.0500030517578,1151989,60.4472579956055
"2017-10-09",89.3000030517578,89.3000030517578,88.5599975585938,88.870002746582,921016,60.3250923156738
"2017-10-10",88.9100036621094,88.9100036621094,88.0500030517578,88.4199981689453,1187029,60.0196189880371
"2017-10-11",88.629997253418,88.8199996948242,87.9199981689453,88.3899993896484,1027531,59.9992599487305
"2017-10-12",88.3899993896484,88.5,87.4899978637695,87.8199996948242,1104562,59.6123390197754
"2017-10-13",88.0400009155273,88.0400009155273,86.8199996948242,87.2699966430664,1438255,59.2389907836914
"2017-10-16",87.2699966430664,87.7200012207031,86.9899978637695,87.0800018310547,812165,59.1100234985352
"2017-10-17",87,87.8300018310547,86.2900009155273,87.4400024414062,1018233,59.3543968200684
"2017-10-18",88.1399993896484,88.629997253418,87.8000030517578,88.1999969482422,1169060,59.8702850341797
"2017-10-19",87.620002746582,87.9000015258789,86.0800018310547,87.4100036621094,2201954,59.3340339660645
"2017-10-20",87.6600036621094,87.8000030517578,86.2200012207031,86.3000030517578,2105118,58.5805702209473
"2017-10-23",86.2900009155273,86.6999969482422,85.6999969482422,86.0100021362305,1275308,58.3837089538574
"2017-10-24",85.7799987792969,86.629997253418,85.129997253418,86.4199981689453,1532471,58.6620216369629
"2017-10-25",86.4400024414062,86.4499969482422,84.9199981689453,85.4599990844727,1492674,58.010368347168
"2017-10-26",85.2600021362305,86.5899963378906,85.0999984741211,86.2799987792969,1343724,58.5669822692871
"2017-10-27",86.5899963378906,87.9000015258789,86.5,87.2200012207031,1955585,59.2050552368164
"2017-10-30",87.2699966430664,87.8099975585938,87.1600036621094,87.5,1066998,59.3951263427734
"2017-10-31",87.5,87.5,87.5,87.5,0,59.3951263427734
"2017-11-01",88.120002746582,89.9700012207031,88.0199966430664,89.3399963378906,2442706,60.6441116333008
"2017-11-02",89.1699981689453,90.4100036621094,89.0699996948242,89.870002746582,1694754,61.0038833618164
"2017-11-03",89.6999969482422,90.5,89.2099990844727,89.5699996948242,1261667,60.8002433776855
"2017-11-06",89.4000015258789,90.6800003051758,89.2099990844727,89.9700012207031,1518663,61.0717658996582
"2017-11-07",88.5999984741211,88.6999969482422,87.3000030517578,87.4199981689453,3155505,59.3408203125
"2017-11-08",87.4599990844727,88.1900024414062,87.0299987792969,87.2399978637695,1701211,59.2186279296875
"2017-11-09",87.370002746582,87.9599990844727,86.3499984741211,86.9300003051758,1791437,59.0082092285156
"2017-11-10",87.120002746582,87.3600006103516,85.8000030517578,86.3399963378906,1450662,58.6077156066895
"2017-11-13",86.4499969482422,86.7099990844727,85.2600021362305,86.1999969482422,1156350,58.5126762390137
"2017-11-14",86.5400009155273,86.6500015258789,85.8099975585938,86.120002746582,927821,58.4583740234375
"2017-11-15",85.7200012207031,85.8300018310547,84.4800033569336,85.3000030517578,1596394,57.9017601013184
"2017-11-16",85.9599990844727,86.0999984741211,85.2600021362305,85.3300018310547,1106880,57.9221305847168
"2017-11-17",85.5,85.5699996948242,84.5899963378906,84.9300003051758,1184540,57.6505966186523
"2017-11-20",84.4800033569336,85.9400024414062,84.4499969482422,85.1800003051758,1376355,57.8203048706055
"2017-11-21",85.1800003051758,87.7099990844727,84.9400024414062,86.7799987792969,2235339,58.9063835144043
"2017-11-22",86.9499969482422,87.879997253418,86.5800018310547,86.5800018310547,1378224,58.7706336975098
"2017-11-23",86.3000030517578,87.129997253418,86.0500030517578,86.3399963378906,1005293,58.6077156066895
"2017-11-24",86.4400024414062,87.1900024414062,86.1600036621094,86.379997253418,838832,58.6348686218262
"2017-11-27",85.8000030517578,86.2399978637695,85.3600006103516,85.6900024414062,1165467,58.1664924621582
"2017-11-28",84.9000015258789,85.2200012207031,84.5500030517578,84.9499969482422,1759448,57.664176940918
"2017-11-29",85.6500015258789,86.0699996948242,84.4000015258789,84.7300033569336,1724493,57.5148429870605
"2017-11-30",84.6699981689453,85.6399993896484,84.5699996948242,84.6800003051758,1574719,57.4809036254883
"2017-12-01",84.6600036621094,84.6900024414062,82.870002746582,83.5699996948242,2262673,56.7274360656738
"2017-12-04",84.6999969482422,85.9400024414062,84.2600021362305,85.3300018310547,1766084,57.9221305847168
"2017-12-05",85,85.8199996948242,85,85.4599990844727,1462861,58.010368347168
"2017-12-06",84.6900024414062,85.2200012207031,83.5400009155273,85.0599975585938,1934668,57.7388496398926
"2017-12-07",84.9000015258789,85.2900009155273,83.9599990844727,84.8499984741211,1234105,57.596305847168
"2017-12-08",84.5500030517578,85.9599990844727,84.5299987792969,85.4800033569336,1793352,58.0239448547363
"2017-12-11",85.5699996948242,85.7600021362305,85.2099990844727,85.4899978637695,887022,58.0307235717773
"2017-12-12",84.7099990844727,86,84.0599975585938,86,1317568,58.3769226074219
"2017-12-13",85.6699981689453,86.6999969482422,85.5699996948242,85.7099990844727,1235097,58.1800689697266
"2017-12-14",85.7099990844727,86.620002746582,85.3499984741211,86.1800003051758,1502163,58.4990997314453
"2017-12-15",85.870002746582,85.9700012207031,85.3199996948242,85.9499969482422,2584282,58.3429794311523
"2017-12-18",86.5199966430664,87.5599975585938,86.4100036621094,86.9599990844727,1675383,59.0285720825195
"2017-12-19",86.7099990844727,87.7799987792969,86.6600036621094,87.0999984741211,1083201,59.123607635498
"2017-12-20",87.2799987792969,87.5400009155273,86.5100021362305,86.9300003051758,1292879,59.0082092285156
"2017-12-21",86.9300003051758,88.0500030517578,86.8199996948242,87.8399963378906,1500394,59.6259231567383
"2017-12-22",87.7099990844727,87.7099990844727,86.9899978637695,87.5199966430664,954800,59.4086952209473
"2017-12-27",87.8600006103516,88.2200012207031,87.25,87.2600021362305,593335,59.2322158813477
"2017-12-28",87.4000015258789,87.4000015258789,86.9000015258789,87.1399993896484,750441,59.1507606506348
"2017-12-29",87.4100036621094,87.4100036621094,86.75,86.8300018310547,726308,58.9403343200684
"2018-01-02",86.7699966430664,86.8199996948242,83.879997253418,86.4000015258789,2673332,58.6484375
"2018-01-03",87,87.3600006103516,86.4599990844727,86.8600006103516,1396762,58.960693359375
"2018-01-04",87.8000030517578,88.3399963378906,87.379997253418,87.4800033569336,1872794,59.3815498352051
"2018-01-05",87,88.7399978637695,87,88.5,1911027,60.0739212036133
"2018-01-08",89.1500015258789,90.3099975585938,89.1100006103516,89.6699981689453,2298840,60.8681259155273
"2018-01-09",89.8099975585938,90.6699981689453,89.6600036621094,90.1999969482422,1582875,61.2278861999512
"2018-01-10",89.9000015258789,90.1699981689453,88.8099975585938,89.4000015258789,1775183,60.6848449707031
"2018-01-11",89.4000015258789,89.620002746582,87.9400024414062,88.6900024414062,1874650,60.2028961181641
"2018-01-12",89.0899963378906,89.9700012207031,89.0199966430664,89.8099975585938,1688266,60.9631500244141
"2018-01-15",89.9800033569336,90.0400009155273,88.9499969482422,89.7900009155273,1147113,60.9495697021484
"2018-01-16",89.9899978637695,93.0500030517578,89.6999969482422,92.6399993896484,3615171,62.8841552734375
"2018-01-17",92.4000015258789,93.5800018310547,91.8099975585938,92.3499984741211,2000833,62.687313079834
"2018-01-18",92.7200012207031,93.7699966430664,92.2900009155273,93.0699996948242,1825822,63.1760406494141
"2018-01-19",93.5,94.8099975585938,93.4100036621094,94.6800003051758,2699990,64.2689208984375
"2018-01-22",94.7399978637695,96.4300003051758,94.5800018310547,96.2600021362305,2371524,65.341423034668
"2018-01-23",97.0500030517578,97.5,94.9199981689453,95.2799987792969,2066384,64.6761932373047
"2018-01-24",95.75,96.379997253418,94.3499984741211,94.3499984741211,1749576,64.0449066162109
"2018-01-25",93.879997253418,94.5599975585938,92.2699966430664,93.25,2704983,63.2982406616211
"2018-01-26",92.4100036621094,93.8899993896484,92.4100036621094,93.8300018310547,1476005,63.6919364929199
"2018-01-29",94,94.3199996948242,93.2799987792969,93.5400009155273,1165711,63.4950866699219
"2018-01-30",92.9300003051758,93.1600036621094,91.8899993896484,92.6399993896484,2046851,62.8841552734375
"2018-01-31",92.7399978637695,93.5899963378906,91.620002746582,91.9700012207031,1810660,62.4293670654297
"2018-02-01",92.1399993896484,93.4499969482422,90.9800033569336,91.5,2097496,62.1103363037109
"2018-02-02",91.370002746582,91.6100006103516,89.3899993896484,90.1800003051758,2584355,61.2143058776855
"2018-02-05",89.1500015258789,90.4899978637695,88.6500015258789,89.3399963378906,1778846,60.6441116333008
"2018-02-06",85.5400009155273,89.0800018310547,85.0800018310547,88.129997253418,3284077,59.8227653503418
"2018-02-07",88.9899978637695,89.8099975585938,87.9499969482422,89.0999984741211,2193123,60.481201171875
"2018-02-08",88.6999969482422,89.3099975585938,86.8399963378906,87.5299987792969,2281946,59.4154891967773
"2018-02-09",87.1900024414062,88.0899963378906,85.9499969482422,86.6399993896484,2301451,58.8113555908203
"2018-02-12",87.7900009155273,88.4700012207031,86.9000015258789,87.3099975585938,1938620,59.2661552429199
"2018-02-13",87.1999969482422,87.3099975585938,86.4100036621094,86.7200012207031,1202146,58.8656616210938
"2018-02-14",87.370002746582,88.5,85.379997253418,88,2251322,59.7345161437988
"2018-02-15",88.7399978637695,88.8600006103516,86.7699966430664,87.4300003051758,2052578,59.3476104736328
"2018-02-16",87.8300018310547,88.5899963378906,87.5,88.120002746582,2078106,59.8159828186035
"2018-02-19",88.3300018310547,88.4599990844727,87,87.2799987792969,1057637,59.2457847595215
"2018-02-20",87.4199981689453,87.4899978637695,86.0899963378906,86.8000030517578,1735358,58.9199638366699
"2018-02-21",86.8199996948242,86.870002746582,86.0599975585938,86.7699966430664,1227161,58.8995971679688
"2018-02-22",86,87.5299987792969,85.6800003051758,87.2200012207031,1445097,59.2050552368164
"2018-02-23",87.4599990844727,88.3399963378906,85.7699966430664,87.0500030517578,3170037,59.0896644592285
"2018-02-26",87.8199996948242,88.1999969482422,87.5100021362305,87.75,1760487,59.564826965332
"2018-02-27",87.9800033569336,88.2699966430664,86.7900009155273,87.6999969482422,1763051,59.5308837890625
"2018-02-28",87.25,87.8899993896484,86.4000015258789,86.8199996948242,2164993,58.9335479736328
"2018-03-01",86.4000015258789,86.8399963378906,84.6100006103516,85.3000030517578,2413557,57.9017601013184
"2018-03-02",84.4199981689453,84.7399978637695,83.2300033569336,83.9700012207031,2576804,56.9989547729492
"2018-03-05",82.5500030517578,83.4899978637695,81.8199996948242,83.4899978637695,3411179,56.6731338500977
"2018-03-06",84.4199981689453,85,83.870002746582,84.1600036621094,1786313,57.1279296875
"2018-03-07",83.7099990844727,85.5699996948242,83.0100021362305,84.8600006103516,1932840,57.603084564209
"2018-03-08",84.5899963378906,85.9400024414062,83.7399978637695,84.9700012207031,3022154,57.6777534484863
"2018-03-09",84.9700012207031,85.6100006103516,84.120002746582,85.129997253418,1563445,57.7863655090332
"2018-03-12",85.75,85.9899978637695,85.2600021362305,85.7099990844727,1086510,58.1800689697266
"2018-03-13",85.6100006103516,86.1999969482422,83.8600006103516,84.629997253418,2099901,57.4469604492188
"2018-03-14",84.3300018310547,85.2099990844727,83.9199981689453,84.1699981689453,1410863,57.1347122192383
"2018-03-15",83.5,85.3499984741211,83.5,85.120002746582,2007692,57.7795791625977
"2018-03-16",85.1999969482422,86.1900024414062,85.1999969482422,85.8600006103516,3314005,58.2818908691406
"2018-03-19",85.4599990844727,85.8300018310547,84.4300003051758,85.1699981689453,1543511,57.8135147094727
"2018-03-20",85.370002746582,86.4100036621094,84.8099975585938,85.9899978637695,2014625,58.3701286315918
"2018-03-21",85.9000015258789,87.0699996948242,85.2399978637695,86.0999984741211,1701219,58.4448013305664
"2018-03-22",86.1600036621094,86.6399993896484,84.4000015258789,85.3300018310547,2086260,57.9221305847168
"2018-03-23",84.5,84.7200012207031,83.1699981689453,84.1800003051758,2379728,57.1414985656738
"2018-03-26",84.9499969482422,86.2399978637695,84.4199981689453,85.2099990844727,2072813,57.8406562805176
"2018-03-27",86.9800033569336,87.4899978637695,85.370002746582,85.8099975585938,2598782,58.2479515075684
"2018-03-28",84.5,85.5599975585938,83.879997253418,85.5599975585938,2177629,58.0782432556152
"2018-03-29",85.9499969482422,88.9199981689453,85.7300033569336,88.1500015258789,3863673,59.836353302002
"2018-04-03",87.9499969482422,89.2200012207031,87.3499984741211,88.6800003051758,1964750,60.196102142334
"2018-04-04",88.8899993896484,88.8899993896484,86.620002746582,87.4100036621094,2433409,59.3340339660645
"2018-04-05",88.7200012207031,89.0599975585938,87.7300033569336,88.6999969482422,2300732,60.2096748352051
"2018-04-06",88.5,89.4000015258789,88.2099990844727,88.9700012207031,1519153,60.3929672241211
"2018-04-09",89.5,89.5400009155273,87.7399978637695,88.3399963378906,1285442,59.9653167724609
"2018-04-10",90,90.9899978637695,89.7699966430664,89.9899978637695,2546726,61.0853385925293
"2018-04-11",89.8499984741211,90.0599975585938,88.9599990844727,89.870002746582,1606470,61.0038833618164
"2018-04-12",89.8199996948242,90.2699966430664,89.6699981689453,89.9300003051758,1663299,61.0446090698242
"2018-04-13",90.4300003051758,91.4499969482422,90.1399993896484,91.3300018310547,2563552,61.994930267334
"2018-04-16",91.4800033569336,91.5899963378906,90.4499969482422,90.6600036621094,1378065,61.5401420593262
"2018-04-17",90.6500015258789,91.5400009155273,90.3300018310547,91.2200012207031,1696324,61.9202651977539
"2018-04-18",91.4100036621094,91.5,90.2099990844727,90.8000030517578,1762344,61.6351699829102
"2018-04-19",91,91.1800003051758,90.4899978637695,90.879997253418,1054586,61.6894683837891
"2018-04-20",90.6999969482422,91.1900024414062,90.3399963378906,91.0199966430664,2062292,61.7845077514648
"2018-04-23",90.9499969482422,91.2799987792969,90.4199981689453,91.1999969482422,893740,61.9066886901855
"2018-04-24",90.620002746582,91.129997253418,90.1800003051758,91.129997253418,1198737,61.8591651916504
"2018-04-25",90.3099975585938,90.7399978637695,88.4800033569336,89.2699966430664,2601689,60.5966033935547
"2018-04-26",89.4499969482422,90.4300003051758,89.2600021362305,90.3899993896484,1826617,61.3568649291992
"2018-04-27",90.7600021362305,91.7600021362305,90.5299987792969,91.5,1478294,62.1103363037109
"2018-04-30",91.370002746582,92.4700012207031,91.2600021362305,92.4700012207031,1469495,62.7687644958496
"2018-05-02",92.5,93.870002746582,92.2799987792969,93.0899963378906,1827946,63.1896171569824
"2018-05-03",93.1800003051758,93.2399978637695,92.0800018310547,92.1600036621094,1633660,62.5583419799805
"2018-05-04",91.9000015258789,92.1600036621094,90.1900024414062,91.5599975585938,2154701,62.1510543823242
"2018-05-07",90.9899978637695,91.9000015258789,90.370002746582,91.5599975585938,1358397,62.1510543823242
"2018-05-08",91.9499969482422,92,91.5299987792969,91.9400024414062,1442881,62.4090003967285
"2018-05-09",91.6900024414062,92.5699996948242,91.5199966430664,91.9599990844727,1464674,62.4225769042969
"2018-05-10",92.1999969482422,92.4700012207031,91.5,92.3600006103516,1122857,62.6940994262695
"2018-05-11",92.2200012207031,92.4800033569336,91.8499984741211,92.1800003051758,1415910,62.5719223022461
"2018-05-14",92.2600021362305,92.3499984741211,91.3899993896484,91.8300018310547,1302747,62.3343353271484
"2018-05-15",91.6800003051758,92.2399978637695,91.2600021362305,92.1699981689453,1402280,62.5651245117188
"2018-05-16",92.4199981689453,92.5599975585938,91.9400024414062,92.1600036621094,1302623,62.5583419799805
"2018-05-17",92.3600006103516,93.6500015258789,92.1399993896484,93.3000030517578,3055220,63.3321800231934
"2018-05-18",89.3399963378906,89.5699996948242,88.379997253418,88.5699996948242,3033082,62.8144493103027
"2018-05-21",88.5699996948242,88.5699996948242,88.5699996948242,88.5699996948242,0,62.8144493103027
"2018-05-22",89.6999969482422,91.2300033569336,89.2799987792969,90.8300018310547,2975893,64.4172515869141
"2018-05-23",90.25,90.8000030517578,88.4700012207031,89,2098718,63.1194076538086
"2018-05-24",87.4000015258789,87.5500030517578,85.8499984741211,87.5,3685426,62.0555992126465
"2018-05-25",87.9300003051758,88.2900009155273,86.5699996948242,87.4499969482422,1593244,62.0201377868652
"2018-05-28",87.8099975585938,88.25,86.6999969482422,87.2200012207031,889027,61.8570175170898
"2018-05-29",86.6999969482422,86.6999969482422,85.2099990844727,86.0800018310547,2349165,61.0485305786133
"2018-05-30",85.9499969482422,86.2099990844727,85.2699966430664,86.1999969482422,1281623,61.1336212158203
"2018-05-31",85.620002746582,86.3199996948242,84.9000015258789,85.379997253418,2864005,60.5520782470703
"2018-06-01",85.8099975585938,86.6800003051758,85.7399978637695,85.879997253418,1640058,60.906681060791
"2018-06-04",86.5,86.7900009155273,86.1600036621094,86.1999969482422,1029151,61.1336212158203
"2018-06-05",86.0299987792969,87.5299987792969,86.0299987792969,86.5899963378906,1553102,61.4102172851562
"2018-06-06",86.8099975585938,87.1999969482422,86.1100006103516,87,1237137,61.7009963989258
"2018-06-07",87,87.9199981689453,86.3399963378906,86.629997253418,1315099,61.4385871887207
"2018-06-08",85.9400024414062,85.9599990844727,84.9400024414062,85.6399993896484,1715634,60.7364730834961
"2018-06-11",85.9000015258789,86.1999969482422,84.3899993896484,85.379997253418,1430816,60.5520782470703
"2018-06-12",86.0699996948242,86.1900024414062,84.9199981689453,85.3000030517578,1393346,60.4953422546387
"2018-06-13",85.2600021362305,85.3499984741211,84.4599990844727,84.6800003051758,1569056,60.0556335449219
"2018-06-14",84.0999984741211,86.6500015258789,84.0199966430664,86.2699966430664,2261081,61.1832695007324
"2018-06-15",86.5100021362305,87.1800003051758,85.3899993896484,85.7399978637695,3446088,60.8073959350586
"2018-06-18",85.3300018310547,85.5800018310547,84.1900024414062,84.75,1388980,60.105281829834
"2018-06-19",83.5800018310547,84.370002746582,83.2300033569336,84.0599975585938,1808000,59.6159248352051
"2018-06-20",84.3099975585938,84.4400024414062,83.3899993896484,83.6800003051758,1629537,59.3464279174805
"2018-06-21",81.75,82.1999969482422,80.7300033569336,81.2200012207031,4431697,57.6017875671387
"2018-06-22",80.9899978637695,80.9899978637695,79.1800003051758,80.3099975585938,2758764,56.9563980102539
"2018-06-25",79.7200012207031,79.7200012207031,78.6500015258789,78.8499984741211,2286834,55.9209594726562
"2018-06-26",79,79.1500015258789,77.2900009155273,78.4499969482422,2250569,55.6372756958008
"2018-06-27",78.0100021362305,79.7600021362305,77.0800018310547,78.6100006103516,2643327,55.7507476806641
"2018-06-28",78.370002746582,78.9700012207031,77.0299987792969,77.5599975585938,2180236,55.0060768127441
"2018-06-29",78.6900024414062,79.0699996948242,77.5599975585938,77.629997253418,1684309,55.0557250976562
"2018-07-02",77.0999984741211,78.5100021362305,76.5,77.7300033569336,1723023,55.1266441345215
"2018-07-03",78.2200012207031,78.7900009155273,77.620002746582,77.6999969482422,1626197,55.1053733825684
"2018-07-04",77.9499969482422,78.2399978637695,77.5500030517578,77.7699966430664,1055663,55.1550140380859
"2018-07-05",79.1900024414062,82.3300018310547,79.129997253418,80.6600036621094,4320581,57.2046203613281
"2018-07-06",81.6699981689453,81.9100036621094,79.6100006103516,80.1999969482422,2203861,56.8783874511719
"2018-07-09",80.629997253418,80.629997253418,79.4899978637695,80.2099990844727,972165,56.8854827880859
"2018-07-10",80.5400009155273,80.5400009155273,79.7600021362305,80.0100021362305,1154715,56.7436370849609
"2018-07-11",79.25,79.5999984741211,78.2399978637695,78.870002746582,1715985,55.9351463317871
"2018-07-12",80.5999984741211,80.7300033569336,79.0999984741211,79.370002746582,1557826,56.289737701416
"2018-07-13",79.9000015258789,80.0599975585938,79.3099975585938,79.620002746582,1053721,56.4670448303223
"2018-07-16",79.5500030517578,79.9800033569336,78.7699966430664,79.2900009155273,963914,56.2330055236816
"2018-07-17",79.4000015258789,80.3300018310547,79.2099990844727,80.0100021362305,1171800,56.7436370849609
"2018-07-18",80.8000030517578,81.3499984741211,80.5800018310547,80.8000030517578,1596098,57.3039093017578
"2018-07-19",80.8099975585938,81.2200012207031,80.1999969482422,80.75,1134812,57.2684516906738
"2018-07-20",80.5100021362305,80.5800018310547,78.1699981689453,79.2799987792969,2831606,56.2259101867676
"2018-07-23",79,79.9800033569336,78.5,79.9300003051758,1362825,56.6869125366211
"2018-07-24",80.3499984741211,82.1999969482422,80.25,81.5299987792969,2108128,57.8216285705566
"2018-07-25",81.6500015258789,81.6699981689453,79.379997253418,79.8600006103516,2520774,56.6372604370117
"2018-07-26",83.7300033569336,84.2099990844727,81.2200012207031,83.3899993896484,3902616,59.140754699707
"2018-07-27",83.5100021362305,84.4800033569336,82.4499969482422,82.9100036621094,1942834,58.8003349304199
"2018-07-30",82.3199996948242,83.120002746582,82.1900024414062,82.9700012207031,1008836,58.8428916931152
"2018-07-31",82.3499984741211,83.3899993896484,81.9700012207031,82.6900024414062,2149877,58.6443138122559
"2018-08-01",83.7399978637695,83.7399978637695,80.879997253418,81.5,2560371,57.8003616333008
"2018-08-02",80.5,81.6600036621094,79.2200012207031,81.1800003051758,2774645,57.5734100341797
"2018-08-03",81.5500030517578,83.0199966430664,81.3399963378906,82.3399963378906,1932126,58.3960914611816
"2018-08-06",82.9800033569336,84.379997253418,82.7600021362305,83.5100021362305,1685798,59.2258682250977
"2018-08-07",83.8300018310547,84.7900009155273,83.8199996948242,84.0500030517578,1439706,59.6088371276855
"2018-08-08",83.6999969482422,84.6800003051758,83.379997253418,84.4800033569336,1431088,59.9137916564941
"2018-08-09",84.1900024414062,85.4199981689453,84.0800018310547,84.8099975585938,1393277,60.1478233337402
"2018-08-10",85,85,82.9000015258789,83.5800018310547,2074116,59.2755088806152
"2018-08-13",83.8000030517578,84.0199966430664,83.2799987792969,83.2900009155273,1204817,59.0698356628418
"2018-08-14",83.5100021362305,83.75,81.9199981689453,82.4499969482422,1377277,58.4741020202637
"2018-08-15",82.7600021362305,83.1500015258789,80.7900009155273,81.3099975585938,1855102,57.6656074523926
"2018-08-16",81.9000015258789,82.1500015258789,81.3000030517578,81.8000030517578,1272228,58.0131187438965
"2018-08-17",81.6399993896484,81.7799987792969,80.4599990844727,81.4100036621094,1415425,57.7365264892578
"2018-08-20",81.7099990844727,82.4499969482422,81.3300018310547,81.75,1128134,57.9776649475098
"2018-08-21",82.0400009155273,83.1500015258789,81.5599975585938,82.9300003051758,1871873,58.8145217895508
"2018-08-22",82.7799987792969,83.6600036621094,81.1800003051758,82.2900009155273,2081932,58.3606338500977
"2018-08-23",82.0699996948242,82.2200012207031,80.9199981689453,81.0800018310547,1647901,57.5024909973145
"2018-08-24",81.0899963378906,81.5800018310547,80.7600021362305,81.2900009155273,1009129,57.6514282226562
"2018-08-27",82.0999984741211,83.3300018310547,82,83.1900024414062,1772323,58.9989166259766
"2018-08-28",83.6399993896484,85.2200012207031,83.5199966430664,84.3899993896484,1976748,59.8499565124512
"2018-08-29",84.7200012207031,84.7900009155273,83.5199966430664,84.2300033569336,1050776,59.7364959716797
"2018-08-30",84.1800003051758,85.75,83.1699981689453,84.5999984741211,1848549,59.9988975524902
"2018-08-31",83.6600036621094,83.9800033569336,83.2099990844727,83.4100036621094,1853265,59.1549453735352
"2018-09-03",82.9499969482422,83,82.1500015258789,82.7900009155273,1146980,58.7152404785156
"2018-09-04",83.0500030517578,83.0500030517578,81.4400024414062,81.879997253418,1574985,58.0698471069336
"2018-09-05",81.6999969482422,82.1100006103516,81.0299987792969,81.25,1615229,57.6230545043945
"2018-09-06",81.0999984741211,81.8399963378906,80.4300003051758,80.7300033569336,1737455,57.2542686462402
"2018-09-07",80.7399978637695,81.1900024414062,80.4599990844727,81.0699996948242,1155513,57.4953918457031
"2018-09-10",81,81.5,80.5299987792969,81.0999984741211,1015191,57.5166702270508
"2018-09-11",81.379997253418,81.379997253418,80.1800003051758,80.7600021362305,1081649,57.2755393981934
"2018-09-12",80.9000015258789,81.4499969482422,80.370002746582,81.3199996948242,1346307,57.6726989746094
"2018-09-13",81.3499984741211,83.3499984741211,81.3499984741211,82.4700012207031,1880341,58.4882926940918
"2018-09-14",83,83.25,82.4199981689453,82.9300003051758,1395628,58.8145217895508
"2018-09-17",82.2900009155273,83.0500030517578,81.5199966430664,82.5400009155273,1555965,58.5379295349121
"2018-09-18",82.870002746582,83.8099975585938,82.2600021362305,82.6699981689453,1957614,58.6301231384277
"2018-09-19",82.6699981689453,83.8199996948242,82.5599975585938,83.5400009155273,1555040,59.2471466064453
"2018-09-20",83.1699981689453,85.4800033569336,83.1699981689453,85.3199996948242,2570524,60.5095367431641
"2018-09-21",86.129997253418,86.7399978637695,85.2600021362305,85.7699966430664,4350959,60.828670501709
"2018-09-24",85.3399963378906,85.4000015258789,83.4000015258789,83.5,2303604,59.2187728881836
"2018-09-25",83.4000015258789,83.7300033569336,78.5100021362305,79,6446086,56.0273361206055
"2018-09-26",78.2200012207031,79.0299987792969,76.6699981689453,79.0299987792969,3453388,56.0486106872559
"2018-09-27",78.4000015258789,79.1600036621094,77.9899978637695,79,2021708,56.0273361206055
"2018-09-28",78.4199981689453,78.5100021362305,77.3199996948242,77.7099990844727,2785236,55.1124610900879
"2018-10-01",77.9400024414062,78.6999969482422,77.4000015258789,78.1399993896484,1561578,55.417423248291
"2018-10-02",77.9499969482422,79.4400024414062,77.6500015258789,78.6999969482422,1894977,55.8145751953125
"2018-10-04",78.2399978637695,78.9899978637695,77.6399993896484,78.2600021362305,1908798,55.5025253295898
"2018-10-05",78,78.1399993896484,77.2399978637695,77.6800003051758,1568319,55.0911903381348
"2018-10-08",77.3000030517578,77.5599975585938,76.7200012207031,76.870002746582,1257138,54.5167274475098
"2018-10-09",76.7900009155273,76.8099975585938,75.6600036621094,76.3899993896484,1639757,54.1763076782227
"2018-10-10",76.5800018310547,76.5899963378906,75.120002746582,75.3499984741211,2244337,53.4387321472168
"2018-10-11",74.0299987792969,75.2099990844727,73.4499969482422,74.3000030517578,3193410,52.6940689086914
"2018-10-12",75,75.5199966430664,74.3000030517578,74.4899978637695,1759983,52.8288192749023
"2018-10-15",74.8499984741211,75.8600006103516,73.8000030517578,75.2099990844727,1571837,53.3394470214844
"2018-10-16",75.2900009155273,75.9800033569336,74.6699981689453,75.75,1699003,53.7224159240723
"2018-10-17",76.0800018310547,76.3600006103516,74.6500015258789,75.2399978637695,1385461,53.360725402832
"2018-10-18",75.4000015258789,76.4000015258789,75.0599975585938,75.129997253418,1212501,53.2827033996582
"2018-10-19",74.879997253418,75.1999969482422,73.0800018310547,74.6399993896484,3589651,52.9351959228516
"2018-10-22",75.2699966430664,76.0199966430664,74.0699996948242,74.4400024414062,1566574,52.7933578491211
"2018-10-23",73.6100006103516,74.5299987792969,72.8499984741211,73.5,2575794,52.1266975402832
"2018-10-24",73.7600021362305,74.0899963378906,72.4100036621094,72.6900024414062,2310612,51.5522499084473
"2018-10-25",72.1500015258789,74.9700012207031,71.7900009155273,74.5,2813362,52.8359107971191
"2018-10-26",73.8000030517578,75.0199966430664,73.4499969482422,75.0199966430664,2465917,53.2046928405762
"2018-10-29",75.4800033569336,79.379997253418,75.3300018310547,76.4000015258789,3653380,54.1833992004395
"2018-10-30",77,77.2600021362305,75.6600036621094,76.3399963378906,1932217,54.1408462524414
"2018-10-31",77.2600021362305,77.5999984741211,76.2099990844727,76.2300033569336,2200260,54.0628433227539
"2018-11-01",76.5199966430664,77.6600036621094,76,76.7900009155273,1659432,54.4599914550781
"2018-11-02",78.0500030517578,79.120002746582,77.6699981689453,77.7399978637695,2425412,55.1337356567383
"2018-11-05",77.5999984741211,78.120002746582,77.2300033569336,77.2300033569336,1325843,54.7720489501953
"2018-11-06",77.2300033569336,77.4000015258789,76.4199981689453,76.9199981689453,1357676,54.552188873291
"2018-11-07",74.6100006103516,76.1500015258789,73.5999984741211,74.2600021362305,3911224,52.665699005127
"2018-11-08",74.3099975585938,74.5999984741211,72.870002746582,73.8600006103516,2407914,52.3820152282715
"2018-11-09",73.3300018310547,74.0500030517578,72.3199996948242,73.3600006103516,2200595,52.027416229248
"2018-11-12",73.8099975585938,73.9599990844727,72.2699966430664,72.5299987792969,1566238,51.4387664794922
"2018-11-13",72.3199996948242,74.0599975585938,72.1999969482422,73.9000015258789,2107935,52.4103851318359
"2018-11-14",74.5800018310547,76.370002746582,74.1999969482422,74.6600036621094,2677272,52.9493865966797
"2018-11-15",74.0599975585938,74.3899993896484,73,74.1999969482422,2644968,52.6231498718262
"2018-11-16",74.5599975585938,75.120002746582,73.0699996948242,73.7399978637695,1941853,52.2969093322754
"2018-11-19",74.0199966430664,74.8300018310547,73.9800033569336,74.1800003051758,1711054,52.6089630126953
"2018-11-20",74.0699996948242,74.3000030517578,73.0800018310547,73.6900024414062,1624218,52.2614517211914
"2018-11-21",74.0500030517578,74.620002746582,73.4100036621094,74.3199996948242,2035275,52.708251953125
"2018-11-22",74.0899963378906,74.1399993896484,73.120002746582,73.620002746582,1040962,52.2118110656738
"2018-11-23",73.4899978637695,74,73.0699996948242,73.4899978637695,952777,52.1196098327637
"2018-11-26",73.8300018310547,75.5199966430664,73.75,74.870002746582,1548836,53.0983276367188
"2018-11-27",75.1800003051758,75.2399978637695,73.2099990844727,73.870002746582,1941777,52.3891067504883
"2018-11-28",74.1999969482422,74.5400009155273,73.3099975585938,73.7399978637695,1380720,52.2969093322754
"2018-11-29",73.9400024414062,74.129997253418,72.3199996948242,72.8499984741211,1974610,51.665714263916
"2018-11-30",72.8399963378906,73.0800018310547,71.3600006103516,72.2099990844727,2245761,51.2118225097656
"2018-12-03",76.6999969482422,77.5599975585938,75.0100021362305,75.6600036621094,4691686,53.6585922241211
"2018-12-04",75.0100021362305,75.4899978637695,73.6500015258789,74.4300003051758,2090935,52.786262512207
"2018-12-05",73.8399963378906,75.0899963378906,73.5199966430664,74.1600036621094,1451914,52.594783782959
"2018-12-06",73.4000015258789,73.8399963378906,71.620002746582,72.0699996948242,2981527,51.1125373840332
"2018-12-07",72.0699996948242,72.6500015258789,71.1399993896484,71.7099990844727,1885183,50.8572196960449
"2018-12-10",71,71.2900009155273,69.6399993896484,70.0999984741211,2409172,49.7153968811035
"2018-12-11",70.0999984741211,72.8000030517578,70.0599975585938,71.379997253418,2764437,50.6231803894043
"2018-12-12",71.9599990844727,73.2099990844727,71.4400024414062,72.7699966430664,2218925,51.6089744567871
"2018-12-13",73.2399978637695,74.8300018310547,73.2300033569336,74.1800003051758,2262635,52.6089630126953
"2018-12-14",73,74.75,72.370002746582,74.2699966430664,2051889,52.6727828979492
"2018-12-17",74.3000030517578,74.9499969482422,73.2399978637695,74,1394876,52.4813079833984
"2018-12-18",73.5999984741211,75.0699996948242,73.1399993896484,73.4700012207031,1950796,52.1054267883301
"2018-12-19",73.7399978637695,74.3000030517578,73.4100036621094,73.4499969482422,1582367,52.0912437438965
"2018-12-20",72.7399978637695,72.9000015258789,71.6500015258789,71.8399963378906,2950979,50.9494171142578
"2018-12-21",71.4199981689453,72.0400009155273,70.2300033569336,71.9300003051758,4978117,51.0132484436035
"2018-12-27",71.7799987792969,72.1600036621094,69.120002746582,69.8600006103516,1828170,49.5451889038086
"2018-12-28",70.3499984741211,70.7600021362305,70.2099990844727,70.6999969482422,1031948,50.1409225463867
"2019-01-02",70.629997253418,70.6600036621094,68.7900009155273,69.7399978637695,1429230,49.4600868225098
"2019-01-03",69.2200012207031,69.8099975585938,69.0199966430664,69.0500030517578,1426463,48.9707298278809
"2019-01-04",69.8000030517578,71.7699966430664,69.6399993896484,71.7099990844727,1857639,50.8572196960449
"2019-01-07",71.75,72.3199996948242,71.2699966430664,72.120002746582,1238553,51.1479949951172
"2019-01-08",71.8499984741211,73.6800003051758,71.2799987792969,72.2099990844727,1865750,51.2118225097656
"2019-01-09",73.0800018310547,73.7799987792969,72.3199996948242,72.9499969482422,1921526,51.7366409301758
"2019-01-10",72.4000015258789,72.8899993896484,71.870002746582,72.5299987792969,1569810,51.4387664794922
"2019-01-11",72.4000015258789,72.8399963378906,70.629997253418,71.8300018310547,2009338,50.942325592041
"2019-01-14",71.0299987792969,72.3000030517578,71.0299987792969,71.5899963378906,1360714,50.7721138000488
"2019-01-15",72.0999984741211,73.2300033569336,71.129997253418,71.620002746582,1446376,50.7933921813965
"2019-01-16",71.6500015258789,71.8099975585938,71.0500030517578,71.5299987792969,1296314,50.729564666748
"2019-01-17",70.8899993896484,71.4300003051758,70.1900024414062,71.2600021362305,1319472,50.5380821228027
"2019-01-18",71.8600006103516,73.620002746582,71.75,73.3399963378906,2590438,52.0132255554199
"2019-01-21",73.5,73.5899963378906,72.7099990844727,73.0299987792969,739929,51.7933731079102
"2019-01-22",72.4800033569336,72.9499969482422,72.3000030517578,72.7300033569336,1068277,51.5806159973145
"2019-01-23",72,72.5899963378906,71.620002746582,72.2300033569336,1380855,51.2260093688965
"2019-01-24",72.1500015258789,73.120002746582,71.9000015258789,73.120002746582,1419799,51.8572006225586
"2019-01-25",73.5,74.75,73.5,74.3499984741211,2173838,52.7295303344727
"2019-01-28",74.3099975585938,74.4700012207031,73.5699996948242,73.9800033569336,1335145,52.4671249389648
"2019-01-29",73.5500030517578,74.4499969482422,73.0100021362305,73.8499984741211,1115739,52.3749198913574
"2019-01-30",73.9000015258789,74.1399993896484,73.0899963378906,73.3300018310547,1187607,52.0061378479004
"2019-01-31",74.2099990844727,74.620002746582,72.3600006103516,73.4599990844727,1648320,52.0983352661133
"2019-02-01",73.75,74.4700012207031,73.2799987792969,74.1399993896484,1529328,52.5805969238281
"2019-02-04",73.9899978637695,74.25,72.8600006103516,73.2399978637695,1527571,51.9423027038574
"2019-02-05",73.6100006103516,73.7300033569336,73,73.6100006103516,1579217,52.2047119140625
"2019-02-06",73.3899993896484,73.7900009155273,72.8899993896484,73.6500015258789,1290915,52.2330856323242
"2019-02-07",73.1999969482422,73.4199981689453,71.2200012207031,71.2200012207031,2602996,50.5097122192383
"2019-02-08",70.6900024414062,70.879997253418,69.0100021362305,69.5299987792969,2549287,49.311149597168
"2019-02-11",69.6100006103516,69.9899978637695,68.5699996948242,69.4100036621094,1964372,49.2260513305664
"2019-02-12",69.9499969482422,70.3600006103516,69.1699981689453,69.9100036621094,1725806,49.5806503295898
"2019-02-13",70.5,70.620002746582,69.6800003051758,70.3899993896484,1785637,49.921070098877
"2019-02-14",71,71.1100006103516,69.3399963378906,69.3499984741211,1847105,49.1834945678711
"2019-02-15",69.0999984741211,71.1600036621094,68.1100006103516,70.7699966430664,2744797,50.1905708312988
"2019-02-18",70.1999969482422,71.0199966430664,69.9599990844727,70.5899963378906,1095834,50.0629043579102
"2019-02-19",70.2399978637695,71.1999969482422,70.0899963378906,71.0400009155273,1136405,50.3820533752441
"2019-02-20",71.1100006103516,73.25,71.1100006103516,72.5100021362305,2063029,51.4245872497559
"2019-02-21",72.5500030517578,73.4000015258789,72.4700012207031,73.120002746582,1637768,51.8572006225586
"2019-02-22",72.9700012207031,73.75,72.8099975585938,73.129997253418,1312550,51.8642921447754
"2019-02-25",73.7900009155273,74.4400024414062,73.4000015258789,73.6999969482422,1786026,52.2685470581055
"2019-02-26",73.2399978637695,74.2399978637695,72.9100036621094,74,1437733,52.4813079833984
"2019-02-27",73.6900024414062,74.4300003051758,73.5,74.2399978637695,1158100,52.6515083312988
"2019-02-28",73.879997253418,74.4499969482422,73.5899963378906,74.3099975585938,1118481,52.7011528015137
"2019-03-01",74.9000015258789,75.5400009155273,74.629997253418,74.75,1458575,53.0132102966309
"2019-03-04",75.3300018310547,75.4000015258789,74.5699996948242,74.6699981689453,990670,52.956470489502
"2019-03-05",74.5,75.1600036621094,74.4000015258789,75.0599975585938,1167940,53.2330551147461
"2019-03-06",74.2099990844727,74.8099975585938,73.6100006103516,74.5299987792969,1277239,52.8571853637695
"2019-03-07",73.8000030517578,73.8099975585938,72.3000030517578,73.0899963378906,1980823,51.8359260559082
"2019-03-08",72,72.2300033569336,71.4100036621094,72.1600036621094,1634876,51.1763687133789
"2019-03-11",72.25,73.2300033569336,71.9199981689453,73.1800003051758,1357029,51.8997573852539
"2019-03-12",73.6999969482422,73.9400024414062,72.7600021362305,73.0999984741211,1243429,51.843017578125
"2019-03-13",72.8399963378906,73.7699966430664,72.8300018310547,73.629997253418,1117529,52.2189025878906
"2019-03-14",73.7399978637695,74.7099990844727,73.5100021362305,73.7799987792969,1541976,52.3252792358398
"2019-03-15",74.2200012207031,75.1800003051758,72.7699966430664,74.0899963378906,4131566,52.5451316833496
"2019-03-18",74.3000030517578,74.4199981689453,73.9000015258789,74.1699981689453,954628,52.6018676757812
"2019-03-19",74.1399993896484,76.5,74.0999984741211,75.7200012207031,1907389,53.7011375427246
"2019-03-20",75.9100036621094,75.9100036621094,71.2799987792969,71.9800033569336,4291080,51.0487098693848
"2019-03-21",71.8099975585938,72.3899993896484,70.8300018310547,71.1500015258789,1763972,50.4600677490234
"2019-03-22",71.25,71.4199981689453,69.1800003051758,69.5999984741211,3025563,49.3607940673828
"2019-03-25",69,69.6900024414062,68.7799987792969,68.9199981689453,1544865,48.878532409668
"2019-03-26",68.8899993896484,68.9300003051758,67.9100036621094,67.9100036621094,2153100,48.1622352600098
"2019-03-27",68.5,68.9499969482422,67.7300033569336,68.2300033569336,1876013,48.3891868591309
"2019-03-28",67.9899978637695,68.5899963378906,67.7399978637695,67.8899993896484,1416893,48.1480522155762
"2019-03-29",68.4599990844727,68.9899978637695,68.0599975585938,68.75,1887263,48.7579689025879
"2019-04-01",69.6399993896484,70.629997253418,69.5899963378906,69.6999969482422,2396741,49.431713104248
"2019-04-02",69.7300033569336,71.9199981689453,69.6800003051758,71.25,2622991,50.5309829711914
"2019-04-03",72.0999984741211,72.870002746582,72,72.5800018310547,2166661,51.4742317199707
"2019-04-04",72.25,73.8499984741211,72.1500015258789,73.3399963378906,2168174,52.0132255554199
"2019-04-05",73.4700012207031,74.1399993896484,73.4700012207031,73.7900009155273,1427259,52.3323783874512
"2019-04-08",72.3899993896484,73.7300033569336,72.2900009155273,73.5699996948242,1325909,52.1763458251953
"2019-04-09",73.129997253418,74.0599975585938,72.8899993896484,73.1999969482422,1281897,51.9139366149902
"2019-04-10",72.9400024414062,73.5800018310547,72.8899993896484,73.1900024414062,1264318,51.9068450927734
"2019-04-11",73.3300018310547,73.8399963378906,72.7699966430664,73.5100021362305,1287851,52.1337928771973
"2019-04-12",73,75.5400009155273,72.6399993896484,75.2900009155273,2612728,53.396183013916
"2019-04-15",75.129997253418,75.9899978637695,74.9100036621094,75.6500015258789,1175155,53.6514892578125
"2019-04-16",76,76.6800003051758,75.7300033569336,76.4000015258789,1587145,54.1833992004395
"2019-04-17",77.0999984741211,78.0400009155273,76.3099975585938,77.25,2357190,54.7862243652344
"2019-04-18",77.1999969482422,78.3000030517578,76.8499984741211,77.75,2868292,55.1408386230469
"2019-04-23",77.75,78.1900024414062,77.4100036621094,77.5,1139985,54.9635238647461
"2019-04-24",76.4000015258789,77.2699966430664,75.8899993896484,76.4700012207031,1779199,54.2330436706543
"2019-04-25",76.3199996948242,76.5599975585938,75.7699966430664,75.7799987792969,1453960,53.7436943054199
"2019-04-26",75.9100036621094,76.4599990844727,75.5699996948242,76.1999969482422,1289602,54.041561126709
"2019-04-29",76.1600036621094,76.7600021362305,75.7900009155273,75.8899993896484,899246,53.8217086791992
"2019-04-30",75.5100021362305,75.9000015258789,75.1900024414062,75.9000015258789,1217765,53.8288040161133
"2019-05-02",75.6900024414062,76.7799987792969,75.4800033569336,75.8000030517578,1694344,53.7578811645508
"2019-05-03",75.5299987792969,75.8000030517578,75.2600021362305,75.6699981689453,1047600,53.6656761169434
"2019-05-06",73.0199966430664,74.0199966430664,72.1600036621094,74,2560420,52.4813079833984
"2019-05-07",73.5,73.75,71.4300003051758,72.2799987792969,2524460,51.2614669799805
"2019-05-08",71.6100006103516,71.8000030517578,69.9100036621094,71.379997253418,2863706,50.6231803894043
"2019-05-09",70.9100036621094,70.9800033569336,68.6900024414062,69.3000030517578,3095227,49.1480331420898
"2019-05-10",69.879997253418,70.120002746582,68.6399993896484,68.870002746582,3311601,48.8430786132812
"2019-05-13",68.8000030517578,68.8000030517578,67.0299987792969,68.0599975585938,2857093,48.2686157226562
"2019-05-14",68.6699981689453,68.6999969482422,67.4199981689453,67.879997253418,2065886,48.1409568786621
"2019-05-15",68.3000030517578,71.3000030517578,66.5299987792969,70,4082038,49.644474029541
"2019-05-16",70.0400009155273,70.5699996948242,68.9300003051758,69.8000030517578,3459647,49.5026397705078
"2019-05-17",66.5299987792969,66.6900024414062,65.0699996948242,66.1600036621094,3285738,49.3981094360352
"2019-05-20",66.2600021362305,66.4899978637695,64.2099990844727,64.8099975585938,2335299,48.3901329040527
"2019-05-21",65.0800018310547,65.5800018310547,64.2600021362305,64.629997253418,1678585,48.2557334899902
"2019-05-22",64.7300033569336,64.9499969482422,63.4599990844727,64.2300033569336,1972263,47.9570770263672
"2019-05-23",63.2299995422363,63.6599998474121,62.7599983215332,63.3899993896484,2323587,47.3298950195312
"2019-05-24",64.0299987792969,64.3300018310547,63.3300018310547,63.4700012207031,1678062,47.3896255493164
"2019-05-27",64.5500030517578,64.9800033569336,63.3400001525879,63.7599983215332,1328854,47.6061553955078
"2019-05-28",64,64.5999984741211,63.5999984741211,63.8400001525879,1653216,47.665885925293
"2019-05-29",63.2299995422363,63.4599990844727,62.8800010681152,63.1500015258789,1499372,47.1506996154785
"2019-05-30",63.3199996948242,63.6500015258789,62.8600006103516,63.0499992370605,799538,47.0760345458984
"2019-05-31",61.8199996948242,62.1500015258789,61.4099998474121,62.0200004577637,2000917,46.3069877624512
"2019-06-03",61.7000007629395,61.8800010681152,61.1399993896484,61.6399993896484,1838410,46.0232620239258
"2019-06-04",61.560001373291,63.7099990844727,61.3199996948242,63.4300003051758,2567653,47.3597602844238
"2019-06-05",63.4300003051758,63.5900001525879,62.3300018310547,63.0200004577637,1484186,47.053638458252
"2019-06-06",62.6500015258789,63.2599983215332,61.7299995422363,62.3400001525879,1947794,46.5459213256836
"2019-06-07",62.7200012207031,62.7900009155273,62.0099983215332,62.3199996948242,1249390,46.5309829711914
"2019-06-11",62.8300018310547,63.6800003051758,62.2999992370605,62.9799995422363,1922832,47.0237693786621
"2019-06-12",62.5900001525879,62.9300003051758,62.4000015258789,62.6399993896484,1230534,46.7699089050293
"2019-06-13",62.2999992370605,63.0499992370605,61.8499984741211,62.7799987792969,1198900,46.874439239502
"2019-06-14",62.5800018310547,62.6599998474121,62.0400009155273,62.4599990844727,1115793,46.6355133056641
"2019-06-17",62.6300010681152,62.8600006103516,62.0999984741211,62.0999984741211,1211681,46.3667221069336
"2019-06-18",62.3499984741211,63.9300003051758,61.6599998474121,63.6100006103516,2545539,47.4941596984863
"2019-06-19",63.5099983215332,64.5,63.4000015258789,64.1999969482422,1348744,47.9346733093262
"2019-06-20",64.6800003051758,65.0299987792969,64.4100036621094,64.5599975585938,1722902,48.2034683227539
"2019-06-21",64.5,64.7799987792969,64.25,64.4400024414062,3721158,48.1138725280762
"2019-06-24",64.0999984741211,64.2200012207031,63.3400001525879,63.6399993896484,1857142,47.5165557861328
"2019-06-25",63.2999992370605,63.6599998474121,63.060001373291,63.1500015258789,1400333,47.1506996154785
"2019-06-26",62.810001373291,64.75,62.7700004577637,64.5699996948242,2259169,48.2109375
"2019-06-27",64.6100006103516,65.620002746582,64.6100006103516,64.8499984741211,2436122,48.4199981689453
"2019-06-28",65.1600036621094,65.3300018310547,64.3899993896484,65.0899963378906,2059202,48.599193572998
"2019-07-01",66.5199966430664,67.0400009155273,65.0999984741211,65.0999984741211,2156223,48.6066551208496
"2019-07-02",65.2099990844727,65.75,64.7200012207031,65.3300018310547,1360771,48.7783889770508
"2019-07-03",65.4199981689453,66.629997253418,65.1800003051758,66.6100006103516,2094683,49.7340965270996
"2019-07-04",66.4400024414062,67.4700012207031,66.4400024414062,67.1100006103516,1641200,50.1074180603027
"2019-07-05",67.2900009155273,67.4100036621094,66.5899963378906,67.0500030517578,1332435,50.0626220703125
"2019-07-08",66.6100006103516,67.4100036621094,66.4800033569336,66.6999969482422,1091683,49.8012962341309
"2019-07-09",66.3499984741211,66.5,65.25,66.1699981689453,1823803,49.4055709838867
"2019-07-10",65.5899963378906,66.2099990844727,65.4899978637695,65.6500015258789,1386605,49.0173149108887
"2019-07-11",65.75,65.9100036621094,64.9700012207031,65.2399978637695,1354084,48.7111854553223
"2019-07-12",64.2600021362305,66.5599975585938,64.2399978637695,65.8899993896484,2408683,49.1965103149414
"2019-07-15",66.1699981689453,67.1600036621094,66.1600036621094,66.6600036621094,1620709,49.7714309692383
"2019-07-16",66.6500015258789,67.1900024414062,66.4800033569336,67.120002746582,1356106,50.1148872375488
"2019-07-17",67.0100021362305,67.1500015258789,66.3499984741211,66.3499984741211,1025202,49.539966583252
"2019-07-18",66.1500015258789,66.4300003051758,65.7600021362305,66.1500015258789,1339503,49.3906364440918
"2019-07-19",66.4100036621094,67.3300018310547,66.3899993896484,66.5699996948242,1642181,49.704231262207
"2019-07-22",66.6600036621094,67.0100021362305,66.4700012207031,66.7699966430664,844578,49.8535537719727
"2019-07-23",67.4700012207031,70,67.3499984741211,69.3399963378906,3530566,51.7724380493164
"2019-07-24",69.1800003051758,70.3899993896484,68.5100021362305,70.0100021362305,2056967,52.2726974487305
"2019-07-25",70.3000030517578,70.5599975585938,68.0500030517578,68.9499969482422,2011871,51.4812431335449
"2019-07-26",69.2699966430664,69.3099975585938,68.4199981689453,68.6699981689453,1265670,51.2721824645996
"2019-07-29",68.3399963378906,68.3499984741211,67.8399963378906,68.2900009155273,908630,50.9884567260742
"2019-07-30",68.5400009155273,68.5400009155273,66.629997253418,67.1100006103516,1560448,50.1074180603027
"2019-07-31",67.1100006103516,67.3199996948242,66.6600036621094,66.8300018310547,1494495,49.8983573913574
"2019-08-01",67,67.9700012207031,66.9000015258789,67.4899978637695,1545801,50.3911399841309
"2019-08-02",65.8000030517578,66.1900024414062,63.7000007629395,64.6500015258789,3893077,48.2706680297852
"2019-08-05",63.2999992370605,64.0299987792969,62.689998626709,63.3400001525879,2151237,47.2925643920898
"2019-08-06",63.3499984741211,63.6100006103516,62.2599983215332,62.2599983215332,1779024,46.4861831665039
"2019-08-07",62.7000007629395,63.1699981689453,61.5800018310547,62.1100006103516,1702435,46.3741874694824
"2019-08-08",62.8400001525879,62.8400001525879,62,62.5299987792969,1346719,46.6877746582031
"2019-08-09",62.2000007629395,62.3499984741211,60.6199989318848,61.0299987792969,2253975,45.5678100585938
"2019-08-12",61.2599983215332,61.7099990844727,60.5,60.8300018310547,1084603,45.4184837341309
"2019-08-13",60.5,62.0400009155273,59.5999984741211,61.0400009155273,2178685,45.5752754211426
"2019-08-14",61.0999984741211,61.0999984741211,59.2999992370605,59.5999984741211,1972805,44.5001068115234
"2019-08-15",59.7599983215332,59.7999992370605,58.0400009155273,58.8199996948242,1934815,43.9177207946777
"2019-08-16",59.0200004577637,59.6399993896484,58.8600006103516,59.560001373291,1625628,44.4702415466309
"2019-08-19",60.2299995422363,60.7799987792969,59.8899993896484,60.3600006103516,1283004,45.0675621032715
"2019-08-20",60.3499984741211,60.5800018310547,59.560001373291,59.7400016784668,1009171,44.6046409606934
"2019-08-21",59.7900009155273,61.0800018310547,59.7700004577637,60.5900001525879,1230630,45.2392845153809
"2019-08-22",60.3199996948242,61.1800003051758,60.1800003051758,60.6100006103516,1095714,45.2542190551758
"2019-08-23",60.810001373291,61.2099990844727,58.6100006103516,58.7000007629395,2753250,43.828125
"2019-08-26",58.810001373291,59.8499984741211,58.5099983215332,59.5699996948242,1613088,44.4777069091797
"2019-08-27",59.6800003051758,60.3899993896484,59.2700004577637,59.4900016784668,1777471,44.4179725646973
"2019-08-28",59.4900016784668,59.7400016784668,58.75,59.7200012207031,1292671,44.5897026062012
"2019-08-29",59.5800018310547,60.3400001525879,59.3499984741211,60.1699981689453,986990,44.9256935119629
"2019-08-30",60.1399993896484,61.2099990844727,60.1399993896484,60.810001373291,1305155,45.4035491943359
"2019-09-02",60.5,60.8199996948242,60.310001373291,60.5299987792969,653443,45.1944885253906
"2019-09-03",60.4000015258789,60.6800003051758,60.0099983215332,60.4000015258789,1149468,45.0974235534668
"2019-09-04",61.2000007629395,61.5999984741211,61,61.0900001525879,1245575,45.6126098632812
"2019-09-05",61.9000015258789,62.6500015258789,61.7000007629395,62.3199996948242,1575151,46.5309829711914
"2019-09-06",62.5699996948242,63.1100006103516,61.7400016784668,62.3199996948242,1815948,46.5309829711914
"2019-09-09",62.2400016784668,63.25,62.1599998474121,63.2200012207031,1478796,47.2029685974121
"2019-09-10",63.310001373291,64.4300003051758,63.25,63.7700004577637,1713536,47.6136245727539
"2019-09-11",64.1999969482422,64.6900024414062,63.4900016784668,63.810001373291,1587322,47.6434860229492
"2019-09-12",63.7299995422363,64.879997253418,63.7200012207031,64.6399993896484,2105544,48.2632026672363
"2019-09-13",64.620002746582,65.620002746582,64.620002746582,65.0599975585938,1900375,48.5767936706543
"2019-09-16",64.370002746582,65.2600021362305,64.2600021362305,65.0999984741211,1241317,48.6066551208496
"2019-09-17",64.7900009155273,64.870002746582,63.5400009155273,64.5299987792969,1599792,48.1810760498047
"2019-09-18",64.5299987792969,64.870002746582,64.2399978637695,64.5500030517578,860078,48.1960067749023
"2019-09-19",64.5,65.0899963378906,64.1699981689453,64.9899978637695,1288454,48.524528503418
"2019-09-20",65.120002746582,65.5899963378906,64.9400024414062,65.1500015258789,2805109,48.6439971923828
"2019-09-23",64.870002746582,64.879997253418,63.4799995422363,64,1684528,47.7853469848633
"2019-09-24",64.0100021362305,64.25,63.5800018310547,63.6800003051758,1141691,47.5464210510254
"2019-09-25",63.3499984741211,63.9300003051758,62.5499992370605,63.3800010681152,1429563,47.3224334716797
"2019-09-26",63.2400016784668,63.7900009155273,62.9900016784668,63.0900001525879,854203,47.1059036254883
"2019-09-27",63.2299995422363,63.9799995422363,63.1599998474121,63.8899993896484,995694,47.7032165527344
"2019-09-30",63.7799987792969,64.7200012207031,63.6599998474121,64.5899963378906,1376059,48.2258682250977
"2019-10-01",64.9000015258789,65.7200012207031,64.3199996948242,64.379997253418,1490390,48.0690727233887
"2019-10-02",64.1800003051758,64.4199981689453,63.0200004577637,63.1599998474121,1812509,47.1581649780273
"2019-10-04",63.1500015258789,63.1500015258789,61.6100006103516,62.3899993896484,2081126,46.5832443237305
"2019-10-07",62.0400009155273,62.6800003051758,61.4000015258789,62.6800003051758,920763,46.7997779846191
"2019-10-08",62.8899993896484,62.9799995422363,61.3699989318848,61.8600006103516,1279594,46.1875305175781
"2019-10-09",61.8699989318848,62.6500015258789,61.4300003051758,62.3499984741211,963927,46.5533866882324
"2019-10-10",62.5200004577637,63.5200004577637,62.3199996948242,63.2299995422363,1879248,47.2104339599609
"2019-10-11",63.3600006103516,64.9700012207031,63.1199989318848,64.7799987792969,1873353,48.367733001709
"2019-10-14",64.6999969482422,65.0199966430664,63.9599990844727,64.9100036621094,1130261,48.4647979736328
"2019-10-15",65.4300003051758,66.8899993896484,65.0800018310547,66.629997253418,2022085,49.7490272521973
"2019-10-16",66.6900024414062,67.629997253418,66.5500030517578,67.129997253418,2049837,50.1223487854004
"2019-10-17",66.9000015258789,68.7300033569336,66.7900009155273,67.9100036621094,2431903,50.7047348022461
"2019-10-18",67.1699981689453,68.1100006103516,66.870002746582,67.4100036621094,1787929,50.3314170837402
"2019-10-21",67.4599990844727,68.3099975585938,67.4599990844727,67.8399963378906,1091764,50.6524658203125
"2019-10-22",67.9700012207031,68.5299987792969,67.8399963378906,68.4700012207031,1444956,51.1228637695312
"2019-10-23",68.0199966430664,69.1100006103516,67.9000015258789,68.6600036621094,1364209,51.2647285461426
"2019-10-24",69,70.1500015258789,68.9400024414062,69.0299987792969,1649269,51.5409812927246
"2019-10-25",69.0199966430664,69.6800003051758,68.7099990844727,69.4300003051758,1431448,51.8396377563477
"2019-10-28",69.5999984741211,70.5400009155273,69.5599975585938,69.8899993896484,1214530,52.1830940246582
"2019-10-29",69.9000015258789,70.1699981689453,69.370002746582,69.8300018310547,1153752,52.138298034668
"2019-10-30",69.8300018310547,70.3000030517578,68.8099975585938,69.2900009155273,1372249,51.7351112365723
"2019-10-31",69.5199966430664,69.8399963378906,67.9599990844727,68.7099990844727,1892386,51.3020477294922
"2019-11-01",68.8899993896484,69.6999969482422,68.6900024414062,69.4400024414062,1420786,51.8470993041992
"2019-11-04",70.9000015258789,71.7099990844727,70.3899993896484,71.5999984741211,2670336,53.4598541259766
"2019-11-05",71.8499984741211,73.1699981689453,71.7300033569336,72.8000030517578,2576811,54.3558349609375
"2019-11-06",72.8000030517578,73.629997253418,71.6500015258789,73.5100021362305,2090113,54.8859558105469
"2019-11-07",74.0899963378906,75.1800003051758,74,74.4499969482422,2362035,55.5878028869629
"2019-11-08",74.6500015258789,75.5100021362305,74.379997253418,75.0400009155273,2154769,56.0283203125
"2019-11-11",74.5699996948242,75.2300033569336,74.1800003051758,75.0299987792969,1308208,56.0208549499512
"2019-11-12",75.1999969482422,75.879997253418,74.870002746582,74.870002746582,1123366,55.9014015197754
"2019-11-13",74.3399963378906,74.5599975585938,73.0500030517578,73.6600036621094,1481974,54.9979515075684
"2019-11-14",73.2399978637695,73.75,72.7300033569336,73.4100036621094,1506830,54.8112945556641
"2019-11-15",73.8899993896484,74.5800018310547,73.6600036621094,74.5500030517578,1851755,55.662467956543
"2019-11-18",74.7900009155273,74.9499969482422,72.7600021362305,73.1800003051758,1471946,54.6395606994629
"2019-11-19",73.4700012207031,74.4499969482422,73.1500015258789,73.5199966430664,1160623,54.8934135437012
"2019-11-20",73.1999969482422,73.3899993896484,72.4300003051758,73.3199996948242,1060253,54.7440948486328
"2019-11-21",73.3199996948242,73.7099990844727,72.8399963378906,73.5999984741211,1174463,54.9531517028809
"2019-11-22",73.6900024414062,74.4199981689453,73.4899978637695,74.0699996948242,1397188,55.3040771484375
"2019-11-25",74.5,75,74.0199966430664,74.1800003051758,754308,55.3862113952637
"2019-11-26",73.9000015258789,74.1500015258789,73.6399993896484,73.8099975585938,1221059,55.1099472045898
"2019-11-27",74.0100021362305,74.8600006103516,73.6100006103516,74.7399978637695,1166247,55.804328918457
"2019-11-28",74.5800018310547,74.5800018310547,73.3199996948242,73.620002746582,906092,54.968090057373
"2019-11-29",73.0999984741211,73.6600036621094,72.9800033569336,73.3000030517578,823346,54.7291641235352
"2019-12-02",73.3899993896484,73.870002746582,71.6999969482422,71.9100036621094,2001882,53.6913223266602
"2019-12-03",72.1999969482422,72.620002746582,71.3099975585938,71.8099975585938,1405688,53.6166534423828
"2019-12-04",71.5299987792969,73.129997253418,71.5299987792969,72.7600021362305,1143739,54.3259735107422
"2019-12-05",73,73.6699981689453,72.8099975585938,72.8099975585938,908562,54.3633041381836
"2019-12-06",73.0500030517578,73.9300003051758,72.9100036621094,73.7900009155273,1007452,55.0950202941895
"2019-12-09",73.7399978637695,74.0400009155273,73.1399993896484,73.1800003051758,997359,54.6395606994629
"2019-12-10",72.7300033569336,73.3300018310547,71.9100036621094,73.1999969482422,1237434,54.6544914245605
"2019-12-11",73.1900024414062,74.3099975585938,73.0999984741211,74.2099990844727,1257742,55.4086074829102
"2019-12-12",74.5,75.1800003051758,73.7600021362305,74.8099975585938,1558232,55.8565940856934
"2019-12-13",76.0100021362305,77.0599975585938,75.6999969482422,75.870002746582,2872500,56.6480407714844
"2019-12-16",75.9400024414062,76.2399978637695,75.1500015258789,75.8899993896484,1090555,56.662971496582
"2019-12-17",75.9100036621094,76.0699996948242,74.9199981689453,74.9899978637695,1688854,55.9909820556641
"2019-12-18",74.7799987792969,75.2399978637695,74.7099990844727,75.1600036621094,1281740,56.117919921875
"2019-12-19",75.0500030517578,75.2600021362305,73.5400009155273,74.0999984741211,1770646,55.326473236084
"2019-12-20",74,74.5699996948242,73.879997253418,74.1500015258789,3441130,55.3638114929199
"2019-12-23",73.9599990844727,74.1100006103516,73.1600036621094,73.5400009155273,910739,54.9083480834961
"2019-12-27",73.629997253418,73.9899978637695,73.4800033569336,73.5100021362305,793381,54.8859558105469
"2019-12-30",73.2099990844727,73.4000015258789,72.9899978637695,73.1399993896484,467282,54.6096878051758
"2020-01-02",73.1399993896484,74.629997253418,73.0599975585938,74.2200012207031,1232319,55.416072845459
"2020-01-03",73.7300033569336,73.8300018310547,72.3300018310547,73.3199996948242,1153245,54.7440948486328
"2020-01-06",72.8300018310547,73.0500030517578,72.0400009155273,73.0500030517578,1039192,54.5424957275391
"2020-01-07",73.5999984741211,74.3199996948242,73.3399963378906,74.2200012207031,1302124,55.416072845459
"2020-01-08",73.9400024414062,74.5,73.75,74.4100036621094,941807,55.5579376220703
"2020-01-09",75.0999984741211,75.3499984741211,74.3600006103516,74.3600006103516,1391131,55.5206031799316
"2020-01-10",74.4899978637695,74.9599990844727,74.2200012207031,74.5699996948242,1102138,55.6773948669434
"2020-01-13",74.6999969482422,74.8099975585938,73.3899993896484,73.629997253418,884147,54.9755516052246
"2020-01-14",73.7399978637695,73.8199996948242,73.0599975585938,73.3000030517578,979352,54.7291641235352
"2020-01-15",73.0899963378906,73.2699966430664,71.7799987792969,72.1900024414062,1607651,53.9003829956055
"2020-01-16",72.1900024414062,72.4599990844727,70.5699996948242,71.1699981689453,1730300,53.1388053894043
"2020-01-17",71.6900024414062,71.9499969482422,70.9100036621094,71.0599975585938,2112839,53.0566673278809
"2020-01-20",70.9199981689453,71.8600006103516,70.8199996948242,71.6399993896484,837922,53.4897232055664
"2020-01-21",71.3899993896484,72,70.9300003051758,71.4100036621094,888947,53.3179969787598
"2020-01-22",71.5500030517578,72.620002746582,69.5199966430664,70.9499969482422,1755064,52.974536895752
"2020-01-23",70.5500030517578,70.9000015258789,69.4400024414062,69.6900024414062,1472242,52.0337715148926
"2020-01-24",70.0999984741211,70.3199996948242,69.370002746582,69.4100036621094,1281775,51.82470703125
"2020-01-27",68.5,68.8000030517578,67.5699996948242,67.6999969482422,1828640,50.5479354858398
"2020-01-28",67.5899963378906,67.7300033569336,66.3300018310547,66.8199996948242,2112085,49.8908920288086
"2020-01-29",66.8199996948242,67.2399978637695,66.2200012207031,66.5500030517578,1456090,49.6893005371094
"2020-01-30",66,66.4000015258789,65.2600021362305,65.5599975585938,1995833,48.9501152038574
"2020-01-31",65.5999984741211,65.6800003051758,64.2099990844727,64.3399963378906,2069682,48.0392036437988
"2020-02-03",64.3399963378906,64.75,63.9000015258789,64.379997253418,1818370,48.0690727233887
"2020-02-04",64.5299987792969,65.2099990844727,63.9599990844727,64.9499969482422,1938049,48.4946594238281
"2020-02-05",65.0999984741211,66.5699996948242,64.5899963378906,66.2200012207031,2017296,49.4429016113281
"2020-02-06",66.7600021362305,67.2799987792969,66.1100006103516,66.3300018310547,1618304,49.5250396728516
"2020-02-07",65.9000015258789,65.9000015258789,64.1900024414062,64.6900024414062,2438775,48.300537109375
"2020-02-10",64.5299987792969,64.9199981689453,63.5800018310547,63.810001373291,1969048,47.6434860229492
"2020-02-11",64.2799987792969,65.2699966430664,63.9799995422363,64.4100036621094,2075594,48.0914764404297
"2020-02-12",64.8000030517578,67.0699996948242,64.6800003051758,67.0699996948242,2590748,50.0775527954102
"2020-02-13",66.6999969482422,66.7300033569336,65.9599990844727,66.5899963378906,1643472,49.7191581726074
"2020-02-14",66.5,67.1600036621094,65.7799987792969,65.8600006103516,1456966,49.1741065979004
"2020-02-17",66.3899993896484,67.1500015258789,66.3099975585938,66.5100021362305,1298707,49.6594352722168
"2020-02-18",65.8499984741211,66.1699981689453,65.1999969482422,65.1999969482422,1359236,48.681324005127
"2020-02-19",65.6699981689453,65.9700012207031,64.5100021362305,65.4499969482422,1326708,48.8679847717285
"2020-02-20",65.5,66.4300003051758,65.0199966430664,65.3099975585938,1793835,48.7634506225586
"2020-02-21",65.0599975585938,65.5,64.0800018310547,64.5100021362305,2005662,48.1661415100098
"2020-02-24",63,63.0999984741211,60.6100006103516,61.439998626709,3729450,45.8739395141602
"2020-02-25",61.9900016784668,62.3199996948242,60.5900001525879,61.0299987792969,2409281,45.5678100585938
"2020-02-26",60.7599983215332,62.2400016784668,59.9300003051758,61.7799987792969,3322283,46.1277961730957
"2020-02-27",60.4700012207031,60.9000015258789,59.060001373291,59.8400001525879,3225348,44.6793022155762
"2020-02-28",57.7400016784668,58.9300003051758,57.1599998474121,58.9300003051758,5834942,43.9998550415039
"2020-03-02",59.4000015258789,59.5999984741211,56.9900016784668,58,3315364,43.3054733276367
"2020-03-03",58.5,59.2900009155273,57.4000015258789,57.7599983215332,4135929,43.126277923584
"2020-03-04",57.9599990844727,59.0499992370605,57.4599990844727,58.5699996948242,2320426,43.7310638427734
"2020-03-05",58.8199996948242,58.9099998474121,57.5,58.0699996948242,2447364,43.3577346801758
"2020-03-06",56.7299995422363,57.7799987792969,56.0699996948242,57.2200012207031,3189387,42.7230911254883
"2020-03-09",54,54.3600006103516,51,51.0200004577637,5395201,38.0938835144043
"2020-03-10",51.5099983215332,54.1500015258789,50.0699996948242,50.3300018310547,4299614,37.5787010192871
"2020-03-11",51.1800003051758,53.0499992370605,50.2599983215332,50.6500015258789,3245931,37.817626953125
"2020-03-12",47.3600006103516,48.2999992370605,43.2999992370605,44.0800018310547,6712618,32.9121627807617
"2020-03-13",45.9049987792969,49.2849998474121,44.060001373291,45.4199981689453,6324387,33.9126586914062
"2020-03-16",42.4199981689453,43.0499992370605,39.3300018310547,40.0900001525879,6612181,29.9330444335938
"2020-03-17",41.5999984741211,42.125,37.8849983215332,40.3549995422363,3975016,30.1309013366699
"2020-03-18",38.9749984741211,39.5149993896484,36.7999992370605,39.1349983215332,4654563,29.21999168396
"2020-03-19",38.939998626709,40.0800018310547,36.5950012207031,37.6599998474121,4697097,28.118688583374
"2020-03-20",39.125,41.6300010681152,39,41.3699989318848,6491031,30.8887500762939
"2020-03-23",39.4500007629395,41.0400009155273,38.5,39.7999992370605,4318784,29.716516494751
"2020-03-24",42,45.560001373291,41.5250015258789,45.560001373291,4628692,34.0171966552734
"2020-03-25",47.4700012207031,48.7750015258789,44.4599990844727,46.75,3669902,34.905704498291
"2020-03-26",45.5,47.4799995422363,45.1100006103516,47.2999992370605,2612333,35.3163604736328
"2020-03-27",46.1800003051758,46.4850006103516,45.125,45.5149993896484,2554659,33.9835968017578
"2020-03-30",45.8499984741211,46.2599983215332,43.9300003051758,45.7299995422363,2283311,34.1441268920898
"2020-03-31",46.1949996948242,47.7999992370605,45.6549987792969,47.1150016784668,2546075,35.1782302856445
"2020-04-01",45.5050010681152,45.5250015258789,44.0900001525879,44.3849983215332,2362849,33.1398811340332
"2020-04-02",45.1800003051758,46.8450012207031,43.6100006103516,44.8650016784668,2633606,33.4982757568359
"2020-04-03",44.5,45.5,44.0299987792969,44.75,4331430,33.412410736084
"2020-04-06",47.5,48.7649993896484,46.5349998474121,48.560001373291,2883526,36.257137298584
"2020-04-07",50.5499992370605,51.9199981689453,48.6549987792969,49.7150001525879,2625937,37.1195106506348
"2020-04-08",49.5499992370605,50.1199989318848,48.6650009155273,49.1599998474121,2262731,36.7051277160645
"2020-04-09",50.1399993896484,51.5900001525879,49.2449989318848,50.8199996948242,2485969,37.9445571899414
"2020-04-14",51.7000007629395,52.2700004577637,50.9900016784668,51.3600006103516,1909198,38.3477401733398
"2020-04-15",51.5,51.5,48.5900001525879,48.5900001525879,2469060,36.2795333862305
"2020-04-16",49.2849998474121,50.3600006103516,48.5050010681152,49.3349990844727,2335152,36.8357887268066
"2020-04-17",51.2999992370605,53.0299987792969,51.189998626709,51.9099998474121,3906817,38.7583961486816
"2020-04-20",52.4199981689453,52.75,50.0099983215332,51.3699989318848,2159543,38.3552055358887
"2020-04-21",50.4099998474121,50.4799995422363,48.560001373291,48.560001373291,1857083,36.257137298584
"2020-04-22",48.9099998474121,49.2849998474121,48.4749984741211,49.0149993896484,1533538,36.5968589782715
"2020-04-23",49.3199996948242,50.7299995422363,48.6699981689453,50.2700004577637,1688589,37.5339012145996
"2020-04-24",49.3950004577637,49.9700012207031,48.5099983215332,48.6599998474121,1669671,36.3317947387695
"2020-04-27",50.0499992370605,51.2000007629395,49.3549995422363,51.2000007629395,1828072,38.2282829284668
"2020-04-28",51.2299995422363,53.2400016784668,51.0900001525879,52.6100006103516,2126371,39.2810516357422
"2020-04-29",52.9000015258789,56.1699981689453,52.5999984741211,55.6699981689453,2842964,41.565788269043
"2020-04-30",56.4900016784668,57.2599983215332,53.75,54.0499992370605,2625725,40.3562240600586
"2020-05-04",52.2999992370605,52.5299987792969,51.0099983215332,51.5699996948242,2623809,38.5045356750488
"2020-05-05",52.6599998474121,54.0400009155273,52.4000015258789,53.5099983215332,1947394,39.9530296325684
"2020-05-06",52.439998626709,52.5,50.0299987792969,50.6199989318848,3079088,37.7952270507812
"2020-05-07",50.8699989318848,51.1100006103516,49.0449981689453,49.3650016784668,2708186,36.8581886291504
"2020-05-08",49.7000007629395,51.4199981689453,49.5800018310547,51.4199981689453,2197345,38.3925399780273
"2020-05-11",52.0299987792969,52.5299987792969,51.0299987792969,51.3699989318848,2401288,38.3552055358887
"2020-05-12",51.0499992370605,51.5499992370605,50.7400016784668,50.8600006103516,1539118,37.974422454834
"2020-05-13",50,50.6599998474121,48.5299987792969,48.7299995422363,2671455,36.3840599060059
"2020-05-14",47.8950004577637,48.2299995422363,45.7700004577637,47.0800018310547,4025076,35.152099609375
"2020-05-15",45.2999992370605,47.0149993896484,45.2999992370605,46.6500015258789,3502835,36.7843322753906
"2020-05-18",47.6300010681152,50.3300018310547,47.5550003051758,50.25,2765408,39.6229934692383
"2020-05-19",51.2000007629395,51.310001373291,49.0449981689453,50.0499992370605,2315191,39.4652900695801
"2020-05-20",49.9900016784668,51.0200004577637,48.8650016784668,50.8499984741211,1641527,40.0960960388184
"2020-05-21",50.4000015258789,51.1100006103516,49.7050018310547,50.0699996948242,1347915,39.4810600280762
"2020-05-22",49.25,50.8699989318848,48.7350006103516,50.0800018310547,1369506,39.4889450073242
"2020-05-25",50.7599983215332,50.7900009155273,49.0800018310547,50.2900009155273,1796645,39.6545295715332
"2020-05-26",50.7400016784668,51.8699989318848,50.0999984741211,51.8699989318848,2720565,40.9003868103027
"2020-05-27",52,55.810001373291,51.7799987792969,54.3899993896484,4266200,42.8874549865723
"2020-05-28",55.25,55.3699989318848,53.2200012207031,54,2340231,42.5799293518066
"2020-05-29",52.7400016784668,53.5,52.2799987792969,52.5999984741211,3477078,41.4760093688965
"2020-06-02",54.6100006103516,56.0499992370605,54.2299995422363,55.3499984741211,2911717,43.6444244384766
"2020-06-03",56.1300010681152,58.2000007629395,55.8199996948242,57.9799995422363,2928586,45.7182312011719
"2020-06-04",57.189998626709,58.4199981689453,56.2299995422363,58.0699996948242,2655148,45.789192199707
"2020-06-05",58.8499984741211,60.3300018310547,58.6800003051758,59.5,4307916,46.9167747497559
"2020-06-08",59.2299995422363,61.8199996948242,59.1500015258789,60.6800003051758,2789528,47.847225189209
"2020-06-09",60.9500007629395,61.5299987792969,58,59.4099998474121,2856264,46.8458099365234
"2020-06-10",59.9700012207031,60.5400009155273,58.2700004577637,58.8899993896484,2191842,46.4357795715332
"2020-06-11",57.2099990844727,57.3899993896484,55.5400009155273,55.6199989318848,3214148,43.8573265075684
"2020-06-12",55.0099983215332,57.6800003051758,54.7099990844727,56.1500015258789,2348746,44.2752418518066
"2020-06-15",54.1100006103516,56.2000007629395,53.8499984741211,55.9500007629395,1887970,44.1175422668457
"2020-06-16",57.8600006103516,58.0699996948242,56,57.0699996948242,2628679,45.0006790161133
"2020-06-17",57,57.9599990844727,56.5,57.2599983215332,1759639,45.1504936218262
"2020-06-18",57.2700004577637,58.2000007629395,56.4700012207031,57.1100006103516,2039514,45.0322227478027
"2020-06-19",57.4700012207031,57.9799995422363,56.5499992370605,56.9300003051758,3912795,44.8902854919434
"2020-06-22",56.2099990844727,58.1599998474121,56.060001373291,57.3600006103516,1442690,45.2293510437012
"2020-06-23",57.9599990844727,59.5999984741211,57.5200004577637,58.4099998474121,2185453,46.0572891235352
"2020-06-24",58.2799987792969,58.9300003051758,56.1800003051758,56.1800003051758,1797898,44.298900604248
"2020-06-25",55.8199996948242,57.4099998474121,55.3400001525879,57.0800018310547,1722272,45.0085639953613
"2020-06-26",57.810001373291,57.8600006103516,55.4900016784668,55.7700004577637,1953166,43.9756088256836
"2020-06-29",55.5400009155273,56.8400001525879,55.3400001525879,56.7099990844727,1859116,44.7168121337891
"2020-06-30",56.7999992370605,57.1199989318848,55.7200012207031,56.8199996948242,2049620,44.8035507202148
"2020-07-01",56.0099983215332,57.060001373291,55.6399993896484,56.2000007629395,1618381,44.3146743774414
"2020-07-02",56.939998626709,58.8800010681152,56.6399993896484,57.9500007629395,2018441,45.6945724487305
"2020-07-03",58.2099990844727,58.5499992370605,57.0099983215332,57.2599983215332,903202,45.1504936218262
"2020-07-06",58.9500007629395,59.6800003051758,57.7299995422363,58.4599990844727,1512797,46.0967140197754
"2020-07-07",58.310001373291,59.2799987792969,57.7599983215332,58.6500015258789,1505768,46.2465400695801
"2020-07-08",58.2700004577637,59.189998626709,57.8600006103516,58.0200004577637,1362427,45.7497711181641
"2020-07-09",58.6100006103516,58.9900016784668,57.2799987792969,57.439998626709,1231470,45.2924270629883
"2020-07-10",57.25,58.7000007629395,56.8199996948242,58.689998626709,1532862,46.2780723571777
"2020-07-13",59.5999984741211,59.9300003051758,58.310001373291,58.7999992370605,1073725,46.3648109436035
"2020-07-14",57.9199981689453,58.5099983215332,57.3400001525879,57.9300003051758,1371809,45.6788024902344
"2020-07-15",58.3300018310547,59.1100006103516,58.0499992370605,58.6100006103516,1465863,46.2149963378906
"2020-07-16",58.1699981689453,59.0900001525879,58.1399993896484,58.7700004577637,999456,46.3411560058594
"2020-07-17",59.9500007629395,60.689998626709,59.5,59.7299995422363,1858811,47.0981292724609
"2020-07-20",59.5900001525879,59.6800003051758,58.6100006103516,59.0999984741211,1314311,46.6013679504395
"2020-07-21",60,61.7200012207031,59.7999992370605,60.8199996948242,2151595,47.9576148986816
"2020-07-22",60.7099990844727,61.0699996948242,59.5800018310547,59.939998626709,1255270,47.2637252807617
"2020-07-23",60.7999992370605,62.4000015258789,60.7000007629395,61.1500015258789,2012658,48.2178268432617
"2020-07-24",60.5999984741211,60.8400001525879,59.9099998474121,60.2200012207031,1595443,47.4845085144043
"2020-07-27",60.0999984741211,60.5900001525879,59.6800003051758,59.75,931048,47.1139030456543
"2020-07-28",59.9700012207031,60.5299987792969,59.4700012207031,59.7999992370605,1163934,47.1533317565918
"2020-07-29",59.8600006103516,60.0099983215332,57.810001373291,58.2900009155273,1780245,45.9626693725586
"2020-07-30",58,58.189998626709,55.5499992370605,56.1599998474121,2283364,44.2831268310547
"2020-07-31",56.1199989318848,56.4300003051758,54.6800003051758,54.7000007629395,1926062,43.131893157959
"2020-08-03",54.7000007629395,56.6100006103516,54.4199981689453,56.2099990844727,1812786,44.3225555419922
"2020-08-04",57.0900001525879,58.1399993896484,56.9599990844727,58.1399993896484,1873398,45.8443908691406
"2020-08-05",56.5,56.9300003051758,55.3199996948242,56.1300010681152,3067112,44.2594718933105
"2020-08-06",55.9799995422363,56.2299995422363,54.75,55.2299995422363,2453738,43.5498085021973
"2020-08-07",55.1599998474121,55.4000015258789,54.2999992370605,54.9000015258789,1984567,43.2895965576172
"2020-08-10",55.4000015258789,55.4900016784668,54.2299995422363,55.3499984741211,1367342,43.6444244384766
"2020-08-11",56.310001373291,58.9300003051758,56.2099990844727,58.5400009155273,3142904,46.1598014831543
"2020-08-12",58.4500007629395,59.7299995422363,58.3199996948242,58.8699989318848,1663294,46.4200096130371
"2020-08-13",58.3699989318848,59.2000007629395,58.1599998474121,58.2799987792969,1025918,45.9547805786133
"2020-08-14",58.1699981689453,58.3499984741211,57.1599998474121,58.2200012207031,1131446,45.9074745178223
"2020-08-17",58.25,58.6800003051758,57.6699981689453,57.8800010681152,829378,45.6393775939941
"2020-08-18",57.5699996948242,58.2799987792969,57.1399993896484,57.560001373291,1148139,45.3870544433594
"2020-08-19",57.5200004577637,58.25,57.2299995422363,58.25,1224278,45.9311294555664
"2020-08-20",57.4500007629395,57.810001373291,56.9900016784668,57.3899993896484,1021586,45.253002166748
"2020-08-21",57.810001373291,57.9799995422363,56.0999984741211,56.810001373291,1395089,44.7956619262695
"2020-08-24",57.4000015258789,58.4099998474121,57.2400016784668,58.25,1591298,45.9311294555664
"2020-08-25",58.4500007629395,58.939998626709,57.7200012207031,57.9500007629395,1268883,45.6945724487305
"2020-08-26",58.5699996948242,59.4500007629395,58.0099983215332,59.4199981689453,1463492,46.8536949157715
"2020-08-27",59.5,60.9799995422363,59.2999992370605,59.5999984741211,1836847,46.9956283569336
"2020-08-28",60.0699996948242,60.5400009155273,59.3499984741211,59.6100006103516,1090761,47.0035133361816
"2020-08-31",59.7999992370605,61.7700004577637,59.7999992370605,60.1500015258789,2133443,47.4293174743652
"2020-09-01",61.2599983215332,61.3899993896484,59.6399993896484,60.1300010681152,1566399,47.4135398864746
"2020-09-02",60.7099990844727,61.189998626709,60.1100006103516,60.3899993896484,1404861,47.6185531616211
"2020-09-03",60.9000015258789,61.8499984741211,60.189998626709,60.7999992370605,1727583,47.9418487548828
"2020-09-04",60.7400016784668,62.0099983215332,60.6199989318848,61.3800010681152,1634908,48.3991889953613
"2020-09-07",61.8899993896484,62.7200012207031,61.7299995422363,62.5800018310547,1268510,49.3454093933105
"2020-09-08",62.7400016784668,63.5200004577637,62.2999992370605,63.1699981689453,1534636,49.8106307983398
"2020-09-09",63.1100006103516,63.9900016784668,62.6300010681152,63.7400016784668,1374055,50.2600898742676
"2020-09-10",63.7000007629395,64.5,63.6399993896484,63.7400016784668,1185784,50.2600898742676
"2020-09-11",63.4500007629395,64.5299987792969,62.6300010681152,64.3099975585938,1435601,50.709545135498
"2020-09-14",64.7900009155273,64.9199981689453,63.7099990844727,64.120002746582,1017966,50.5597305297852
"2020-09-15",64.4000015258789,65,63.8300018310547,64.3199996948242,1084823,50.7174301147461
"2020-09-16",64.4100036621094,64.8499984741211,63.9300003051758,64.7099990844727,1175318,51.0249481201172
"2020-09-17",63.4199981689453,64.9599990844727,63.3699989318848,64.8099975585938,1064841,51.1038017272949
"2020-09-18",64.7799987792969,64.8300018310547,63.7400016784668,63.7400016784668,3248812,50.2600898742676
"2020-09-21",63.189998626709,63.4000015258789,60.0299987792969,60.4900016784668,2508068,47.6974105834961
"2020-09-22",60.560001373291,61.4599990844727,60.2700004577637,60.5800018310547,1335710,47.7683753967285
"2020-09-23",61.2999992370605,62.5299987792969,60.5999984741211,60.9599990844727,1432762,48.0680122375488
"2020-09-24",60,61.3300018310547,59.8300018310547,60.6399993896484,1589221,47.8156852722168
"2020-09-25",60.5499992370605,60.6199989318848,58.7799987792969,59.060001373291,1428136,46.5698318481445
"2020-09-28",59.9700012207031,61.7299995422363,59.8300018310547,61.7299995422363,1666530,48.6751708984375
"2020-09-29",61.2099990844727,62.0699996948242,60.7299995422363,62,1409149,48.8880729675293
"2020-09-30",61.5,62.7000007629395,61.2000007629395,61.9900016784668,1485337,48.8801879882812
"2020-10-01",63.1100006103516,63.1100006103516,61.9900016784668,62.6599998474121,1376243,49.4084892272949
"2020-10-02",62.2000007629395,62.6399993896484,61.7299995422363,62.3600006103516,891578,49.1719360351562
"2020-10-05",63.25,64.379997253418,63.060001373291,64.0299987792969,1224129,50.4887542724609
"2020-10-06",63.9900016784668,65.5899963378906,63.810001373291,64.8499984741211,1654516,51.1353378295898
"2020-10-07",65,65.7600021362305,64.2300033569336,65.7399978637695,1467108,51.8371238708496
"2020-10-08",65.9000015258789,66.4100036621094,65.2799987792969,65.7200012207031,1309221,51.8213539123535
"2020-10-09",65.7699966430664,66.2600021362305,64.3000030517578,64.6999969482422,1254025,51.0170631408691
"2020-10-12",64.7300033569336,65.4499969482422,64.4100036621094,65.0899963378906,1019626,51.3245849609375
"2020-10-13",64.6900024414062,64.9400024414062,63.689998626709,64.25,1122504,50.6622352600098
"2020-10-14",64.370002746582,64.5500030517578,63.9000015258789,64.0800018310547,964688,50.5281829833984
"2020-10-15",62.689998626709,62.689998626709,60.9900016784668,62.1699981689453,1977291,49.0221138000488
"2020-10-16",63.2900009155273,63.5699996948242,62.3499984741211,63.1199989318848,1515264,49.7712059020996
"2020-10-19",63.2000007629395,63.9199981689453,62.7999992370605,63.6199989318848,1035903,50.1654663085938
"2020-10-20",63.5,64.2799987792969,62.4099998474121,64.0699996948242,1491163,50.5202980041504
"2020-10-21",64.7099990844727,64.9700012207031,63.560001373291,63.810001373291,1553620,50.3152847290039
"2020-10-22",63.4700012207031,64.3000030517578,62.060001373291,64.0100021362305,1218032,50.4729881286621
"2020-10-23",64,64.6600036621094,63.6300010681152,63.9300003051758,974170,50.4099082946777
"2020-10-26",62.8600006103516,64.120002746582,62.7799987792969,63.2099990844727,1118941,49.8421745300293
"2020-10-27",63.2299995422363,63.2900009155273,61.3400001525879,61.4700012207031,1839591,48.4701538085938
"2020-10-28",59.7299995422363,59.9599990844727,57.25,58.060001373291,3729376,45.7813110351562
"2020-10-29",57.8600006103516,58.9599990844727,57.5800018310547,58.3300018310547,1788596,45.994213104248
"2020-10-30",57.4000015258789,58.8699989318848,57.3699989318848,58.6800003051758,1564460,46.270191192627
"2020-11-02",59,60.1599998474121,58.1300010681152,59.6800003051758,1548483,47.058708190918
"2020-11-03",60.4000015258789,62.1199989318848,60.4000015258789,62.1199989318848,1655547,48.9826889038086
"2020-11-04",60.2200012207031,63.2799987792969,59.9199981689453,62.5200004577637,1934346,49.298095703125
"2020-11-05",63.25,64.7900009155273,62.8800010681152,64.7900009155273,2058301,51.0880355834961
"2020-11-06",64.5400009155273,64.8199996948242,63.1300010681152,63.5800018310547,1771124,50.1339263916016
"2020-11-09",64.7200012207031,69.0599975585938,64.5500030517578,67.629997253418,4097264,53.3274154663086
"2020-11-10",67.7600021362305,69.5400009155273,67.379997253418,69.5,3193087,54.8019523620605
"2020-11-11",69.5,70.879997253418,68.6399993896484,70.3399963378906,2169822,55.464298248291
"2020-11-12",69.4100036621094,70.870002746582,69.0999984741211,70.6999969482422,1975554,55.7481689453125
"2020-11-13",70.379997253418,71.1100006103516,70.1600036621094,70.7399978637695,1693385,55.7797050476074
"2020-11-16",71.25,73.6600036621094,71.1500015258789,72.7900009155273,2219047,57.396167755127
"2020-11-17",72.6399993896484,73.0800018310547,72.0199966430664,72.8499984741211,1234159,57.4434776306152
"2020-11-18",72.3399963378906,74,72.0999984741211,73.870002746582,1311194,58.2477645874023
"2020-11-19",73.2099990844727,74.0999984741211,73.0400009155273,74,1721623,58.3502769470215
"2020-11-20",74,74.4800033569336,73.3899993896484,74.1500015258789,1692504,58.4685554504395
"2020-11-23",73.9000015258789,74.5199966430664,73.5999984741211,73.8899993896484,1518466,58.2635307312012
"2020-11-24",74.8499984741211,76.6800003051758,74.5999984741211,76.6800003051758,1844609,60.4635009765625
"2020-11-25",77,77.3099975585938,74.6399993896484,75.4000015258789,1489748,59.4542007446289
"2020-11-26",75.3000030517578,75.3199996948242,73.6699981689453,74.129997253418,1215517,58.4527816772461
"2020-11-27",73.7699966430664,73.8099975585938,72.5999984741211,73.0899963378906,1699488,57.6327247619629
"2020-11-30",72.5100021362305,73.7600021362305,72.25,73.0400009155273,1921018,57.5932998657227
"2020-12-01",73.7399978637695,74.8899993896484,73.5,74.7799987792969,1367290,58.9653167724609
"2020-12-02",74.4000015258789,74.4000015258789,73.2900009155273,74.3300018310547,1004048,58.6104888916016
"2020-12-03",74.4400024414062,74.5800018310547,73.2900009155273,74.2900009155273,1219270,58.5789413452148
"2020-12-04",74,75,74,74.9499969482422,1130945,59.0993614196777
"2020-12-07",74.5,74.5100021362305,73.3099975585938,73.6999969482422,1128524,58.1137237548828
"2020-12-08",73,73.6999969482422,72.7900009155273,73.0100021362305,1217153,57.5696449279785
"2020-12-09",72.7300033569336,74.1500015258789,72.6100006103516,73.129997253418,1340551,57.6642608642578
"2020-12-10",73,73.4199981689453,71.0199966430664,71.3600006103516,1903460,56.2685890197754
"2020-12-11",71.0199966430664,71.4000015258789,69.9499969482422,70.5100021362305,2093004,55.5983543395996
"2020-12-14",71,72.7200012207031,70.75,71.9100036621094,1663325,56.702278137207
"2020-12-15",71.9499969482422,73.8600006103516,71.8199996948242,73.8600006103516,1962219,58.2398834228516
"2020-12-16",74.2699966430664,76.129997253418,74.129997253418,74.4300003051758,1974499,58.6893348693848
"2020-12-17",75.1500015258789,75.4199981689453,73.7799987792969,73.7799987792969,1581472,58.1767997741699
"2020-12-18",73.7900009155273,75.0599975585938,73.5599975585938,74.1900024414062,3039475,58.5000953674316
"2020-12-21",72.3399963378906,72.4199981689453,69.7300033569336,71.9700012207031,1896920,56.749584197998
"2020-12-22",72.5,72.9100036621094,71.9400024414062,72.0999984741211,739335,56.8520927429199
"2020-12-23",72.5100021362305,73.6600036621094,72.0100021362305,73.379997253418,981237,57.8613929748535
"2020-12-28",75.0500030517578,75.4700012207031,73.3499984741211,73.4899978637695,799942,57.9481315612793
"2020-12-29",74.1399993896484,74.3000030517578,72.6800003051758,73.1600036621094,786472,57.6879234313965
"2020-12-30",73,73.2300033569336,72.2300033569336,72.2300033569336,644923,56.9546012878418
"2021-01-04",73.0299987792969,73.5199966430664,71.2300033569336,71.8600006103516,1250834,56.6628494262695
"2021-01-05",71,72.0500030517578,70.3499984741211,70.8600006103516,1542690,55.8743324279785
"2021-01-06",71.4199981689453,72.4899978637695,70.4899978637695,70.9899978637695,1679300,55.9768333435059
"2021-01-07",71.129997253418,71.6999969482422,70.0100021362305,71.0199966430664,2156329,56.0004959106445
"2021-01-08",71.9599990844727,72,69.6399993896484,70.4899978637695,2128156,55.5825805664062
"2021-01-11",69.9000015258789,70.379997253418,68.5599975585938,69.3000030517578,1613495,54.6442451477051
"2021-01-12",69.129997253418,70.2399978637695,68.5100021362305,69.8399963378906,1554361,55.0700416564941
"2021-01-13",69.6900024414062,69.8600006103516,68.8499984741211,69.120002746582,1403891,54.5023155212402
"2021-01-14",69.0899963378906,70.5599975585938,69.0299987792969,69.7799987792969,1322126,55.0227317810059
"2021-01-15",69.0899963378906,70.379997253418,68.5199966430664,69.4100036621094,1945807,54.7309875488281
"2021-01-18",68.6100006103516,69.620002746582,68.4000015258789,69.4899978637695,964708,54.794059753418
"2021-01-19",69.8499984741211,70,68.2099990844727,68.3399963378906,1472535,53.887264251709
"2021-01-20",69,70.7900009155273,68.8199996948242,70.7900009155273,1533660,55.8191375732422
"2021-01-21",71.0599975585938,71.8099975585938,70.4000015258789,71.2799987792969,1273815,56.205509185791
"2021-01-22",70.4300003051758,72.120002746582,69.5699996948242,71.25,1716661,56.1818504333496
"2021-01-25",71.8000030517578,72.4400024414062,69.5599975585938,70.2099990844727,1582566,55.3617897033691
"2021-01-26",70.1600036621094,73.2099990844727,69.7799987792969,72.0800018310547,2034716,56.8363265991211
"2021-01-27",71.9400024414062,72.0299987792969,70.5,71.3099975585938,2044649,56.2291641235352
"2021-01-28",69.2799987792969,71.0800018310547,68.3600006103516,70.9100036621094,2072544,55.9137649536133
"2021-01-29",69.4000015258789,70.870002746582,69.0500030517578,70.0100021362305,1924221,55.2040939331055
"2021-02-01",70.8099975585938,70.9499969482422,69.5500030517578,69.879997253418,1139613,55.1015853881836
"2021-02-02",70.5,72.0800018310547,70.4899978637695,71.4100036621094,1510601,56.3080177307129
"2021-02-03",72.2900009155273,73.0500030517578,71.5699996948242,71.7300033569336,2092011,56.5603485107422
"2021-02-04",71.8499984741211,72.5400009155273,69.7600021362305,70.7699966430664,2440661,55.8033676147461
"2021-02-05",70.9199981689453,70.9199981689453,69.75,70.0500030517578,1999900,55.2356338500977
"2021-02-08",70.370002746582,70.9800033569336,69.8099975585938,69.8099975585938,1380555,55.04638671875
"2021-02-09",69.8000030517578,70.0899963378906,69.3000030517578,70.0899963378906,1210955,55.2671737670898
"2021-02-10",70.1600036621094,71.1399993896484,69.4100036621094,70,1257565,55.1962051391602
"2021-02-11",70.2300033569336,71.2099990844727,69.8000030517578,70.5800018310547,1074731,55.6535491943359
"2021-02-12",70.3899993896484,70.4000015258789,69.620002746582,70.25,815834,55.3933410644531
"2021-02-15",70.6500015258789,71.0400009155273,70.1699981689453,70.7600021362305,916016,55.795482635498
"2021-02-16",70.9599990844727,71.3099975585938,70.5699996948242,70.9199981689453,821717,55.9216384887695
"2021-02-17",70.8899993896484,71.379997253418,70.3399963378906,70.8600006103516,1229965,55.8743324279785
"2021-02-18",71.4700012207031,72.2200012207031,70.6999969482422,71.0299987792969,1410679,56.0083770751953
"2021-02-19",71.2600021362305,72,70.6600036621094,71.5800018310547,1210457,56.4420623779297
"2021-02-22",70.7799987792969,71.4300003051758,70.1999969482422,71.2699966430664,1065258,56.1976203918457
"2021-02-23",71.0899963378906,71.3399963378906,68.870002746582,69.3199996948242,1859119,54.6600112915039
"2021-02-24",69.1500015258789,70.5999984741211,68.9400024414062,70.3899993896484,1389110,55.5037307739258
"2021-02-25",70.75,72.4400024414062,70.6999969482422,71.5,1603942,56.378978729248
"2021-02-26",70.4800033569336,71.5500030517578,70.1800003051758,71.5,1502192,56.378978729248
"2021-03-01",72.0999984741211,72.5899963378906,71.5599975585938,72.0999984741211,1129798,56.8520927429199
"2021-03-02",72.0599975585938,72.9800033569336,72.0100021362305,72.5599975585938,1367788,57.2148094177246
"2021-03-03",73,76.0999984741211,73,76.0999984741211,2754934,60.0061569213867
"2021-03-04",75.8600006103516,76.6399993896484,75.1600036621094,76.2900009155273,1536791,60.1559829711914
"2021-03-05",76.2699966430664,76.7900009155273,75.0500030517578,75.6699981689453,1139049,59.6670913696289
"2021-03-08",76.5400009155273,79.8499984741211,76.5299987792969,79.6399993896484,2276793,62.7975120544434
"2021-03-09",79.6399993896484,80.4100036621094,78.4499969482422,79.5899963378906,1996142,62.7580833435059
"2021-03-10",79.6399993896484,81.3399963378906,79.5100021362305,81.3399963378906,2054239,64.1379852294922
"2021-03-11",81.5,81.5800018310547,78.5199966430664,78.5199966430664,2339736,61.9143753051758
"2021-03-12",77.4300003051758,77.5899963378906,76.1100006103516,77.4800033569336,1557579,61.0943145751953
"2021-03-15",77.8499984741211,78.9199981689453,77.7699966430664,77.8000030517578,1512597,61.3466453552246
"2021-03-16",78.370002746582,80.9899978637695,78.3499984741211,80.5,2736407,63.4756355285645
"2021-03-17",81.8099975585938,85.5299987792969,81.2799987792969,85.4599990844727,3793318,67.3866806030273
"2021-03-18",87,88.7799987792969,85.8300018310547,86.120002746582,3290237,67.9071044921875
"2021-03-19",84.8899993896484,85.0100021362305,82.3199996948242,82.4899978637695,4996797,65.0447845458984
"2021-03-22",82.5299987792969,85.0599975585938,82.2699966430664,84.6900024414062,1824370,66.7795181274414
"2021-03-23",84.2200012207031,85.25,83.3600006103516,83.4300003051758,1747435,65.7859878540039
"2021-03-24",81.9499969482422,83.2300033569336,81.2200012207031,82.5899963378906,2021024,65.1236343383789
"2021-03-25",81.9100036621094,83.5800018310547,81.5500030517578,83.5,1331719,65.841194152832
"2021-03-26",84.1399993896484,84.5,83.4700012207031,83.7900009155273,1423694,66.0698623657227
"2021-03-29",84.5,85.7099990844727,83.9599990844727,85.5999984741211,1633417,67.4970779418945
"2021-03-30",86,89.370002746582,85.8300018310547,88.8000030517578,1876880,70.0203323364258
"2021-03-31",88.6900024414062,89.4700012207031,87.6600036621094,88.4700012207031,1750689,69.7601165771484
"2021-04-01",89.5899963378906,90.0400009155273,88.2099990844727,88.6699981689453,1547922,69.9178237915039
"2021-04-06",89.5999984741211,90.6800003051758,89.4499969482422,89.5999984741211,1390616,70.6511383056641
"2021-04-07",89.6100006103516,90.5299987792969,88.629997253418,89.0699996948242,843541,70.2332305908203
"2021-04-08",89.9000015258789,90.0599975585938,87.2200012207031,88.1699981689453,1402345,69.523567199707
"2021-04-09",88.3600006103516,88.4499969482422,87.6900024414062,88,834685,69.3895111083984
"2021-04-12",89.1999969482422,89.3600006103516,88.3899993896484,88.9499969482422,1048397,70.1386108398438
"2021-04-13",88.9700012207031,89.5500030517578,88.3399963378906,88.3399963378906,1033147,69.6576156616211
"2021-04-14",88.0800018310547,88.0999984741211,86.9100036621094,87.2099990844727,1193472,68.7665863037109
"2021-04-15",87.4000015258789,87.9000015258789,87.1100006103516,87.4700012207031,937702,68.9716033935547
"2021-04-16",87.75,88.8600006103516,87.4700012207031,88.379997253418,2037121,69.6891479492188
"2021-04-19",88.9800033569336,89.1600036621094,87.6600036621094,87.6999969482422,918670,69.1529541015625
"2021-04-20",87.5299987792969,88.4300003051758,85.6999969482422,86.1800003051758,1712352,67.9544143676758
"2021-04-21",86.5,86.5599975585938,83.8099975585938,85.2099990844727,1800624,67.1895523071289
"2021-04-22",85.5400009155273,86.5800018310547,85.1500015258789,86.1800003051758,1104441,67.9544143676758
"2021-04-23",85.8399963378906,86.870002746582,85.4599990844727,86.3099975585938,997022,68.0569229125977
"2021-04-26",86.3499984741211,86.7900009155273,85.7900009155273,86.7900009155273,948496,68.4354095458984
"2021-04-27",86.6999969482422,86.6999969482422,85.3499984741211,86.2099990844727,642305,67.9780731201172
"2021-04-28",86.5500030517578,86.5500030517578,85.8899993896484,85.8899993896484,798454,67.7257461547852
"2021-04-29",85.7900009155273,85.8300018310547,83.0699996948242,83.8000030517578,1494900,66.0777435302734
"2021-04-30",84,84.9400024414062,83.3600006103516,83.4000015258789,1111553,65.7623443603516
"2021-05-03",83.8099975585938,84.5500030517578,83.5800018310547,84.129997253418,812468,66.3379516601562
"2021-05-04",84.3899993896484,84.5400009155273,81.6100006103516,81.8499984741211,1559872,64.5401306152344
"2021-05-05",82.0500030517578,83.1800003051758,81.379997253418,82.9700012207031,1631218,65.4232788085938
"2021-05-06",83.1100006103516,84.1699981689453,82.6999969482422,83.3899993896484,1111585,65.7544479370117
"2021-05-07",82.9800033569336,85.1699981689453,82.5,83.6399993896484,1393615,65.9515762329102
"2021-05-10",84.4199981689453,85.2300033569336,83.9800033569336,85.1800003051758,1018526,67.165901184082
"2021-05-11",84.25,84.6900024414062,83.3600006103516,84.2200012207031,1164796,66.4089279174805
"2021-05-12",84,84.75,83,84.4800033569336,1109062,66.6139297485352
"2021-05-13",82.370002746582,82.370002746582,79.7600021362305,81.8499984741211,1417327,66.0250701904297
"2021-05-14",82.9000015258789,83.7200012207031,81.6999969482422,83.6800003051758,1254941,67.5012588500977
"2021-05-17",83.8300018310547,85.0199966430664,83.8300018310547,84.6900024414062,1107537,68.3159790039062
"2021-05-18",85.4899978637695,86.2200012207031,83.9800033569336,85.0699996948242,1173807,68.6225128173828
"2021-05-19",84.1999969482422,84.5800018310547,82.8000030517578,83.6999969482422,1182500,67.5173873901367
"2021-05-20",84.4000015258789,84.6900024414062,83.3000030517578,84.6900024414062,1309342,68.3159790039062
"2021-05-21",85.5999984741211,86.2900009155273,84.9199981689453,85.3000030517578,1436621,68.8080520629883
"2021-05-25",86,86.6699981689453,85.4700012207031,85.7699966430664,1215260,69.1871795654297
"2021-05-26",86.2200012207031,86.5,85.25,86.3199996948242,840228,69.6308441162109
"2021-05-27",86.3399963378906,87.8099975585938,85.7200012207031,87.6800003051758,1633744,70.727897644043
"2021-05-28",87.8199996948242,87.9599990844727,87.1399993896484,87.2099990844727,970900,70.348762512207
"2021-05-31",86.4800033569336,87.2600021362305,86.3199996948242,86.6999969482422,607470,69.937370300293
"2021-06-01",87.6699981689453,89.3600006103516,87.6699981689453,89.0100021362305,1163996,71.8007507324219
"2021-06-02",89.2200012207031,90.6399993896484,88.8300018310547,90.3000030517578,1217637,72.8413467407227
"2021-06-03",90.5,94.1999969482422,90.370002746582,93.870002746582,1908125,75.7211227416992
"2021-06-04",94,95.3000030517578,93.6800003051758,94.4000015258789,1551957,76.1486511230469
"2021-06-07",94.7699966430664,95.8899993896484,94.1699981689453,95.8899993896484,1111346,77.3505630493164
"2021-06-08",95.870002746582,96,94.2200012207031,95.5199966430664,1282271,77.0521011352539
"2021-06-09",95.4000015258789,96.3899993896484,93.9599990844727,94.5999984741211,1109590,76.3099822998047
"2021-06-10",94.0999984741211,94.2699966430664,92.8399963378906,92.8499984741211,1300015,74.898323059082
"2021-06-11",93.1699981689453,94.8399963378906,92.7099990844727,94.7399978637695,941041,76.4229202270508
"2021-06-14",94.75,95.1699981689453,94.1900024414062,94.7900009155273,1093509,76.4632415771484
"2021-06-15",94.8600006103516,94.9100036621094,94.1399993896484,94.4100036621094,1248131,76.1567153930664
"2021-06-16",94.8600006103516,95.25,92.5199966430664,92.9800033569336,1348477,75.0031967163086
"2021-06-17",92.370002746582,94.1999969482422,91.4199981689453,93.2600021362305,1023587,75.2290649414062
"2021-06-18",93.2799987792969,93.5100021362305,90.5800018310547,90.9499969482422,2235417,73.3656692504883
"2021-06-21",89.7699966430664,93.2699966430664,89.370002746582,93.129997253418,1124341,75.1241836547852
"2021-06-22",93.6100006103516,93.6900024414062,92.5,92.9700012207031,862184,74.9951324462891
"2021-06-23",92.8199996948242,93.3399963378906,91.370002746582,91.370002746582,873245,73.7044677734375
"2021-06-24",92.120002746582,93.0299987792969,91.8099975585938,92.5299987792969,983289,74.6401977539062
"2021-06-25",92.379997253418,92.5299987792969,91.5400009155273,92.4000015258789,635959,74.5353240966797
"2021-06-28",92.0599975585938,92.3199996948242,90.5299987792969,90.7600021362305,902086,73.2124099731445
"2021-06-29",90.879997253418,92.0800018310547,90.8000030517578,91.2600021362305,972402,73.6157379150391
"2021-06-30",91.0500030517578,91.4000015258789,88.75,89.3099975585938,1609731,72.0427474975586
"2021-07-01",89.6699981689453,90.3600006103516,89.25,89.9700012207031,1102680,72.5751495361328
"2021-07-02",90.1999969482422,91.1500015258789,89.75,90.0899963378906,812888,72.6719436645508
"2021-07-05",89.8199996948242,90.0800018310547,88.9599990844727,89.4000015258789,595548,72.115348815918
"2021-07-06",89.3499984741211,89.3499984741211,85.7900009155273,86.0299987792969,1509146,69.3969116210938
"2021-07-07",86,87.129997253418,84.75,86.3000030517578,1304818,69.6147155761719
"2021-07-08",86.120002746582,86.120002746582,83.4599990844727,84.4700012207031,1435880,68.1385192871094
"2021-07-09",85.1999969482422,87.6800003051758,84.9300003051758,87.6800003051758,1339528,70.727897644043
"2021-07-12",87.6100006103516,89.1500015258789,86.8099975585938,88.8000030517578,1098697,71.6313552856445
"2021-07-13",89.3000030517578,89.4300003051758,87.6399993896484,88.1800003051758,856893,71.131233215332
"2021-07-14",87.8899993896484,89.2600021362305,87.5599975585938,88.5100021362305,768276,71.3974227905273
"2021-07-15",89.1900024414062,89.4899978637695,86.7399978637695,87.2799987792969,980301,70.4052276611328
"2021-07-16",87.8600006103516,87.9800033569336,85.4000015258789,85.5,1065522,68.9693756103516
"2021-07-19",85.3000030517578,85.370002746582,81.8000030517578,82.4400024414062,1660061,66.5009994506836
"2021-07-20",82.9100036621094,83.6399993896484,81.9100036621094,83,1212228,66.9527359008789
"2021-07-21",83.3300018310547,85.1800003051758,81.9400024414062,84.1399993896484,1134607,67.8723220825195
"2021-07-22",84.7799987792969,85.4700012207031,83.6699981689453,83.7600021362305,710635,67.5657958984375
"2021-07-23",84.1800003051758,86,84.1100006103516,85.5500030517578,811596,69.0097198486328
"2021-07-26",85,85.5899963378906,83.8499984741211,85.5199966430664,839394,68.9855117797852
"2021-07-27",84.8399963378906,84.8399963378906,83.3399963378906,83.879997253418,1037576,67.6625900268555
"2021-07-28",84.1399993896484,84.6100006103516,83.5100021362305,83.8000030517578,595391,67.5980606079102
"2021-07-29",84.0299987792969,85.1399993896484,83.5100021362305,85.0699996948242,677615,68.6225128173828
"2021-07-30",84.1900024414062,84.6999969482422,83.4300003051758,83.879997253418,1096073,67.6625900268555
"2021-08-02",84.8199996948242,86,84.4400024414062,84.9000015258789,1046991,68.4853820800781
"2021-08-03",82.6600036621094,82.8099975585938,80.2600021362305,80.5199966430664,2859568,64.9522094726562
"2021-08-04",81.4000015258789,82.1600036621094,80.8000030517578,81.4899978637695,1556191,65.7346725463867
"2021-08-05",81.3499984741211,81.7200012207031,80.4199981689453,81.1999969482422,1490844,65.5007400512695
"2021-08-06",80.9100036621094,82.5500030517578,80.7600021362305,82.120002746582,1009130,66.2428741455078
"2021-08-09",82.0299987792969,82.0699996948242,81.1699981689453,81.7099990844727,824264,65.9121475219727
"2021-08-10",81.7600021362305,82.1600036621094,81.5400009155273,81.8499984741211,646912,66.0250701904297
"2021-08-11",81.8600006103516,82.4800033569336,81.2099990844727,82.2900009155273,763165,66.3800048828125
"2021-08-12",82.4400024414062,83.4000015258789,82.0199966430664,83.3600006103516,971005,67.2431259155273
"2021-08-13",83.3499984741211,83.9000015258789,82.8099975585938,83.0899963378906,703805,67.0253295898438
"2021-08-16",82.1800003051758,82.5699996948242,81.25,81.4700012207031,849241,65.7185440063477
"2021-08-17",81,81.1999969482422,80.1900024414062,80.3499984741211,1033666,64.8150787353516
"2021-08-18",80.5199966430664,80.5199966430664,78.9400024414062,79.8499984741211,1366350,64.411750793457
"2021-08-19",77.3499984741211,78.4499969482422,77.0800018310547,77.4300003051758,1743934,62.4596405029297
"2021-08-20",77,77.0899963378906,75.4100036621094,76.9800033569336,1731505,62.0966415405273
"2021-08-23",78.2399978637695,78.4800033569336,76.5699996948242,76.8000030517578,1640966,61.9514427185059
"2021-08-24",77.1999969482422,78.9700012207031,76.9300003051758,78.4199981689453,1257941,63.2582321166992
"2021-08-25",78.3499984741211,78.9899978637695,77.4199981689453,78,812763,62.91943359375
"2021-08-26",77.25,78.2200012207031,76.6900024414062,77.9400024414062,1194444,62.8710403442383
"2021-08-27",78.2799987792969,78.4899978637695,77.3399963378906,78.2799987792969,743213,63.1452941894531
"2021-08-30",78.5999984741211,79.2399978637695,77.7799987792969,79.0500030517578,1169183,63.7664260864258
"2021-08-31",79.4800033569336,81.1800003051758,79.4400024414062,80.370002746582,2253954,64.8312149047852
"2021-09-01",81.3399963378906,81.5599975585938,79.1500015258789,79.4700012207031,1310032,64.105224609375
"2021-09-02",79.6900024414062,80,79.3000030517578,79.4199981689453,808924,64.0648880004883
"2021-09-03",79.9000015258789,80.3000030517578,79.0199966430664,79.4000015258789,1009621,64.0487594604492
"2021-09-06",79.5100021362305,80.3399963378906,79.4599990844727,79.8499984741211,588953,64.411750793457
"2021-09-07",79.9000015258789,80.9800033569336,79.8300018310547,80.4700012207031,1024387,64.9118881225586
"2021-09-08",80,80.0599975585938,78.2900009155273,78.6100006103516,1368573,63.4114952087402
"2021-09-09",78,79.0100021362305,77.7699966430664,78.6399993896484,1268472,63.4356956481934
"2021-09-10",78.5,79.5,78.120002746582,79.1500015258789,870239,63.847095489502
"2021-09-13",80,81.7900009155273,79.8899993896484,81.629997253418,1523795,65.8476028442383
"2021-09-14",81.7399978637695,83.0400009155273,81.5500030517578,82.1500015258789,1221496,66.2670669555664
"2021-09-15",82.0100021362305,83.4700012207031,81.9300003051758,83.0899963378906,1726674,67.0253295898438
"2021-09-16",83.4700012207031,83.7699966430664,82.0699996948242,82.0699996948242,1368105,66.2025375366211
"2021-09-17",82.8399963378906,83.0400009155273,80.0500030517578,80.3600006103516,3110288,64.8231430053711
"2021-09-20",78.5500030517578,78.8300018310547,76.5500030517578,77.8899993896484,2263689,62.8306999206543
"2021-09-21",78.5199966430664,79.870002746582,78.4800033569336,78.9199981689453,1281674,63.6615562438965
"2021-09-22",79.9000015258789,81.5800018310547,79.5199966430664,81.4599990844727,1232081,65.7104721069336
"2021-09-23",82.1500015258789,82.4100036621094,80.8000030517578,81.3499984741211,1331540,65.6217422485352
"2021-09-24",80.8199996948242,81.9899978637695,80,81.5899963378906,909760,65.8153381347656
"2021-09-27",82.3199996948242,82.9599990844727,82.1500015258789,82.6900024414062,1303448,66.7026672363281
"2021-09-28",82.9899978637695,84.8000030517578,82.5500030517578,82.6900024414062,1934260,66.7026672363281
"2021-09-29",83.5,84.8499984741211,83.120002746582,84.4700012207031,1600490,68.1385192871094
"2021-09-30",84.75,84.9000015258789,82.5899963378906,82.7600021362305,1558858,66.7591400146484
"2021-10-01",81.8199996948242,84.4700012207031,81.1500015258789,83.8300018310547,2064447,67.6222610473633
"2021-10-04",83.6800003051758,84.2900009155273,82.9300003051758,83.4199981689453,966428,67.2915267944336
"2021-10-05",83.5,83.8399963378906,82.6900024414062,83.7099990844727,942612,67.5254516601562
"2021-10-06",82.8099975585938,82.9100036621094,80.6399993896484,81.6100006103516,1710893,65.8314743041992
"2021-10-07",82.8199996948242,84.2399978637695,82.5599975585938,83.4499969482422,1418603,67.3157196044922
"2021-10-08",83.7799987792969,84.879997253418,83.6399993896484,84.6800003051758,1213523,68.3079147338867
"2021-10-11",84.3499984741211,86.6800003051758,84.1500015258789,86.5699996948242,1598749,69.8325042724609
"2021-10-12",86,87.0100021362305,85.6999969482422,86.5,1304012,69.7760314941406
"2021-10-13",86.5999984741211,87.5899963378906,85.6600036621094,85.8199996948242,1014845,69.2275085449219
"2021-10-14",86.6999969482422,87.0299987792969,86.120002746582,86.3600006103516,831858,69.6631088256836
"2021-10-15",86.6600036621094,87.75,86.4000015258789,87.5599975585938,1307758,70.6310958862305
"2021-10-18",87.4599990844727,87.8099975585938,85.9899978637695,86.370002746582,1022068,69.6711807250977
"2021-10-19",86.5999984741211,86.6600036621094,85.370002746582,85.4599990844727,1013245,68.9371109008789
"2021-10-20",85.120002746582,86.0400009155273,83.2600021362305,84.6699981689453,1537684,68.2998504638672
"2021-10-21",83.5,85.2900009155273,83.3600006103516,84.2399978637695,996665,67.9529876708984
"2021-10-22",84.3199996948242,86.1999969482422,84.0699996948242,85.6900024414062,971980,69.1226501464844
"2021-10-25",85.5800018310547,87.7300033569336,85.4599990844727,87.5400009155273,1491635,70.6149673461914
"2021-10-26",87.9000015258789,89.0100021362305,87.129997253418,88.4199981689453,1190398,71.324821472168
"2021-10-27",88.1500015258789,88.9599990844727,87.7200012207031,88.5500030517578,758432,71.4296951293945
"2021-10-28",87.8199996948242,88.0999984741211,87,87.3399963378906,865069,70.4536285400391
"2021-10-29",86.7699966430664,87.5100021362305,86.129997253418,87.2399978637695,1452431,70.3729629516602
"2021-11-01",87.4599990844727,88.8000030517578,87.4000015258789,88.2799987792969,968616,71.2118911743164
"2021-11-02",88.0800018310547,88.6399993896484,87.6900024414062,88.6399993896484,827849,71.5022888183594
"2021-11-03",88,90,87.3300018310547,89.9599990844727,1766650,72.5670852661133
"2021-11-04",90,91.4400024414062,89.2200012207031,89.9899978637695,1405533,72.5912780761719
"2021-11-05",89.8499984741211,92.3199996948242,89.6500015258789,91.8499984741211,1470209,74.091667175293
"2021-11-08",91.7300033569336,91.8099975585938,90.7600021362305,91.0899963378906,845001,73.4785995483398
"2021-11-09",91.3000030517578,91.5699996948242,90.3899993896484,90.6600036621094,903644,73.1317520141602
"2021-11-10",90.6699981689453,91.8199996948242,90.0599975585938,91.7600021362305,847559,74.0190734863281
"2021-11-11",91.7799987792969,92.5199966430664,91.5299987792969,92.3300018310547,993417,74.4788589477539
"2021-11-12",92.5,93.1399993896484,91.9199981689453,93.0199966430664,960929,75.0354537963867
"2021-11-15",92.9000015258789,93.7200012207031,92.7399978637695,93.4800033569336,862865,75.4065246582031
"2021-11-16",93.7600021362305,94.5699996948242,92.75,93.2099990844727,1018397,75.1887283325195
"2021-11-17",93.3600006103516,93.9899978637695,92.4400024414062,93.620002746582,822593,75.5194549560547
"2021-11-18",93.8300018310547,94.9800033569336,93.1800003051758,94.1999969482422,1141842,75.9873123168945
"2021-11-19",95,95.4400024414062,92.3600006103516,93.1999969482422,2007293,75.1806564331055
"2021-11-22",93.3199996948242,95.1999969482422,93.25,94.7799987792969,1208270,76.4551773071289
"2021-11-23",94,94.7600021362305,93.3899993896484,94.4400024414062,1204668,76.180908203125
"2021-11-24",94.2300033569336,94.8300018310547,91.8099975585938,92.4899978637695,1403839,74.6079330444336
"2021-11-25",92.8499984741211,93.0199966430664,90.7200012207031,91.129997253418,803234,73.510871887207
"2021-11-26",87.9800033569336,88.0699996948242,85.5100021362305,85.5100021362305,2597218,68.9774475097656
"2021-11-29",86,87.9800033569336,85.1699981689453,85.7799987792969,1759480,69.1952438354492
"2021-11-30",84.9499969482422,85.5999984741211,83.379997253418,84.9800033569336,2252523,68.549919128418
"2021-12-01",85.9899978637695,88.9199981689453,85.5800018310547,88.6399993896484,1482489,71.5022888183594
"2021-12-02",87.4700012207031,88.870002746582,87.0699996948242,88.4300003051758,1325406,71.332893371582
"2021-12-03",89.5299987792969,89.6100006103516,87.1399993896484,87.5,1385089,70.5827026367188
"2021-12-06",88.0299987792969,88.8000030517578,86.8199996948242,88.4199981689453,1100120,71.324821472168
"2021-12-07",88.4199981689453,88.4199981689453,88.4199981689453,88.4199981689453,0,71.324821472168
"2021-12-08",90.8499984741211,91.2099990844727,89.129997253418,91.129997253418,1338471,73.510871887207
"2021-12-09",91.4899978637695,91.870002746582,90,90.2200012207031,1050166,72.7768096923828
"2021-12-10",89.5299987792969,90.1900024414062,88.9499969482422,89.6600036621094,1415043,72.3250885009766
"2021-12-13",89.8000030517578,91.879997253418,89.5500030517578,89.879997253418,1086537,72.5025482177734
"2021-12-14",89.9800033569336,90.0400009155273,88.2200012207031,88.4000015258789,1116145,71.3086929321289
"2021-12-15",88.8899993896484,89.4100036621094,88.2300033569336,88.2699966430664,794212,71.2038269042969
"2021-12-16",89.75,90.3099975585938,89.2699966430664,89.6399993896484,1364574,72.308952331543
"2021-12-17",88.8300018310547,89.0500030517578,86.0899963378906,86.9199981689453,2735975,70.1148300170898
"2021-12-20",84.3600006103516,86.2300033569336,83.3600006103516,85.1900024414062,1455573,68.7193145751953
"2021-12-21",86.2600021362305,87.1399993896484,85.3600006103516,87.0899963378906,888690,70.2519683837891
"2021-12-22",87,87.4400024414062,86.0500030517578,87.4400024414062,624985,70.5343017578125
"2021-12-23",88,89.4599990844727,87.9800033569336,89.1699981689453,823550,71.929817199707
"2021-12-27",88.7200012207031,90.1100006103516,88.6100006103516,90,396304,72.5993499755859
"2021-12-28",90.0899963378906,90.6900024414062,89.75,89.9499969482422,442096,72.5590133666992
"2021-12-29",89.8899993896484,89.9700012207031,88.870002746582,89.1999969482422,419820,71.9540176391602
"2021-12-30",89.3899993896484,89.5,88.120002746582,88.4899978637695,598323,71.3812866210938
"2022-01-03",88.9100036621094,91.75,88.7399978637695,91.3300018310547,983398,73.6722030639648
"2022-01-04",91.8899993896484,94.2399978637695,91.1900024414062,94.1900024414062,1422271,75.979248046875
"2022-01-05",94.5,96.3899993896484,93.9400024414062,96.2399978637695,1828361,77.6328964233398
"2022-01-06",94.6999969482422,97.3199996948242,94.6100006103516,96.2200012207031,1229513,77.6167678833008
"2022-01-07",96,96.5299987792969,95.0199966430664,95.5999984741211,1193638,77.1166381835938
"2022-01-10",98.4899978637695,99.0400009155273,96.4300003051758,97.1999969482422,1896744,78.4072952270508
"2022-01-11",97.9899978637695,98.1999969482422,96.5599975585938,98.0199966430664,1238359,79.0687561035156
"2022-01-12",98.5999984741211,98.9300003051758,97.120002746582,97.4499969482422,954099,78.6089553833008
"2022-01-13",97.379997253418,99.3000030517578,97.2600021362305,99.0199966430664,1380823,79.8754119873047
"2022-01-14",98.8300018310547,100.419998168945,98.7200012207031,99.3199996948242,1257658,80.1174163818359
"2022-01-17",99.879997253418,100.059997558594,98.5500030517578,99.0199966430664,663785,79.8754119873047
"2022-01-18",98.370002746582,99.6699981689453,97.3399963378906,98.9400024414062,930784,79.8108825683594
"2022-01-19",98.3899993896484,99.3499984741211,97.5400009155273,97.8600006103516,1133756,78.9396896362305
"2022-01-20",96.6399993896484,98.0299987792969,95.8000030517578,96.8300018310547,1100542,78.1088333129883
"2022-01-21",95.1999969482422,95.5599975585938,93.9700012207031,95.5599975585938,1592557,77.0843734741211
"2022-01-24",95,96.4000015258789,90.8000030517578,91.4800033569336,2185251,73.793212890625
"2022-01-25",92.6500015258789,93.1999969482422,90.9400024414062,92.0800018310547,1307184,74.2771987915039
"2022-01-26",92.8399963378906,94.9100036621094,92.6900024414062,94.1699981689453,1274554,75.9631118774414
"2022-01-27",93.0100021362305,95.1600036621094,92.9100036621094,94,1295354,75.8259887695312
"2022-01-28",94,94.0299987792969,90.1900024414062,92.4000015258789,1830172,74.5353240966797
"2022-01-31",93.379997253418,93.7099990844727,92.1500015258789,92.9499969482422,1305196,74.9789962768555
"2022-02-01",93.2099990844727,94.3899993896484,93.0199966430664,94.2900009155273,1033421,76.0599212646484
"2022-02-02",94.5,94.8199996948242,93.4100036621094,93.6800003051758,890522,75.5678558349609
"2022-02-03",93.370002746582,94.6699981689453,93.2399978637695,93.7600021362305,1101439,75.6323852539062
"2022-02-04",94.3600006103516,94.3600006103516,89.0599975585938,89.6600036621094,1816267,72.3250885009766
"2022-02-07",90.2900009155273,90.9000015258789,89.8099975585938,89.8600006103516,1173288,72.4864120483398
"2022-02-08",89.7600021362305,91.870002746582,89.4199981689453,89.9100036621094,1229356,72.5267562866211
"2022-02-09",90.5999984741211,93.9499969482422,90.1999969482422,93.3300018310547,1579360,75.2855224609375
"2022-02-10",93.1100006103516,93.6500015258789,92.4400024414062,92.7699966430664,1206489,74.8337936401367
"2022-02-11",91.5899963378906,95.7300033569336,90.9700012207031,95.3000030517578,2746188,76.8746490478516
"2022-02-14",92.4199981689453,93.1100006103516,90.7900009155273,92.5899963378906,2148590,74.688591003418
"2022-02-15",92.4300003051758,94.9899978637695,91.9400024414062,94.9300003051758,1474671,76.576171875
"2022-02-16",94.9199981689453,96.0199966430664,93.3399963378906,94.0500030517578,1496583,75.8663177490234
"2022-02-17",94.7300033569336,97.2300033569336,94.5699996948242,95.9700012207031,1694067,77.4151000976562
"2022-02-18",96.3600006103516,97.5999984741211,94.9499969482422,95.379997253418,1551295,76.9391708374023
"2022-02-21",96.6100006103516,96.9300003051758,91.4899978637695,92.2900009155273,1644574,74.4465942382812
"2022-02-22",89.629997253418,92.3099975585938,89.4400024414062,90.9300003051758,2078619,73.3495407104492
"2022-02-23",91,93.8199996948242,90.9499969482422,91.620002746582,1489901,73.906135559082
"2022-02-24",87.25,88.870002746582,84.1500015258789,84.9899978637695,4257916,68.5579833984375
"2022-02-25",86.379997253418,88.1399993896484,84.129997253418,88.0199966430664,2682262,71.0021514892578
"2022-02-28",85.0400009155273,86.5599975585938,83.2200012207031,86.5599975585938,2667291,69.8244400024414
"2022-03-01",86.1600036621094,87.5,82.0699996948242,82.4899978637695,2383041,66.5413360595703
"2022-03-02",80.3300018310547,82.0699996948242,79.3099975585938,80.5599975585938,2638366,64.9844818115234
"2022-03-03",80.5999984741211,81.0100021362305,76.879997253418,77.5100021362305,2480550,62.524169921875
"2022-03-04",75.5999984741211,76.4800033569336,72.4899978637695,73.0999984741211,3819567,58.9668006896973
"2022-03-07",69.6600036621094,72.870002746582,67.5800018310547,70.5199966430664,4055547,56.8856163024902
"2022-03-08",69.3000030517578,73.1999969482422,68.8000030517578,71.0500030517578,3481540,57.3131561279297
"2022-03-09",74.0100021362305,76.25,72.4499969482422,76.1999969482422,3559897,61.4674453735352
"2022-03-10",76.2600021362305,76.7399978637695,70.2200012207031,72,4329263,58.079475402832
"2022-03-11",72.9199981689453,75.4599990844727,72,72.4199981689453,2873113,58.4182739257812
"2022-03-14",74.6399993896484,76.370002746582,73.9800033569336,74.4300003051758,2514991,60.0396575927734
"2022-03-15",73.629997253418,75.7799987792969,71.6999969482422,75.3199996948242,2601157,60.7575798034668
"2022-03-16",77.5400009155273,79.2799987792969,76.1800003051758,78.4000015258789,3188590,63.2420997619629
"2022-03-17",79.3399963378906,79.4000015258789,75.5100021362305,76.6699981689453,2207957,61.8465805053711
"2022-03-18",76.1999969482422,76.6600036621094,74.75,75.9000015258789,4736344,61.225456237793
"2022-03-21",76.2399978637695,77.9700012207031,75.7399978637695,77.4400024414062,1686583,62.4677047729492
"2022-03-22",78.3499984741211,79.7600021362305,77.3499984741211,79.0599975585938,1732509,63.7744941711426
"2022-03-23",80.3399963378906,80.8000030517578,77.8499984741211,78.2600021362305,1942435,63.1291656494141
"2022-03-24",78.3099975585938,79.0100021362305,77.3199996948242,78.4700012207031,1529917,63.2985687255859
"2022-03-25",78,78.4599990844727,77.1999969482422,77.8899993896484,1514673,62.8306999206543
"2022-03-28",78.0999984741211,79.9499969482422,78.0400009155273,78.2399978637695,1109020,63.1130294799805
"2022-03-29",79.8300018310547,83.4700012207031,79.1800003051758,82.629997253418,1967947,66.6542587280273
"2022-03-30",81.6999969482422,82.1600036621094,80.120002746582,80.2600021362305,1492559,64.7424926757812
"2022-03-31",81.3000030517578,81.7099990844727,78.4100036621094,78.5999984741211,1468453,63.4034233093262
"2022-04-01",78.5100021362305,80.129997253418,78.3399963378906,79,1064970,63.7260894775391
"2022-04-04",79.5999984741211,80.1699981689453,77.9700012207031,79.8499984741211,1100335,64.411750793457
"2022-04-05",79.7399978637695,80.620002746582,77.7900009155273,78.1800003051758,1523273,63.0646286010742
"2022-04-06",77.879997253418,78.0599975585938,74.8499984741211,76.3000030517578,1651158,61.5481224060059
"2022-04-07",76.5400009155273,77.9199981689453,75.6699981689453,75.6699981689453,1345977,61.039909362793
"2022-04-08",77.1999969482422,77.7300033569336,76.2600021362305,77,1113844,62.1127777099609
"2022-04-11",76.0999984741211,76.9300003051758,75.1100006103516,75.9899978637695,1246230,61.2980499267578
"2022-04-12",74.8499984741211,76.9700012207031,74.2799987792969,76.0899963378906,1364957,61.3787117004395
"2022-04-13",76,76.3000030517578,75.0400009155273,76.25,1062598,61.5077819824219
"2022-04-14",76.3600006103516,77.1600036621094,75.8199996948242,76.2399978637695,1418145,61.4997100830078
"2022-04-19",76.4599990844727,78.25,75.8899993896484,78.0199966430664,1477517,62.9355621337891
"2022-04-20",78.5400009155273,80.1900024414062,78.0899963378906,79.1999969482422,1100786,63.8874282836914
"2022-04-21",79.1999969482422,79.1999969482422,79.1999969482422,79.1999969482422,0,63.8874282836914
"2022-04-22",79.1999969482422,79.1999969482422,79.1999969482422,79.1999969482422,0,63.8874282836914
"2022-04-25",76.6999969482422,78.3099975585938,76.5,77.4700012207031,1594771,62.4919052124023
"2022-04-26",78.5599975585938,79.0100021362305,76.1900024414062,76.2699966430664,1785578,61.5239143371582
"2022-04-27",76.2699966430664,76.2699966430664,76.2699966430664,76.2699966430664,0,61.5239143371582
"2022-04-28",77.5,79.0800018310547,76.6999969482422,77.8000030517578,1185773,62.7581062316895
"2022-04-29",78.5800018310547,78.9700012207031,77.7699966430664,78.5100021362305,1337650,63.3308334350586
"2022-05-02",77.7399978637695,78.4499969482422,74.3600006103516,77.6399993896484,1840187,62.6290321350098
"2022-05-03",78.2099990844727,79.9800033569336,77.870002746582,79.9800033569336,1725794,64.5166168212891
"2022-05-04",80.2699966430664,80.6999969482422,79.4700012207031,79.4700012207031,1633643,64.105224609375
"2022-05-05",81.6500015258789,83,77.7699966430664,78.0299987792969,1964186,62.9436340332031
"2022-05-06",78.0299987792969,78.0299987792969,78.0299987792969,78.0299987792969,0,62.9436340332031
"2022-05-09",79.1999969482422,79.870002746582,77.620002746582,77.620002746582,1868370,62.6129035949707
"2022-05-10",78.9899978637695,79.7300033569336,78.0999984741211,78.2099990844727,1990542,63.0888290405273
"2022-05-11",79.0199966430664,82.7300033569336,78.5999984741211,82.2600021362305,3703499,66.3558044433594
"2022-05-12",75.5999984741211,76.120002746582,74.2600021362305,75.7799987792969,2884199,65.7656631469727
"2022-05-13",75.7799987792969,75.7799987792969,75.7799987792969,75.7799987792969,0,65.7656631469727
"2022-05-16",77.4300003051758,78.3399963378906,76.6399993896484,77.6600036621094,1135401,67.3972244262695
"2022-05-17",78.6500015258789,79.5,78.0599975585938,78.620002746582,1445814,68.2303619384766
"2022-05-18",78.9700012207031,79.6100006103516,78.0199966430664,78.0199966430664,1265657,67.7096405029297
"2022-05-19",76.5999984741211,77.8399963378906,75.5800018310547,77.8399963378906,1689928,67.5534286499023
"2022-05-20",78.6100006103516,79.1800003051758,77.2399978637695,77.4499969482422,1558143,67.2149658203125
"2022-05-23",78.6500015258789,78.8300018310547,77.0599975585938,78.2399978637695,1008391,67.9005737304688
"2022-05-24",77.3399963378906,78.5400009155273,77.2900009155273,77.7900009155273,1028206,67.5100402832031
"2022-05-25",77.7900009155273,77.7900009155273,77.7900009155273,77.7900009155273,0,67.5100402832031
"2022-05-26",79.1900024414062,80.4300003051758,78.5699996948242,80.25,1068788,69.6449508666992
"2022-05-27",80.25,80.25,80.25,80.25,0,69.6449508666992
"2022-05-30",80.25,80.25,80.25,80.25,0,69.6449508666992
"2022-05-31",81.3199996948242,81.6399993896484,80.1699981689453,80.629997253418,1807592,69.9747314453125
"2022-06-01",81.5299987792969,83.1800003051758,81.25,82.3300018310547,1608890,71.450080871582
"2022-06-02",82.3300018310547,82.3300018310547,82.3300018310547,82.3300018310547,0,71.450080871582
"2022-06-03",82.3300018310547,82.3300018310547,82.3300018310547,82.3300018310547,0,71.450080871582
"2022-06-06",83.6100006103516,84.0500030517578,82.6600036621094,83.5800018310547,731088,72.5348968505859
"2022-06-07",82.9100036621094,83.3600006103516,81.8399963378906,82.5899963378906,944549,71.6757202148438
"2022-06-08",82.6800003051758,84,82.620002746582,83.5,1226472,72.465461730957
"2022-06-09",83.4100036621094,83.4599990844727,81.8000030517578,82.6600036621094,1141726,71.7364730834961
"2022-06-10",81.9599990844727,82.2600021362305,80.1900024414062,80.5400009155273,1775652,69.8966293334961
"2022-06-13",78.7799987792969,79.6100006103516,77.3600006103516,77.9700012207031,1978341,67.6662521362305
"2022-06-14",78.8000030517578,78.8000030517578,76.9199981689453,77.6100006103516,1265598,67.3538284301758
"2022-06-15",78.879997253418,79.8899993896484,78.5100021362305,79.5400009155273,1659645,69.0287780761719
"2022-06-16",79.4499969482422,79.4599990844727,76.5400009155273,77.1500015258789,1558157,66.9546203613281
"2022-06-17",77.6699981689453,78.1699981689453,76.3499984741211,77.5999984741211,3402960,67.3451461791992
"2022-06-20",78,78.8000030517578,77.2099990844727,78.7200012207031,822033,68.317138671875
"2022-06-21",79.129997253418,80.5299987792969,78.9199981689453,79.6600036621094,969834,69.132926940918
"2022-06-22",78.120002746582,78.8399963378906,77.0100021362305,78.1600036621094,1380068,67.8311462402344
"2022-06-23",78.0500030517578,78.4499969482422,74.9000015258789,74.9000015258789,1828040,65.001953125
"2022-06-24",75.2699966430664,75.3300018310547,72.5699996948242,74.9400024414062,1725586,65.0366744995117
"2022-06-27",75.6100006103516,77.2900009155273,75.2099990844727,75.7300033569336,1156996,65.7222747802734
"2022-06-28",76.629997253418,77.7399978637695,76.3399963378906,76.4800033569336,1016528,66.373161315918
"2022-06-29",75,75.629997253418,73.9300003051758,74.5199966430664,1436429,64.6721725463867
"2022-06-30",73.2200012207031,73.7799987792969,70.5699996948242,73.4599990844727,2801023,63.752254486084
"2022-07-01",72.8600006103516,74.0500030517578,72.1500015258789,73.7600021362305,1375303,64.0126113891602
"2022-07-04",74.4700012207031,74.5699996948242,72.2799987792969,72.7900009155273,899823,63.1707916259766
"2022-07-05",73.3099975585938,73.5400009155273,71.2200012207031,71.5,2140020,62.0512619018555
"2022-07-06",72.25,72.9000015258789,71.3099975585938,71.370002746582,1429700,61.9384498596191
"2022-07-07",72.5500030517578,75.370002746582,72.4199981689453,74.7799987792969,1872773,64.8978118896484
"2022-07-08",74.1500015258789,76.6900024414062,73.5999984741211,76.0400009155273,1784342,65.9913101196289
"2022-07-11",74.1500015258789,75.2900009155273,73.6100006103516,73.7900009155273,1212743,64.0386428833008
"2022-07-12",73.7900009155273,73.7900009155273,73.7900009155273,73.7900009155273,0,64.0386428833008
"2022-07-13",73.7200012207031,73.7200012207031,72.0100021362305,72.4599990844727,1425644,62.8843994140625
"2022-07-14",72.9899978637695,74.129997253418,71.3499984741211,72.2200012207031,1556778,62.6761207580566
"2022-07-15",72.5299987792969,75.120002746582,72.0500030517578,75.120002746582,1766983,65.1928863525391
"2022-07-18",75.3000030517578,76.5400009155273,74.870002746582,76,966822,65.9565887451172
"2022-07-19",75.4499969482422,79.379997253418,75.0599975585938,78.129997253418,1382168,67.8051071166992
"2022-07-20",78.129997253418,78.5999984741211,76.0400009155273,77.5299987792969,1193454,67.2844009399414
"2022-07-21",77.2099990844727,78.3000030517578,75.9300003051758,76.8899993896484,1072416,66.7289733886719
"2022-07-22",76.7099990844727,77.5800018310547,76.2900009155273,77.0999984741211,939952,66.9112243652344
"2022-07-25",76.9899978637695,78.5800018310547,76.5,77.9700012207031,1002253,67.6662521362305
"2022-07-26",77.6100006103516,77.6900024414062,75.4400024414062,76.0800018310547,1270931,66.0260238647461
"2022-07-27",76.5,76.9800033569336,76.0599975585938,76.5800018310547,825396,66.4599456787109
"2022-07-28",77.2200012207031,78.4300003051758,77.2099990844727,78.4300003051758,1131025,68.0654678344727
"2022-07-29",78.8899993896484,79.8099975585938,78.4599990844727,79.4800033569336,1183673,68.9767150878906
"2022-08-01",79.9300003051758,80.7600021362305,79.5899963378906,79.8899993896484,889242,69.3325271606445
"2022-08-02",79.4300003051758,81.129997253418,78.9300003051758,81.0800018310547,1238271,70.3652725219727
"2022-08-03",78.9300003051758,79,75.4599990844727,76.5699996948242,3479341,66.4512634277344
"2022-08-04",77.3399963378906,78.1100006103516,75.9599990844727,76.2699966430664,1768831,66.1909103393555
"2022-08-05",75.8399963378906,77.2399978637695,75.5599975585938,76.6100006103516,1460610,66.4859771728516
"2022-08-08",77.0899963378906,78.0999984741211,76.9100036621094,78.0999984741211,969376,67.7790756225586
"2022-08-09",78,78.3600006103516,76.9300003051758,77.0899963378906,1044979,66.9025421142578
"2022-08-10",76.9000015258789,78.1500015258789,76.6500015258789,77.9899978637695,932542,67.6836090087891
"2022-08-11",78.4000015258789,78.4000015258789,77.0199966430664,77.7099990844727,824938,67.4406127929688
"2022-08-12",78.2399978637695,78.870002746582,77.9300003051758,78.5500030517578,908982,68.1696090698242
"2022-08-15",78.8099975585938,78.9199981689453,77.3600006103516,78.120002746582,648587,67.7964324951172
"2022-08-16",78.3600006103516,79.2799987792969,78.3000030517578,79.25,882430,68.7771072387695
"2022-08-17",79.4000015258789,79.620002746582,77.2900009155273,77.2900009155273,1123389,67.0761184692383
"2022-08-18",77.6999969482422,78.5899963378906,77.5400009155273,77.8899993896484,801264,67.5968322753906
"2022-08-19",77.3000030517578,77.5299987792969,75.6900024414062,75.8099975585938,1726184,65.7916946411133
"2022-08-22",75.379997253418,75.629997253418,73,73.0199966430664,1712957,63.3703994750977
"2022-08-23",72.8199996948242,74.75,72.6900024414062,74.5199966430664,1383035,64.6721725463867
"2022-08-24",73.9400024414062,74.6600036621094,73.4300003051758,74.1399993896484,966562,64.3423919677734
"2022-08-25",74.9100036621094,75.120002746582,73.7799987792969,74.4700012207031,734876,64.6287841796875
"2022-08-26",74.7900009155273,75.3399963378906,72.9899978637695,73.120002746582,1575240,63.4571838378906
"2022-08-29",72.629997253418,73.7600021362305,72.0599975585938,73.5100021362305,1128919,63.7956504821777
"2022-08-30",73.8300018310547,75.25,73.379997253418,73.8099975585938,1004060,64.0559997558594
"2022-08-31",74.5500030517578,75.0899963378906,73.2799987792969,73.4700012207031,1477983,63.760929107666
"2022-09-01",72.9000015258789,73.1500015258789,72.0800018310547,72.8099975585938,1208840,63.1881523132324
"2022-09-02",73.6999969482422,75.4100036621094,72.9599990844727,75.1100006103516,1267300,65.1842041015625
"2022-09-05",72.3499984741211,73.129997253418,72.0400009155273,72.4400024414062,1731330,62.8670463562012
"2022-09-06",72.6999969482422,73.9700012207031,72.5400009155273,72.8199996948242,1607465,63.1968269348145
"2022-09-07",72.0999984741211,74.370002746582,72.0999984741211,74.0699996948242,1083337,64.2816390991211
"2022-09-08",74.1399993896484,74.4400024414062,72.2399978637695,72.9499969482422,1076804,63.3096504211426
"2022-09-09",73.0899963378906,74.7600021362305,73.0599975585938,73.5100021362305,1288559,63.7956504821777
"2022-09-12",74.2099990844727,75.9899978637695,74.2099990844727,75.7799987792969,1712412,65.7656631469727
"2022-09-13",75.879997253418,76.7200012207031,74.6600036621094,74.8600006103516,1105326,64.9672393798828
"2022-09-14",74.5999984741211,75.2600021362305,73.879997253418,74.6500015258789,1236289,64.7849960327148
"2022-09-15",74.9700012207031,75.5,73.8600006103516,74.6800003051758,953732,64.8110275268555
"2022-09-16",73.9400024414062,74.5100021362305,72.75,74.3899993896484,2297547,64.5593490600586
"2022-09-19",74.5400009155273,76.0899963378906,73.8300018310547,75.6999969482422,857539,65.6962280273438
"2022-09-20",75.8399963378906,76.8399963378906,74.5699996948242,75.0699996948242,1112949,65.1494903564453
"2022-09-21",74.3000030517578,75.3099975585938,73.4599990844727,75.25,764182,65.3057022094727
"2022-09-22",73.9700012207031,75.0500030517578,73.629997253418,74.1699981689453,1008044,64.3684234619141
"2022-09-23",74.25,74.25,71.120002746582,71.379997253418,1859501,61.9471244812012
"2022-09-26",70.879997253418,73.25,70.5899963378906,72.1600036621094,1293187,62.6240501403809
"2022-09-27",73.1600036621094,73.6600036621094,71.5400009155273,71.7600021362305,1268460,62.2769088745117
"2022-09-28",70.8499984741211,71.9599990844727,70.25,71.5800018310547,1543235,62.1206970214844
"2022-09-29",71.8000030517578,71.8199996948242,68.4400024414062,69.129997253418,2356566,59.9944610595703
"2022-09-30",69.8300018310547,70.5100021362305,68.7799987792969,69.9899978637695,1693045,60.7408103942871
"2022-10-03",69.5899963378906,71.1399993896484,68.6100006103516,70.7300033569336,1062248,61.3830223083496
"2022-10-04",72,73.0100021362305,71.5999984741211,72.8499984741211,1105266,63.2228622436523
"2022-10-05",72.5899963378906,72.5899963378906,70.6399993896484,71.4700012207031,1540008,62.0252342224121
"2022-10-06",72.120002746582,72.9499969482422,71.6100006103516,71.9700012207031,913379,62.459156036377
"2022-10-07",71.7799987792969,72.6699981689453,71.4700012207031,71.6999969482422,745376,62.2248344421387
"2022-10-10",70.5999984741211,72.9800033569336,70.5500030517578,72.0299987792969,1402943,62.5112266540527
"2022-10-11",71.6100006103516,72.379997253418,70.3000030517578,72.379997253418,1175295,62.8149719238281
"2022-10-12",72.3399963378906,73.3399963378906,71.4300003051758,73.1699981689453,1188223,63.5005722045898
"2022-10-13",72.879997253418,74.5100021362305,72.1900024414062,74.2399978637695,1410582,64.4291687011719
"2022-10-14",75.5599975585938,76.0500030517578,74.4199981689453,75.0199966430664,1123755,65.1060943603516
"2022-10-17",75.1100006103516,76.9899978637695,74.8000030517578,76.5299987792969,957252,66.4165496826172
"2022-10-18",77,78.8600006103516,76.5,77.620002746582,1347975,67.3625106811523
"2022-10-19",78.2600021362305,78.6399993896484,77.1500015258789,77.6600036621094,924802,67.3972244262695
"2022-10-20",77.5,78.4000015258789,76.8300018310547,77.5299987792969,1016645,67.2844009399414
"2022-10-21",77,77.5999984741211,76.3300018310547,77.4300003051758,1618320,67.1976165771484
"2022-10-24",77.9899978637695,78.6600036621094,75.7399978637695,77.9100036621094,1458093,67.6141891479492
"2022-10-25",78.4000015258789,78.8399963378906,77.2699966430664,78.2200012207031,1075479,67.8832244873047
"2022-10-26",78.2200012207031,79.1399993896484,77.5299987792969,79.0699996948242,995479,68.6208877563477
"2022-10-27",79.1100006103516,79.879997253418,78.7099990844727,79.5699996948242,899804,69.054817199707
"2022-10-28",78.5400009155273,79.7300033569336,78.120002746582,79.5599975585938,922600,69.0461273193359
"2022-10-31",79.5299987792969,79.9400024414062,78.8399963378906,79.5199966430664,863920,69.0114212036133
"2022-11-01",79.9800033569336,81.120002746582,79.8000030517578,80.2799987792969,902999,69.6709899902344
"2022-11-02",80.5100021362305,80.870002746582,79.5199966430664,80.2399978637695,1157247,69.6362686157227
"2022-11-03",78.3099975585938,78.5,75.0599975585938,76.5,2132408,66.3905181884766
"2022-11-04",76.8899993896484,80.0400009155273,76.2200012207031,79.8000030517578,1569808,69.2544250488281
"2022-11-07",79.5299987792969,81.1399993896484,79.2099990844727,81.0299987792969,1351929,70.3218765258789
"2022-11-08",81,81.1900024414062,80.3899993896484,80.4899978637695,1326961,69.8532333374023
"2022-11-09",80.7900009155273,80.870002746582,79.370002746582,80.25,1161232,69.6449508666992
"2022-11-10",80,83.3000030517578,79.9000015258789,82.8499984741211,1726552,71.9013595581055
"2022-11-11",83.7300033569336,84.3300018310547,83.2600021362305,84.2399978637695,1457198,73.1076736450195
"2022-11-14",84.7600021362305,85.8399963378906,84.129997253418,85.0299987792969,934839,73.7932739257812
"2022-11-15",85.2699966430664,85.4400024414062,84.3000030517578,85.1800003051758,1169537,73.923454284668
"2022-11-16",84.9400024414062,85,81.3600006103516,82.5299987792969,1654373,71.623649597168
"2022-11-17",83,83.5199966430664,81.5299987792969,82.2699966430664,938764,71.3980102539062
"2022-11-18",82.7699966430664,84.1900024414062,82.6900024414062,84.1500015258789,1502840,73.0295639038086
"2022-11-21",83.9100036621094,84.3000030517578,83.5299987792969,83.5999984741211,686990,72.55224609375
"2022-11-22",83.4400024414062,84.4100036621094,82.9400024414062,84.0999984741211,770553,72.9861755371094
"2022-11-23",84.3399963378906,84.4000015258789,82.8000030517578,83.7699966430664,780003,72.6997833251953
"2022-11-24",84.3000030517578,84.8199996948242,83.7799987792969,84.0100021362305,849772,72.9080657958984
"2022-11-25",84.5199966430664,84.5199966430664,83.5100021362305,83.9599990844727,933054,72.8646774291992
"2022-11-28",83.2699966430664,83.6999969482422,83.0400009155273,83.4400024414062,1222091,72.4133987426758
"2022-11-29",83.8300018310547,84.9899978637695,83.370002746582,84.75,1274432,73.5502777099609
"2022-11-30",85,86.370002746582,84.8000030517578,86.3099975585938,2224421,74.9041213989258
"2022-12-01",86.620002746582,86.7099990844727,84.4199981689453,85.1399993896484,1084490,73.8887329101562
"2022-12-02",84.8899993896484,85.9499969482422,84.629997253418,85.2600021362305,921996,73.9928817749023
"2022-12-05",85.3099975585938,86.0599975585938,85.0400009155273,85.8600006103516,870971,74.5135955810547
"2022-12-06",85.6500015258789,86.0500030517578,84.9100036621094,85.1900024414062,766946,73.93212890625
"2022-12-07",84.9000015258789,85.7900009155273,84.3600006103516,84.5599975585938,1024766,73.385383605957
"2022-12-08",82.9499969482422,83.6900024414062,82.4000015258789,82.9599990844727,2234059,71.996826171875
"2022-12-09",83.3199996948242,84.7799987792969,82.8000030517578,84.5400009155273,1020500,73.3680267333984
"2022-12-12",84.3099975585938,84.5999984741211,83.8000030517578,84.4300003051758,836876,73.2725677490234
"2022-12-13",84.7600021362305,86.25,83.7300033569336,84.0100021362305,1321576,72.9080657958984
"2022-12-14",83.8000030517578,84.4400024414062,83.5100021362305,83.8499984741211,1131896,72.7692108154297
"2022-12-15",83.3099975585938,83.9000015258789,82.4100036621094,82.8000030517578,1648528,71.8579711914062
"2022-12-16",82.7900009155273,83.5,82.1600036621094,82.620002746582,2832220,71.7017593383789
"2022-12-19",82.9700012207031,83.9599990844727,82.9199981689453,83.620002746582,908154,72.5696105957031
"2022-12-20",83.1399993896484,83.5999984741211,82.6999969482422,83.3499984741211,915769,72.3352890014648
"2022-12-21",83.5100021362305,84.3300018310547,82.9400024414062,84.1500015258789,764068,73.0295639038086
"2022-12-22",84.370002746582,84.5599975585938,82.9400024414062,83.3000030517578,1129869,72.2919006347656
"2022-12-23",83.3600006103516,84.0299987792969,83.0800018310547,83.5,432251,72.465461730957
"2022-12-27",84.0500030517578,84.3499984741211,83.5,83.6500015258789,358295,72.5956420898438
"2022-12-28",84,84,82.9899978637695,83.2600021362305,642514,72.2571792602539
"2022-12-29",82.9599990844727,84.0699996948242,82.9400024414062,83.8300018310547,466540,72.7518539428711
"2022-12-30",83.5500030517578,83.7900009155273,83.2399978637695,83.379997253418,532248,72.3613204956055
"2023-01-02",83.5999984741211,85.9199981689453,83.5999984741211,85.8000030517578,789996,74.4615249633789
"2023-01-03",85.9899978637695,87.1800003051758,85.7099990844727,85.8300018310547,862444,74.4875564575195
"2023-01-04",86.0500030517578,87.9800033569336,86.0100021362305,87.879997253418,1054287,76.2666397094727
"2023-01-05",88,89.2799987792969,87.5599975585938,88.9499969482422,960298,77.1952438354492
"2023-01-06",88.8499984741211,89.7099990844727,87.0800018310547,89.5299987792969,944058,77.698600769043
"2023-01-09",89.8399963378906,90.4100036621094,89.4800033569336,89.9800033569336,959129,78.0891342163086
"2023-01-10",90.1399993896484,90.9499969482422,89.8399963378906,90.5199966430664,1263650,78.5577697753906
"2023-01-11",90.6999969482422,91.7799987792969,90.3300018310547,91.7799987792969,1303118,79.6512603759766
"2023-01-12",91.9499969482422,93.3600006103516,91.6399993896484,93.2200012207031,1550323,80.9009628295898
"2023-01-13",92.4899978637695,92.4899978637695,90.7300033569336,91.7399978637695,1701596,79.6165466308594
"2023-01-16",91.9899978637695,92.2200012207031,91.3099975585938,91.8399963378906,481523,79.7033309936523
"2023-01-17",91.9899978637695,92.5599975585938,90.5199966430664,91.9800033569336,1224348,79.8248291015625
"2023-01-18",91.6399993896484,92.1500015258789,91.129997253418,91.4300003051758,826430,79.3475189208984
"2023-01-19",90.6800003051758,90.9700012207031,89.5800018310547,90.0199966430664,1434384,78.1238403320312
"2023-01-20",90,90.6600036621094,89.3199996948242,89.9700012207031,1219938,78.080451965332
"2023-01-23",90.3099975585938,91.6800003051758,90.0199966430664,91.5299987792969,779097,79.4343032836914
"2023-01-24",91.7600021362305,91.9800033569336,90.8899993896484,91.7900009155273,781646,79.6599349975586
"2023-01-25",91.5100021362305,91.9499969482422,91.0999984741211,91.7900009155273,816744,79.6599349975586
"2023-01-26",92.2600021362305,92.5599975585938,91.8899993896484,92.3499984741211,956741,80.1459350585938
"2023-01-27",92.3499984741211,92.3499984741211,92.3499984741211,92.3499984741211,0,80.1459350585938
"2023-01-30",91.4700012207031,92.5,91.3199996948242,91.4800033569336,1404194,79.3909149169922
"2023-01-31",91.5299987792969,93.2399978637695,91.129997253418,93.2300033569336,1503395,80.9096450805664
"2023-02-01",93.9199981689453,95.2699966430664,93.0599975585938,95.2699966430664,1585474,82.6800537109375
"2023-02-02",95.0800018310547,98.4899978637695,94.5800018310547,97.7900009155273,1947245,84.8670349121094
"2023-02-03",97.0899963378906,97.9599990844727,96.5,97.5800018310547,1797070,84.6847915649414
"2023-02-06",97.1100006103516,98.0199966430664,96.2200012207031,97.0599975585938,962405,84.233512878418
"2023-02-07",97.2600021362305,97.9700012207031,96.7799987792969,97.4000015258789,937028,84.5285797119141
"2023-02-08",97.5,98.4700012207031,96.5500030517578,97.5699996948242,907809,84.6761169433594
"2023-02-09",98.0899963378906,99.4599990844727,97.9899978637695,99.4599990844727,1272174,86.3163452148438
"2023-02-10",99.2600021362305,99.4899978637695,97.4199981689453,97.7699966430664,1088196,84.8496780395508
"2023-02-13",98.3000030517578,98.8300018310547,97.6100006103516,97.6100006103516,788382,84.710823059082
"2023-02-14",97.9499969482422,98.5199966430664,97.4000015258789,97.7399978637695,977868,84.8236465454102
"2023-02-15",97.7600021362305,99.2300033569336,97.629997253418,99.1800003051758,839076,86.0733489990234
"2023-02-16",99.5999984741211,99.9700012207031,98.2900009155273,99.2399978637695,932204,86.1254196166992
"2023-02-17",99.0999984741211,99.9100036621094,98.6999969482422,99.75,1523028,86.5680236816406
"2023-02-20",99.9199981689453,100.519996643066,99.620002746582,99.6699981689453,587365,86.4985961914062
"2023-02-21",99.5899963378906,99.6699981689453,97.9700012207031,98.6999969482422,797867,85.6567840576172
"2023-02-22",98.3000030517578,98.75,97.6600036621094,98.4300003051758,787095,85.4224624633789
"2023-02-23",98.7099990844727,100.040000915527,98.5299987792969,99.6500015258789,805804,86.4812393188477
"2023-02-24",99.8600006103516,99.9199981689453,97.1900024414062,97.1900024414062,2055368,84.3463287353516
"2023-02-27",98.3399963378906,98.8399963378906,97.8499984741211,98.1600036621094,801424,85.1881484985352
"2023-02-28",97.9499969482422,98.7399978637695,97.0100021362305,97.75,1186020,84.8323287963867
"2023-03-01",98.2900009155273,100.620002746582,98.2200012207031,99.3399963378906,1213269,86.2122039794922
"2023-03-02",98.8899993896484,99.3499984741211,97.5899963378906,99.3499984741211,839282,86.2208862304688
"2023-03-03",99.5,102.019996643066,99.3499984741211,101.480003356934,1383102,88.0694122314453
"2023-03-06",101.419998168945,101.900001525879,100.959999084473,101.459999084473,645344,88.0520477294922
"2023-03-07",101.400001525879,101.699996948242,100.800003051758,101,824731,87.65283203125
"2023-03-08",100.76000213623,101.680000305176,100.419998168945,100.959999084473,928097,87.6181259155273
"2023-03-09",102.180000305176,103.699996948242,97.25,99.5299987792969,2224785,86.3770980834961
"2023-03-10",96.0400009155273,98.3300018310547,96,98.3300018310547,1638110,85.3356781005859
"2023-03-13",97.8399963378906,98.0800018310547,93.7699966430664,94.6399993896484,1719463,82.1333160400391
"2023-03-14",94.6500015258789,95.870002746582,93.3000030517578,95.5999984741211,1738945,82.9664459228516
"2023-03-15",96.1100006103516,97.1999969482422,92.5400009155273,94.6900024414062,2138658,82.1767120361328
"2023-03-16",96.25,96.4499969482422,93.9100036621094,95.7699966430664,1608880,83.1139831542969
"2023-03-17",95.7600021362305,97.3099975585938,93.8300018310547,94.8499984741211,4501926,82.315559387207
"2023-03-20",94.8499984741211,96.129997253418,92.370002746582,95.6100006103516,1152161,82.9751281738281
"2023-03-21",96.9000015258789,97.8000030517578,96.7300033569336,97.3399963378906,937647,84.4765090942383
"2023-03-22",97.3899993896484,98.9800033569336,97.25,98.1999969482422,886724,85.2228546142578
"2023-03-23",98.1999969482422,99.0400009155273,96.879997253418,98.8300018310547,804672,85.7696075439453
"2023-03-24",98.629997253418,98.629997253418,96.2799987792969,97.7600021362305,1434754,84.8410110473633
"2023-03-27",98.879997253418,99.4700012207031,97.8199996948242,98.6500015258789,859592,85.613395690918
"2023-03-28",99.4899978637695,99.8399963378906,98.5800018310547,98.7900009155273,679684,85.7348937988281
"2023-03-29",98.6999969482422,99.129997253418,97.629997253418,98.9300003051758,960170,85.8563919067383
"2023-03-30",99.1699981689453,100.800003051758,99.1399993896484,100.680000305176,886548,87.3751220703125
"2023-03-31",101,101.23999786377,100.300003051758,100.940002441406,1132092,87.6007690429688
"2023-04-03",101,101.559997558594,100.620002746582,100.73999786377,691778,87.4271926879883
"2023-04-04",101.180000305176,102.879997253418,101.180000305176,101.339996337891,1032944,87.9479064941406
"2023-04-05",101.5,101.800003051758,98.7200012207031,99.0899963378906,1344540,85.9952392578125
"2023-04-06",98.5,99.0999984741211,97.7300033569336,98.620002746582,1060245,85.5873565673828
"2023-04-11",99.6900024414062,101.059997558594,99.6900024414062,100.919998168945,1157523,87.5834121704102
"2023-04-12",101.199996948242,103.480003356934,101.139999389648,102.680000305176,1028050,89.1108245849609
"2023-04-13",102.580001831055,103.220001220703,101.819999694824,102.319999694824,849011,88.7984008789062
"2023-04-14",102.900001525879,104.180000305176,102.639999389648,103.680000305176,846092,89.9786758422852
"2023-04-17",104.059997558594,104.480003356934,102.23999786377,103.199996948242,1061528,89.5621032714844
"2023-04-18",103.5,104.339996337891,103.099998474121,104.099998474121,980641,90.3431701660156
"2023-04-19",103.919998168945,104.040000915527,102.879997253418,103.779998779297,677742,90.0654602050781
"2023-04-20",103.400001525879,103.400001525879,98.9400024414062,100.019996643066,2036663,86.8023376464844
"2023-04-21",100.519996643066,101.26000213623,99.379997253418,100.599998474121,1280574,87.3056945800781
"2023-04-24",100.660003662109,101.639999389648,100.279998779297,101.160003662109,637324,87.7916946411133
"2023-04-25",101.300003051758,102.019996643066,100.959999084473,101.440002441406,755354,88.0346984863281
"2023-04-26",101.620002746582,101.699996948242,100.26000213623,101,850341,87.65283203125
"2023-04-27",101.019996643066,102.559997558594,100.519996643066,100.639999389648,856419,87.3404159545898
"2023-04-28",101.300003051758,102.120002746582,98.1999969482422,101.440002441406,1486350,88.0346984863281
"2023-05-02",102,102.680000305176,99.9199981689453,100.580001831055,1200497,87.2883377075195
"2023-05-03",101.139999389648,101.419998168945,100.059997558594,101.019996643066,956955,87.6701965332031
"2023-05-04",102.419998168945,103.800003051758,100.139999389648,103.800003051758,0,90.0828247070312
"2023-05-05",104,107.839996337891,103.379997253418,107.540000915527,1697673,93.3285751342773
"2023-05-08",107.540000915527,109.839996337891,107.360000610352,108.919998168945,1304780,94.5262069702148
"2023-05-09",109.019996643066,109.540000915527,108.23999786377,108.720001220703,1131409,94.3526382446289
"2023-05-10",109.319999694824,109.480003356934,107.580001831055,108.720001220703,1063634,94.3526382446289
"2023-05-11",108.699996948242,108.900001525879,107.660003662109,108.400001525879,1877228,94.0749282836914
"2023-05-12",100.180000305176,101.120002746582,99.25,99.4100036621094,2049038,93.6135025024414
"2023-05-15",99.879997253418,100.5,99.5800018310547,100.080001831055,1002346,94.2444381713867
"2023-05-16",99.9599990844727,100.059997558594,98.6999969482422,99.5699996948242,896963,93.7641677856445
"2023-05-17",99.1100006103516,100.360000610352,99.0999984741211,100.139999389648,739114,94.3009338378906
"2023-05-18",100.5,102.819999694824,100.480003356934,102.5,1041933,96.523323059082
"2023-05-19",102.639999389648,104,102.559997558594,103.379997253418,1379891,97.3520126342773
"2023-05-22",103.419998168945,104.23999786377,103.040000915527,104.040000915527,730024,97.9735336303711
"2023-05-23",104.099998474121,104.639999389648,103.620002746582,104.480003356934,822410,98.3878784179688
"2023-05-24",103.900001525879,104.360000610352,102.120002746582,102.599998474121,1161218,96.6174926757812
"2023-05-25",103.099998474121,103.419998168945,101.959999084473,102.779998779297,792753,96.786994934082
"2023-05-26",103.73999786377,104.559997558594,102.73999786377,104.459999084473,984483,98.3690414428711
"2023-05-29",104.879997253418,105.540000915527,103.660003662109,104.400001525879,379423,98.3125381469727
"2023-05-30",104.400001525879,105.360000610352,103.959999084473,104.180000305176,668215,98.1053695678711
"2023-05-31",102.379997253418,103.980003356934,101.120002746582,101.919998168945,2892934,95.9771423339844
"2023-06-01",102.599998474121,103.599998474121,102.139999389648,103.5,808360,97.4650192260742
"2023-06-02",104.019996643066,106.440002441406,103.720001220703,106.160003662109,1351058,99.9699172973633
"2023-06-05",105.980003356934,106.440002441406,105.419998168945,106.440002441406,763837,100.233589172363
"2023-06-06",106.300003051758,106.73999786377,105.699996948242,106.699996948242,660014,100.478424072266
"2023-06-07",106.839996337891,106.980003356934,105.459999084473,106.879997253418,820752,100.647926330566
"2023-06-08",106.980003356934,108.839996337891,106.940002441406,107.959999084473,950418,101.66495513916
"2023-06-09",108.440002441406,108.919998168945,107.860000610352,108.080001831055,566274,101.777961730957
"2023-06-12",108.5,110.139999389648,108.459999084473,110.139999389648,1031189,103.717842102051
"2023-06-13",110.300003051758,112.059997558594,110.220001220703,112.059997558594,1426285,105.525886535645
"2023-06-14",112.180000305176,113.459999084473,111.940002441406,112.900001525879,937730,106.316909790039
"2023-06-15",112.680000305176,113,111.580001831055,112.519996643066,808875,105.95906829834
"2023-06-16",112.419998168945,112.5,110.540000915527,111.720001220703,2595431,105.205718994141
"2023-06-19",111.440002441406,111.699996948242,110.639999389648,111.019996643066,580786,104.546531677246
"2023-06-20",110.279998779297,110.819999694824,109.26000213623,110.519996643066,790336,104.07568359375
"2023-06-21",111.099998474121,111.860000610352,109.699996948242,109.919998168945,685772,103.510673522949
"2023-06-22",108.980003356934,109.199996948242,107.860000610352,109.099998474121,668475,102.738487243652
"2023-06-23",109.120002746582,109.199996948242,107.519996643066,108.620002746582,762651,102.286476135254
"2023-06-26",109.199996948242,109.459999084473,107.459999084473,109.23999786377,751429,102.870323181152
"2023-06-27",109.5,109.819999694824,107.540000915527,108.059997558594,922281,101.759124755859
"2023-06-28",108.559997558594,109.919998168945,107.940002441406,109.879997253418,734547,103.472999572754
"2023-06-29",109.900001525879,111.639999389648,109.900001525879,111.040000915527,786284,104.565368652344
"2023-06-30",111.480003356934,113.059997558594,111.319999694824,112.519996643066,1442529,105.95906829834
"2023-07-03",112.900001525879,113.120002746582,111.959999084473,112.199996948242,573512,105.657722473145
"2023-07-04",112.419998168945,112.959999084473,111.099998474121,111.819999694824,547810,105.29988861084
"2023-07-05",110.800003051758,112.400001525879,110.5,112.400001525879,732634,105.846069335938
"2023-07-06",112.860000610352,112.860000610352,107.879997253418,108.019996643066,1237008,101.721458435059
"2023-07-07",107.900001525879,108.440002441406,107.040000915527,107.139999389648,1179553,100.892768859863
"2023-07-10",106.980003356934,108.819999694824,106.120002746582,107.480003356934,673649,101.212951660156
"2023-07-11",107,107.059997558594,105.160003662109,106.480003356934,1037629,100.271255493164
"2023-07-12",106.959999084473,107.599998474121,106.540000915527,107.400001525879,729269,101.13761138916
"2023-07-13",107.76000213623,107.800003051758,106.819999694824,107,663645,100.760932922363
"2023-07-14",107,107.139999389648,105.580001831055,106.76000213623,807744,100.534934997559
"2023-07-17",106.400001525879,107.26000213623,106.099998474121,106.800003051758,515501,100.572601318359
"2023-07-18",106.860000610352,107.800003051758,106.319999694824,107.099998474121,574491,100.855102539062
"2023-07-19",107.419998168945,107.620002746582,106.139999389648,107.199996948242,789611,100.949272155762
"2023-07-20",106.819999694824,108.300003051758,106.720001220703,107.680000305176,716073,101.40128326416
"2023-07-21",107.639999389648,108.76000213623,107.480003356934,107.580001831055,919523,101.307121276855
"2023-07-24",107.339996337891,108.620002746582,106.919998168945,108.599998474121,724210,102.267639160156
"2023-07-25",109.319999694824,109.360000610352,108.139999389648,108.419998168945,536559,102.098136901855
"2023-07-26",108.440002441406,108.76000213623,105.819999694824,107.160003662109,851730,100.911605834961
"2023-07-27",107.459999084473,109.959999084473,105.959999084473,109.959999084473,1121262,103.54833984375
"2023-07-28",109.5,111.559997558594,108.620002746582,111.279998779297,923900,104.791374206543
"2023-07-31",111.339996337891,111.76000213623,110.680000305176,110.860000610352,702976,104.395866394043
"2023-08-01",110.919998168945,111.699996948242,103.400001525879,104.879997253418,2990049,98.7645492553711
"2023-08-02",103.23999786377,106,102.940002441406,105.26000213623,1149388,99.1223983764648
"2023-08-03",103.400001525879,104.519996643066,101.980003356934,102.980003356934,1393689,96.975341796875
"2023-08-04",103.319999694824,104.459999084473,102.779998779297,104.080001831055,793499,98.0111999511719
"2023-08-07",103.900001525879,104.76000213623,103.019996643066,103.73999786377,730943,97.6910171508789
"2023-08-08",103.160003662109,104.400001525879,101.139999389648,101.860000610352,954339,95.9206466674805
"2023-08-09",101.599998474121,102.940002441406,101.180000305176,101.360000610352,673365,95.4497985839844
"2023-08-10",101.599998474121,102.599998474121,101.379997253418,101.900001525879,755306,95.9583129882812
"2023-08-11",101.319999694824,101.319999694824,99.8499984741211,99.9899978637695,1086414,94.1596755981445
"2023-08-14",99.8000030517578,100.919998168945,98.8199996948242,100.099998474121,675959,94.2632675170898
"2023-08-15",100.300003051758,100.319999694824,98.8300018310547,99.2099990844727,588318,93.425163269043
"2023-08-16",99.1900024414062,100.599998474121,98.7300033569336,99.7600021362305,806087,93.9430923461914
"2023-08-17",99.5999984741211,99.9100036621094,98.6399993896484,99.0999984741211,521139,93.3215713500977
"2023-08-18",98.5,98.8000030517578,97.5100021362305,98.25,852110,92.5211410522461
"2023-08-21",98.370002746582,99.870002746582,98.3499984741211,99.2399978637695,737171,93.4534072875977
"2023-08-22",99.6999969482422,100.620002746582,99.5,99.6999969482422,753422,93.886589050293
"2023-08-23",99.620002746582,99.9000015258789,98.2900009155273,98.4300003051758,867740,92.6906433105469
"2023-08-24",99.0699996948242,99.3300018310547,96.6999969482422,96.7799987792969,923341,91.136848449707
"2023-08-25",96.5,97.1900024414062,96.1100006103516,96.5100021362305,798291,90.8825988769531
"2023-08-28",97.4000015258789,97.5500030517578,95.6399993896484,96.5999984741211,786265,90.9673461914062
"2023-08-29",96.7900009155273,97.5800018310547,96.4800033569336,97.5800018310547,790004,91.8902053833008
"2023-08-30",97.9300003051758,98.0500030517578,96.7399978637695,97.2600021362305,657780,91.5888671875
"2023-08-31",97.4000015258789,97.879997253418,97,97.1699981689453,3723071,91.5041122436523
"2023-09-01",96.9300003051758,96.9700012207031,93.7799987792969,94.1999969482422,1654934,88.7072906494141
"2023-09-04",94.5999984741211,95.3499984741211,94.4800033569336,94.4800033569336,810296,88.9709701538086
"2023-09-05",94.0100021362305,96.629997253418,93.7399978637695,96.5299987792969,1159550,90.9014282226562
"2023-09-06",96.129997253418,96.9700012207031,95.8300018310547,96.3000030517578,767661,90.6848449707031
"2023-09-07",95.6500015258789,96.3399963378906,95.0199966430664,95.0299987792969,823869,89.4888916015625
"2023-09-08",95.5800018310547,95.879997253418,93.620002746582,95.620002746582,853582,90.0444946289062
"2023-09-11",96.1699981689453,96.9300003051758,96.0599975585938,96.5299987792969,753697,90.9014282226562
"2023-09-12",96.8899993896484,97.5599975585938,96.0800018310547,96.620002746582,867437,90.9861831665039
"2023-09-13",96.4000015258789,100,96.3000030517578,97.3399963378906,1311841,91.6641998291016
"2023-09-14",96.4199981689453,96.4700012207031,95.0599975585938,95.9199981689453,1143242,90.3269958496094
"2023-09-15",97,98.2099990844727,96.4100036621094,97.5100021362305,2789275,91.8242874145508
"2023-09-18",97.370002746582,97.4499969482422,96.25,96.7799987792969,733530,91.136848449707
"2023-09-19",96.870002746582,98.0800018310547,96.6999969482422,97.6600036621094,690350,91.9655456542969
"2023-09-20",97.9199981689453,100.419998168945,97.8399963378906,100.23999786377,984055,94.3951034545898
"2023-09-21",99.5899963378906,100,98.9499969482422,99.4599990844727,917832,93.6605834960938
"2023-09-22",98.9300003051758,99.4000015258789,98.1100006103516,99.2699966430664,748231,93.4816589355469
"2023-09-25",98.4400024414062,98.9000015258789,96.7900009155273,97.2699966430664,932098,91.5982818603516
"2023-09-26",97.3199996948242,97.3199996948242,95.3000030517578,95.9800033569336,841843,90.3835067749023
"2023-09-27",95.4800033569336,97.0999984741211,95.379997253418,96.7799987792969,797228,91.136848449707
"2023-09-28",96.9000015258789,97.1999969482422,95.8899993896484,97.1500015258789,961264,91.4852828979492
"2023-09-29",97.3399963378906,97.6800003051758,96.3300018310547,96.379997253418,985996,90.7601776123047
"2023-10-02",97.0199966430664,97.4100036621094,95.7699966430664,96.1699981689453,734361,90.5624237060547
"2023-10-03",95.9499969482422,96.5,95.2300033569336,95.3000030517578,698279,89.7431564331055
"2023-10-04",95,95.9300003051758,93.6600036621094,95.4000015258789,958144,89.8373184204102
"2023-10-05",95.1699981689453,95.620002746582,94.1699981689453,94.2900009155273,595090,88.7920455932617
"2023-10-06",94.2900009155273,95.7099990844727,93.9899978637695,95.7099990844727,1008126,90.1292419433594
"2023-10-09",95.1399993896484,95.1399993896484,93.7099990844727,94.6500015258789,561847,89.1310501098633
"2023-10-10",95.3600006103516,97.7300033569336,95.3000030517578,97.5199966430664,976581,91.8337020874023
"2023-10-11",97.1399993896484,98.6999969482422,96.5,98.5,1170848,92.7565612792969
"2023-10-12",99.4499969482422,99.4599990844727,97.8899993896484,98.4400024414062,565383,92.700065612793
"2023-10-13",98.4100036621094,99.1600036621094,97.4899978637695,97.7600021362305,699594,92.0597152709961
"2023-10-16",98.0800018310547,98.8899993896484,97.1600036621094,98.6399993896484,588877,92.8883972167969
"2023-10-17",97.9499969482422,98.5400009155273,97.2799987792969,98.2600021362305,530411,92.5305557250977
"2023-10-18",98.5899963378906,99.0899963378906,97.6800003051758,97.9100036621094,673253,92.2009658813477
"2023-10-19",96.0400009155273,96.6900024414062,95.0999984741211,95.3099975585938,1024417,89.7525634765625
"2023-10-20",94.7900009155273,94.8000030517578,93.129997253418,93.5599975585938,1475074,88.104606628418
"2023-10-23",93.5999984741211,93.75,91.7099990844727,93.3099975585938,948082,87.8691864013672
"2023-10-24",93.0299987792969,93.3899993896484,92.1999969482422,92.5100021362305,712251,87.115837097168
"2023-10-25",92.4400024414062,92.5100021362305,90.5999984741211,91.379997253418,985250,86.0517196655273
"2023-10-26",88.9199981689453,89.129997253418,87.1699981689453,88.629997253418,1754600,83.4620666503906
"2023-10-27",89.0299987792969,90.6100006103516,88.2600021362305,88.4899978637695,1019881,83.3302307128906
"2023-10-30",88.7099990844727,89.4300003051758,87.379997253418,87.7099990844727,990222,82.5957183837891
"2023-10-31",87.620002746582,87.9199981689453,86.8000030517578,87.629997253418,906042,82.520378112793
"2023-11-01",88.4000015258789,89.4400024414062,87.3399963378906,89,959228,83.8105010986328
"2023-11-02",90,91.5400009155273,89.6600036621094,91.0899963378906,1234813,85.7786254882812
"2023-11-03",93.0100021362305,94.6500015258789,92.2099990844727,92.9499969482422,1764602,87.5301742553711
"2023-11-06",94.4000015258789,94.5400009155273,92.5999984741211,92.8300018310547,928780,87.4171752929688
"2023-11-07",92.5,93.1900024414062,91.0800018310547,91.3099975585938,799182,85.9858016967773
"2023-11-08",91.0999984741211,92.6399993896484,90.7099990844727,92.0899963378906,984549,86.7203216552734
"2023-11-09",92.2699966430664,92.9400024414062,91.8399963378906,92.2099990844727,638498,86.8333282470703
"2023-11-10",91.5500030517578,91.6399993896484,90.4300003051758,91.1800003051758,796614,85.8633804321289
"2023-11-13",91.3199996948242,92.0999984741211,90.9400024414062,92.0999984741211,739544,86.729736328125
"2023-11-14",92.5999984741211,94.4100036621094,92.4000015258789,94.1699981689453,1167948,88.6790390014648
"2023-11-15",94.6500015258789,96.2099990844727,94.370002746582,96.0500030517578,1031027,90.4494247436523
"2023-11-16",95.8899993896484,96.5800018310547,94.0500030517578,94.0500030517578,916067,88.5660400390625
"2023-11-17",94.1999969482422,95.6699981689453,94.1800003051758,95.1999969482422,1065274,89.6489791870117
"2023-11-20",95.4300003051758,95.8000030517578,94.9599990844727,95.7399978637695,623628,90.1574935913086
"2023-11-21",95.2099990844727,95.370002746582,93.5500030517578,93.5500030517578,1004938,88.0951919555664
"2023-11-22",93.9000015258789,94.5699996948242,93.2399978637695,94.2399978637695,911571,88.7449569702148
"2023-11-23",94.5,94.8600006103516,94.120002746582,94.129997253418,485700,88.6413726806641
"2023-11-24",94,94.1600036621094,92.9499969482422,94.0500030517578,824509,88.5660400390625
"2023-11-27",94.3199996948242,94.3899993896484,93.1900024414062,93.4300003051758,623769,87.9821853637695
"2023-11-28",92.9899978637695,93.2200012207031,92.3000030517578,93.1600036621094,574852,87.7279357910156
"2023-11-29",94.0899963378906,96.4800033569336,93.7399978637695,96.0699996948242,1179280,90.4682540893555
"2023-11-30",96.5,96.9400024414062,95.5599975585938,95.5899963378906,2861028,90.0162353515625
"2023-12-01",95.9400024414062,96.1900024414062,95.1699981689453,96.1900024414062,731827,90.5812606811523
"2023-12-04",95.9599990844727,96.4199981689453,94.7300033569336,96.1600036621094,850657,90.5530090332031
"2023-12-05",96.1999969482422,97.6600036621094,96.0100021362305,97.6600036621094,931765,91.9655456542969
"2023-12-06",97.9899978637695,99.8199996948242,97.6100006103516,99.3499984741211,1088946,93.556999206543
"2023-12-07",99.0599975585938,99.2200012207031,98.3600006103516,98.5999984741211,920498,92.8507308959961
"2023-12-08",98.6500015258789,101.559997558594,98.5400009155273,100.919998168945,1436380,95.0354537963867
"2023-12-11",100.900001525879,101.860000610352,100.440002441406,101.300003051758,934467,95.3933029174805
"2023-12-12",101.660003662109,102.160003662109,100.940002441406,100.940002441406,965724,95.0542907714844
"2023-12-13",100.919998168945,101.23999786377,99.6900024414062,99.6900024414062,800108,93.8771743774414
"2023-12-14",101.580001831055,103.959999084473,101.199996948242,102.540000915527,1534986,96.5609970092773
"2023-12-15",103.199996948242,105.139999389648,103.040000915527,103.059997558594,3102337,97.050666809082
"2023-12-18",102.400001525879,102.559997558594,100.860000610352,101.019996643066,791886,95.1296234130859
"2023-12-19",100.519996643066,101.360000610352,100.099998474121,100.879997253418,772182,94.9977798461914
"2023-12-20",101.319999694824,101.860000610352,100.279998779297,100.419998168945,570723,94.5646057128906
"2023-12-21",98.9800033569336,99.6100006103516,98.1399993896484,99.5500030517578,718117,93.7453384399414
"2023-12-22",99.629997253418,100.819999694824,99.5599975585938,100.639999389648,663585,94.7717819213867
"2023-12-27",100.580001831055,100.879997253418,100.099998474121,100.400001525879,461826,94.5457763671875
"2023-12-28",100.73999786377,101.040000915527,100.319999694824,100.440002441406,430616,94.5834426879883
"2023-12-29",100.76000213623,101.300003051758,100.699996948242,100.779998779297,342418,94.9036178588867
"2024-01-02",101.400001525879,103.040000915527,100.540000915527,101.779998779297,717051,95.8453063964844
"2024-01-03",101.620002746582,102.620002746582,98.8399963378906,99.5100021362305,902349,93.7076721191406
"2024-01-04",99.4599990844727,101.26000213623,99.3399963378906,101,927871,95.1107864379883
"2024-01-05",100.620002746582,101.660003662109,99.4700012207031,100.660003662109,1037797,94.7906188964844
"2024-01-08",100,101.220001220703,99.2399978637695,101.199996948242,551675,95.2991256713867
"2024-01-09",101.279998779297,101.440002441406,100.300003051758,100.819999694824,679067,94.9412841796875
"2024-01-10",100.699996948242,101.639999389648,99.7699966430664,99.9000015258789,872610,94.0749282836914
"2024-01-11",100.800003051758,101.879997253418,98.4599990844727,98.4599990844727,951413,92.7188949584961
"2024-01-12",98.9800033569336,99.0599975585938,96.4000015258789,96.8499984741211,1060275,91.202766418457
"2024-01-15",96.8899993896484,97.1900024414062,95.3499984741211,95.5199966430664,796874,89.9503173828125
"2024-01-16",95.379997253418,96.0599975585938,94.8499984741211,95.7600021362305,873436,90.1763305664062
"2024-01-17",93.6699981689453,94.2799987792969,92.3300018310547,92.7799987792969,1420430,87.3700866699219
"2024-01-18",92.5100021362305,93.7399978637695,92.3300018310547,93.0599975585938,1029694,87.6337585449219
"2024-01-19",93.5599975585938,93.6399993896484,92.120002746582,92.3000030517578,1083381,86.918083190918
"2024-01-22",92.9499969482422,93.8899993896484,92.9499969482422,93.3099975585938,961338,87.8691864013672
"2024-01-23",93.620002746582,94.5699996948242,93.0299987792969,93.5599975585938,1201268,88.104606628418
"2024-01-24",94.5599975585938,94.9100036621094,92.5500030517578,93.5500030517578,1004508,88.0951919555664
"2024-01-25",93.129997253418,93.6900024414062,92.4599990844727,93.6900024414062,1315384,88.2270278930664
"2024-01-26",93.6999969482422,95.0199966430664,93.5299987792969,94.7699966430664,1021980,89.2440490722656
"2024-01-29",94.4100036621094,94.9100036621094,93.4800033569336,94.9100036621094,653023,89.3758926391602
"2024-01-30",95.5,96.2799987792969,94.4800033569336,95,775385,89.4606399536133
"2024-01-31",95.0299987792969,96.8499984741211,94.8099975585938,96.7799987792969,1130835,91.136848449707
"2024-02-01",96.1800003051758,98.0199966430664,95.8199996948242,97.0299987792969,875674,91.3722763061523
"2024-02-02",97.9499969482422,98.8899993896484,97.6399993896484,97.9800033569336,916523,92.2668838500977
"2024-02-05",98.370002746582,98.4700012207031,96.0599975585938,96.5699996948242,762917,90.939094543457
"2024-02-06",97.4199981689453,97.8499984741211,96.5,97.5599975585938,745693,91.8713684082031
"2024-02-07",98.0999984741211,99.9700012207031,98.0400009155273,99.1399993896484,1104844,93.359245300293
"2024-02-08",99.629997253418,102.360000610352,99.4499969482422,101.959999084473,1127135,96.0148086547852
"2024-02-09",102.379997253418,103.26000213623,101.839996337891,102,867292,96.0524826049805
"2024-02-12",102.400001525879,103,101.819999694824,102.139999389648,483485,96.1843185424805
"2024-02-13",102.319999694824,102.580001831055,100.559997558594,100.879997253418,719165,94.9977798461914
"2024-02-14",100.279998779297,101.480003356934,100.26000213623,101.160003662109,577490,95.2614593505859
"2024-02-15",102.120002746582,102.980003356934,101.819999694824,102.620002746582,773186,96.6363296508789
"2024-02-16",103.26000213623,104.440002441406,103.139999389648,104.099998474121,965446,98.030029296875
"2024-02-19",104.120002746582,104.379997253418,102.720001220703,102.819999694824,518613,96.8246688842773
"2024-02-20",102.660003662109,103.160003662109,101.319999694824,101.819999694824,700053,95.8829727172852
"2024-02-21",102.339996337891,104.379997253418,101.879997253418,104.300003051758,964222,98.2183685302734
"2024-02-22",105,107.080001831055,104.980003356934,105.080001831055,1062045,98.9528884887695
"2024-02-23",105.300003051758,107.360000610352,105.180000305176,106.720001220703,840751,100.497261047363
"2024-02-26",107,107.73999786377,106.220001220703,107.480003356934,824691,101.212951660156
"2024-02-27",107.639999389648,108.819999694824,107.419998168945,107.680000305176,699541,101.40128326416
"2024-02-28",108,109.160003662109,107.620002746582,109.160003662109,757828,102.794990539551
"2024-02-29",109.5,110.319999694824,109,109.220001220703,1382952,102.851493835449
"2024-03-01",109.980003356934,110.959999084473,107.680000305176,109.800003051758,1121078,103.397674560547
"2024-03-04",109.440002441406,109.980003356934,109,109.940002441406,625518,103.529510498047
"2024-03-05",109.720001220703,109.720001220703,107.839996337891,109.360000610352,661444,102.983329772949
"2024-03-06",109.300003051758,109.5,107.379997253418,107.699996948242,1049231,101.420112609863
"2024-03-07",107.040000915527,107.480003356934,106.059997558594,106.959999084473,974767,100.723266601562
"2024-03-08",107.139999389648,107.839996337891,106.480003356934,107.139999389648,773833,100.892768859863
"2024-03-11",106.620002746582,107.300003051758,106.120002746582,106.879997253418,778385,100.647926330566
"2024-03-12",106.900001525879,110.220001220703,106.639999389648,109.779998779297,1364736,103.378837585449
"2024-03-13",110,110.360000610352,108.5,108.5,893552,102.173469543457
"2024-03-14",108.459999084473,110.419998168945,104.900001525879,105.199996948242,1989797,99.0658874511719
"2024-03-15",105.400001525879,107.300003051758,104.879997253418,105.680000305176,2678229,99.5179061889648
"2024-03-18",106.099998474121,107.220001220703,104.860000610352,105.980003356934,760275,99.8004150390625
"2024-03-19",106.199996948242,107.400001525879,105.980003356934,107.120002746582,864978,100.87393951416
"2024-03-20",107.080001831055,107.339996337891,105.680000305176,106.360000610352,704215,100.158256530762
"2024-03-21",107,107.099998474121,104.379997253418,104.800003051758,1509736,98.6892166137695
"2024-03-22",103.919998168945,104.620002746582,102.839996337891,104.120002746582,1303067,98.0488662719727
"2024-03-25",104.400001525879,106.23999786377,104.400001525879,106.23999786377,1063860,100.045249938965
"2024-03-26",106.599998474121,106.76000213623,105.540000915527,106.559997558594,758874,100.346588134766
"2024-03-27",105.5,106.519996643066,104.660003662109,106.160003662109,816350,99.9699172973633
"2024-03-28",106.339996337891,107.180000305176,106.339996337891,106.959999084473,785748,100.723266601562
"2024-04-02",107.199996948242,107.800003051758,105.800003051758,106.650001525879,1084212,100.431343078613
"2024-04-03",106.949996948242,111.949996948242,106.599998474121,111.849998474121,1830218,105.328132629395
"2024-04-04",111.900001525879,115.25,111.75,114.699996948242,1788276,108.01195526123
"2024-04-05",112.800003051758,113.550003051758,111.900001525879,112.5,1144372,105.940238952637
"2024-04-08",113.199996948242,114.75,112.75,114.75,827527,108.059043884277
"2024-04-09",114.150001525879,114.800003051758,113.449996948242,113.849998474121,763287,107.211517333984
"2024-04-10",114.650001525879,115.349998474121,111.349998474121,111.5,1251336,104.998542785645
"2024-04-11",111.5,112.449996948242,110.599998474121,111.900001525879,1090825,105.375221252441
"2024-04-12",112.5,112.599998474121,108.650001525879,109.5,1275147,103.115165710449
"2024-04-15",109.900001525879,111.75,109.550003051758,109.699996948242,1018111,103.303497314453
"2024-04-16",107.900001525879,108,105.599998474121,106.449996948242,1357333,100.243003845215
"2024-04-17",106.400001525879,107.25,105.699996948242,105.949996948242,664955,99.7721557617188
"2024-04-18",106.050003051758,107.449996948242,105.949996948242,106.949996948242,622171,100.713844299316
"2024-04-19",105.300003051758,106.5,104.599998474121,105.849998474121,1031130,99.6779861450195
"2024-04-22",106.599998474121,107.300003051758,105.5,105.849998474121,635536,99.6779861450195
"2024-04-23",106.349998474121,106.900001525879,105.050003051758,106.449996948242,946389,100.243003845215
"2024-04-24",106.400001525879,107.300003051758,105.75,106.550003051758,919549,100.337173461914
"2024-04-25",106.75,107,104.300003051758,105.050003051758,854946,98.9246368408203
"2024-04-26",105.800003051758,107.099998474121,105.349998474121,106.400001525879,667469,100.195922851562
"2024-04-29",107,107.800003051758,106.650001525879,106.800003051758,630451,100.572601318359
"2024-04-30",106.300003051758,106.599998474121,101.75,102.449996948242,1986847,96.4762344360352
"2024-05-02",102.349998474121,103,101.050003051758,101.949996948242,1082967,96.0053939819336
"2024-05-03",102.550003051758,103.25,101.849998474121,102.5,703362,96.523323059082
"2024-05-06",102.900001525879,103.800003051758,102.599998474121,103.050003051758,551350,97.041259765625
"2024-05-07",103.550003051758,104.199996948242,102.650001525879,104.199996948242,1024845,98.1241989135742
"2024-05-08",101.599998474121,101.900001525879,98.5599975585938,101.150001525879,2192149,95.2520446777344
"2024-05-09",101,101.949996948242,100.099998474121,101.650001525879,750970,95.7228927612305
"2024-05-10",102.400001525879,102.650001525879,100.849998474121,101.599998474121,1105274,95.6758041381836
"2024-05-13",102.150001525879,103.300003051758,101.300003051758,102.949996948242,1178077,96.9470825195312
"2024-05-14",103.400001525879,104.650001525879,103.400001525879,103.75,1015095,97.700439453125
"2024-05-15",104.349998474121,104.5,102.349998474121,102.900001525879,1339685,96.9000015258789
"2024-05-16",97,97.8399963378906,96.4599990844727,96.4599990844727,1877795,96.4599990844727
"2024-05-17",96.379997253418,96.6800003051758,95.9599990844727,96.0199966430664,1305355,96.0199966430664
"2024-05-20",96.3399963378906,96.3399963378906,94.5800018310547,95,1055527,95
"2024-05-21",94.2399978637695,94.9800033569336,94,94.8199996948242,1224417,94.8199996948242
"2024-05-22",93.0999984741211,93.4199981689453,92.0599975585938,93.1999969482422,1427343,93.1999969482422
"2024-05-23",93.2200012207031,94.0400009155273,92.6399993896484,92.7200012207031,751271,92.7200012207031
"2024-05-24",92.3399963378906,93.1800003051758,91.9599990844727,92.8399963378906,716120,92.8399963378906
"2024-05-27",93.0999984741211,93.8399963378906,92.8199996948242,93.6999969482422,507582,93.6999969482422
"2024-05-28",93.8600006103516,94.120002746582,93.3600006103516,93.8000030517578,663217,93.8000030517578
"2024-05-29",93.2600021362305,93.5599975585938,91.5599975585938,91.8199996948242,1067837,91.8199996948242
"2024-05-30",91.5,93.0599975585938,91.3199996948242,92.5999984741211,600967,92.5999984741211
"2024-05-31",92.6399993896484,93.1999969482422,92.3000030517578,93.1800003051758,2493881,93.1800003051758
