"Index","ENI.MI.Open","ENI.MI.High","ENI.MI.Low","ENI.MI.Close","ENI.MI.Volume","ENI.MI.Adjusted"
"2000-01-03",10.8800001144409,10.9200000762939,10.3999996185303,10.4799995422363,6741750,2.73523545265198
"2000-01-04",10.3000001907349,10.3599996566772,10.1999998092651,10.2600002288818,6562125,2.67781734466553
"2000-01-05",10.039999961853,10.5799999237061,10.0200004577637,10.3400001525879,11368875,2.69869709014893
"2000-01-06",10.4799995422363,10.539999961853,10.3599996566772,10.539999961853,6462250,2.75089597702026
"2000-01-07",10.6000003814697,10.8199996948242,10.539999961853,10.7600002288818,8321375,2.80831503868103
"2000-01-10",10.6800003051758,10.7799997329712,10.460000038147,10.5,6229125,2.74045610427856
"2000-01-11",10.4399995803833,10.4799995422363,10.3000001907349,10.460000038147,6896375,2.73001623153687
"2000-01-12",10.3999996185303,10.5600004196167,10.3199996948242,10.5,5396250,2.74045610427856
"2000-01-13",10.4399995803833,10.460000038147,10.2399997711182,10.2600002288818,7481875,2.67781734466553
"2000-01-14",10.3199996948242,10.5200004577637,10.1999998092651,10.4200000762939,6918875,2.71957635879517
"2000-01-17",10.5,10.5,10.2399997711182,10.2399997711182,6222750,2.67259788513184
"2000-01-18",10.2399997711182,10.3400001525879,10.0600004196167,10.0799999237061,6935250,2.63083839416504
"2000-01-19",10.1400003433228,10.4399995803833,10.1199998855591,10.3999996185303,9893750,2.71435689926147
"2000-01-20",10.4399995803833,10.6400003433228,10.3999996185303,10.5600004196167,8604625,2.75611591339111
"2000-01-21",10.4799995422363,10.539999961853,10.3000001907349,10.3599996566772,9124125,2.70391654968262
"2000-01-24",10.3199996948242,10.3599996566772,10.1800003051758,10.1999998092651,5767500,2.66215872764587
"2000-01-25",10.1800003051758,10.2200002670288,10.0200004577637,10.1999998092651,7197375,2.66215872764587
"2000-01-26",10.1800003051758,10.1800003051758,9.84000015258789,9.9399995803833,8541625,2.59429907798767
"2000-01-27",10,10.0600004196167,9.68000030517578,9.72000026702881,7468500,2.53687930107117
"2000-01-28",9.80000019073486,9.80000019073486,9.5600004196167,9.72000026702881,7356000,2.53687930107117
"2000-01-31",9.61999988555908,9.69999980926514,9.46000003814697,9.68000030517578,7514125,2.52643990516663
"2000-02-01",9.65999984741211,9.72000026702881,9.53999996185303,9.65999984741211,6242125,2.52122044563293
"2000-02-02",9.64000034332275,9.73999977111816,9.47999954223633,9.5,8051750,2.47946119308472
"2000-02-03",9.60000038146973,9.92000007629395,9.5,9.80000019073486,7870875,2.55775904655457
"2000-02-04",9.68000030517578,9.88000011444092,9.60000038146973,9.81999969482422,6808625,2.56297898292542
"2000-02-07",9.76000022888184,10.2200002670288,9.76000022888184,10.1800003051758,9694875,2.65693807601929
"2000-02-08",11.1599998474121,11.1800003051758,10.1599998474121,11.1199998855591,26796624,2.90227270126343
"2000-02-09",11.6000003814697,11.6999998092651,10.7399997711182,10.7600002288818,24927124,2.80831503868103
"2000-02-10",10.539999961853,10.8800001144409,10.4799995422363,10.5799999237061,8595375,2.7613365650177
"2000-02-11",10.5200004577637,10.5600004196167,10.1000003814697,10.5600004196167,10985000,2.75611591339111
"2000-02-14",10.3199996948242,10.5,10.1199998855591,10.4799995422363,9063000,2.73523545265198
"2000-02-15",10.7600002288818,10.7600002288818,10.4799995422363,10.4799995422363,11146750,2.73523545265198
"2000-02-16",10.8000001907349,10.8400001525879,10.6000003814697,10.8000001907349,9673375,2.81875491142273
"2000-02-17",10.7200002670288,10.960000038147,10.6000003814697,10.7200002670288,10495875,2.79787540435791
"2000-02-18",10.6999998092651,10.7799997329712,10.5,10.5600004196167,5631875,2.75611591339111
"2000-02-21",10.5200004577637,10.6999998092651,10.3400001525879,10.6000003814697,5243375,2.76655578613281
"2000-02-22",10.6000003814697,10.6999998092651,10.1999998092651,10.2799997329712,8530875,2.68303680419922
"2000-02-23",10.1999998092651,10.3800001144409,10.0200004577637,10.1999998092651,12595000,2.66215872764587
"2000-02-24",10.0799999237061,10.1400003433228,9.81999969482422,9.92000007629395,11337000,2.58907866477966
"2000-02-25",10,10.1000003814697,9.96000003814697,9.96000003814697,4827625,2.59951877593994
"2000-02-28",10,10.1400003433228,9.69999980926514,9.81999969482422,8607500,2.56297898292542
"2000-02-29",9.80000019073486,9.80000019073486,9.61999988555908,9.65999984741211,11176375,2.52122044563293
"2000-03-01",9.84000015258789,10.0799999237061,9.73999977111816,10.0799999237061,9789500,2.63083839416504
"2000-03-02",10.1199998855591,10.2200002670288,9.85999965667725,10.1000003814697,9259750,2.63605809211731
"2000-03-03",9.9399995803833,10.2200002670288,9.73999977111816,10,11196375,2.60995841026306
"2000-03-06",9.89999961853027,10.039999961853,9.80000019073486,10,7691125,2.60995841026306
"2000-03-07",9.96000003814697,10,9.73999977111816,9.85999965667725,9305500,2.57341933250427
"2000-03-08",9.9399995803833,10.4399995803833,9.92000007629395,10.1599998474121,18512750,2.65171718597412
"2000-03-09",10.1199998855591,10.3199996948242,10.0799999237061,10.1999998092651,7937875,2.66215872764587
"2000-03-10",10.1999998092651,10.2399997711182,9.9399995803833,10.039999961853,7730000,2.62039875984192
"2000-03-13",10.0200004577637,10.2200002670288,9.80000019073486,9.9399995803833,8055125,2.59429907798767
"2000-03-14",9.89999961853027,10.039999961853,9.81999969482422,9.9399995803833,6056250,2.59429907798767
"2000-03-15",9.85999965667725,9.85999965667725,9.68000030517578,9.81999969482422,8385250,2.56297898292542
"2000-03-16",9.97999954223633,10.0600004196167,9.81999969482422,10.0200004577637,9123375,2.61517834663391
"2000-03-17",10.0799999237061,10.1599998474121,9.69999980926514,9.80000019073486,20234876,2.55775904655457
"2000-03-20",9.80000019073486,9.85999965667725,9.65999984741211,9.81999969482422,7312000,2.56297898292542
"2000-03-21",9.73999977111816,10.0799999237061,9.73999977111816,10.0799999237061,9682750,2.63083839416504
"2000-03-22",10.0799999237061,10.1599998474121,10.0200004577637,10.0600004196167,13435000,2.62561774253845
"2000-03-23",10.0600004196167,10.0799999237061,9.77999973297119,10.0600004196167,6803000,2.62561774253845
"2000-03-24",10.0200004577637,10.0799999237061,9.92000007629395,10.039999961853,5012500,2.62039875984192
"2000-03-27",9.97999954223633,10.0799999237061,9.9399995803833,10.0200004577637,4554500,2.61517834663391
"2000-03-28",10.0600004196167,10.1400003433228,10.0200004577637,10.1199998855591,4599875,2.64127779006958
"2000-03-29",10.1000003814697,10.3599996566772,10.1000003814697,10.2799997329712,8427875,2.68303680419922
"2000-03-30",10.2200002670288,10.3800001144409,10.1800003051758,10.2200002670288,8634250,2.66737747192383
"2000-03-31",10.2799997329712,10.5,10.2799997329712,10.460000038147,9045375,2.73001623153687
"2000-04-03",10.5200004577637,10.5200004577637,10.1199998855591,10.2200002670288,5796125,2.66737747192383
"2000-04-04",10.3000001907349,10.3800001144409,10.0799999237061,10.2799997329712,6774625,2.68303680419922
"2000-04-05",10.1999998092651,10.3400001525879,10.0600004196167,10.3199996948242,6648375,2.69347667694092
"2000-04-06",10.2200002670288,10.3199996948242,10.1599998474121,10.3199996948242,4268625,2.69347667694092
"2000-04-07",10.2200002670288,10.2799997329712,10.1199998855591,10.2799997329712,5009875,2.68303680419922
"2000-04-10",10.1800003051758,10.1999998092651,9.96000003814697,10,5853750,2.60995841026306
"2000-04-11",9.9399995803833,10.0600004196167,9.85999965667725,9.88000011444092,5450750,2.57863926887512
"2000-04-12",9.85999965667725,9.89999961853027,9.77999973297119,9.81999969482422,7083500,2.56297898292542
"2000-04-13",9.97999954223633,10.2399997711182,9.92000007629395,10.0799999237061,11157750,2.63083839416504
"2000-04-14",10.1199998855591,10.2399997711182,9.96000003814697,10.039999961853,6683375,2.62039875984192
"2000-04-17",9.73999977111816,10.3000001907349,9.73999977111816,10.1800003051758,11660750,2.65693807601929
"2000-04-18",10.3000001907349,10.5799999237061,10.1999998092651,10.5799999237061,11201750,2.7613365650177
"2000-04-19",10.5,10.5799999237061,10.3599996566772,10.5799999237061,12049625,2.7613365650177
"2000-04-20",10.6400003433228,10.6400003433228,10.4200000762939,10.4200000762939,5669375,2.71957635879517
"2000-04-21",10.4200000762939,10.4200000762939,10.4200000762939,10.4200000762939,0,2.71957635879517
"2000-04-24",10.4200000762939,10.4200000762939,10.4200000762939,10.4200000762939,0,2.71957635879517
"2000-04-25",10.3999996185303,10.9200000762939,10.3599996566772,10.8999996185303,5417875,2.8448543548584
"2000-04-26",11.0799999237061,11.1999998092651,10.9399995803833,11,6305125,2.87095403671265
"2000-04-27",10.8800001144409,11.2600002288818,10.7200002670288,10.8599996566772,10972875,2.83441376686096
"2000-04-28",10.8400001525879,10.960000038147,10.8199996948242,10.9399995803833,5361250,2.85529398918152
"2000-05-01",10.9399995803833,10.9399995803833,10.9399995803833,10.9399995803833,0,2.85529398918152
"2000-05-02",10.7600002288818,10.8999996185303,10.6800003051758,10.8599996566772,6352500,2.83441376686096
"2000-05-03",10.8199996948242,10.8800001144409,10.6800003051758,10.6800003051758,4402500,2.78743529319763
"2000-05-04",10.6199998855591,10.8400001525879,10.6199998855591,10.8400001525879,4972875,2.82919526100159
"2000-05-05",10.7600002288818,11,10.7399997711182,10.9799995422363,6499000,2.86573481559753
"2000-05-08",10.6800003051758,11.0799999237061,10.6800003051758,11.0799999237061,6407250,2.89183330535889
"2000-05-09",10.960000038147,11.1599998474121,10.9200000762939,10.960000038147,9562375,2.86051416397095
"2000-05-10",10.9200000762939,11.3999996185303,10.9200000762939,11.3999996185303,16782250,2.97535228729248
"2000-05-11",11.3599996566772,11.539999961853,11.2200002670288,11.4399995803833,17855124,2.98579216003418
"2000-05-12",11.3000001907349,11.3400001525879,11.1599998474121,11.2200002670288,6858375,2.92837357521057
"2000-05-15",11.1599998474121,11.3800001144409,11.1400003433228,11.3400001525879,5109625,2.95969367027283
"2000-05-16",11.3599996566772,11.539999961853,11.3199996948242,11.539999961853,13226375,3.01189184188843
"2000-05-17",11.4200000762939,11.5200004577637,11.3199996948242,11.3400001525879,6441125,2.95969367027283
"2000-05-18",11.3199996948242,11.5799999237061,11.3199996948242,11.5600004196167,7104625,3.01711201667786
"2000-05-19",11.6199998855591,11.8999996185303,11.5200004577637,11.8599996566772,21259876,3.09541034698486
"2000-05-22",11.539999961853,11.7799997329712,11.4200000762939,11.5200004577637,13036500,3.00667238235474
"2000-05-23",11.5200004577637,11.960000038147,11.5200004577637,11.9399995803833,11553375,3.11628985404968
"2000-05-24",11.8000001907349,12.1199998855591,11.7600002288818,11.8599996566772,13619375,3.09541034698486
"2000-05-25",11.960000038147,12,11.8000001907349,11.9399995803833,8980500,3.11628985404968
"2000-05-26",11.6400003433228,11.8999996185303,11.6400003433228,11.8599996566772,9609500,3.09541034698486
"2000-05-29",11.8999996185303,11.960000038147,11.8199996948242,11.8599996566772,5934000,3.09541034698486
"2000-05-30",11.7600002288818,11.8400001525879,11.6000003814697,11.6999998092651,7092375,3.05365037918091
"2000-05-31",11.5600004196167,11.6999998092651,11.5200004577637,11.5600004196167,7716875,3.01711201667786
"2000-06-01",11.539999961853,11.6999998092651,11.5200004577637,11.5799999237061,7167500,3.02233219146729
"2000-06-02",11.5200004577637,11.6000003814697,11.3400001525879,11.4399995803833,9375000,2.98579216003418
"2000-06-05",11.3599996566772,11.4200000762939,11.2600002288818,11.2600002288818,9881625,2.93881297111511
"2000-06-06",11.2600002288818,11.3999996185303,11.1999998092651,11.2600002288818,9340375,2.93881297111511
"2000-06-07",11.2200002670288,11.6999998092651,11.2200002670288,11.6999998092651,11114000,3.05365037918091
"2000-06-08",11.6199998855591,11.7399997711182,11.3999996185303,11.3999996185303,9424125,2.97535228729248
"2000-06-09",11.4200000762939,11.6400003433228,11.3599996566772,11.4399995803833,10738375,2.98579216003418
"2000-06-12",11.3800001144409,11.460000038147,11.3400001525879,11.3800001144409,3725250,2.97013282775879
"2000-06-13",11.3400001525879,11.5,11.2200002670288,11.3599996566772,11826500,2.9649121761322
"2000-06-14",11.3000001907349,11.6800003051758,11.3000001907349,11.6800003051758,9468375,3.04843211174011
"2000-06-15",11.6199998855591,11.8999996185303,11.6199998855591,11.8000001907349,16165250,3.07975196838379
"2000-06-16",11.8999996185303,11.9399995803833,11.7200002670288,11.7200002670288,12986250,3.05887222290039
"2000-06-19",11.4200000762939,11.539999961853,11.3400001525879,11.4200000762939,6882625,2.98057222366333
"2000-06-20",11.3999996185303,11.4799995422363,11.3199996948242,11.3800001144409,4982125,2.97013282775879
"2000-06-21",11.2399997711182,11.539999961853,11.2399997711182,11.4799995422363,6897125,2.99623227119446
"2000-06-22",11.539999961853,11.8400001525879,11.5200004577637,11.7600002288818,11751375,3.06931066513062
"2000-06-23",11.6800003051758,12.0600004196167,11.6800003051758,12.0200004577637,16639125,3.1371705532074
"2000-06-26",12,12.1599998474121,11.960000038147,11.9799995422363,14837875,3.1267294883728
"2000-06-27",11.9399995803833,12.039999961853,11.8800001144409,11.960000038147,8096750,3.12151002883911
"2000-06-28",11.9200000762939,12.1999998092651,11.9200000762939,12.1800003051758,12018500,3.17892980575562
"2000-06-29",12.1000003814697,12.1999998092651,11.960000038147,11.960000038147,6978250,3.12151002883911
"2000-06-30",12,12.1999998092651,11.9799995422363,12.1000003814697,5953750,3.15805053710938
"2000-07-03",12.0200004577637,12.4399995803833,12,12.3800001144409,8719125,3.23112869262695
"2000-07-04",12.3000001907349,12.3999996185303,12.1599998474121,12.2399997711182,8562125,3.19458866119385
"2000-07-05",12,12.039999961853,11.9200000762939,11.960000038147,4183500,3.12151002883911
"2000-07-06",11.8800001144409,12.1000003814697,11.8599996566772,12.0799999237061,7344000,3.15282988548279
"2000-07-07",12.0200004577637,12.1999998092651,11.9200000762939,12.1999998092651,7414875,3.18414902687073
"2000-07-10",12.1199998855591,12.2799997329712,11.9399995803833,12.0799999237061,7640750,3.15282988548279
"2000-07-11",11.9799995422363,12.0600004196167,11.9399995803833,12.039999961853,5130250,3.14239025115967
"2000-07-12",12,12.039999961853,11.8999996185303,12,5232250,3.13194942474365
"2000-07-13",11.9399995803833,11.960000038147,11.8199996948242,11.8800001144409,5354000,3.10063052177429
"2000-07-14",11.8199996948242,11.8999996185303,11.7399997711182,11.7600002288818,4156250,3.06931066513062
"2000-07-17",11.7399997711182,11.7600002288818,11.6599998474121,11.6800003051758,5510625,3.04843211174011
"2000-07-18",11.5799999237061,11.7799997329712,11.4799995422363,11.5799999237061,5797125,3.02233219146729
"2000-07-19",11.6199998855591,11.8400001525879,11.6000003814697,11.7200002670288,5458875,3.05887222290039
"2000-07-20",11.6800003051758,12,11.6800003051758,11.8400001525879,8631250,3.09019112586975
"2000-07-21",11.8800001144409,11.960000038147,11.8000001907349,11.8999996185303,5381250,3.10584998130798
"2000-07-24",11.8800001144409,12.1599998474121,11.8400001525879,12.0600004196167,7564625,3.14760994911194
"2000-07-25",12.0200004577637,12.2399997711182,12.0200004577637,12.039999961853,14221875,3.14239025115967
"2000-07-26",12.0200004577637,12.1000003814697,11.9200000762939,11.9799995422363,6038375,3.1267294883728
"2000-07-27",11.8999996185303,12.1400003433228,11.7200002670288,12,8233500,3.13194942474365
"2000-07-28",12.0200004577637,12.0799999237061,11.8800001144409,12.0200004577637,5153250,3.1371705532074
"2000-07-31",12.0200004577637,12.0799999237061,11.9200000762939,12.0799999237061,4886500,3.15282988548279
"2000-08-01",12.0200004577637,12.0600004196167,11.8800001144409,11.960000038147,3932375,3.12151002883911
"2000-08-02",11.8999996185303,12.3599996566772,11.8999996185303,12.3400001525879,12504250,3.22068881988525
"2000-08-03",12.3400001525879,12.5799999237061,12.3199996948242,12.3999996185303,15073250,3.23634886741638
"2000-08-04",12.3199996948242,12.460000038147,12.3000001907349,12.3000001907349,11573625,3.21024870872498
"2000-08-07",12.2200002670288,12.4200000762939,12.2200002670288,12.3240003585815,5524000,3.21651315689087
"2000-08-08",12.3400001525879,12.5,12.2399997711182,12.4420003890991,6721750,3.24731111526489
"2000-08-09",12.3999996185303,12.4799995422363,12.3400001525879,12.3579998016357,6208000,3.22538709640503
"2000-08-10",12.3199996948242,12.3999996185303,12.1199998855591,12.1759996414185,4746375,3.17788553237915
"2000-08-11",12.0799999237061,12.4399995803833,12.0799999237061,12.3999996185303,8113875,3.23634886741638
"2000-08-14",12.4200000762939,12.4799995422363,12.3599996566772,12.4519996643066,1926375,3.249920129776
"2000-08-15",12.4519996643066,12.4519996643066,12.4519996643066,12.4519996643066,0,3.249920129776
"2000-08-16",12.5,12.8999996185303,12.460000038147,12.8439998626709,19543750,3.3522310256958
"2000-08-17",12.7200002670288,12.9399995803833,12.7200002670288,12.9160003662109,10484625,3.37102293968201
"2000-08-18",13,13.4200000762939,12.9399995803833,13.3360004425049,21766376,3.48063993453979
"2000-08-21",13.1599998474121,13.3400001525879,13.0799999237061,13.1560001373291,8021625,3.43366169929504
"2000-08-22",13.1000003814697,13.2399997711182,13.0600004196167,13.1940002441406,7648875,3.44357824325562
"2000-08-23",13.1599998474121,13.6999998092651,13.1400003433228,13.6999998092651,16575750,3.57564330101013
"2000-08-24",13.6000003814697,13.7399997711182,13.039999961853,13.1140003204346,12884250,3.42270016670227
"2000-08-25",13,13.1400003433228,12.8999996185303,13.0319995880127,6629250,3.40129828453064
"2000-08-28",13.039999961853,13.3000001907349,12.8400001525879,13.2299995422363,6201000,3.45297503471375
"2000-08-29",13.1999998092651,13.4399995803833,13.1199998855591,13.1920003890991,6444500,3.44305801391602
"2000-08-30",13.1199998855591,13.2600002288818,13.0600004196167,13.2259998321533,4895250,3.45193099975586
"2000-08-31",13.2200002670288,13.3599996566772,12.960000038147,13.0679998397827,7678375,3.41069412231445
"2000-09-01",13.039999961853,13.039999961853,12.7600002288818,12.8800001144409,9463500,3.36162638664246
"2000-09-04",12.8199996948242,13.2799997329712,12.7600002288818,13.21399974823,5698500,3.44879865646362
"2000-09-05",13.1999998092651,13.3400001525879,12.9399995803833,13.0340003967285,4675625,3.40182042121887
"2000-09-06",13.0200004577637,13.3599996566772,12.9399995803833,13.2679996490479,6213375,3.46289300918579
"2000-09-07",13.3800001144409,13.6800003051758,13.2399997711182,13.3020000457764,18824000,3.47176647186279
"2000-09-08",13.1400003433228,13.2600002288818,12.8800001144409,12.9820003509521,6819125,3.38824796676636
"2000-09-11",12.8000001907349,13.3999996185303,12.7799997329712,13.3620004653931,8702750,3.48742604255676
"2000-09-12",13.3999996185303,13.3999996185303,13.1199998855591,13.1199998855591,6135750,3.42426538467407
"2000-09-13",13.1199998855591,13.1999998092651,12.9799995422363,13.0740003585815,4892000,3.41226029396057
"2000-09-14",13.0799999237061,13.0799999237061,12.7799997329712,12.8120002746582,7573125,3.34387898445129
"2000-09-15",12.8000001907349,12.8400001525879,12.5200004577637,12.5920000076294,18797750,3.28645992279053
"2000-09-18",12.6400003433228,12.9799995422363,12.6400003433228,12.9320001602173,9415625,3.37519812583923
"2000-09-19",13,13.1599998474121,12.9200000762939,12.956000328064,7069125,3.38146328926086
"2000-09-20",12.9200000762939,12.960000038147,12.7799997329712,12.9040002822876,6312375,3.36788964271545
"2000-09-21",12.8800001144409,13.039999961853,12.5600004196167,12.6219997406006,8487750,3.29428839683533
"2000-09-22",12.3000001907349,12.8800001144409,12.3000001907349,12.8800001144409,7742875,3.36162638664246
"2000-09-25",12.6800003051758,12.6800003051758,12.2799997329712,12.3879995346069,6600750,3.23321580886841
"2000-09-26",12.3199996948242,12.3400001525879,12.1800003051758,12.2080001831055,6272875,3.18623828887939
"2000-09-27",12.2600002288818,12.3599996566772,12.1199998855591,12.2799997329712,5050875,3.20502829551697
"2000-09-28",12.4399995803833,12.4399995803833,12.1400003433228,12.3199996948242,4410500,3.21546792984009
"2000-09-29",12.2600002288818,12.3599996566772,11.960000038147,12,5601750,3.13194942474365
"2000-10-02",11.960000038147,12.5600004196167,11.960000038147,12.4280004501343,7416000,3.24365615844727
"2000-10-03",12.539999961853,12.539999961853,12.460000038147,12.460000038147,108875,3.25200748443604
"2000-10-04",12.5200004577637,12.6599998474121,12.3999996185303,12.5260000228882,4272625,3.26923394203186
"2000-10-05",12.5,12.5799999237061,12.2600002288818,12.3800001144409,6055625,3.23112869262695
"2000-10-06",12.3800001144409,12.6400003433228,12.3599996566772,12.6199998855591,5209500,3.29376745223999
"2000-10-09",12.6000003814697,12.7799997329712,12.5200004577637,12.6999998092651,5505125,3.31464743614197
"2000-10-10",12.6800003051758,13.1199998855591,12.6599998474121,13.1000003814697,9457750,3.41904592514038
"2000-10-11",13.1000003814697,13.3999996185303,13,13.1099996566772,13617625,3.42165517807007
"2000-10-12",13,13.5600004196167,12.8999996185303,13.4399995803833,13106750,3.50778293609619
"2000-10-13",13.3800001144409,13.6199998855591,13.1199998855591,13.3000001907349,13305625,3.47124528884888
"2000-10-16",13.1800003051758,13.1800003051758,12.9200000762939,13.0120000839233,7047875,3.39607667922974
"2000-10-17",12.8999996185303,13.1000003814697,12.8199996948242,12.8579998016357,4659375,3.35588455200195
"2000-10-18",12.8199996948242,12.9200000762939,12.4799995422363,12.7620000839233,6705000,3.33082938194275
"2000-10-19",12.7799997329712,12.7799997329712,12.4399995803833,12.5900001525879,7624500,3.28593778610229
"2000-10-20",12.6400003433228,12.6999998092651,12.4799995422363,12.6339998245239,6287000,3.29742121696472
"2000-10-23",12.539999961853,12.7799997329712,12.5,12.6319999694824,4953625,3.29689931869507
"2000-10-24",12.6999998092651,12.8999996185303,12.5799999237061,12.7679996490479,5534625,3.33239459991455
"2000-10-25",12.6999998092651,12.960000038147,12.6800003051758,12.8400001525879,5570375,3.35118651390076
"2000-10-26",12.8000001907349,12.9200000762939,12.7600002288818,12.8459997177124,5153750,3.3527524471283
"2000-10-27",12.8199996948242,13,12.7799997329712,12.8199996948242,4965875,3.34596705436707
"2000-10-30",12.8000001907349,12.8800001144409,12.460000038147,12.5059995651245,7398500,3.26401472091675
"2000-10-31",12.5799999237061,12.7799997329712,12.539999961853,12.7399997711182,5296750,3.32508754730225
"2000-11-01",12.7399997711182,12.9200000762939,12.5600004196167,12.8579998016357,3235625,3.35588455200195
"2000-11-02",12.9399995803833,12.9799995422363,12.6000003814697,12.7259998321533,7632500,3.32143354415894
"2000-11-03",12.7259998321533,12.7259998321533,12.7259998321533,12.7259998321533,0,3.32143354415894
"2000-11-06",12.8000001907349,13.2600002288818,12.7399997711182,13.2019996643066,9820500,3.44566559791565
"2000-11-07",13.2200002670288,13.3999996185303,13.039999961853,13.253999710083,11898125,3.45923805236816
"2000-11-08",13.2399997711182,13.3999996185303,13.2399997711182,13.3739995956421,7922000,3.49055790901184
"2000-11-09",13.3000001907349,13.5,13.3000001907349,13.4540004730225,8393875,3.51143836975098
"2000-11-10",13.3800001144409,13.460000038147,13.2399997711182,13.3500003814697,6919125,3.48429417610168
"2000-11-13",13.1999998092651,13.3599996566772,13.039999961853,13.1520004272461,5204625,3.4326171875
"2000-11-14",13.1999998092651,13.7799997329712,13.1000003814697,13.6780004501343,13124875,3.56990242004395
"2000-11-15",13.6599998474121,14.0600004196167,13.6599998474121,13.9340000152588,20816500,3.63671612739563
"2000-11-16",13.9200000762939,14.039999961853,13.8199996948242,13.9799995422363,11914750,3.64872145652771
"2000-11-17",13.9399995803833,13.9700002670288,13.9399995803833,13.9700002670288,926625,3.64611148834229
"2000-11-20",13.9200000762939,14.1400003433228,13.9200000762939,14.0139999389648,7228375,3.65759563446045
"2000-11-21",13.960000038147,14.3199996948242,13.960000038147,14.2760000228882,9170875,3.72597575187683
"2000-11-22",14.3199996948242,14.6199998855591,14.2200002670288,14.3599996566772,14597250,3.74790096282959
"2000-11-23",14.3199996948242,14.5600004196167,14.2600002288818,14.4320001602173,9364000,3.76669216156006
"2000-11-24",14.3199996948242,14.4799995422363,14.2399997711182,14.3559999465942,7608250,3.74685645103455
"2000-11-27",14.2600002288818,14.3599996566772,14.0200004577637,14.1140003204346,6620125,3.6836953163147
"2000-11-28",14.039999961853,14.3999996185303,14.039999961853,14.3199996948242,7329625,3.73746037483215
"2000-11-29",14.2200002670288,14.5600004196167,14.2200002670288,14.4779996871948,7559875,3.77869772911072
"2000-11-30",14.3599996566772,14.4399995803833,13.8400001525879,14.0240001678467,6489375,3.66020584106445
"2000-12-01",14.1999998092651,14.2799997329712,13.6000003814697,13.7239999771118,12999625,3.58190703392029
"2000-12-04",13.6599998474121,13.7399997711182,13.3999996185303,13.4980001449585,6831500,3.5229218006134
"2000-12-05",13.539999961853,13.8199996948242,13.5200004577637,13.6599998474121,4991500,3.56520295143127
"2000-12-06",13.460000038147,13.5,12.8400001525879,12.9020004272461,14955125,3.36736822128296
"2000-12-07",12.8199996948242,13.039999961853,12.539999961853,12.960000038147,13362625,3.38250660896301
"2000-12-08",12.960000038147,13.1400003433228,12.4799995422363,12.6560001373291,11540125,3.30316305160522
"2000-12-11",12.7200002670288,12.8000001907349,12.1599998474121,12.2320003509521,17774876,3.19250154495239
"2000-12-12",12.3599996566772,12.8599996566772,12.2200002670288,12.793999671936,18237876,3.33918070793152
"2000-12-13",12.8999996185303,13.1999998092651,12.8000001907349,13.0780000686646,11248125,3.41330409049988
"2000-12-14",12.9399995803833,13.3400001525879,12.9399995803833,13.1260004043579,12071750,3.42583155632019
"2000-12-15",12.960000038147,13.1199998855591,12.8400001525879,12.9879999160767,13662750,3.38981366157532
"2000-12-18",12.8599996566772,13.3999996185303,12.8000001907349,13.2740001678467,8457000,3.46445941925049
"2000-12-19",13.2399997711182,13.6199998855591,13.0600004196167,13.6000003814697,7653250,3.54954218864441
"2000-12-20",13.6000003814697,13.8199996948242,13.3999996185303,13.5100002288818,9255000,3.5260534286499
"2000-12-21",12.8400001525879,13.4399995803833,12.8000001907349,13.3199996948242,9570125,3.47646450996399
"2000-12-22",13.3800001144409,13.6999998092651,13.3000001907349,13.6059999465942,3200750,3.55110931396484
"2000-12-25",13.6059999465942,13.6059999465942,13.6059999465942,13.6059999465942,0,3.55110931396484
"2000-12-26",13.6059999465942,13.6059999465942,13.6059999465942,13.6059999465942,0,3.55110931396484
"2000-12-27",13.6400003433228,13.8000001907349,13.5799999237061,13.7760000228882,1689750,3.59547805786133
"2000-12-28",13.8400001525879,13.9399995803833,13.6599998474121,13.8920001983643,2280375,3.6257541179657
"2000-12-29",13.8999996185303,13.9799995422363,13.539999961853,13.6000003814697,2003625,3.54954218864441
"2001-01-01",13.6000003814697,13.6000003814697,13.6000003814697,13.6000003814697,0,3.54954218864441
"2001-01-02",13.5,14,13.3199996948242,13.5340003967285,4977000,3.53231716156006
"2001-01-03",13.6199998855591,13.9200000762939,13.539999961853,13.6599998474121,6439375,3.56520295143127
"2001-01-04",13.6199998855591,13.7799997329712,13.3199996948242,13.4160003662109,7887750,3.50152063369751
"2001-01-05",13.4200000762939,13.539999961853,13.1400003433228,13.3120002746582,5639125,3.47437620162964
"2001-01-08",13.4799995422363,13.7600002288818,13.3800001144409,13.7080001831055,5294875,3.57773113250732
"2001-01-09",13.6400003433228,13.8999996185303,13.2200002670288,13.2659997940063,9498625,3.46237015724182
"2001-01-10",13.3800001144409,13.539999961853,13.3000001907349,13.4300003051758,7311500,3.50517535209656
"2001-01-11",13.4799995422363,13.7799997329712,13.460000038147,13.6979999542236,6753250,3.57511973381042
"2001-01-12",13.7399997711182,13.8999996185303,13.6000003814697,13.7200002670288,7408625,3.58086109161377
"2001-01-15",13.8599996566772,13.9200000762939,13.6400003433228,13.8000001907349,5053250,3.60174250602722
"2001-01-16",13.7600002288818,13.8000001907349,13.6000003814697,13.7159996032715,4661500,3.57982039451599
"2001-01-17",13.7600002288818,13.8000001907349,13.3000001907349,13.3920001983643,10908250,3.49525618553162
"2001-01-18",13.4399995803833,13.6800003051758,13.3199996948242,13.5979995727539,7424625,3.54902076721191
"2001-01-19",13.6599998474121,13.7600002288818,13.2600002288818,13.3999996185303,10893875,3.49734330177307
"2001-01-22",13.5200004577637,13.6199998855591,13.3400001525879,13.5559997558594,4947625,3.53805947303772
"2001-01-23",13.4739999771118,13.4739999771118,13.4739999771118,13.4739999771118,22875,3.51665878295898
"2001-01-24",13.4799995422363,13.6400003433228,13.4200000762939,13.6199998855591,5581625,3.55476331710815
"2001-01-25",13.6599998474121,13.7399997711182,13.6000003814697,13.6920003890991,4089250,3.57355451583862
"2001-01-26",13.6800003051758,13.7200002670288,13.4799995422363,13.6440000534058,4542250,3.56102728843689
"2001-01-29",13.6199998855591,13.8000001907349,13.539999961853,13.7799997329712,4232625,3.59652233123779
"2001-01-30",13.78600025177,13.78600025177,13.78600025177,13.78600025177,29625,3.59808993339539
"2001-01-31",13.996000289917,13.996000289917,13.996000289917,13.996000289917,21500,3.65289831161499
"2001-02-01",13.9200000762939,14.1999998092651,13.8199996948242,13.8979997634888,8660250,3.62732100486755
"2001-02-02",13.9399995803833,13.960000038147,13.8000001907349,13.8800001144409,4420125,3.6226224899292
"2001-02-05",13.8400001525879,14.3199996948242,13.8400001525879,14.2919998168945,8591625,3.73015284538269
"2001-02-06",14.3000001907349,14.3400001525879,14.0799999237061,14.1379995346069,6891625,3.6899585723877
"2001-02-07",13.8940000534058,13.8940000534058,13.8940000534058,13.8940000534058,32500,3.62627649307251
"2001-02-08",13.8999996185303,14.1800003051758,13.8599996566772,14.1000003814697,6218250,3.68004202842712
"2001-02-09",14.0799999237061,14.3400001525879,14.0200004577637,14.2360000610352,9121750,3.71553659439087
"2001-02-12",14.1999998092651,14.5200004577637,14.1999998092651,14.4720001220703,9487625,3.77713131904602
"2001-02-13",14.4200000762939,14.4799995422363,14.1000003814697,14.1859998703003,8609750,3.70248794555664
"2001-02-14",14.1400003433228,14.6000003814697,14.1000003814697,14.5699996948242,9374500,3.80270934104919
"2001-02-15",14,14.1400003433228,13.7600002288818,13.8299999237061,20538376,3.60957264900208
"2001-02-16",13.6199998855591,13.8199996948242,13.5799999237061,13.7200002670288,14728875,3.58086109161377
"2001-02-19",13.7399997711182,14,13.6999998092651,13.8579998016357,5074875,3.6168806552887
"2001-02-20",13.9200000762939,13.960000038147,13.6800003051758,13.7379999160767,5165375,3.58556175231934
"2001-02-21",13.7799997329712,13.8800001144409,13.3400001525879,13.4680004119873,10468750,3.51509118080139
"2001-02-22",13.539999961853,13.6400003433228,13.2799997329712,13.5340003967285,11196375,3.53231716156006
"2001-02-23",13.5600004196167,13.7799997329712,13.3400001525879,13.4200000762939,9716250,3.50256490707397
"2001-02-26",13.4799995422363,13.8599996566772,13.3800001144409,13.6999998092651,7449375,3.57564330101013
"2001-02-27",13.8199996948242,13.9799995422363,13.7600002288818,13.8319997787476,7504750,3.61009526252747
"2001-02-28",13.8400001525879,14.2200002670288,13.8199996948242,14.0799999237061,10095250,3.6748218536377
"2001-03-01",14.1599998474121,14.3000001907349,13.9200000762939,14.2399997711182,13994250,3.71658134460449
"2001-03-02",14.1999998092651,14.4799995422363,14.1199998855591,14.1999998092651,10064125,3.70614099502563
"2001-03-05",14.3000001907349,14.3599996566772,14.1000003814697,14.210000038147,8370875,3.70875096321106
"2001-03-06",14.1199998855591,14.1999998092651,13.9200000762939,14.0120000839233,7522125,3.65707302093506
"2001-03-07",14,14.3000001907349,13.960000038147,14.2600002288818,8640875,3.72180080413818
"2001-03-08",14.1999998092651,14.5600004196167,14.1800003051758,14.5059995651245,9142875,3.78600549697876
"2001-03-09",14.460000038147,14.6199998855591,14.4399995803833,14.5520000457764,10311375,3.79801034927368
"2001-03-12",14.4200000762939,14.6000003814697,14.2399997711182,14.2819995880127,9686875,3.72754263877869
"2001-03-13",14.1000003814697,14.2799997329712,13.8999996185303,13.8999996185303,10859125,3.62784242630005
"2001-03-14",13.9799995422363,14.0600004196167,13.4799995422363,13.9359998703003,10360125,3.63723850250244
"2001-03-15",13.8199996948242,14.1599998474121,13.6800003051758,14.1059999465942,8187500,3.68160772323608
"2001-03-16",14.1599998474121,14.2600002288818,14.0799999237061,14.2600002288818,16911624,3.72180080413818
"2001-03-19",14.1599998474121,14.4200000762939,14.1199998855591,14.1400003433228,6493175,3.69047975540161
"2001-03-20",14.2799997329712,14.3800001144409,14.1599998474121,14.3459997177124,5275700,3.74424648284912
"2001-03-21",14.3000001907349,14.5799999237061,14.1999998092651,14.53600025177,9834325,3.79383563995361
"2001-03-22",14.5,14.5200004577637,13.6999998092651,13.6999998092651,10038100,3.57564330101013
"2001-03-23",13.9200000762939,13.9799995422363,13.3599996566772,13.5200004577637,11234650,3.52866387367249
"2001-03-26",13.5799999237061,13.7799997329712,13.3199996948242,13.6319999694824,7844025,3.55789494514465
"2001-03-27",13.7399997711182,14.3800001144409,13.6199998855591,14.3199996948242,9729400,3.73746037483215
"2001-03-28",14.1800003051758,14.5,14.1400003433228,14.3400001525879,9358950,3.74267983436584
"2001-03-29",14.2399997711182,14.6800003051758,14.1800003051758,14.6400003433228,8333250,3.82098007202148
"2001-03-30",14.7200002670288,14.960000038147,14.6999998092651,14.8000001907349,11331675,3.8627393245697
"2001-04-02",14.6999998092651,15.3000001907349,14.6000003814697,15.1540002822876,8226800,3.95513081550598
"2001-04-03",14.9799995422363,15.2600002288818,14.5600004196167,14.6499996185303,12374575,3.82358884811401
"2001-04-04",14.6999998092651,14.7200002670288,14.3599996566772,14.5679998397827,9821225,3.80218744277954
"2001-04-05",14.6199998855591,14.8599996566772,14.539999961853,14.539999961853,7444350,3.79487943649292
"2001-04-06",14.6400003433228,14.960000038147,14.4200000762939,14.8999996185303,8431950,3.88883900642395
"2001-04-09",14.8800001144409,15.1999998092651,14.8000001907349,15.1599998474121,5684575,3.95669794082642
"2001-04-10",15.1999998092651,15.3400001525879,15.1199998855591,15.1420001983643,8055900,3.95199942588806
"2001-04-11",15,15.3400001525879,14.6999998092651,14.7399997711182,11830800,3.84707880020142
"2001-04-12",14.6999998092651,15.0799999237061,14.6000003814697,14.9420003890991,9717800,3.89979982376099
"2001-04-13",14.9420003890991,14.9420003890991,14.9420003890991,14.9420003890991,0,3.89979982376099
"2001-04-16",14.9420003890991,14.9420003890991,14.9420003890991,14.9420003890991,0,3.89979982376099
"2001-04-17",14.8800001144409,15.1800003051758,14.8599996566772,14.9499998092651,7039900,3.90188765525818
"2001-04-18",14.960000038147,15.0799999237061,14.5600004196167,14.6300001144409,9124300,3.81836891174316
"2001-04-19",14.6199998855591,14.8400001525879,14.5200004577637,14.6800003051758,8062375,3.8314197063446
"2001-04-20",14.7399997711182,14.8999996185303,14.5,14.7880001068115,8883900,3.85960626602173
"2001-04-23",14.6999998092651,15.0200004577637,14.6599998474121,14.9300003051758,6180375,3.89666748046875
"2001-04-24",15,15.3800001144409,15,15.3400001525879,10075125,4.00367641448975
"2001-04-25",15.1999998092651,15.6000003814697,15.1999998092651,15.5080003738403,5736350,4.04752349853516
"2001-04-26",15.539999961853,15.6000003814697,15.2399997711182,15.4860000610352,8660325,4.04178237915039
"2001-04-27",15.4799995422363,15.6199998855591,15.3999996185303,15.5,6441050,4.04543542861938
"2001-04-30",15.3999996185303,15.539999961853,15.3000001907349,15.4399995803833,3876450,4.02977466583252
"2001-05-01",15.4399995803833,15.4399995803833,15.4399995803833,15.4399995803833,0,4.02977466583252
"2001-05-02",15.3400001525879,15.5,15.2399997711182,15.3280000686646,12877425,4.00054407119751
"2001-05-03",15.2399997711182,15.2600002288818,14.5,14.6140003204346,24723400,3.81419372558594
"2001-05-04",14.6800003051758,14.7799997329712,14.2200002670288,14.7600002288818,28988424,3.85229921340942
"2001-05-07",14.7600002288818,14.9799995422363,14.7399997711182,14.9399995803833,8339700,3.89927792549133
"2001-05-08",14.8599996566772,14.9200000762939,14.6999998092651,14.7779998779297,7337550,3.8569962978363
"2001-05-09",14.6999998092651,14.8999996185303,14.6999998092651,14.8000001907349,8753925,3.8627393245697
"2001-05-10",14.9799995422363,15,14.7799997329712,14.7799997329712,6969025,3.85751819610596
"2001-05-11",14.7600002288818,14.8800001144409,14.6999998092651,14.8079996109009,5957475,3.86482548713684
"2001-05-14",14.7200002670288,15.0200004577637,14.6800003051758,14.8599996566772,6084550,3.87839722633362
"2001-05-15",14.9399995803833,15.0200004577637,14.7600002288818,14.9420003890991,7470300,3.89979982376099
"2001-05-16",14.8000001907349,15.1000003814697,14.8000001907349,15.0459995269775,6225750,3.9269437789917
"2001-05-17",15.0200004577637,15.1800003051758,14.7600002288818,14.8299999237061,8876800,3.87056827545166
"2001-05-18",14.7200002670288,15.039999961853,14.7200002670288,14.9879999160767,9274000,3.9118058681488
"2001-05-21",14.9799995422363,15.0200004577637,14.8599996566772,14.9399995803833,5693200,3.89927792549133
"2001-05-22",14.960000038147,15.0200004577637,14.8599996566772,14.960000038147,6367075,3.90449786186218
"2001-05-23",14.9399995803833,15.0200004577637,14.8800001144409,14.9300003051758,6678075,3.89666748046875
"2001-05-24",15.1120004653931,15.1120004653931,15.1120004653931,15.1120004653931,38500,3.9441704750061
"2001-05-25",15.1800003051758,15.3599996566772,15.039999961853,15.0799999237061,8696850,3.93581795692444
"2001-05-28",15.1599998474121,15.3599996566772,15.1599998474121,15.2519998550415,3031850,3.98070812225342
"2001-05-29",15.2600002288818,15.539999961853,15.2600002288818,15.3400001525879,8679875,4.00367641448975
"2001-05-30",15.3599996566772,15.460000038147,15.1999998092651,15.4040002822876,7273500,4.0203800201416
"2001-05-31",15.4200000762939,15.460000038147,15.1000003814697,15.1999998092651,6794550,3.96713733673096
"2001-06-01",15.1599998474121,15.5,15.1400003433228,15.4259996414185,9484900,4.02612257003784
"2001-06-04",15.5,15.7200002670288,15.4200000762939,15.4659996032715,6476475,4.03656148910522
"2001-06-05",15.5799999237061,15.6599998474121,15.5,15.6000003814697,7179325,4.07153511047363
"2001-06-06",15.460000038147,15.5200004577637,15.1599998474121,15.2200002670288,12249400,3.97235751152039
"2001-06-07",15.2399997711182,15.4200000762939,15.1599998474121,15.3599996566772,10190100,4.00889682769775
"2001-06-08",15.4200000762939,15.5,15.3199996948242,15.4399995803833,9364325,4.02977466583252
"2001-06-11",15.3800001144409,15.6199998855591,15.3199996948242,15.6000003814697,5146275,4.07153511047363
"2001-06-12",15.3999996185303,15.539999961853,15.3800001144409,15.460000038147,6547600,4.03499555587769
"2001-06-13",15.539999961853,15.6800003051758,15.5,15.5600004196167,15024900,4.06109476089478
"2001-06-14",15.6000003814697,15.6599998474121,15.4200000762939,15.5979995727539,12070000,4.07101392745972
"2001-06-15",15.6599998474121,15.6800003051758,15.4399995803833,15.5200004577637,17302600,4.05065584182739
"2001-06-18",14.8999996185303,15.0100002288818,14.5799999237061,14.5799999237061,27269700,3.80531859397888
"2001-06-19",14.7799997329712,14.8100004196167,14.6300001144409,14.7550001144409,23676550,3.85099315643311
"2001-06-20",14.75,14.8000001907349,14.6499996185303,14.7700004577637,15732150,3.85490822792053
"2001-06-21",14.8000001907349,14.8100004196167,14.6099996566772,14.6479997634888,31401700,3.8230664730072
"2001-06-22",14.6599998474121,14.9799995422363,14.6499996185303,14.8800001144409,20673200,3.88361811637878
"2001-06-25",14.8400001525879,15.0500001907349,14.8400001525879,14.9829998016357,16582950,3.91050004959106
"2001-06-26",14.9700002670288,15.0299997329712,14.7700004577637,15,17599450,3.91493821144104
"2001-06-27",14.9200000762939,15.0299997329712,14.8500003814697,14.9259996414185,10686400,3.89562368392944
"2001-06-28",14.6499996185303,14.6999998092651,14.3100004196167,14.4340000152588,25461700,3.76721358299255
"2001-06-29",14.3599996566772,14.6199998855591,14.2700004577637,14.4139995574951,13809900,3.76199531555176
"2001-07-02",14.5900001525879,14.6000003814697,14.4099998474121,14.4200000762939,12014100,3.7635600566864
"2001-07-03",14.3900003433228,14.3999996185303,13.9300003051758,13.9499998092651,19223300,3.64089202880859
"2001-07-04",14.039999961853,14.3100004196167,13.9499998092651,14.2650003433228,15677150,3.72310614585876
"2001-07-05",14.3100004196167,14.5,14.2799997329712,14.4230003356934,17548900,3.76434254646301
"2001-07-06",14.4799995422363,14.539999961853,14.289999961853,14.3599996566772,22720700,3.74790096282959
"2001-07-09",14.3599996566772,14.3999996185303,14.1999998092651,14.2600002288818,10980050,3.72180080413818
"2001-07-10",14.3199996948242,14.3199996948242,13.960000038147,14.1400003433228,21638700,3.69047975540161
"2001-07-11",14.1000003814697,14.1499996185303,13.8500003814697,13.9200000762939,22821700,3.63306164741516
"2001-07-12",14.0200004577637,14.0500001907349,13.8199996948242,13.8599996566772,19391150,3.61740231513977
"2001-07-13",13.9300003051758,13.960000038147,13.6599998474121,13.7969999313354,26970950,3.60096096992493
"2001-07-16",13.8100004196167,13.8900003433228,13.7200002670288,13.8559999465942,10736000,3.61635780334473
"2001-07-17",13.75,13.8100004196167,13.3999996185303,13.4420003890991,17744150,3.50830674171448
"2001-07-18",13.3000001907349,13.3100004196167,12.9899997711182,13.0500001907349,32097700,3.4059956073761
"2001-07-19",13.1099996566772,13.3800001144409,12.789999961853,13.3800001144409,25604850,3.4921247959137
"2001-07-20",13.1999998092651,13.4899997711182,13.0500001907349,13.4569997787476,26217000,3.51222157478333
"2001-07-23",13.539999961853,13.8100004196167,13.5299997329712,13.6400003433228,18698000,3.55998301506042
"2001-07-24",13.6499996185303,13.8299999237061,13.5799999237061,13.7040004730225,21631800,3.57668685913086
"2001-07-25",13.6499996185303,13.8299999237061,13.6499996185303,13.8059997558594,18511150,3.60330820083618
"2001-07-26",13.8999996185303,14.039999961853,13.6199998855591,13.6490001678467,21379650,3.56233191490173
"2001-07-27",13.7299995422363,13.7799997329712,13.6800003051758,13.7189998626709,8273850,3.58060240745544
"2001-07-30",13.75,14.0100002288818,13.7200002670288,13.8959999084473,14461300,3.62679839134216
"2001-07-31",13.8400001525879,14.0600004196167,13.7700004577637,13.8900003433228,12341100,3.62523293495178
"2001-08-01",14.0600004196167,14.0799999237061,13.9200000762939,13.9499998092651,9963650,3.64089202880859
"2001-08-02",13.9499998092651,14.0600004196167,13.4200000762939,13.5550003051758,18011700,3.53779935836792
"2001-08-03",13.6199998855591,13.8199996948242,13.5299997329712,13.6870002746582,18484150,3.57225012779236
"2001-08-06",13.7200002670288,14.1400003433228,13.710000038147,14.0260000228882,21011950,3.66072845458984
"2001-08-07",14.0200004577637,14.1000003814697,13.789999961853,13.8999996185303,17339250,3.62784242630005
"2001-08-08",13.9899997711182,14.25,13.9799995422363,14.210000038147,13904550,3.70875096321106
"2001-08-09",14.1199998855591,14.289999961853,14.0299997329712,14.2259998321533,14520450,3.71292614936829
"2001-08-10",14.1999998092651,14.3299999237061,13.9899997711182,14.1099996566772,9675000,3.68265080451965
"2001-08-13",14.2200002670288,14.3100004196167,14.1199998855591,14.2690000534058,5454100,3.72415041923523
"2001-08-14",14.3100004196167,14.4300003051758,14.3000001907349,14.3900003433228,6698800,3.75573015213013
"2001-08-15",14.3900003433228,14.3900003433228,14.3900003433228,14.3900003433228,0,3.75573015213013
"2001-08-16",14.4700002670288,14.5600004196167,14.3000001907349,14.4919996261597,12624150,3.78235077857971
"2001-08-17",14.5500001907349,14.5600004196167,14.0799999237061,14.1000003814697,12394150,3.68004202842712
"2001-08-20",14.0100002288818,14.0900001525879,13.8699998855591,13.9969997406006,9074000,3.65315914154053
"2001-08-21",14.0100002288818,14.1300001144409,13.8999996185303,14.1129999160767,10310350,3.68343424797058
"2001-08-22",14.1199998855591,14.5,14.0799999237061,14.4099998474121,16467450,3.76095056533813
"2001-08-23",14.4300003051758,14.5799999237061,14.3299999237061,14.5799999237061,9026050,3.80531859397888
"2001-08-24",14.6199998855591,14.6999998092651,14.5600004196167,14.6780004501343,8422700,3.83089709281921
"2001-08-27",14.6700000762939,14.7200002670288,14.6000003814697,14.6890001296997,11284750,3.83376908302307
"2001-08-28",14.6800003051758,14.7700004577637,14.5,14.6000003814697,15381900,3.81054019927979
"2001-08-29",14.5500001907349,14.8100004196167,14.5,14.7700004577637,12442450,3.85490822792053
"2001-08-30",14.8599996566772,14.9399995803833,14.7399997711182,14.7629995346069,16667500,3.85308265686035
"2001-08-31",14.6999998092651,14.8800001144409,14.5200004577637,14.6470003128052,9847600,3.82280659675598
"2001-09-03",14.6800003051758,14.6999998092651,14.539999961853,14.6590003967285,7648450,3.82593846321106
"2001-09-04",14.7399997711182,14.8199996948242,14.5600004196167,14.7889995574951,24891300,3.85986757278442
"2001-09-05",14.710000038147,14.9300003051758,14.710000038147,14.8070001602173,14301350,3.8645646572113
"2001-09-06",14.8000001907349,14.8400001525879,14.5,14.5260000228882,13205400,3.79122495651245
"2001-09-07",14.5299997329712,14.6800003051758,14.3599996566772,14.5319995880127,22322700,3.79279232025146
"2001-09-10",14.5299997329712,14.6700000762939,14.1899995803833,14.3000001907349,23022000,3.73224139213562
"2001-09-11",14.2700004577637,14.8999996185303,14.1099996566772,14.1800003051758,44538048,3.70092058181763
"2001-09-12",14,14.4499998092651,13.1499996185303,13.3649997711182,33868500,3.48820853233337
"2001-09-13",13.3500003814697,13.8299999237061,13.1800003051758,13.5909996032715,17184900,3.54719495773315
"2001-09-14",13.5299997329712,13.8000001907349,13.0500001907349,13.1219997406006,16872100,3.42478728294373
"2001-09-17",13.210000038147,13.539999961853,12.7299995422363,13.201000213623,15248850,3.44540548324585
"2001-09-18",13.1000003814697,13.3199996948242,12.8199996948242,13.1730003356934,16720200,3.43809938430786
"2001-09-19",13.0299997329712,13.0600004196167,12.4300003051758,12.4840002059937,24607800,3.25827288627625
"2001-09-20",12.3900003433228,12.460000038147,12.0699996948242,12.1599998474121,24682050,3.17370748519897
"2001-09-21",12.0100002288818,12.0200004577637,11.1499996185303,11.4499998092651,69199200,2.98840260505676
"2001-09-24",11.7700004577637,11.8800001144409,11.5200004577637,11.8109998703003,24078900,3.08262157440186
"2001-09-25",11.6800003051758,11.8699998855591,11.4399995803833,11.8100004196167,20544850,3.0823609828949
"2001-09-26",11.8100004196167,12.4700002670288,11.789999961853,12.3699998855591,26856600,3.22851872444153
"2001-09-27",13.1300001144409,13.1300001144409,12.960000038147,12.960000038147,12300,3.38250660896301
"2001-09-28",13.5799999237061,13.5900001525879,13.3999996185303,13.4799995422363,28150,3.51822280883789
"2001-10-01",13.4799995422363,13.4899997711182,12.9499998092651,13.0640001296997,19606700,3.40965008735657
"2001-10-02",13.1700000762939,13.5200004577637,12.8599996566772,13.4209995269775,17873350,3.50282573699951
"2001-10-03",13.2200002670288,13.6400003433228,13.0100002288818,13.5900001525879,16862750,3.54693341255188
"2001-10-04",13.9799995422363,13.9799995422363,13.3100004196167,13.6700000762939,21524100,3.56781244277954
"2001-10-05",13.5500001907349,13.960000038147,13.1499996185303,13.3699998855591,22963650,3.48951482772827
"2001-10-08",13.210000038147,13.6800003051758,13,13.5419998168945,16691850,3.53440499305725
"2001-10-09",13.5200004577637,13.9799995422363,13.4899997711182,13.8229999542236,16906750,3.6077446937561
"2001-10-10",13.789999961853,14.3800001144409,13.5699996948242,14.2919998168945,18003550,3.73015284538269
"2001-10-11",14.25,14.6999998092651,14.0799999237061,14.5950002670288,17980600,3.80923318862915
"2001-10-12",14.5900001525879,14.8000001907349,14.460000038147,14.7320003509521,15049150,3.84499096870422
"2001-10-15",14.6099996566772,14.75,14.3299999237061,14.4099998474121,13327700,3.76095056533813
"2001-10-16",14.3800001144409,14.4799995422363,14.1999998092651,14.3610000610352,12991900,3.74816155433655
"2001-10-17",14.4499998092651,14.6199998855591,14.3800001144409,14.4870004653931,13149800,3.78104758262634
"2001-10-18",14.2399997711182,14.3599996566772,13.9799995422363,14.0469999313354,17149250,3.66620802879333
"2001-10-19",14.0299997329712,14.0500001907349,13.2200002670288,13.3599996566772,29341300,3.48690462112427
"2001-10-22",13.5,13.789999961853,13.3599996566772,13.6999998092651,16165750,3.57564330101013
"2001-10-23",13.8400001525879,14.2799997329712,13.7299995422363,14.1719999313354,18848050,3.69883370399475
"2001-10-24",14,14.3800001144409,14,14.168999671936,16850950,3.69805002212524
"2001-10-25",14.3199996948242,14.3900003433228,13.8599996566772,13.9879999160767,10627250,3.65080976486206
"2001-10-26",14.1000003814697,14.3999996185303,14.0299997329712,14.3509998321533,9462500,3.74555110931396
"2001-10-29",14.1899995803833,14.4300003051758,14.1800003051758,14.2690000534058,9545950,3.72415041923523
"2001-10-30",14.1300001144409,14.2399997711182,13.6999998092651,13.9099998474121,12935850,3.63045120239258
"2001-10-31",13.8100004196167,14.1800003051758,13.5699996948242,13.9969997406006,14628050,3.65315914154053
"2001-11-01",13.8100004196167,13.9700002670288,13.539999961853,13.8319997787476,11807850,3.61009526252747
"2001-11-02",13.8000001907349,13.9300003051758,13.3900003433228,13.6190004348755,11488700,3.55450224876404
"2001-11-05",13.7700004577637,14.039999961853,13.7200002670288,14.0089998245239,12377400,3.65629100799561
"2001-11-06",14.0299997329712,14.0500001907349,13.5100002288818,13.5100002288818,14501950,3.5260534286499
"2001-11-07",13.5,13.6599998474121,13.3000001907349,13.5120000839233,17224900,3.52657508850098
"2001-11-08",13.6300001144409,13.8999996185303,13.5799999237061,13.8500003814697,17313400,3.61479210853577
"2001-11-09",13.8000001907349,14.1899995803833,13.7700004577637,14.0059995651245,15008300,3.65550756454468
"2001-11-12",14.0500001907349,14.2299995422363,13.3800001144409,13.6099996566772,15352700,3.55215311050415
"2001-11-13",13.8999996185303,14.0600004196167,13.8100004196167,14.003999710083,11296750,3.65498566627502
"2001-11-14",14.0200004577637,14.25,13.2700004577637,13.3190002441406,27345200,3.47620368003845
"2001-11-15",13.1300001144409,13.210000038147,12.6199998855591,12.701000213623,41820552,3.31490802764893
"2001-11-16",12.8100004196167,13.210000038147,12.6300001144409,13.076000213623,24277500,3.41278219223022
"2001-11-19",13.1099996566772,13.3000001907349,12.9300003051758,13.0299997329712,17461250,3.40077567100525
"2001-11-20",12.8500003814697,13.25,12.6899995803833,13.1759996414185,27158200,3.43888115882874
"2001-11-21",13.3800001144409,13.5100002288818,13.2600002288818,13.3400001525879,18571400,3.48168468475342
"2001-11-22",13.3599996566772,13.75,13.3400001525879,13.5799999237061,13416100,3.54432415962219
"2001-11-23",13.8100004196167,13.8199996948242,13.3000001907349,13.4499998092651,14282450,3.51039433479309
"2001-11-26",13.5,13.5299997329712,12.960000038147,13.0179996490479,14383600,3.39764356613159
"2001-11-27",13.0699996948242,13.2399997711182,12.7799997329712,12.9799995422363,23170550,3.38772535324097
"2001-11-28",12.9899997711182,13.0699996948242,12.7700004577637,12.9890003204346,14260250,3.39007496833801
"2001-11-29",13,13.3100004196167,12.9300003051758,13.0600004196167,15953550,3.40860557556152
"2001-11-30",13.0500001907349,13.2399997711182,12.8400001525879,13.1300001144409,16543150,3.42687511444092
"2001-12-03",13.1099996566772,13.3400001525879,12.8999996185303,13.2969999313354,15109500,3.47046160697937
"2001-12-04",13.4300003051758,13.5299997329712,13.2799997329712,13.3979997634888,16454550,3.49682211875916
"2001-12-05",13.4799995422363,13.6800003051758,13.4300003051758,13.6409997940063,15569150,3.56024503707886
"2001-12-06",13.7299995422363,13.8299999237061,13.3999996185303,13.710000038147,14922500,3.57825255393982
"2001-12-07",13.5699996948242,13.6300001144409,13.3000001907349,13.4700002670288,12476200,3.5156147480011
"2001-12-10",13.3500003814697,13.5200004577637,13.1999998092651,13.2180004119873,8300200,3.4498438835144
"2001-12-11",13.210000038147,13.3999996185303,13.1400003433228,13.3179998397827,8243100,3.47594261169434
"2001-12-12",13.3699998855591,13.3800001144409,13.1000003814697,13.1230001449585,11300450,3.425048828125
"2001-12-13",13.1400003433228,13.2399997711182,12.8500003814697,13.0109996795654,13115000,3.39581656455994
"2001-12-14",12.8999996185303,13.0900001525879,12.8299999237061,12.8500003814697,11644800,3.35379695892334
"2001-12-17",12.9099998474121,13.3800001144409,12.8299999237061,13.289999961853,12277500,3.46863555908203
"2001-12-18",13.289999961853,13.3699998855591,13.1199998855591,13.1899995803833,10069400,3.44253540039062
"2001-12-19",13.1800003051758,13.289999961853,13.0299997329712,13.1020002365112,12796450,3.41956758499146
"2001-12-20",13.0900001525879,13.4799995422363,13.0699996948242,13.4799995422363,14168150,3.51822280883789
"2001-12-21",13.4099998474121,13.8500003814697,13.25,13.7959995269775,25162550,3.60069918632507
"2001-12-24",13.7959995269775,13.7959995269775,13.7959995269775,13.7959995269775,0,3.60069918632507
"2001-12-25",13.7959995269775,13.7959995269775,13.7959995269775,13.7959995269775,0,3.60069918632507
"2001-12-26",13.7959995269775,13.7959995269775,13.7959995269775,13.7959995269775,0,3.60069918632507
"2001-12-27",13.8800001144409,14.0600004196167,13.8500003814697,14.0410003662109,8298500,3.66464328765869
"2001-12-28",14.0200004577637,14.1499996185303,13.9799995422363,14.0799999237061,6934100,3.6748218536377
"2001-12-31",14.0799999237061,14.0799999237061,14.0799999237061,14.0799999237061,0,3.6748218536377
"2002-01-01",14.0799999237061,14.0799999237061,14.0799999237061,14.0799999237061,0,3.6748218536377
"2002-01-02",13.9799995422363,14.0600004196167,13.6800003051758,13.7309999465942,8789500,3.58373403549194
"2002-01-03",13.8100004196167,14.1400003433228,13.8100004196167,14.0699996948242,11019100,3.67221188545227
"2002-01-04",14.0699996948242,14.2200002670288,13.9200000762939,13.9300003051758,13337500,3.6356725692749
"2002-01-07",13.7700004577637,14.1800003051758,13.7700004577637,13.7910003662109,13782200,3.59939503669739
"2002-01-08",13.7700004577637,14.1300001144409,13.7600002288818,13.9499998092651,15361250,3.64089202880859
"2002-01-09",13.9799995422363,13.9799995422363,13.7600002288818,13.7600002288818,17363350,3.59130167961121
"2002-01-10",13.6999998092651,13.8100004196167,13.5100002288818,13.5100002288818,15916550,3.5260534286499
"2002-01-11",13.6400003433228,13.9799995422363,13.5100002288818,13.9799995422363,16354150,3.64872145652771
"2002-01-14",13.8199996948242,13.8999996185303,13.6400003433228,13.6820001602173,10210073,3.57094502449036
"2002-01-15",13.7799997329712,14.2200002670288,13.7299995422363,14.1199998855591,22540370,3.68526124954224
"2002-01-16",14.0600004196167,14.0900001525879,13.8599996566772,13.9569997787476,17208812,3.64271903038025
"2002-01-17",14.0299997329712,14.210000038147,13.9399995803833,14.1700000762939,15496069,3.69831156730652
"2002-01-18",14.1300001144409,14.6099996566772,14.1199998855591,14.5799999237061,25458284,3.80531859397888
"2002-01-21",14.4899997711182,14.5,14.289999961853,14.331000328064,12196071,3.74033212661743
"2002-01-22",14.3299999237061,14.6400003433228,14.3299999237061,14.5500001907349,19131164,3.79748940467834
"2002-01-23",14.5,14.9799995422363,14.4399995803833,14.9799995422363,21098034,3.90971827507019
"2002-01-24",14.8699998855591,14.960000038147,14.6899995803833,14.831000328064,19202488,3.87083005905151
"2002-01-25",14.7700004577637,15.1000003814697,14.75,15.1000003814697,15246238,3.94103860855103
"2002-01-28",15.1099996566772,15.2700004577637,15.1000003814697,15.1700000762939,12669063,3.95930743217468
"2002-01-29",15.1700000762939,15.210000038147,14.9399995803833,14.9619998931885,12934174,3.90501999855042
"2002-01-30",14.8699998855591,15.1199998855591,14.8500003814697,15.0209999084473,16900446,3.92041730880737
"2002-01-31",15.1199998855591,15.2299995422363,15.0200004577637,15.1099996566772,13375077,3.94364786148071
"2002-02-01",15.1599998474121,15.3299999237061,15.0799999237061,15.2799997329712,15788935,3.98801684379578
"2002-02-04",15.2200002670288,15.2399997711182,15.1300001144409,15.1700000762939,12568798,3.95930743217468
"2002-02-05",15.1599998474121,15.1800003051758,14.8900003433228,15.0059995651245,13719350,3.9165027141571
"2002-02-06",15.0900001525879,15.1599998474121,14.8500003814697,15.0679998397827,17675430,3.93268465995789
"2002-02-07",15.0500001907349,15.0600004196167,14.5600004196167,14.6979999542236,22446228,3.83611631393433
"2002-02-08",14.6000003814697,14.8699998855591,14.5600004196167,14.8699998855591,14561421,3.88100934028625
"2002-02-11",14.9399995803833,14.9899997711182,14.7600002288818,14.8319997787476,13481864,3.87109017372131
"2002-02-12",14.960000038147,15.1000003814697,14.9499998092651,15.0699996948242,17356680,3.9332070350647
"2002-02-13",15.0299997329712,15.2200002670288,14.9399995803833,15.1899995803833,15520498,3.96452736854553
"2002-02-14",15.210000038147,15.5299997329712,15.1499996185303,15.5129995346069,18389172,4.048828125
"2002-02-15",15.5299997329712,15.6499996185303,15.4200000762939,15.4700002670288,15485414,4.03760433197021
"2002-02-18",15.4399995803833,15.4799995422363,15.2799997329712,15.3000001907349,8035028,3.99323654174805
"2002-02-19",15.210000038147,15.2700004577637,15.1099996566772,15.1599998474121,10471435,3.95669794082642
"2002-02-20",15.1499996185303,15.3000001907349,15.0299997329712,15.2550001144409,20998422,3.98149228096008
"2002-02-21",15.3000001907349,15.4899997711182,15.2399997711182,15.4899997711182,21518532,4.04282665252686
"2002-02-22",15.4099998474121,15.6000003814697,15.2799997329712,15.3050003051758,13780218,3.99454045295715
"2002-02-25",15.4200000762939,15.6499996185303,15.2600002288818,15.6120004653931,15039060,4.07466745376587
"2002-02-26",15.7399997711182,15.75,15.5100002288818,15.6400003433228,13424259,4.08197450637817
"2002-02-27",15.6999998092651,16.2299995422363,15.6499996185303,16.2299995422363,30394964,4.23596143722534
"2002-02-28",16.0200004577637,16.0499992370605,15.7399997711182,15.8400001525879,38336416,4.13417482376099
"2002-03-01",15.7799997329712,15.8500003814697,15.5500001907349,15.6949996948242,23215178,4.09632921218872
"2002-03-04",15.8599996566772,15.9499998092651,15.7700004577637,15.8800001144409,18612328,4.14461374282837
"2002-03-05",15.9099998474121,15.9799995422363,15.8100004196167,15.8500003814697,22281756,4.13678359985352
"2002-03-06",15.8500003814697,15.960000038147,15.7700004577637,15.8599996566772,57550460,4.13939380645752
"2002-03-07",15.8699998855591,16.0699996948242,15.6599998474121,15.7200002670288,19041704,4.10285520553589
"2002-03-08",15.8800001144409,16.3299999237061,15.8800001144409,16.1599998474121,24277010,4.21769285202026
"2002-03-11",16.2299995422363,16.6599998474121,16.1499996185303,16.6000003814697,25192348,4.3325309753418
"2002-03-12",16.5400009155273,16.6800003051758,16.3400001525879,16.371000289917,16990832,4.27276229858398
"2002-03-13",16.4200000762939,16.5499992370605,16.3500003814697,16.3999996185303,13883412,4.28033113479614
"2002-03-14",16.3999996185303,16.5499992370605,16.3400001525879,16.4300003051758,13606227,4.28816318511963
"2002-03-15",16.5,16.9500007629395,16.3700008392334,16.9500007629395,30385811,4.42388105392456
"2002-03-18",16.6499996185303,17,16.2299995422363,16.2709999084473,20856372,4.24666309356689
"2002-03-19",16.3799991607666,16.5100002288818,16.2199993133545,16.2999992370605,17410975,4.25423192977905
"2002-03-20",16.3500003814697,16.5200004577637,16.2099990844727,16.4899997711182,10092697,4.30382251739502
"2002-03-21",16.4699993133545,16.5200004577637,16.3700008392334,16.4419994354248,11370944,4.29129362106323
"2002-03-22",16.4699993133545,16.6000003814697,16.3700008392334,16.5130004882812,10822282,4.3098258972168
"2002-03-25",16.4400005340576,16.6100006103516,16.2199993133545,16.2639999389648,11889948,4.24483776092529
"2002-03-26",16.3099994659424,16.4099998474121,15.8699998855591,16.0429992675781,19595136,4.18715667724609
"2002-03-27",16.1499996185303,16.6200008392334,16.0799999237061,16.5,28021335,4.30643224716187
"2002-03-28",16.6399993896484,16.8299999237061,16.5799999237061,16.7999992370605,21265608,4.38472986221313
"2002-03-29",16.7999992370605,16.7999992370605,16.7999992370605,16.7999992370605,0,4.38472986221313
"2002-04-01",16.7999992370605,16.7999992370605,16.7999992370605,16.7999992370605,0,4.38472986221313
"2002-04-02",16.9899997711182,17.0699996948242,16.75,17.0049991607666,14454037,4.43823385238647
"2002-04-03",17.0400009155273,17.0499992370605,16.8700008392334,17.0499992370605,24518838,4.44998025894165
"2002-04-04",16.9899997711182,17.0499992370605,16.6100006103516,16.6200008392334,41738866,4.3377513885498
"2002-04-05",16.7000007629395,16.7299995422363,16.4899997711182,16.6399993896484,12188217,4.34297227859497
"2002-04-08",16.5499992370605,16.7299995422363,16.3999996185303,16.4529991149902,13559316,4.29416465759277
"2002-04-09",16.5499992370605,16.7199993133545,16.4500007629395,16.6240005493164,24182744,4.33879613876343
"2002-04-10",16.5499992370605,16.7999992370605,16.4699993133545,16.7329998016357,13468792,4.36724472045898
"2002-04-11",16.7299995422363,16.7299995422363,16.4899997711182,16.5499992370605,10638847,4.31948089599609
"2002-04-12",16.5799999237061,16.6200008392334,16.2900009155273,16.306999206543,12729058,4.25605821609497
"2002-04-15",16.3400001525879,16.5400009155273,16.1499996185303,16.4400005340576,12227837,4.29077196121216
"2002-04-16",16.4699993133545,16.7700004577637,16.4599990844727,16.7700004577637,12681094,4.37689971923828
"2002-04-17",16.7999992370605,16.8199996948242,16.5100002288818,16.5450000762939,13755871,4.31817483901978
"2002-04-18",16.6399993896484,16.9599990844727,16.6299991607666,16.8099994659424,15986807,4.38733959197998
"2002-04-19",16.8500003814697,17.0200004577637,16.7900009155273,16.9699993133545,14167397,4.42910003662109
"2002-04-22",16.9799995422363,17.1499996185303,16.9500007629395,17.1000003814697,13251566,4.46302843093872
"2002-04-23",17.0799999237061,17.1200008392334,16.8600006103516,17,20291036,4.43692827224731
"2002-04-24",16.9899997711182,17.2900009155273,16.9799995422363,17.1450004577637,16292591,4.47477388381958
"2002-04-25",17.1000003814697,17.1000003814697,16.6700000762939,16.8640003204346,12336819,4.40143299102783
"2002-04-26",16.8600006103516,16.9300003051758,16.75,16.8020000457764,12201142,4.38525247573853
"2002-04-29",16.6499996185303,16.7700004577637,16.5799999237061,16.7469997406006,11544023,4.37089729309082
"2002-04-30",16.6900005340576,17.2000007629395,16.6800003051758,17.0389995574951,23251608,4.44710874557495
"2002-05-01",17.0389995574951,17.0389995574951,17.0389995574951,17.0389995574951,0,4.44710874557495
"2002-05-02",17.0100002288818,17.2700004577637,16.8999996185303,16.9489994049072,14280936,4.42361927032471
"2002-05-03",16.8999996185303,17.1900005340576,16.8799991607666,16.9559993743896,11786270,4.42544507980347
"2002-05-06",16.8199996948242,16.9099998474121,16.7099990844727,16.8430004119873,9299517,4.39595317840576
"2002-05-07",16.7000007629395,16.8799991607666,16.5900001525879,16.8020000457764,14654599,4.38525247573853
"2002-05-08",16.8199996948242,17.0799999237061,16.7099990844727,16.7469997406006,13255772,4.37089729309082
"2002-05-09",16.8199996948242,16.8199996948242,16.3600006103516,16.4309997558594,15500279,4.28842258453369
"2002-05-10",16.4899997711182,16.5499992370605,16.1700000762939,16.2110004425049,15107420,4.23100423812866
"2002-05-13",16.1100006103516,16.4300003051758,16.0799999237061,16.3299999237061,14960686,4.26206111907959
"2002-05-14",16.4500007629395,16.6200008392334,16.3600006103516,16.5450000762939,20699984,4.31817483901978
"2002-05-15",16.6000003814697,16.6100006103516,16.4400005340576,16.5769996643066,7992599,4.32652950286865
"2002-05-16",16.4899997711182,16.7900009155273,16.4300003051758,16.7240009307861,8050365,4.36489534378052
"2002-05-17",16.7199993133545,16.8700008392334,16.4200000762939,16.4619998931885,10718617,4.29651260375977
"2002-05-20",16.4699993133545,16.7299995422363,16.3500003814697,16.5130004882812,8578329,4.3098258972168
"2002-05-21",16.4699993133545,16.7299995422363,16.3899993896484,16.6180000305176,9989676,4.33722829818726
"2002-05-22",16.5499992370605,16.6399993896484,16.4400005340576,16.5930004119873,31615652,4.33070373535156
"2002-05-23",16.6100006103516,16.9899997711182,16.6000003814697,16.8840007781982,18761062,4.40665340423584
"2002-05-24",16.8799991607666,16.9200000762939,16.6800003051758,16.7259998321533,16144861,4.36541700363159
"2002-05-27",16.7800006866455,16.9099998474121,16.7299995422363,16.7660007476807,14054008,4.37585735321045
"2002-05-28",16.8600006103516,16.9899997711182,16.5499992370605,16.5990009307861,23032976,4.33227062225342
"2002-05-29",16.5499992370605,16.7000007629395,16.5300006866455,16.5769996643066,16490127,4.32652950286865
"2002-05-30",16.5699996948242,16.5900001525879,16.25,16.3199996948242,20125904,4.25945234298706
"2002-05-31",16.2999992370605,16.5400009155273,16.2199993133545,16.2999992370605,18889824,4.25423192977905
"2002-06-03",16.3199996948242,16.4699993133545,16.1900005340576,16.2180004119873,9976975,4.2328314781189
"2002-06-04",16.1299991607666,16.1399993896484,15.789999961853,15.8719997406006,20221344,4.14252662658691
"2002-06-05",15.789999961853,16.0599994659424,15.6899995803833,15.8039999008179,23249480,4.12477684020996
"2002-06-06",15.8999996185303,16.0400009155273,15.6300001144409,15.701000213623,25342868,4.09789609909058
"2002-06-07",15.6499996185303,15.6999998092651,15.5100002288818,15.6520004272461,16912752,4.08510637283325
"2002-06-10",15.6800003051758,15.7700004577637,15.4099998474121,15.5600004196167,25788846,4.06109476089478
"2002-06-11",15.6099996566772,16.1399993896484,15.6099996566772,16.007999420166,32234936,4.17802095413208
"2002-06-12",15.8699998855591,16.0699996948242,15.8100004196167,15.9610004425049,20932792,4.16575479507446
"2002-06-13",15.9499998092651,16.1299991607666,15.8599996566772,15.9530000686646,25281220,4.16366672515869
"2002-06-14",15.9899997711182,16.0900001525879,15.7200002670288,15.8590002059937,36690064,4.13913297653198
"2002-06-17",15.9300003051758,16.4200000762939,15.789999961853,16.3519992828369,51394372,4.26780271530151
"2002-06-18",16.4500007629395,16.6000003814697,16.3500003814697,16.4409999847412,26247340,4.2910327911377
"2002-06-19",16.3500003814697,16.5599994659424,16.25,16.4820003509521,22627780,4.30173397064209
"2002-06-20",16.4099998474121,16.5,16.1000003814697,16.1180000305176,27218852,4.20673179626465
"2002-06-21",16,16.3999996185303,15.9099998474121,15.9919996261597,44798168,4.1738452911377
"2002-06-24",15.1199998855591,15.4899997711182,14.7600002288818,15.4280004501343,80975960,4.22478055953979
"2002-06-25",15.6400003433228,15.9099998474121,15.4899997711182,15.8640003204346,40079912,4.34417247772217
"2002-06-26",15.6099996566772,15.9200000762939,15.2600002288818,15.8610000610352,26569520,4.34335136413574
"2002-06-27",16,16.1000003814697,15.5200004577637,15.621000289917,22566224,4.27763080596924
"2002-06-28",15.8999996185303,16.1800003051758,15.7700004577637,16.0849990844727,27301392,4.40469169616699
"2002-07-01",16.0400009155273,16.4799995422363,16.0200004577637,16.32200050354,15420244,4.46959209442139
"2002-07-02",16.25,16.6499996185303,15.8000001907349,16.076000213623,30019208,4.40222692489624
"2002-07-03",16.1599998474121,16.2399997711182,15.8500003814697,15.9399995803833,48709104,4.36498403549194
"2002-07-04",16.0300006866455,16.2299995422363,15.9399995803833,16.1569995880127,19276040,4.42440795898438
"2002-07-05",16.25,16.8299999237061,16.25,16.7749996185303,22098776,4.59364032745361
"2002-07-08",16.7399997711182,16.8999996185303,16.5499992370605,16.7649993896484,15858068,4.59090185165405
"2002-07-09",16.8099994659424,16.8500003814697,16.5200004577637,16.6749992370605,19207416,4.56625509262085
"2002-07-10",16.5,16.7099990844727,16.2299995422363,16.3199996948242,28797920,4.46904230117798
"2002-07-11",16.1000003814697,16.1800003051758,15.8199996948242,15.9569997787476,21115656,4.3696403503418
"2002-07-12",16.1399993896484,16.25,15.6700000762939,15.835000038147,15856726,4.33623218536377
"2002-07-15",15.8000001907349,15.9300003051758,14.8299999237061,14.8800001144409,20329526,4.07471561431885
"2002-07-16",15.1199998855591,15.1400003433228,14.0100002288818,14.6029996871948,32372248,3.99886322021484
"2002-07-17",14.4499998092651,14.9799995422363,14.3500003814697,14.4060001373291,28789556,3.94491648674011
"2002-07-18",14.4099998474121,15.1300001144409,14.3800001144409,14.7189998626709,31353908,4.0306282043457
"2002-07-19",14.5500001907349,14.6899995803833,13.9799995422363,14.3439998626709,110799168,3.92793869972229
"2002-07-22",13.9700002670288,14,13.210000038147,13.210000038147,22801800,3.61740517616272
"2002-07-23",13.4499998092651,13.7799997329712,13.0699996948242,13.1879997253418,28494752,3.61138105392456
"2002-07-24",13.3199996948242,13.6800003051758,12.7799997329712,13.4379997253418,29641968,3.67984056472778
"2002-07-25",13.9200000762939,14.1899995803833,13.6800003051758,13.9119997024536,20062520,3.80964040756226
"2002-07-26",13.8699998855591,14.1300001144409,13.5,13.9700002670288,21298216,3.82552218437195
"2002-07-29",14.0299997329712,14.6999998092651,14.0200004577637,14.6389999389648,17419520,4.00872039794922
"2002-07-30",14.8199996948242,15.1199998855591,14.6999998092651,15.0179996490479,19524356,4.11250686645508
"2002-07-31",15.1999998092651,15.6999998092651,14.8400001525879,15.3330001831055,23687868,4.19876480102539
"2002-08-01",15.4499998092651,15.6999998092651,14.8199996948242,14.8800001144409,18079488,4.07471561431885
"2002-08-02",14.7600002288818,15.2399997711182,14.7600002288818,15.0500001907349,15353054,4.12126874923706
"2002-08-05",14.9099998474121,15.1899995803833,14.7200002670288,14.9949998855591,12524790,4.10620784759521
"2002-08-06",14.5500001907349,15.6599998474121,14.539999961853,15.4729995727539,19266140,4.23710203170776
"2002-08-07",15.6099996566772,15.8900003433228,15.3100004196167,15.3870000839233,22597018,4.21355152130127
"2002-08-08",15.6899995803833,15.8800001144409,15.4200000762939,15.8059997558594,15186595,4.32829093933105
"2002-08-09",15.8599996566772,16.0300006866455,15.4099998474121,15.9289999008179,22123548,4.36197185516357
"2002-08-12",15.8999996185303,15.9799995422363,15.6999998092651,15.7740001678467,11553243,4.31952571868896
"2002-08-13",15.8800001144409,16.1399993896484,15.6499996185303,16.0739994049072,14734485,4.40167903900146
"2002-08-14",15.8699998855591,16.1399993896484,15.5,15.543999671936,13345988,4.25654315948486
"2002-08-15",15.543999671936,15.543999671936,15.543999671936,15.543999671936,0,4.25654315948486
"2002-08-16",16.0300006866455,16.1499996185303,15.5900001525879,15.9799995422363,18292552,4.37593746185303
"2002-08-19",15.8500003814697,16.4099998474121,15.8299999237061,16.3600006103516,15380525,4.47999715805054
"2002-08-20",16.1100006103516,16.2700004577637,15.710000038147,15.8500003814697,18079684,4.34033918380737
"2002-08-21",15.8400001525879,15.9700002670288,15.5200004577637,15.6499996185303,20123482,4.28557062149048
"2002-08-22",15.6499996185303,15.8199996948242,15.4200000762939,15.6999998092651,17267810,4.29926300048828
"2002-08-23",15.7299995422363,15.9099998474121,15.5200004577637,15.6400003433228,12268829,4.28283452987671
"2002-08-26",15.5799999237061,15.8999996185303,15.5799999237061,15.6999998092651,7511469,4.29926300048828
"2002-08-27",15.7399997711182,16.2299995422363,15.7399997711182,16.2099990844727,14377581,4.43892097473145
"2002-08-28",16.1000003814697,16.1100006103516,15.3299999237061,15.3299999237061,15708641,4.19794273376465
"2002-08-29",15.3100004196167,15.3800001144409,14.8800001144409,15.0200004577637,17511942,4.11305379867554
"2002-08-30",15.1400003433228,15.5299997329712,15.0699996948242,15.4399995803833,14347394,4.22806549072266
"2002-09-02",15.2799997329712,15.5799999237061,15.1499996185303,15.3000001907349,8433661,4.18972778320312
"2002-09-03",15.2700004577637,15.2700004577637,14.5799999237061,14.5799999237061,17758865,3.99256420135498
"2002-09-04",14.6800003051758,15.039999961853,14.5600004196167,15.039999961853,20339830,4.11852979660034
"2002-09-05",15.1700000762939,15.2700004577637,14.6899995803833,15.1999998092651,18475931,4.16234350204468
"2002-09-06",15.2700004577637,15.6899995803833,15.0500001907349,15.6599998474121,15434796,4.28830909729004
"2002-09-09",15.5500001907349,15.7299995422363,15.4300003051758,15.460000038147,10780658,4.23354291915894
"2002-09-10",15.6999998092651,16,15.6999998092651,16,11914822,4.38141489028931
"2002-09-11",16,16.0900001525879,15.7600002288818,15.9499998092651,15535984,4.36772394180298
"2002-09-12",15.8800001144409,15.8800001144409,15.4399995803833,15.5100002288818,13668819,4.24723482131958
"2002-09-13",15.4499998092651,15.6400003433228,15.0100002288818,15.2799997329712,15249931,4.18425035476685
"2002-09-16",15.2299995422363,15.5500001907349,15.0299997329712,15.3699998855591,12763326,4.20889759063721
"2002-09-17",15.25,15.4300003051758,14.8100004196167,14.9799995422363,16597964,4.10209894180298
"2002-09-18",14.6499996185303,14.9700002670288,14.539999961853,14.5699996948242,21111488,3.98982715606689
"2002-09-19",14.5699996948242,14.8999996185303,14.2399997711182,14.4300003051758,16701002,3.95148849487305
"2002-09-20",14.2799997329712,14.8400001525879,13.5699996948242,14,61132188,3.8337390422821
"2002-09-23",14.1000003814697,14.1499996185303,12.8500003814697,12.960000038147,41311719,3.54894614219666
"2002-09-24",13.1999998092651,13.8900003433228,13,13.5,20,3.69681835174561
"2002-09-25",13.460000038147,14.1000003814697,13.3199996948242,13.9200000762939,26739107,3.81183075904846
"2002-09-26",14.25,14.3500003814697,13.8900003433228,14.3500003814697,20001605,3.92958116531372
"2002-09-27",14.1999998092651,14.5200004577637,14.1899995803833,14.4499998092651,16550367,3.95696568489075
"2002-09-30",14,14.0100002288818,13.6499996185303,13.8800001144409,21309584,3.8008770942688
"2002-10-01",14,14.289999961853,13.75,14.0299997329712,17088034,3.84195327758789
"2002-10-02",14.3900003433228,14.4499998092651,13.9399995803833,14.4499998092651,20587455,3.95696568489075
"2002-10-03",14.25,14.8800001144409,14.25,14.539999961853,19384566,3.98161149024963
"2002-10-04",14.6000003814697,14.8000001907349,14.3100004196167,14.4099998474121,20774516,3.94601130485535
"2002-10-07",14.1400003433228,14.710000038147,14.1099996566772,14.2799997329712,15857511,3.91041302680969
"2002-10-08",14.5500001907349,14.5699996948242,13.8599996566772,13.9700002670288,26711759,3.82552218437195
"2002-10-09",13.8800001144409,14.0200004577637,13.6700000762939,13.8500003814697,15182989,3.79266309738159
"2002-10-10",13.789999961853,14.289999961853,13.5799999237061,14.2200002670288,18125207,3.89398145675659
"2002-10-11",14.3500003814697,14.4399995803833,14.1599998474121,14.4399995803833,16025635,3.95422744750977
"2002-10-14",14.460000038147,14.6000003814697,14.1499996185303,14.25,9012420,3.90219640731812
"2002-10-15",14.3999996185303,14.9700002670288,14.3900003433228,14.960000038147,19724205,4.09662294387817
"2002-10-16",14.8500003814697,15.3500003814697,14.7200002670288,14.9099998474121,19314565,4.08293008804321
"2002-10-17",15.210000038147,15.3800001144409,14.7700004577637,15.0799999237061,18079041,4.12948369979858
"2002-10-18",15.0200004577637,15.0200004577637,14.4200000762939,14.7700004577637,19130411,4.04459428787231
"2002-10-21",14.75,14.9200000762939,14.3699998855591,14.6700000762939,17040239,4.01720857620239
"2002-10-22",14.6899995803833,14.6899995803833,13.789999961853,13.8500003814697,28855350,3.79266309738159
"2002-10-23",13.8999996185303,14.1199998855591,13.5100002288818,13.5600004196167,20959732,3.71325039863586
"2002-10-24",13.7799997329712,14.1700000762939,13.75,14.0600004196167,21986145,3.85016822814941
"2002-10-25",13.8999996185303,14.0799999237061,13.6499996185303,13.8000001907349,15188860,3.77897071838379
"2002-10-28",14,14.1700000762939,13.5100002288818,13.5900001525879,16570117,3.72146463394165
"2002-10-29",13.539999961853,13.7299995422363,13.1700000762939,13.1999998092651,26116288,3.61466717720032
"2002-10-30",13.3199996948242,13.8000001907349,13.2600002288818,13.8000001907349,18234633,3.77897071838379
"2002-10-31",13.8000001907349,14.0799999237061,13.6999998092651,14.0200004577637,20005954,3.83921575546265
"2002-11-01",13.9099998474121,13.9499998092651,13.6000003814697,13.7399997711182,0,3.76253962516785
"2002-11-04",13.9899997711182,14.039999961853,13.6800003051758,13.9499998092651,16568225,3.82004714012146
"2002-11-05",13.9099998474121,13.9899997711182,13.5799999237061,13.6499996185303,18229373,3.73789525032043
"2002-11-06",13.75,13.7799997329712,13.3599996566772,13.5299997329712,19634723,3.70503544807434
"2002-11-07",13.6499996185303,13.7200002670288,13.3599996566772,13.4099998474121,18786397,3.67217373847961
"2002-11-08",13.2600002288818,13.9200000762939,13.2600002288818,13.7299995422363,21256405,3.75980186462402
"2002-11-11",13.7700004577637,14.1700000762939,13.5799999237061,13.9300003051758,24897973,3.8145694732666
"2002-11-12",14.1700000762939,14.2299995422363,13.8699998855591,13.9300003051758,19343461,3.8145694732666
"2002-11-13",13.8599996566772,14.0699996948242,13.7200002670288,13.8299999237061,20290664,3.78718423843384
"2002-11-14",13.7799997329712,14.1199998855591,13.6499996185303,14.1000003814697,15778082,3.86112213134766
"2002-11-15",14.2700004577637,14.2700004577637,13.8599996566772,13.9420003890991,15622356,3.8178563117981
"2002-11-18",14.039999961853,14.2600002288818,14.039999961853,14.2130002975464,12452420,3.89206576347351
"2002-11-19",14.1800003051758,14.3500003814697,14.0900001525879,14.2600002288818,11304863,3.90493679046631
"2002-11-20",14.4399995803833,14.4700002670288,14.0200004577637,14.1809997558594,17385368,3.8833019733429
"2002-11-21",14.3999996185303,14.4899997711182,14.25,14.3870000839233,14143016,3.93971395492554
"2002-11-22",14.3000001907349,14.4399995803833,14.0200004577637,14.1979999542236,15177714,3.88795852661133
"2002-11-25",14.3400001525879,14.3699998855591,14.1400003433228,14.2049999237061,13127379,3.88987421989441
"2002-11-26",14.0500001907349,14.3900003433228,13.960000038147,14.206000328064,16755722,3.8901481628418
"2002-11-27",14.1000003814697,14.4899997711182,14.1000003814697,14.4499998092651,12971794,3.95696568489075
"2002-11-28",14.4499998092651,14.5299997329712,14.3199996948242,14.4799995422363,9049538,3.96517896652222
"2002-11-29",14.5,14.6700000762939,14.3299999237061,14.5970001220703,11711489,3.99721932411194
"2002-12-02",14.6199998855591,14.7399997711182,14.3999996185303,14.46399974823,13759027,3.96079802513123
"2002-12-03",14.4700002670288,14.6000003814697,14.2799997329712,14.3409996032715,11458998,3.92711567878723
"2002-12-04",14.4300003051758,14.5100002288818,14.2600002288818,14.331000328064,10068736,3.92437720298767
"2002-12-05",14.3900003433228,14.5500001907349,14,14.0559997558594,15541102,3.84907293319702
"2002-12-06",14.0200004577637,14.3900003433228,13.9499998092651,14.298999786377,13562369,3.91561627388
"2002-12-09",14.3999996185303,14.460000038147,14,14.0260000228882,10890063,3.84085822105408
"2002-12-10",13.960000038147,14.3900003433228,13.960000038147,14.3620004653931,13107019,3.93286776542664
"2002-12-11",14.460000038147,14.6300001144409,14.2799997329712,14.3859996795654,13921699,3.93944072723389
"2002-12-12",14.3999996185303,14.4899997711182,14.1099996566772,14.1719999313354,13340731,3.88083839416504
"2002-12-13",14.1700000762939,14.2700004577637,13.960000038147,14.1070003509521,14654390,3.86303925514221
"2002-12-16",14.1999998092651,14.6999998092651,14.1099996566772,14.6870002746582,21914006,4.02186584472656
"2002-12-17",14.7200002670288,14.9399995803833,14.6700000762939,14.7410001754761,23322678,4.03665399551392
"2002-12-18",14.7399997711182,14.789999961853,14.3800001144409,14.4130001068115,16413249,3.94683432579041
"2002-12-19",14.5,14.6899995803833,14.4399995803833,14.4940004348755,21439350,3.96901321411133
"2002-12-20",14.5600004196167,15.0500001907349,14.460000038147,14.9840002059937,49666224,4.10319471359253
"2002-12-23",15,15.3500003814697,15,15.2889995574951,11849212,4.18671607971191
"2002-12-24",15.2889995574951,15.2889995574951,15.2889995574951,15.2889995574951,0,4.18671607971191
"2002-12-25",15.2889995574951,15.2889995574951,15.2889995574951,15.2889995574951,0,4.18671607971191
"2002-12-26",15.2889995574951,15.2889995574951,15.2889995574951,15.2889995574951,0,4.18671607971191
"2002-12-27",15.3999996185303,15.4099998474121,14.8599996566772,14.9020004272461,7696422,4.08074045181274
"2002-12-30",14.789999961853,15.2399997711182,14.789999961853,15.1499996185303,6624058,4.14865207672119
"2002-12-31",15.1499996185303,15.1499996185303,15.1499996185303,15.1499996185303,0,4.14865207672119
"2003-01-01",15.1499996185303,15.1499996185303,15.1499996185303,15.1499996185303,0,4.14865207672119
"2003-01-02",15.1499996185303,15.8299999237061,15.1499996185303,15.746000289917,18593792,4.31185960769653
"2003-01-03",15.6999998092651,15.7200002670288,15.3400001525879,15.5469999313354,12954230,4.25736713409424
"2003-01-06",15.6000003814697,15.789999961853,15.4099998474121,15.5410003662109,14226912,4.25572347640991
"2003-01-07",15.5600004196167,15.5900001525879,15.0799999237061,15.1909999847412,20862648,4.15987920761108
"2003-01-08",15.1599998474121,15.25,14.6499996185303,14.8100004196167,18631876,4.05554628372192
"2003-01-09",14.8999996185303,14.9799995422363,14.6099996566772,14.9530000686646,15662020,4.09470462799072
"2003-01-10",14.9899997711182,15.039999961853,14.6599998474121,14.8269996643066,19535984,4.06020212173462
"2003-01-13",14.789999961853,15,14.4099998474121,14.5159997940063,16602584,3.97503995895386
"2003-01-14",14.5900001525879,14.7399997711182,14.3999996185303,14.4809999465942,16696303,3.96545481681824
"2003-01-15",14.6000003814697,14.7600002288818,14.5699996948242,14.6140003204346,17682530,4.00187492370605
"2003-01-16",14.6499996185303,14.8999996185303,14.6300001144409,14.7299995422363,16848904,4.03363990783691
"2003-01-17",14.6999998092651,14.7399997711182,14.3400001525879,14.4519996643066,35696936,3.95751261711121
"2003-01-20",14.4799995422363,14.4799995422363,14.0299997329712,14.048999786377,14820554,3.84715533256531
"2003-01-21",14.1000003814697,14.2700004577637,13.8900003433228,13.9250001907349,21041440,3.81319952011108
"2003-01-22",13.8400001525879,14.1199998855591,13.5900001525879,13.6850004196167,20489100,3.74747848510742
"2003-01-23",13.8699998855591,13.8699998855591,13.6000003814697,13.7150001525879,15514678,3.75569343566895
"2003-01-24",13.6599998474121,13.9200000762939,13.3500003814697,13.4680004119873,16034599,3.68805599212646
"2003-01-27",13.2799997329712,13.3100004196167,13.0600004196167,13.0930004119873,22278994,3.58536672592163
"2003-01-28",13.2600002288818,13.4899997711182,13.1800003051758,13.3699998855591,22664856,3.66121888160706
"2003-01-29",13.3199996948242,13.8400001525879,13.0600004196167,13.7320003509521,28695526,3.76034951210022
"2003-01-30",13.8999996185303,14.0299997329712,13.7299995422363,13.9160003662109,19720688,3.81073570251465
"2003-01-31",13.6400003433228,14.0900001525879,13.6099996566772,14.0640001296997,18532156,3.85126304626465
"2003-02-03",14.1899995803833,14.2299995422363,13.8100004196167,13.8870000839233,14249506,3.8027937412262
"2003-02-04",13.8699998855591,13.8699998855591,13.5500001907349,13.6110000610352,17878858,3.72721481323242
"2003-02-05",13.6300001144409,13.6999998092651,13.4099998474121,13.6230001449585,22701984,3.73050117492676
"2003-02-06",13.6099996566772,13.6899995803833,13.289999961853,13.3339996337891,21780364,3.65136075019836
"2003-02-07",13.3299999237061,13.460000038147,13.1800003051758,13.2440004348755,15221631,3.62671685218811
"2003-02-10",13.1999998092651,13.5600004196167,13.0500001907349,13.3909997940063,22101800,3.66697001457214
"2003-02-11",13.5500001907349,13.6999998092651,13.5,13.6429996490479,13475845,3.73597741127014
"2003-02-12",13.5600004196167,13.6499996185303,13.3800001144409,13.4460000991821,15942041,3.68203186988831
"2003-02-13",13.3500003814697,13.4700002670288,13.2200002670288,13.3129997253418,20780324,3.64561057090759
"2003-02-14",13.3999996185303,13.75,13.3000001907349,13.4949998855591,14554325,3.69545030593872
"2003-02-17",13.6999998092651,13.6999998092651,13.3500003814697,13.4720001220703,11619344,3.68915200233459
"2003-02-18",13.460000038147,13.8400001525879,13.4499998092651,13.7340002059937,15298593,3.76089715957642
"2003-02-19",13.7700004577637,13.8000001907349,13.3699998855591,13.4449996948242,14397624,3.68175721168518
"2003-02-20",13.4799995422363,13.75,13.4499998092651,13.5260000228882,31429398,3.70393848419189
"2003-02-21",13.5200004577637,13.9799995422363,13.460000038147,13.9060001373291,15550193,3.80799770355225
"2003-02-24",14,14.1800003051758,13.9099998474121,14,15521640,3.8337390422821
"2003-02-25",13.8999996185303,14.1499996185303,13.7200002670288,13.9540004730225,32527484,3.82114243507385
"2003-02-26",14,14.0600004196167,13.710000038147,13.8459997177124,30080288,3.79156589508057
"2003-02-27",14,14.3000001907349,13.8599996566772,14.1850004196167,21013348,3.88439774513245
"2003-02-28",14.039999961853,14.039999961853,13.4399995803833,13.7270002365112,34728284,3.75898003578186
"2003-03-03",13.8000001907349,13.8100004196167,13.1899995803833,13.3100004196167,40390539,3.64478921890259
"2003-03-04",13.3199996948242,13.5299997329712,13.2200002670288,13.4799995422363,27251819,3.6913423538208
"2003-03-05",13.5299997329712,13.6300001144409,13.3199996948242,13.3800001144409,21490851,3.66395807266235
"2003-03-06",13.4499998092651,13.5600004196167,13.1099996566772,13.1450004577637,15342314,3.59960746765137
"2003-03-07",13.0299997329712,13.1599998474121,12.8900003433228,12.9739999771118,29008388,3.55278015136719
"2003-03-10",12.9200000762939,13.0500001907349,12.5100002288818,12.5909996032715,22041824,3.44790053367615
"2003-03-11",12.5699996948242,12.7200002670288,12.3699998855591,12.4770002365112,22227972,3.41668248176575
"2003-03-12",12.5100002288818,12.5200004577637,11.8199996948242,11.8809995651245,25936950,3.25347399711609
"2003-03-13",11.9499998092651,12.3999996185303,11.789999961853,12.375,21734088,3.38875150680542
"2003-03-14",12.5299997329712,12.5799999237061,11.9399995803833,12.4809999465942,34156680,3.4177770614624
"2003-03-17",12.1400003433228,12.9899997711182,12.1400003433228,12.9280004501343,24859616,3.54018259048462
"2003-03-18",13.0299997329712,13.0299997329712,12.4799995422363,12.548999786377,28967656,3.43639850616455
"2003-03-19",12.4499998092651,13.0699996948242,12.4499998092651,12.9680004119873,25722436,3.55113697052002
"2003-03-20",12.8999996185303,13.0900001525879,12.6800003051758,12.871000289917,19209540,3.52457499504089
"2003-03-21",13.0799999237061,13.1300001144409,12.9200000762939,12.996000289917,34168440,3.55880498886108
"2003-03-24",12.8800001144409,12.8900003433228,12.5,12.5279998779297,19458940,3.4306480884552
"2003-03-25",12.5600004196167,12.9200000762939,12.2600002288818,12.8620004653931,21383056,3.52211046218872
"2003-03-26",12.8199996948242,12.9099998474121,12.6199998855591,12.6700000762939,36373776,3.46953201293945
"2003-03-27",12.5500001907349,12.6000003814697,12.2200002670288,12.4479999542236,28698544,3.40874147415161
"2003-03-28",12.5699996948242,12.6700000762939,12.2799997329712,12.58899974823,32715158,3.44735264778137
"2003-03-31",12.3199996948242,12.4099998474121,12.1499996185303,12.2189998626709,23920504,3.34603214263916
"2003-04-01",12.3199996948242,12.5600004196167,12.3000001907349,12.4899997711182,28420304,3.42024230957031
"2003-04-02",12.6999998092651,12.9700002670288,12.4300003051758,12.9160003662109,22378456,3.53689694404602
"2003-04-03",12.7700004577637,13.3599996566772,12.7700004577637,13.1999998092651,41575946,3.61466717720032
"2003-04-04",13.210000038147,13.5,13.0699996948242,13.3909997940063,51142472,3.66697001457214
"2003-04-07",13.710000038147,13.7700004577637,13.5200004577637,13.5860004425049,47023944,3.72036957740784
"2003-04-08",13.5100002288818,13.7399997711182,13.4200000762939,13.6540002822876,18402172,3.73899030685425
"2003-04-09",13.5,13.7399997711182,13.4200000762939,13.539999961853,44942780,3.70777344703674
"2003-04-10",13.4899997711182,13.4899997711182,13.289999961853,13.289999961853,46773668,3.63931250572205
"2003-04-11",13.4399995803833,13.4499998092651,13.1599998474121,13.3430004119873,17443408,3.65382647514343
"2003-04-14",13.3000001907349,13.3199996948242,13.1400003433228,13.289999961853,22439298,3.63931250572205
"2003-04-15",13.3999996185303,13.4700002670288,13.289999961853,13.3400001525879,29766774,3.65300464630127
"2003-04-16",13.5,13.5299997329712,13.0900001525879,13.1660003662109,18659480,3.60535645484924
"2003-04-17",13.289999961853,13.3500003814697,13.1800003051758,13.25,25408891,3.62835931777954
"2003-04-18",13.25,13.25,13.25,13.25,0,3.62835931777954
"2003-04-21",13.25,13.25,13.25,13.25,0,3.62835931777954
"2003-04-22",13.2799997329712,13.3599996566772,13.1099996566772,13.2119998931885,10176106,3.61795282363892
"2003-04-23",13.3299999237061,13.3400001525879,13.039999961853,13.1199998855591,27366670,3.59276080131531
"2003-04-24",13.0500001907349,13.2299995422363,12.9200000762939,12.9619998931885,13830081,3.54949378967285
"2003-04-25",12.9399995803833,12.9799995422363,12.4499998092651,12.5089998245239,29705348,3.42544460296631
"2003-04-28",12.5799999237061,13.0600004196167,12.5799999237061,13.0240001678467,52301216,3.56647109985352
"2003-04-29",13.0500001907349,13.0500001907349,12.75,12.7969999313354,25104328,3.50431084632874
"2003-04-30",12.7399997711182,12.960000038147,12.7399997711182,12.7880001068115,29765628,3.50184535980225
"2003-05-01",12.7880001068115,12.7880001068115,12.7880001068115,12.7880001068115,0,3.50184535980225
"2003-05-02",12.8900003433228,12.9099998474121,12.6199998855591,12.8780002593994,20967838,3.52649116516113
"2003-05-05",12.9799995422363,13.1199998855591,12.9300003051758,13.0570001602173,31208060,3.57550883293152
"2003-05-06",13.1599998474121,13.3000001907349,13.0299997329712,13.2690000534058,14896492,3.63356113433838
"2003-05-07",13.2200002670288,13.4200000762939,13.1999998092651,13.3719997406006,30017496,3.66176795959473
"2003-05-08",13.3100004196167,13.3699998855591,13.1499996185303,13.2159996032715,19242100,3.61904859542847
"2003-05-09",13.1800003051758,13.3699998855591,13.0600004196167,13.2840003967285,21401824,3.63766932487488
"2003-05-12",13.3199996948242,13.4200000762939,13.0200004577637,13.1669998168945,18134220,3.60563135147095
"2003-05-13",13.1999998092651,13.210000038147,12.9899997711182,13.0380001068115,16567853,3.57030534744263
"2003-05-14",13.0500001907349,13.1800003051758,12.9799995422363,13.0649995803833,15278957,3.57769823074341
"2003-05-15",13.0100002288818,13.3400001525879,13.0100002288818,13.2869997024536,22398724,3.63849210739136
"2003-05-16",13.3500003814697,13.4099998474121,13.3000001907349,13.3459997177124,27239638,3.65464687347412
"2003-05-19",13.2399997711182,13.3800001144409,13.0799999237061,13.1400003433228,15558051,3.59823656082153
"2003-05-20",13.0600004196167,13.1700000762939,13,13.1160001754761,15117103,3.59166502952576
"2003-05-21",13.0600004196167,13.1499996185303,12.9700002670288,13.1149997711182,17524292,3.59139037132263
"2003-05-22",13.1599998474121,13.4899997711182,13.1599998474121,13.4499998092651,19533570,3.68312644958496
"2003-05-23",13.4899997711182,13.5900001525879,13.3599996566772,13.5240001678467,14490909,3.7033908367157
"2003-05-26",13.5,13.6300001144409,13.460000038147,13.4860000610352,11566479,3.69298529624939
"2003-05-27",13.4300003051758,13.6800003051758,13.3100004196167,13.6639995574951,19936708,3.74172735214233
"2003-05-28",13.75,13.8400001525879,13.6599998474121,13.798999786377,19434196,3.77869629859924
"2003-05-29",13.7299995422363,13.8800001144409,13.7299995422363,13.831000328064,11963410,3.78745937347412
"2003-05-30",13.8000001907349,13.9099998474121,13.6499996185303,13.7200002670288,18561451,3.75706219673157
"2003-06-02",13.8500003814697,13.8500003814697,13.7200002670288,13.8229999542236,14387670,3.78526782989502
"2003-06-03",13.8500003814697,13.8800001144409,13.6899995803833,13.8199996948242,26271420,3.78444647789001
"2003-06-04",13.8299999237061,14.1099996566772,13.8199996948242,14.0380001068115,32139622,3.8441436290741
"2003-06-05",14.1099996566772,14.1099996566772,13.8400001525879,13.9370002746582,51449836,3.81648588180542
"2003-06-06",13.9899997711182,14.1199998855591,13.9300003051758,13.9930000305176,28462180,3.83182168006897
"2003-06-09",13.9799995422363,13.9899997711182,13.6899995803833,13.7320003509521,42738964,3.76034951210022
"2003-06-10",13.6999998092651,13.8900003433228,13.6999998092651,13.7770004272461,41224596,3.7726719379425
"2003-06-11",13.8299999237061,13.9799995422363,13.7700004577637,13.8540000915527,39591312,3.79375720024109
"2003-06-12",13.9200000762939,14.0600004196167,13.8999996185303,14.0279998779297,28007530,3.84140491485596
"2003-06-13",14.0600004196167,14.25,14,14.0620002746582,16557885,3.85071659088135
"2003-06-16",14,14.3199996948242,13.9899997711182,14.2840003967285,24443378,3.91150784492493
"2003-06-17",14.4200000762939,14.4399995803833,14.1300001144409,14.1809997558594,28019248,3.8833019733429
"2003-06-18",14.1800003051758,14.289999961853,14.0799999237061,14.2019996643066,30345164,3.8890528678894
"2003-06-19",14.1700000762939,14.25,13.8800001144409,13.8900003433228,53202369,3.80361604690552
"2003-06-20",13.9499998092651,14.0799999237061,13.9399995803833,14.0109996795654,55475792,3.83675098419189
"2003-06-23",13.1300001144409,13.3599996566772,13.0600004196167,13.3100004196167,49461794,3.85092830657959
"2003-06-24",13.3900003433228,13.5900001525879,13.3000001907349,13.5100002288818,67956848,3.9087917804718
"2003-06-25",13.5,13.6499996185303,13.5,13.6110000610352,153534768,3.93801426887512
"2003-06-26",13.5100002288818,13.6800003051758,13.4499998092651,13.4619998931885,18305172,3.89490485191345
"2003-06-27",13.5200004577637,13.5200004577637,13.3199996948242,13.3620004653931,13380168,3.86597204208374
"2003-06-30",13.3299999237061,13.5200004577637,13.1700000762939,13.1719999313354,23577728,3.81100010871887
"2003-07-01",13.1999998092651,13.2700004577637,12.7700004577637,12.8190002441406,25828936,3.70886898040771
"2003-07-02",12.9099998474121,13.0500001907349,12.7700004577637,12.8219995498657,24742162,3.70973587036133
"2003-07-03",12.9700002670288,13.0200004577637,12.789999961853,12.8400001525879,31967904,3.71494555473328
"2003-07-04",12.8500003814697,13.1499996185303,12.8199996948242,13.0900001525879,17929760,3.78727459907532
"2003-07-07",13.0799999237061,13.4099998474121,13.0799999237061,13.3400001525879,23615281,3.85960721969604
"2003-07-08",13.3199996948242,13.4700002670288,13.2200002670288,13.2609996795654,21427148,3.83675026893616
"2003-07-09",13.2799997329712,13.3400001525879,13.1999998092651,13.2440004348755,20131756,3.83183240890503
"2003-07-10",13.2299995422363,13.2399997711182,13.0299997329712,13.1199998855591,17123536,3.79595637321472
"2003-07-11",13.1199998855591,13.3000001907349,13.0699996948242,13.2709999084473,13012710,3.83964323997498
"2003-07-14",13.3299999237061,13.460000038147,13.2299995422363,13.4399995803833,15851905,3.88853788375854
"2003-07-15",13.4399995803833,13.4399995803833,13.2700004577637,13.3330001831055,18350268,3.857581615448
"2003-07-16",13.3299999237061,13.3599996566772,13.0799999237061,13.1700000762939,25790739,3.81042098999023
"2003-07-17",13.2399997711182,13.289999961853,13.1400003433228,13.2600002288818,19663308,3.83645987510681
"2003-07-18",13.210000038147,13.3699998855591,13.210000038147,13.3070001602173,101107760,3.85005927085876
"2003-07-21",13.3900003433228,13.3999996185303,13.1499996185303,13.1809997558594,16866012,3.81360459327698
"2003-07-22",13.2200002670288,13.3000001907349,13.1199998855591,13.2600002288818,16678915,3.83645987510681
"2003-07-23",13.3000001907349,13.3100004196167,13.0600004196167,13.0909996032715,35571920,3.78756523132324
"2003-07-24",13.1300001144409,13.25,13.039999961853,13.2220001220703,15863654,3.82546639442444
"2003-07-25",13.1599998474121,13.2399997711182,13.0799999237061,13.1219997406006,37306980,3.79653358459473
"2003-07-28",13.2299995422363,13.3500003814697,13.1999998092651,13.2430000305176,25827164,3.83154129981995
"2003-07-29",13.25,13.3500003814697,13.1300001144409,13.1809997558594,16362740,3.81360459327698
"2003-07-30",13.1899995803833,13.2700004577637,13.1400003433228,13.1929998397827,12927348,3.81707525253296
"2003-07-31",13.2600002288818,13.3299999237061,12.9799995422363,13.1070003509521,33269352,3.79219436645508
"2003-08-01",13.1499996185303,13.1599998474121,12.9300003051758,12.9770002365112,19322762,3.75458168983459
"2003-08-04",13.0699996948242,13.0900001525879,12.8100004196167,12.8459997177124,16600954,3.71668028831482
"2003-08-05",12.8999996185303,13.039999961853,12.8500003814697,12.9870004653931,16035336,3.75747442245483
"2003-08-06",12.9200000762939,12.9399995803833,12.8299999237061,12.9090003967285,15019637,3.73490691184998
"2003-08-07",12.9700002670288,13.0900001525879,12.8800001144409,13.0550003051758,16772779,3.77715015411377
"2003-08-08",13.1300001144409,13.5100002288818,13.1000003814697,13.4379997253418,47345320,3.88796067237854
"2003-08-11",13.4799995422363,13.8500003814697,13.4499998092651,13.7869997024536,27428416,3.98893523216248
"2003-08-12",13.7700004577637,13.8100004196167,13.6899995803833,13.7639999389648,14376080,3.98228120803833
"2003-08-13",13.8400001525879,13.8400001525879,13.6300001144409,13.7080001831055,15720087,3.96607875823975
"2003-08-14",13.75,13.9899997711182,13.7399997711182,13.9799995422363,15993973,4.04477453231812
"2003-08-15",13.9799995422363,13.9799995422363,13.9799995422363,13.9799995422363,0,4.04477453231812
"2003-08-18",14.0100002288818,14.1199998855591,13.9700002670288,14.1040000915527,15327382,4.08065319061279
"2003-08-19",14.1300001144409,14.1499996185303,14.0200004577637,14.0719995498657,12568000,4.07139444351196
"2003-08-20",14.0699996948242,14.0699996948242,13.7799997329712,13.8450002670288,13697644,4.00571775436401
"2003-08-21",13.8800001144409,14.0299997329712,13.8599996566772,13.8809995651245,10688256,4.01613235473633
"2003-08-22",13.8599996566772,14,13.8500003814697,13.9700002670288,8935275,4.0418815612793
"2003-08-25",13.8999996185303,13.9700002670288,13.8299999237061,13.8999996185303,6834469,4.02162981033325
"2003-08-26",13.9099998474121,13.9799995422363,13.75,13.8199996948242,11439960,3.9984827041626
"2003-08-27",13.8500003814697,13.8500003814697,13.7299995422363,13.8199996948242,9174944,3.9984827041626
"2003-08-28",13.8500003814697,13.9899997711182,13.8100004196167,13.9899997711182,12578611,4.04766845703125
"2003-08-29",14.0299997329712,14.039999961853,13.7600002288818,13.7600002288818,13745268,3.98112535476685
"2003-09-01",13.789999961853,13.9300003051758,13.789999961853,13.8199996948242,9339190,3.9984827041626
"2003-09-02",13.8199996948242,13.8800001144409,13.7299995422363,13.8400001525879,14383186,4.00427007675171
"2003-09-03",13.8400001525879,13.9499998092651,13.8299999237061,13.8800001144409,20397209,4.0158429145813
"2003-09-04",13.8800001144409,14.0500001907349,13.8400001525879,14.0500001907349,14683783,4.06503009796143
"2003-09-05",14.0100002288818,14.0699996948242,13.8900003433228,13.960000038147,14727146,4.03898859024048
"2003-09-08",13.9700002670288,14.0299997329712,13.8999996185303,14.0200004577637,12328815,4.05634880065918
"2003-09-09",14.0500001907349,14.0500001907349,13.8500003814697,13.8800001144409,14208948,4.0158429145813
"2003-09-10",13.8800001144409,13.9499998092651,13.7700004577637,13.7700004577637,15615220,3.98401737213135
"2003-09-11",13.8199996948242,13.9200000762939,13.6999998092651,13.8999996185303,14745727,4.02162981033325
"2003-09-12",13.8999996185303,13.9799995422363,13.75,13.8199996948242,15615839,3.9984827041626
"2003-09-15",13.8599996566772,13.8599996566772,13.5799999237061,13.6199998855591,18361441,3.94061851501465
"2003-09-16",13.6300001144409,13.6800003051758,13.5500001907349,13.6499996185303,13158948,3.94929933547974
"2003-09-17",13.6999998092651,13.6999998092651,13.5100002288818,13.6099996566772,18984374,3.93772459030151
"2003-09-18",13.5799999237061,13.6000003814697,13.4700002670288,13.5799999237061,31851318,3.92904424667358
"2003-09-19",13.6199998855591,13.6899995803833,13.5500001907349,13.6400003433228,33718873,3.94640493392944
"2003-09-22",13.539999961853,13.6199998855591,13.2399997711182,13.3599996566772,21875421,3.86539340019226
"2003-09-23",13.3599996566772,13.4300003051758,13.2200002670288,13.3999996185303,19274319,3.87696695327759
"2003-09-24",13.4200000762939,13.6300001144409,13.3299999237061,13.5100002288818,22285614,3.9087917804718
"2003-09-25",13.3500003814697,13.5200004577637,13.3400001525879,13.4399995803833,21190698,3.88853788375854
"2003-09-26",13.3999996185303,13.4399995803833,13.2299995422363,13.2700004577637,16022687,3.8393542766571
"2003-09-29",13.25,13.3599996566772,13.1999998092651,13.2200002670288,12561487,3.82488799095154
"2003-09-30",13.2600002288818,13.2700004577637,13,13.1199998855591,18325046,3.79595637321472
"2003-10-01",13.1700000762939,13.539999961853,13.1099996566772,13.539999961853,26220369,3.91747307777405
"2003-10-02",13.5699996948242,13.6099996566772,13.3699998855591,13.4499998092651,22831279,3.89143204689026
"2003-10-03",13.4799995422363,13.5500001907349,13.3599996566772,13.5500001907349,24052209,3.92036604881287
"2003-10-06",13.5699996948242,13.5699996948242,13.4099998474121,13.4499998092651,14358760,3.89143204689026
"2003-10-07",13.4799995422363,13.4899997711182,13.289999961853,13.460000038147,15518781,3.89432501792908
"2003-10-08",13.3900003433228,13.6199998855591,13.3800001144409,13.460000038147,26862211,3.89432501792908
"2003-10-09",13.539999961853,13.7399997711182,13.3999996185303,13.6599998474121,25462834,3.95219135284424
"2003-10-10",13.6800003051758,13.7799997329712,13.6099996566772,13.7399997711182,17961031,3.97533750534058
"2003-10-13",13.75,13.9099998474121,13.75,13.8500003814697,16671847,4.007164478302
"2003-10-14",13.8999996185303,13.9099998474121,13.7799997329712,13.8100004196167,13305249,3.9955906867981
"2003-10-15",13.8699998855591,13.9399995803833,13.7799997329712,13.8999996185303,19233140,4.02162981033325
"2003-10-16",13.8500003814697,13.9300003051758,13.8199996948242,13.8599996566772,15107999,4.01005554199219
"2003-10-17",13.9499998092651,13.9899997711182,13.7399997711182,13.8000001907349,17367481,3.99269723892212
"2003-10-20",13.8000001907349,13.8299999237061,13.6599998474121,13.7399997711182,12616550,3.97533750534058
"2003-10-21",13.7799997329712,13.8299999237061,13.6700000762939,13.7799997329712,13318619,3.98691034317017
"2003-10-22",13.7299995422363,13.7799997329712,13.5699996948242,13.6099996566772,12679938,3.93772459030151
"2003-10-23",13.5,13.5299997329712,13.3100004196167,13.460000038147,23749005,3.89432501792908
"2003-10-24",13.4300003051758,13.5,13.3500003814697,13.4200000762939,13970404,3.88275408744812
"2003-10-27",13.4799995422363,13.6000003814697,13.4700002670288,13.539999961853,15282671,3.91747307777405
"2003-10-28",13.5500001907349,13.6999998092651,13.5500001907349,13.6999998092651,15638124,3.96376466751099
"2003-10-29",13.75,13.75,13.5500001907349,13.6499996185303,15341551,3.94929933547974
"2003-10-30",13.6000003814697,13.8500003814697,13.5500001907349,13.6999998092651,20653696,3.96376466751099
"2003-10-31",13.6499996185303,13.6999998092651,13.5799999237061,13.6599998474121,19769968,3.95219135284424
"2003-11-03",13.6800003051758,13.9300003051758,13.6800003051758,13.9300003051758,17168700,4.03030967712402
"2003-11-04",13.8999996185303,13.9700002670288,13.8599996566772,13.9300003051758,14142348,4.03030967712402
"2003-11-05",13.8900003433228,13.9300003051758,13.710000038147,13.7799997329712,15230810,3.98691034317017
"2003-11-06",13.7799997329712,13.9499998092651,13.6899995803833,13.8800001144409,19680539,4.0158429145813
"2003-11-07",13.9099998474121,13.9799995422363,13.8599996566772,13.9700002670288,14102216,4.0418815612793
"2003-11-10",13.9300003051758,13.9499998092651,13.8500003814697,13.8500003814697,8198552,4.007164478302
"2003-11-11",13.8299999237061,13.8500003814697,13.7799997329712,13.8199996948242,9487460,3.9984827041626
"2003-11-12",13.8599996566772,13.9099998474121,13.6999998092651,13.7799997329712,13359808,3.98691034317017
"2003-11-13",13.8199996948242,13.8800001144409,13.7200002670288,13.789999961853,12844676,3.98980379104614
"2003-11-14",13.8100004196167,14.1000003814697,13.789999961853,14.0900001525879,22157900,4.0766019821167
"2003-11-17",14.0200004577637,14.0500001907349,13.8500003814697,13.8500003814697,18836525,4.007164478302
"2003-11-18",13.8699998855591,13.9399995803833,13.789999961853,13.8500003814697,14721038,4.007164478302
"2003-11-19",13.75,13.8800001144409,13.6999998092651,13.8299999237061,17937365,4.00137662887573
"2003-11-20",13.8599996566772,13.9099998474121,13.6999998092651,13.8299999237061,16126994,4.00137662887573
"2003-11-21",13.8100004196167,13.8599996566772,13.6999998092651,13.7700004577637,10198706,3.98401737213135
"2003-11-24",13.8199996948242,14.039999961853,13.789999961853,13.9899997711182,13278592,4.04766845703125
"2003-11-25",14.0100002288818,14.1300001144409,14,14.0900001525879,19219987,4.0766019821167
"2003-11-26",14.1099996566772,14.2399997711182,14.1000003814697,14.1000003814697,16095011,4.07949495315552
"2003-11-27",14.1199998855591,14.1800003051758,14.0799999237061,14.1499996185303,6807463,4.09396123886108
"2003-11-28",14.1700000762939,14.289999961853,14.0299997329712,14.2200002670288,16188933,4.11421298980713
"2003-12-01",14.25,14.4799995422363,14.25,14.4499998092651,12495341,4.18075799942017
"2003-12-02",14.4799995422363,14.5,14.3500003814697,14.4099998474121,14384658,4.16918516159058
"2003-12-03",14.4200000762939,14.4700002670288,14.3100004196167,14.3599996566772,18476376,4.15471887588501
"2003-12-04",14.3800001144409,14.3900003433228,14.1800003051758,14.2799997329712,15438428,4.13157367706299
"2003-12-05",14.2700004577637,14.3800001144409,14.2399997711182,14.3199996948242,12720872,4.14314603805542
"2003-12-08",14.3599996566772,14.3599996566772,14.2399997711182,14.2399997711182,0,4.1200008392334
"2003-12-09",14.3900003433228,14.5900001525879,14.3199996948242,14.5500001907349,43303091,4.20969200134277
"2003-12-10",14.539999961853,14.5699996948242,14.460000038147,14.5100002288818,17420336,4.19811868667603
"2003-12-11",14.5799999237061,14.7200002670288,14.5299997329712,14.6999998092651,14666186,4.25309038162231
"2003-12-12",14.7200002670288,14.8199996948242,14.710000038147,14.7200002670288,13969319,4.25887775421143
"2003-12-15",14.8400001525879,14.9200000762939,14.710000038147,14.710000038147,18011696,4.25598287582397
"2003-12-16",14.710000038147,14.8800001144409,14.6700000762939,14.8400001525879,13053171,4.29359436035156
"2003-12-17",14.8500003814697,14.9499998092651,14.7799997329712,14.8800001144409,14501113,4.30516862869263
"2003-12-18",14.9099998474121,15.0600004196167,14.8699998855591,15.0600004196167,24567450,4.35724878311157
"2003-12-19",15.1499996185303,15.2200002670288,15.0500001907349,15.1899995803833,31727688,4.39486122131348
"2003-12-22",15.1300001144409,15.25,15.0200004577637,15.0699996948242,11841116,4.36014032363892
"2003-12-23",14.9799995422363,15.1199998855591,14.8999996185303,14.9399995803833,9214442,4.32252883911133
"2003-12-24",14.9399995803833,14.9399995803833,14.9399995803833,14.9399995803833,9214442,4.32252883911133
"2003-12-25",14.9399995803833,14.9399995803833,14.9399995803833,14.9399995803833,0,4.32252883911133
"2003-12-26",14.9399995803833,14.9399995803833,14.9399995803833,14.9399995803833,0,4.32252883911133
"2003-12-29",15.0500001907349,15.0799999237061,14.9300003051758,15.0799999237061,6589739,4.36303234100342
"2003-12-30",15.1199998855591,15.2200002670288,14.960000038147,14.960000038147,9136246,4.32831478118896
"2003-12-31",14.960000038147,14.960000038147,14.960000038147,14.960000038147,0,4.32831478118896
"2004-01-01",14.960000038147,14.960000038147,14.960000038147,14.960000038147,0,4.32831478118896
"2004-01-02",15.0500001907349,15.3999996185303,15.0299997329712,15.3999996185303,9341510,4.45561599731445
"2004-01-05",15.4499998092651,15.4700002670288,15.3199996948242,15.4700002670288,10511081,4.47587203979492
"2004-01-06",15.3999996185303,15.4300003051758,15.2700004577637,15.3999996185303,0,4.45561599731445
"2004-01-07",15.3400001525879,15.3599996566772,14.8599996566772,14.9300003051758,27037656,4.31963539123535
"2004-01-08",14.9899997711182,15.0600004196167,14.8299999237061,14.9899997711182,16663582,4.33699607849121
"2004-01-09",15.0100002288818,15.0100002288818,14.6199998855591,14.7399997711182,26789138,4.26466226577759
"2004-01-12",14.7399997711182,14.8199996948242,14.6700000762939,14.7399997711182,15726990,4.26466226577759
"2004-01-13",14.7799997329712,14.8800001144409,14.7399997711182,14.8699998855591,14087662,4.30227518081665
"2004-01-14",14.8100004196167,14.8400001525879,14.6899995803833,14.7299995422363,13598479,4.26177072525024
"2004-01-15",14.6899995803833,14.8599996566772,14.6400003433228,14.8400001525879,13089929,4.29359436035156
"2004-01-16",14.7799997329712,14.8500003814697,14.7299995422363,14.8400001525879,13763472,4.29359436035156
"2004-01-19",14.8599996566772,15.0500001907349,14.8400001525879,15.0299997329712,13139370,4.34856796264648
"2004-01-20",15.039999961853,15.2200002670288,14.9899997711182,15.0299997329712,16373156,4.34856796264648
"2004-01-21",15.1000003814697,15.3000001907349,15.0699996948242,15.289999961853,17362892,4.42379236221313
"2004-01-22",15.3299999237061,15.3400001525879,15.1099996566772,15.1400003433228,14903956,4.38039350509644
"2004-01-23",15.1499996185303,15.2299995422363,15.0500001907349,15.1599998474121,12395267,4.38617944717407
"2004-01-26",15.1700000762939,15.1800003051758,15.039999961853,15.0799999237061,10103189,4.36303234100342
"2004-01-27",15.0799999237061,15.1800003051758,14.9200000762939,14.9399995803833,25123242,4.32252883911133
"2004-01-28",14.789999961853,15.0699996948242,14.789999961853,15.0299997329712,18989420,4.34856796264648
"2004-01-29",14.9799995422363,15.0699996948242,14.9499998092651,15,14697661,4.33988761901855
"2004-01-30",15.0200004577637,15.0699996948242,14.8699998855591,14.9499998092651,15168402,4.32542133331299
"2004-02-02",15.0100002288818,15.0900001525879,14.9200000762939,15,13935972,4.33988761901855
"2004-02-03",14.9799995422363,15.0699996948242,14.8900003433228,14.9899997711182,14995508,4.33699607849121
"2004-02-04",14.9899997711182,15.0500001907349,14.9200000762939,14.9799995422363,13934420,4.33410215377808
"2004-02-05",15,15.1000003814697,14.8900003433228,14.9200000762939,17684506,4.31674194335938
"2004-02-06",14.9399995803833,15,14.8400001525879,15,15904105,4.33988761901855
"2004-02-09",14.9700002670288,15.1400003433228,14.9700002670288,15.1199998855591,10613295,4.3746075630188
"2004-02-10",15.0699996948242,15.0799999237061,14.9700002670288,15.0799999237061,12403598,4.36303234100342
"2004-02-11",15.1000003814697,15.1800003051758,15.0500001907349,15.1700000762939,12231592,4.38907337188721
"2004-02-12",15.1800003051758,15.2600002288818,15.0200004577637,15.0900001525879,16451209,4.36592769622803
"2004-02-13",15.0200004577637,15.1199998855591,14.8699998855591,14.8699998855591,15648614,4.30227518081665
"2004-02-16",14.9099998474121,15.0200004577637,14.8900003433228,14.9799995422363,16989835,4.33410215377808
"2004-02-17",14.9799995422363,15.0799999237061,14.9399995803833,15.0799999237061,21191313,4.36303234100342
"2004-02-18",15.0600004196167,15.1300001144409,15.039999961853,15.1199998855591,16632245,4.3746075630188
"2004-02-19",15.1499996185303,15.289999961853,15.0799999237061,15.25,17778523,4.4122200012207
"2004-02-20",15.2299995422363,15.4700002670288,15.2299995422363,15.2700004577637,25030502,4.4180064201355
"2004-02-23",15.3299999237061,15.5799999237061,15.3299999237061,15.5799999237061,20179305,4.50769662857056
"2004-02-24",15.5699996948242,15.7200002670288,15.460000038147,15.5,28752990,4.48455095291138
"2004-02-25",15.5299997329712,15.6899995803833,15.4300003051758,15.6099996566772,21368682,4.51637744903564
"2004-02-26",15.6899995803833,15.9200000762939,15.6300001144409,15.8400001525879,35554550,4.58292150497437
"2004-02-27",15.9399995803833,15.9899997711182,15.7200002670288,15.7700004577637,34622129,4.56266927719116
"2004-03-01",15.9399995803833,16.1700000762939,15.8999996185303,16.1700000762939,28056922,4.67839908599854
"2004-03-02",16.2199993133545,16.2900009155273,16.1700000762939,16.2700004577637,20780349,4.70733070373535
"2004-03-03",16.2000007629395,16.2800006866455,16.1200008392334,16.1800003051758,25257036,4.68129253387451
"2004-03-04",16.1499996185303,16.2000007629395,16.0499992370605,16.1700000762939,20300614,4.67839908599854
"2004-03-05",16.2000007629395,16.2000007629395,15.9499998092651,16.1100006103516,39387341,4.66104030609131
"2004-03-08",16.1399993896484,16.3500003814697,16.1100006103516,16.3500003814697,15380012,4.73047733306885
"2004-03-09",16.25,16.3700008392334,16.25,16.2999992370605,13697267,4.7160120010376
"2004-03-10",16.2600002288818,16.6800003051758,16.2099990844727,16.6399993896484,26778787,4.81438159942627
"2004-03-11",16.5400009155273,16.5400009155273,16.2000007629395,16.2299995422363,31237778,4.69575881958008
"2004-03-12",16.1399993896484,16.1399993896484,15.7600002288818,16.0499992370605,31046779,4.64368009567261
"2004-03-15",16.0799999237061,16.2399997711182,15.789999961853,16.0499992370605,30534733,4.64368009567261
"2004-03-16",15.9799995422363,16.1000003814697,15.8699998855591,15.9799995422363,22873763,4.62342691421509
"2004-03-17",15.9300003051758,16.0400009155273,15.7600002288818,16.0400009155273,28029821,4.64078712463379
"2004-03-18",16.0499992370605,16.1700000762939,15.9399995803833,16.0400009155273,32495763,4.64078712463379
"2004-03-19",16.2199993133545,16.4400005340576,16.1800003051758,16.3500003814697,38496260,4.73047733306885
"2004-03-22",16.2700004577637,16.3700008392334,16.0200004577637,16.0499992370605,21463947,4.64368009567261
"2004-03-23",15.9799995422363,16.1000003814697,15.8199996948242,15.8699998855591,19513812,4.59160089492798
"2004-03-24",15.8699998855591,15.9899997711182,15.7700004577637,15.9300003051758,29820952,4.608962059021
"2004-03-25",16,16,15.6700000762939,15.789999961853,24283381,4.5684552192688
"2004-03-26",15.8000001907349,16.0599994659424,15.6199998855591,16.0499992370605,35217515,4.64368009567261
"2004-03-29",16.0499992370605,16.2600002288818,15.9700002670288,16.25,12637446,4.70154666900635
"2004-03-30",16.2600002288818,16.3400001525879,16.1700000762939,16.3099994659424,15027215,4.71890497207642
"2004-03-31",16.3700008392334,16.5799999237061,16.3099994659424,16.3600006103516,17681956,4.73337078094482
"2004-04-01",16.4200000762939,16.4400005340576,16.1299991607666,16.4200000762939,18660823,4.750732421875
"2004-04-02",16.3700008392334,16.7999992370605,16.3099994659424,16.75,19928361,4.84620904922485
"2004-04-05",16.7900009155273,16.9300003051758,16.7399997711182,16.8099994659424,18063638,4.86356782913208
"2004-04-06",16.8500003814697,17.0200004577637,16.7800006866455,16.8899993896484,30838637,4.88671493530273
"2004-04-07",16.8999996185303,16.9899997711182,16.4599990844727,16.4599990844727,26080418,4.7623028755188
"2004-04-08",16.5799999237061,16.8600006103516,16.5699996948242,16.7999992370605,17830922,4.86067533493042
"2004-04-09",16.7999992370605,16.7999992370605,16.7999992370605,16.7999992370605,0,4.86067533493042
"2004-04-12",16.7999992370605,16.7999992370605,16.7999992370605,16.7999992370605,0,4.86067533493042
"2004-04-13",17,17.2700004577637,16.9799995422363,17.2199993133545,21102063,4.98219060897827
"2004-04-14",17.1000003814697,17.1900005340576,16.9400005340576,17.0900001525879,30175066,4.94457864761353
"2004-04-15",17.0799999237061,17.3400001525879,17.0300006866455,17.2299995422363,24536989,4.98508405685425
"2004-04-16",17.2299995422363,17.3999996185303,17.1100006103516,17.3999996185303,25263510,5.0342698097229
"2004-04-19",17.2999992370605,17.3999996185303,17.2299995422363,17.3799991607666,18045250,5.02848291397095
"2004-04-20",17.3999996185303,17.4500007629395,17.3199996948242,17.3600006103516,28722922,5.02269649505615
"2004-04-21",17.2900009155273,17.3600006103516,17.2299995422363,17.3099994659424,26543886,5.00822973251343
"2004-04-22",17.3299999237061,17.3799991607666,17.0599994659424,17.2999992370605,25076144,5.00533628463745
"2004-04-23",17.3899993896484,17.4699993133545,17.2700004577637,17.3299999237061,14931535,5.01401853561401
"2004-04-26",17.3199996948242,17.4500007629395,17.2999992370605,17.3500003814697,10971616,5.01980495452881
"2004-04-27",17.3899993896484,17.3999996185303,17.2800006866455,17.3600006103516,11421982,5.02269649505615
"2004-04-28",17.4200000762939,17.4300003051758,17.2000007629395,17.2000007629395,16348399,4.97640514373779
"2004-04-29",17.1900005340576,17.2700004577637,16.9200000762939,16.9500007629395,20235922,4.90407371520996
"2004-04-30",16.8999996185303,16.9599990844727,16.8099994659424,16.9599990844727,13712358,4.90696573257446
"2004-05-03",16.8299999237061,17.1499996185303,16.8299999237061,17.1100006103516,11439573,4.95036554336548
"2004-05-04",17.1499996185303,17.2600002288818,17.0200004577637,17.1800003051758,12938423,4.97061920166016
"2004-05-05",17.1800003051758,17.4200000762939,17.1499996185303,17.3799991607666,20349969,5.02848291397095
"2004-05-06",17.3899993896484,17.4500007629395,17.1200008392334,17.1399993896484,23109227,4.95904397964478
"2004-05-07",17.1200008392334,17.1800003051758,16.8700008392334,17.0100002288818,20019899,4.92143297195435
"2004-05-10",16.8299999237061,16.8700008392334,16.4200000762939,16.5499992370605,23962658,4.78834295272827
"2004-05-11",16.6200008392334,16.6499996185303,16.4099998474121,16.6100006103516,20642327,4.80570125579834
"2004-05-12",16.6000003814697,16.7600002288818,16.4599990844727,16.5599994659424,16768414,4.79123592376709
"2004-05-13",16.5599994659424,16.7299995422363,16.5200004577637,16.6399993896484,16429619,4.81438159942627
"2004-05-14",16.5900001525879,16.6800003051758,16.4200000762939,16.6499996185303,18230252,4.8172755241394
"2004-05-17",16.5,16.5499992370605,16.2999992370605,16.4699993133545,13539224,4.76519680023193
"2004-05-18",16.4899997711182,16.5,16.2700004577637,16.3299999237061,17317441,4.72469043731689
"2004-05-19",16.3700008392334,16.4500007629395,16.2299995422363,16.4300003051758,18125296,4.75362396240234
"2004-05-20",16.3400001525879,16.5699996948242,16.3099994659424,16.4799995422363,18459563,4.76808977127075
"2004-05-21",16.6800003051758,16.6800003051758,16.3600006103516,16.3700008392334,32530814,4.7362642288208
"2004-05-24",16.3999996185303,16.5100002288818,16.3400001525879,16.4599990844727,22657672,4.7623028755188
"2004-05-25",16.4099998474121,16.8299999237061,16.3999996185303,16.6599998474121,24979774,4.82016897201538
"2004-05-26",16.7999992370605,16.9300003051758,16.7399997711182,16.75,24248018,4.84620904922485
"2004-05-27",16.75,16.9699993133545,16.6599998474121,16.7000007629395,32423490,4.83174228668213
"2004-05-28",16.6900005340576,16.75,16.6100006103516,16.6900005340576,18161925,4.82884883880615
"2004-05-31",16.7099990844727,16.9099998474121,16.6700000762939,16.7900009155273,6935609,4.85777950286865
"2004-06-01",16.8799991607666,16.8799991607666,16.6700000762939,16.7600002288818,36187195,4.84910106658936
"2004-06-02",16.8500003814697,16.9200000762939,16.7800006866455,16.7999992370605,0,4.86067533493042
"2004-06-03",16.7900009155273,16.8600006103516,16.6900005340576,16.8299999237061,32713044,4.86935377120972
"2004-06-04",16.7800006866455,16.9099998474121,16.7199993133545,16.8999996185303,25535422,4.88960552215576
"2004-06-07",17,17.1100006103516,16.9300003051758,17.0599994659424,33100554,4.93589878082275
"2004-06-08",17.1499996185303,17.2600002288818,17.1000003814697,17.1800003051758,35315416,4.97061920166016
"2004-06-09",17.1499996185303,17.2099990844727,17.0100002288818,17.0699996948242,29730678,4.93879270553589
"2004-06-10",17.0300006866455,17.2399997711182,16.9799995422363,17.2099990844727,38328050,4.97929763793945
"2004-06-11",17.2700004577637,17.3700008392334,17.2199993133545,17.2700004577637,64256777,4.99665641784668
"2004-06-14",17.2999992370605,17.3099994659424,17.1100006103516,17.1900005340576,66808610,4.97351264953613
"2004-06-15",17.2000007629395,17.5699996948242,17.1700000762939,17.5300006866455,80009819,5.07188367843628
"2004-06-16",17.5599994659424,17.8299999237061,17.5599994659424,17.7299995422363,56300786,5.12974643707275
"2004-06-17",17.6800003051758,17.8999996185303,17.6800003051758,17.8600006103516,51875565,5.16736030578613
"2004-06-18",17.8999996185303,17.9799995422363,17.7399997711182,17.9799995422363,59358159,5.20208024978638
"2004-06-21",17.2000007629395,17.25,17.1000003814697,17.2199993133545,19783827,5.19905948638916
"2004-06-22",17.1200008392334,17.2000007629395,16.9099998474121,17.0300006866455,44203068,5.14169454574585
"2004-06-23",17.0599994659424,17.1399993896484,16.8600006103516,16.8999996185303,27409304,5.10244417190552
"2004-06-24",17.0300006866455,17.0400009155273,16.8600006103516,16.9300003051758,52974073,5.11150312423706
"2004-06-25",16.8500003814697,18.5200004577637,16.7700004577637,16.9200000762939,60029612,5.10848331451416
"2004-06-28",16.8500003814697,16.8999996185303,16.7000007629395,16.7700004577637,14471333,5.06319665908813
"2004-06-29",16.7399997711182,16.7399997711182,16.4500007629395,16.5599994659424,19305460,4.99979162216187
"2004-06-30",16.5799999237061,16.5799999237061,16.2399997711182,16.3199996948242,22867124,4.92733240127563
"2004-07-01",16.4300003051758,16.5699996948242,16.25,16.2700004577637,25815703,4.91223573684692
"2004-07-02",16.2800006866455,16.3700008392334,16.2600002288818,16.2999992370605,20715175,4.92129278182983
"2004-07-05",16.3799991607666,16.5499992370605,16.3799991607666,16.5100002288818,9397434,4.98469734191895
"2004-07-06",16.5599994659424,16.7299995422363,16.4099998474121,16.6900005340576,22923660,5.0390419960022
"2004-07-07",16.7600002288818,16.7600002288818,16.5499992370605,16.5499992370605,17062322,4.99677324295044
"2004-07-08",16.6900005340576,16.7299995422363,16.4599990844727,16.7299995422363,17751091,5.05112028121948
"2004-07-09",16.6800003051758,16.9500007629395,16.6800003051758,16.9500007629395,18498349,5.11754274368286
"2004-07-12",16.8999996185303,17.0200004577637,16.7199993133545,16.7299995422363,19984633,5.05112028121948
"2004-07-13",16.75,16.7900009155273,16.6200008392334,16.6399993896484,11374053,5.0239462852478
"2004-07-14",16.6000003814697,16.75,16.4699993133545,16.7399997711182,16759138,5.05413866043091
"2004-07-15",16.6900005340576,16.8799991607666,16.6200008392334,16.6200008392334,11935444,5.01790761947632
"2004-07-16",16.7099990844727,16.8199996948242,16.6700000762939,16.7600002288818,107242076,5.06017684936523
"2004-07-19",16.7800006866455,16.8099994659424,16.6399993896484,16.7199993133545,13655257,5.04809951782227
"2004-07-20",16.7299995422363,16.7600002288818,16.6100006103516,16.7099990844727,13813454,5.04507923126221
"2004-07-21",16.7999992370605,16.7999992370605,16.5900001525879,16.6700000762939,13899745,5.03300380706787
"2004-07-22",16.5799999237061,16.5799999237061,16.3899993896484,16.4699993133545,10964343,4.97262048721313
"2004-07-23",16.5200004577637,16.5900001525879,16.4200000762939,16.5100002288818,18258601,4.98469734191895
"2004-07-26",16.5300006866455,16.6000003814697,16.2600002288818,16.3099994659424,17626795,4.92431211471558
"2004-07-27",16.2800006866455,16.3500003814697,16.1499996185303,16.3500003814697,20626626,4.93638944625854
"2004-07-28",16.4099998474121,16.5,16.3199996948242,16.4099998474121,12412648,4.954505443573
"2004-07-29",16.4500007629395,16.8400001525879,16.4400005340576,16.8099994659424,19503926,5.07527351379395
"2004-07-30",16.9099998474121,17.1800003051758,16.8099994659424,17.1000003814697,24395185,5.16282892227173
"2004-08-02",17.0499992370605,17.0699996948242,16.8799991607666,16.9699993133545,11878057,5.1235785484314
"2004-08-03",17.0100002288818,17.1700000762939,17,17.1000003814697,16056637,5.16282892227173
"2004-08-04",17.0499992370605,17.1599998474121,16.8700008392334,16.9799995422363,14943193,5.12659931182861
"2004-08-05",16.9300003051758,17.0200004577637,16.7700004577637,16.8099994659424,12648028,5.07527351379395
"2004-08-06",16.7000007629395,16.9200000762939,16.5200004577637,16.5599994659424,18171132,4.99979162216187
"2004-08-09",16.5699996948242,16.6399993896484,16.3400001525879,16.5300006866455,15243904,4.9907341003418
"2004-08-10",16.5300006866455,16.8199996948242,16.5300006866455,16.7900009155273,12774781,5.0692343711853
"2004-08-11",16.7800006866455,16.7800006866455,16.5400009155273,16.6000003814697,19666852,5.01186943054199
"2004-08-12",16.6900005340576,16.7900009155273,16.5599994659424,16.7299995422363,17836761,5.05112028121948
"2004-08-13",16.6399993896484,16.8099994659424,16.5799999237061,16.6700000762939,11480436,5.03300380706787
"2004-08-16",16.7000007629395,16.8099994659424,16.6100006103516,16.8099994659424,7544358,5.07527351379395
"2004-08-17",16.7099990844727,16.8299999237061,16.5599994659424,16.5699996948242,10683740,5.00281047821045
"2004-08-18",16.5799999237061,16.6800003051758,16.4599990844727,16.6000003814697,8769599,5.01186943054199
"2004-08-19",16.7399997711182,16.7800006866455,16.5900001525879,16.6299991607666,16507874,5.0209264755249
"2004-08-20",16.6900005340576,16.7199993133545,16.5499992370605,16.6100006103516,12600226,5.01488876342773
"2004-08-23",16.7199993133545,16.7999992370605,16.6399993896484,16.7299995422363,9865121,5.05112028121948
"2004-08-24",16.6399993896484,16.7000007629395,16.5400009155273,16.5799999237061,9334413,5.00583028793335
"2004-08-25",16.6200008392334,16.7000007629395,16.5300006866455,16.6299991607666,7620908,5.0209264755249
"2004-08-26",16.7199993133545,16.7700004577637,16.6000003814697,16.6299991607666,9545758,5.0209264755249
"2004-08-27",16.6399993896484,16.9099998474121,16.6399993896484,16.8999996185303,13512698,5.10244417190552
"2004-08-30",16.9300003051758,17.0200004577637,16.8400001525879,16.9099998474121,9070400,5.10546398162842
"2004-08-31",16.8600006103516,16.9500007629395,16.7999992370605,16.8099994659424,10129751,5.07527351379395
"2004-09-01",16.8999996185303,17.1100006103516,16.8799991607666,17.0499992370605,17264556,5.14773368835449
"2004-09-02",17.1100006103516,17.3899993896484,17.0699996948242,17.3400001525879,18193075,5.23529005050659
"2004-09-03",17.3199996948242,17.6499996185303,17.3099994659424,17.5900001525879,18339117,5.31076955795288
"2004-09-06",17.6000003814697,17.6100006103516,17.4200000762939,17.4500007629395,11699042,5.26850271224976
"2004-09-07",17.4799995422363,17.5699996948242,17.4200000762939,17.5100002288818,12609460,5.2866153717041
"2004-09-08",17.4400005340576,17.5200004577637,17.3700008392334,17.4899997711182,12416398,5.28057718276978
"2004-09-09",17.4300003051758,17.5100002288818,17.3400001525879,17.4500007629395,11983536,5.26850271224976
"2004-09-10",17.5100002288818,17.6000003814697,17.4699993133545,17.5599994659424,9461684,5.30171346664429
"2004-09-13",17.5900001525879,17.6399993896484,17.3899993896484,17.5799999237061,12221625,5.3077507019043
"2004-09-14",17.5699996948242,17.5699996948242,17.4400005340576,17.4899997711182,9115545,5.28057718276978
"2004-09-15",17.5100002288818,17.6399993896484,17.4500007629395,17.4599990844727,13609863,5.27151966094971
"2004-09-16",17.4699993133545,17.5100002288818,17.3600006103516,17.4099998474121,10193741,5.25642395019531
"2004-09-17",17.4899997711182,17.6900005340576,17.3600006103516,17.5900001525879,34157724,5.31076955795288
"2004-09-20",17.5599994659424,17.7700004577637,17.5599994659424,17.5799999237061,12101449,5.3077507019043
"2004-09-21",17.6399993896484,17.9400005340576,17.6399993896484,17.8899993896484,17323725,5.40134620666504
"2004-09-22",17.9500007629395,18.0499992370605,17.8799991607666,17.9099998474121,18662857,5.40738439559937
"2004-09-23",17.9500007629395,18.1599998474121,17.9099998474121,17.9400005340576,21487676,5.41644096374512
"2004-09-24",18.0300006866455,18.1900005340576,17.9699993133545,18.1499996185303,19296574,5.47984600067139
"2004-09-27",18.1499996185303,18.4099998474121,18.1000003814697,18.3400001525879,28779634,5.53721046447754
"2004-09-28",18.3999996185303,18.6599998474121,18.3600006103516,18.6000003814697,22303761,5.61570835113525
"2004-09-29",18.6000003814697,18.6900005340576,18.3299999237061,18.3299999237061,28647381,5.5341911315918
"2004-09-30",18.3700008392334,18.4300003051758,18.0300006866455,18.0400009155273,25947069,5.44663381576538
"2004-10-01",18.1000003814697,18.5200004577637,18.0400009155273,18.5,28538601,5.58551740646362
"2004-10-04",18.4899997711182,18.7700004577637,18.4500007629395,18.4899997711182,30455560,5.5824990272522
"2004-10-05",18.3500003814697,18.6800003051758,18.3299999237061,18.6700000762939,24363360,5.63684511184692
"2004-10-06",18.7000007629395,18.7199993133545,18.5699996948242,18.6499996185303,14531265,5.63080644607544
"2004-10-07",18.7000007629395,18.8099994659424,18.5799999237061,18.75,20841910,5.66099691390991
"2004-10-08",18.75,18.8899993896484,18.5300006866455,18.5300006866455,21867776,5.59457349777222
"2004-10-11",18.5900001525879,18.6499996185303,18.4699993133545,18.5599994659424,11687004,5.60363149642944
"2004-10-12",18.5799999237061,18.5799999237061,18.2800006866455,18.2800006866455,15694368,5.51909399032593
"2004-10-13",18.3500003814697,18.3999996185303,17.8799991607666,18,25570049,5.43455934524536
"2004-10-14",17.8999996185303,18.1000003814697,17.8899993896484,18,19077626,5.43455934524536
"2004-10-15",18.0599994659424,18.0599994659424,17.8999996185303,18.0400009155273,12702288,5.44663381576538
"2004-10-18",18.0799999237061,18.2000007629395,17.9500007629395,17.9799995422363,10175564,5.42851829528809
"2004-10-19",17.9799995422363,18.1399993896484,17.9300003051758,18,18074151,5.43455934524536
"2004-10-20",17.8999996185303,17.8999996185303,17.7700004577637,17.8799991607666,14384319,5.39832830429077
"2004-10-21",17.9699993133545,18.0699996948242,17.8799991607666,18.0499992370605,10806569,5.4496545791626
"2004-10-22",18.0900001525879,18.1200008392334,17.9500007629395,18.0699996948242,12517684,5.45569086074829
"2004-10-25",17.7600002288818,17.8099994659424,17.7000007629395,17.7000007629395,15287468,5.3439826965332
"2004-10-26",17.75,17.7700004577637,17.5699996948242,17.6599998474121,12565670,5.33190298080444
"2004-10-27",17.75,18.1100006103516,17.75,18.0300006866455,20160074,5.44361305236816
"2004-10-28",17.9599990844727,18.0499992370605,17.7999992370605,18.0499992370605,22029748,5.4496545791626
"2004-10-29",17.9300003051758,18,17.7800006866455,17.7999992370605,19125290,5.37417125701904
"2004-11-01",17.8500003814697,18.0699996948242,17.8299999237061,17.9799995422363,0,5.42851829528809
"2004-11-02",18,18.1100006103516,17.9699993133545,18.0400009155273,12509327,5.44663381576538
"2004-11-03",18.1700000762939,18.2900009155273,18.1200008392334,18.1599998474121,18280768,5.48286485671997
"2004-11-04",18.2299995422363,18.4500007629395,18.2299995422363,18.4500007629395,16906687,5.57042074203491
"2004-11-05",18.4899997711182,18.5100002288818,18.2800006866455,18.4699993133545,22727113,5.57646036148071
"2004-11-08",18.4799995422363,18.5200004577637,18.2700004577637,18.3600006103516,13272736,5.54324865341187
"2004-11-09",18.3099994659424,18.4500007629395,18.2600002288818,18.3600006103516,12494901,5.54324865341187
"2004-11-10",18.3700008392334,18.4799995422363,18.1800003051758,18.2999992370605,18608714,5.5251317024231
"2004-11-11",18.3099994659424,18.5799999237061,18.3099994659424,18.5799999237061,13802796,5.60966825485229
"2004-11-12",18.5,18.5400009155273,18.3299999237061,18.5200004577637,15039928,5.59155511856079
"2004-11-15",18.5499992370605,18.6499996185303,18.3199996948242,18.3700008392334,14153566,5.54626846313477
"2004-11-16",18.3999996185303,18.3999996185303,18.1399993896484,18.1499996185303,17527655,5.47984600067139
"2004-11-17",18.2000007629395,18.2999992370605,18.1200008392334,18.2999992370605,13201046,5.5251317024231
"2004-11-18",18.3400001525879,18.4300003051758,18.2800006866455,18.2999992370605,13843948,5.5251317024231
"2004-11-19",18.3700008392334,18.5100002288818,18.2800006866455,18.3600006103516,13277138,5.54324865341187
"2004-11-22",18.3999996185303,18.4099998474121,18.2800006866455,18.3299999237061,10700488,5.5341911315918
"2004-11-23",18.3099994659424,18.3799991607666,18.1900005340576,18.2999992370605,11458128,5.5251317024231
"2004-11-24",18.3799991607666,18.4500007629395,18.3299999237061,18.3299999237061,9781100,5.5341911315918
"2004-11-25",18.4300003051758,18.7700004577637,18.4200000762939,18.7199993133545,17619478,5.65193939208984
"2004-11-26",18.7099990844727,18.7700004577637,18.5200004577637,18.6599998474121,9548290,5.63382577896118
"2004-11-29",18.6800003051758,18.8099994659424,18.4699993133545,18.4699993133545,11682465,5.57646036148071
"2004-11-30",18.5100002288818,18.6100006103516,18.3999996185303,18.4699993133545,13922197,5.57646036148071
"2004-12-01",18.4599990844727,18.6299991607666,18.4200000762939,18.5400009155273,13555035,5.59759426116943
"2004-12-02",18.4400005340576,18.4599990844727,18.1800003051758,18.25,26598540,5.51003694534302
"2004-12-03",18.2000007629395,18.2900009155273,18.0100002288818,18.1000003814697,20463825,5.46474933624268
"2004-12-06",18.0599994659424,18.1900005340576,17.9599990844727,18.1900005340576,12721876,5.49192333221436
"2004-12-07",18.2000007629395,18.2199993133545,18.0300006866455,18.1200008392334,17676636,5.47078895568848
"2004-12-08",18,18,17.8600006103516,18,0,5.43455934524536
"2004-12-09",18.0599994659424,18.1200008392334,17.9200000762939,18.0100002288818,13124638,5.43757629394531
"2004-12-10",18.0699996948242,18.2000007629395,18.0200004577637,18.2000007629395,11960754,5.49494075775146
"2004-12-13",18.1299991607666,18.1800003051758,17.9899997711182,18.1299991607666,14003704,5.4738073348999
"2004-12-14",18.1599998474121,18.2299995422363,18.1100006103516,18.1900005340576,13376230,5.49192333221436
"2004-12-15",18.1599998474121,18.2199993133545,18.0200004577637,18.1000003814697,13168550,5.46474933624268
"2004-12-16",18.1399993896484,18.25,18.0900001525879,18.1700000762939,17210251,5.4858832359314
"2004-12-17",18.3099994659424,18.3199996948242,18,18.0699996948242,40418502,5.45569086074829
"2004-12-20",18.1200008392334,18.4099998474121,18.1100006103516,18.3199996948242,18071140,5.53117227554321
"2004-12-21",18.3299999237061,18.4899997711182,18.3199996948242,18.3500003814697,13318375,5.54022932052612
"2004-12-22",18.3299999237061,18.6100006103516,18.3299999237061,18.5799999237061,17622292,5.60966825485229
"2004-12-23",18.5300006866455,18.6900005340576,18.5100002288818,18.6299991607666,9980029,5.62476634979248
"2004-12-24",18.6299991607666,18.6299991607666,18.6299991607666,18.6299991607666,0,5.62476634979248
"2004-12-27",18.6499996185303,18.6599998474121,18.5599994659424,18.5799999237061,6263741,5.60966825485229
"2004-12-28",18.5400009155273,18.5799999237061,18.4200000762939,18.5499992370605,10114972,5.60061359405518
"2004-12-29",18.5599994659424,18.5699996948242,18.4400005340576,18.4899997711182,5365361,5.5824990272522
"2004-12-30",18.5300006866455,18.5599994659424,18.3899993896484,18.4200000762939,6702679,5.561363697052
"2004-12-31",18.4200000762939,18.4200000762939,18.4200000762939,18.4200000762939,0,5.561363697052
"2005-01-03",18.4099998474121,18.5,18.25,18.3099994659424,13515586,5.52815246582031
"2005-01-04",18.2600002288818,18.3400001525879,18.1499996185303,18.3400001525879,14104027,5.53721046447754
"2005-01-05",18.3400001525879,18.3600006103516,18.2000007629395,18.2000007629395,12535167,5.49494075775146
"2005-01-06",18.2999992370605,18.2999992370605,18.1299991607666,18.2600002288818,0,5.51305675506592
"2005-01-07",18.2800006866455,18.3199996948242,18.1900005340576,18.2299995422363,12988663,5.50399971008301
"2005-01-10",18.2299995422363,18.3400001525879,18.2199993133545,18.3199996948242,10033781,5.53117227554321
"2005-01-11",18.2900009155273,18.2900009155273,18.0599994659424,18.0799999237061,14453032,5.45871019363403
"2005-01-12",18.0699996948242,18.1000003814697,17.8400001525879,17.9400005340576,19161924,5.41644096374512
"2005-01-13",18.0300006866455,18.25,18.0100002288818,18.2399997711182,15448918,5.50702047348022
"2005-01-14",18.1800003051758,18.4300003051758,18.1499996185303,18.4099998474121,15720705,5.5583438873291
"2005-01-17",18.4400005340576,18.5200004577637,18.3799991607666,18.4699993133545,8719956,5.57646036148071
"2005-01-18",18.4699993133545,18.6200008392334,18.3799991607666,18.5699996948242,15250298,5.60665082931519
"2005-01-19",18.5699996948242,18.6100006103516,18.4500007629395,18.5300006866455,13797365,5.59457349777222
"2005-01-20",18.4200000762939,18.4699993133545,18.3600006103516,18.4200000762939,14994144,5.561363697052
"2005-01-21",18.3899993896484,18.5900001525879,18.3199996948242,18.5300006866455,17500223,5.59457349777222
"2005-01-24",18.5400009155273,18.7399997711182,18.4099998474121,18.6900005340576,21022027,5.64288234710693
"2005-01-25",18.6900005340576,18.7399997711182,18.5699996948242,18.7199993133545,15904249,5.65193939208984
"2005-01-26",18.6700000762939,18.7099990844727,18.5400009155273,18.6399993896484,16298940,5.62778568267822
"2005-01-27",18.6499996185303,18.6900005340576,18.5200004577637,18.6499996185303,14259965,5.63080644607544
"2005-01-28",18.6599998474121,18.6700000762939,18.5100002288818,18.5400009155273,11927999,5.59759426116943
"2005-01-31",18.5200004577637,18.6800003051758,18.5200004577637,18.6399993896484,12652085,5.62778568267822
"2005-02-01",18.6000003814697,18.7600002288818,18.5400009155273,18.7600002288818,20179218,5.66401672363281
"2005-02-02",18.7099990844727,18.7600002288818,18.6100006103516,18.6800003051758,19127901,5.63986301422119
"2005-02-03",18.7199993133545,18.75,18.6000003814697,18.7000007629395,15774281,5.64590120315552
"2005-02-04",18.7399997711182,19.1900005340576,18.7199993133545,19.1499996185303,33589692,5.78176546096802
"2005-02-07",19.2299995422363,19.3999996185303,19.1900005340576,19.2999992370605,21736344,5.82705116271973
"2005-02-08",19.2399997711182,19.2700004577637,18.9799995422363,19.0699996948242,23195897,5.75760889053345
"2005-02-09",19.0599994659424,19.0599994659424,18.9200000762939,18.9200000762939,27823569,5.71232414245605
"2005-02-10",18.9500007629395,19.0699996948242,18.8700008392334,19.0400009155273,25436580,5.74855375289917
"2005-02-11",19.1000003814697,19.2000007629395,19.0799999237061,19.1800003051758,17617472,5.79082250595093
"2005-02-14",19.1299991607666,19.1599998474121,19.0200004577637,19.1599998474121,11159246,5.7847843170166
"2005-02-15",19.1800003051758,19.2800006866455,19.1599998474121,19.25,12541145,5.81195592880249
"2005-02-16",19.2800006866455,19.2800006866455,19.1000003814697,19.1900005340576,19609936,5.79384326934814
"2005-02-17",19.2800006866455,19.5200004577637,19.2800006866455,19.3600006103516,22093818,5.84516859054565
"2005-02-18",19.3999996185303,19.6000003814697,19.3600006103516,19.5200004577637,22851041,5.89347362518311
"2005-02-21",19.5499992370605,19.5699996948242,19.2399997711182,19.3999996185303,20255193,5.85724544525146
"2005-02-22",19.3999996185303,19.4200000762939,19.0400009155273,19.1700000762939,24707431,5.78780269622803
"2005-02-23",19.0200004577637,19.1000003814697,18.9200000762939,19.0300006866455,27931474,5.74553537368774
"2005-02-24",19.1000003814697,19.1499996185303,18.9400005340576,19.1100006103516,18713436,5.76968860626221
"2005-02-25",19.2099990844727,19.3400001525879,19.1499996185303,19.3400001525879,20700424,5.83912944793701
"2005-02-28",19.3199996948242,19.7000007629395,19.3199996948242,19.7000007629395,31620145,5.94782161712646
"2005-03-01",19.6700000762939,20.0100002288818,19.6700000762939,19.7600002288818,41375502,5.96593618392944
"2005-03-02",19.8099994659424,20.1200008392334,19.7600002288818,20.1200008392334,29954669,6.0746283531189
"2005-03-03",20.1299991607666,20.4200000762939,20.1200008392334,20.1900005340576,29116829,6.09575986862183
"2005-03-04",20.3400001525879,20.5,20.2600002288818,20.4799995422363,24521451,6.18331718444824
"2005-03-07",20.5599994659424,20.6399993896484,20.3099994659424,20.3899993896484,18646456,6.15614604949951
"2005-03-08",20.3899993896484,20.3899993896484,20.1399993896484,20.2999992370605,20009450,6.12897348403931
"2005-03-09",20.3199996948242,20.4099998474121,20.1100006103516,20.1700000762939,19213204,6.08972597122192
"2005-03-10",20.0200004577637,20.0599994659424,19.7399997711182,19.7600002288818,32589023,5.96593618392944
"2005-03-11",19.8199996948242,19.8700008392334,19.7199993133545,19.7900009155273,23869774,5.97499465942383
"2005-03-14",19.7700004577637,20.0100002288818,19.7700004577637,19.8700008392334,21297856,5.99914884567261
"2005-03-15",19.9699993133545,20.0499992370605,19.9099998474121,19.9899997711182,21322031,6.03537464141846
"2005-03-16",19.9099998474121,19.9500007629395,19.7299995422363,19.7299995422363,26500800,5.95687961578369
"2005-03-17",19.7700004577637,19.9200000762939,19.7600002288818,19.7999992370605,15841055,5.9780125617981
"2005-03-18",19.8999996185303,20.1800003051758,19.8700008392334,20.1800003051758,27778820,6.09274435043335
"2005-03-21",20.1499996185303,20.2399997711182,20.0599994659424,20.1000003814697,11678540,6.06859016418457
"2005-03-22",20.1100006103516,20.1399993896484,19.7399997711182,20.0499992370605,23894846,6.0534930229187
"2005-03-23",19.8500003814697,19.9500007629395,19.7700004577637,19.8400001525879,24392401,5.99008989334106
"2005-03-24",19.8199996948242,19.8400001525879,19.6599998474121,19.8099994659424,15142833,5.98103046417236
"2005-03-25",19.8099994659424,19.8099994659424,19.8099994659424,19.8099994659424,0,5.98103046417236
"2005-03-28",19.8099994659424,19.8099994659424,19.8099994659424,19.8099994659424,0,5.98103046417236
"2005-03-29",19.75,19.9300003051758,19.6900005340576,19.9300003051758,15728526,6.01726198196411
"2005-03-30",19.8099994659424,20.0499992370605,19.7999992370605,19.9300003051758,15627597,6.01726198196411
"2005-03-31",20.0799999237061,20.2099990844727,20.0300006866455,20.0300006866455,18135500,6.04745483398438
"2005-04-01",20.1000003814697,20.3999996185303,20.1000003814697,20.3099994659424,17017401,6.13199234008789
"2005-04-04",20.3799991607666,20.4300003051758,20.1499996185303,20.3400001525879,20332984,6.14105176925659
"2005-04-05",20.4300003051758,20.4300003051758,20.1000003814697,20.3299999237061,19492514,6.13803195953369
"2005-04-06",20.2099990844727,20.3400001525879,20.1499996185303,20.2900009155273,15870014,6.12595224380493
"2005-04-07",20.3400001525879,20.7999992370605,20.2999992370605,20.7999992370605,24983025,6.27993202209473
"2005-04-08",20.7800006866455,20.7800006866455,20.4300003051758,20.5100002288818,24640722,6.19237661361694
"2005-04-11",20.3400001525879,20.4400005340576,20.2099990844727,20.3700008392334,15060868,6.15010738372803
"2005-04-12",20.4099998474121,20.5599994659424,20.3199996948242,20.4099998474121,20120982,6.16218423843384
"2005-04-13",20.4200000762939,20.4899997711182,20.25,20.2800006866455,21524529,6.12293148040771
"2005-04-14",20.1800003051758,20.3099994659424,20.0499992370605,20.25,23843219,6.11387538909912
"2005-04-15",20.2299995422363,20.2299995422363,19.7299995422363,19.7299995422363,25810558,5.95687961578369
"2005-04-18",19.5,19.5,19.0499992370605,19.25,35564036,5.81195592880249
"2005-04-19",19.3500003814697,19.3999996185303,19.2299995422363,19.2900009155273,28627141,5.82403469085693
"2005-04-20",19.3799991607666,19.4400005340576,19.1399993896484,19.2700004577637,34666630,5.81799602508545
"2005-04-21",19.2000007629395,19.5699996948242,19.1900005340576,19.4500007629395,38399925,5.87234163284302
"2005-04-22",19.6000003814697,19.6499996185303,19.4500007629395,19.5300006866455,16749529,5.89649534225464
"2005-04-25",19.5499992370605,19.7199993133545,19.5300006866455,19.6200008392334,0,5.923668384552
"2005-04-26",19.6200008392334,19.7800006866455,19.5499992370605,19.6700000762939,17455624,5.93876266479492
"2005-04-27",19.6700000762939,19.7299995422363,19.4300003051758,19.5300006866455,33431444,5.89649534225464
"2005-04-28",19.5300006866455,19.6000003814697,19.2399997711182,19.3799991607666,41457664,5.85120582580566
"2005-04-29",19.3799991607666,19.5699996948242,19.2399997711182,19.5100002288818,40063088,5.89045667648315
"2005-05-02",19.5799999237061,19.6100006103516,19.4699993133545,19.5200004577637,10703528,5.89347362518311
"2005-05-03",19.5200004577637,19.6900005340576,19.5,19.5100002288818,27334706,5.89045667648315
"2005-05-04",19.5100002288818,19.5499992370605,19.3999996185303,19.4599990844727,13497552,5.87536191940308
"2005-05-05",19.5699996948242,19.7800006866455,19.5100002288818,19.7199993133545,15511530,5.95385789871216
"2005-05-06",19.6900005340576,19.8600006103516,19.6000003814697,19.8600006103516,13918381,5.99612998962402
"2005-05-09",19.8999996185303,19.8999996185303,19.6200008392334,19.7199993133545,26514793,5.95385789871216
"2005-05-10",19.7700004577637,19.8099994659424,19.5699996948242,19.6399993896484,17476854,5.92970514297485
"2005-05-11",19.5699996948242,19.7900009155273,19.5,19.5200004577637,25535897,5.89347362518311
"2005-05-12",19.6000003814697,19.8500003814697,19.5699996948242,19.7199993133545,26853820,5.95385789871216
"2005-05-13",19.4200000762939,19.5499992370605,19.3099994659424,19.5499992370605,24558352,5.90253353118896
"2005-05-16",19.6800003051758,19.6800003051758,19.2600002288818,19.3299999237061,41998201,5.83611011505127
"2005-05-17",19.3999996185303,19.4699993133545,19.3299999237061,19.3899993896484,19588397,5.85422563552856
"2005-05-18",19.4699993133545,19.9400005340576,19.4699993133545,19.8299999237061,27127804,5.98707246780396
"2005-05-19",19.8099994659424,20.1299991607666,19.7600002288818,20.0900001525879,21058817,6.06556987762451
"2005-05-20",20.0699996948242,20.3999996185303,20.0599994659424,20.2099990844727,38953901,6.10180044174194
"2005-05-23",20.3099994659424,20.3299999237061,20.0799999237061,20.2999992370605,29931343,6.12897348403931
"2005-05-24",20.3600006103516,20.4899997711182,20.2800006866455,20.4400005340576,21555684,6.17124271392822
"2005-05-25",20.4200000762939,20.7000007629395,20.4200000762939,20.6100006103516,25121115,6.22256994247437
"2005-05-26",20.6800003051758,20.9899997711182,20.6700000762939,20.8400001525879,23094898,6.29200839996338
"2005-05-27",20.8799991607666,20.8899993896484,20.6700000762939,20.8500003814697,16112065,6.29502868652344
"2005-05-30",20.8500003814697,20.9400005340576,20.7600002288818,20.9400005340576,14787281,6.32220268249512
"2005-05-31",20.9599990844727,20.9599990844727,20.7000007629395,20.7600002288818,32302763,6.2678542137146
"2005-06-01",20.8400001525879,21.1499996185303,20.8199996948242,21.1499996185303,40934785,6.38560438156128
"2005-06-02",21.1499996185303,21.3600006103516,21.1299991607666,21.2900009155273,0,6.42787313461304
"2005-06-03",21.2800006866455,21.3600006103516,21.1200008392334,21.1800003051758,22062931,6.39466238021851
"2005-06-06",21.2099990844727,21.4899997711182,21.1599998474121,21.2199993133545,43834403,6.40673971176147
"2005-06-07",21.2800006866455,21.4200000762939,21.2299995422363,21.3700008392334,54244167,6.45202589035034
"2005-06-08",21.3400001525879,21.5,21.2299995422363,21.4300003051758,74008461,6.47014188766479
"2005-06-09",21.3400001525879,21.4400005340576,21.2099990844727,21.4099998474121,57037443,6.46410608291626
"2005-06-10",21.5499992370605,21.6399993896484,21.5,21.5599994659424,87736102,6.50939130783081
"2005-06-13",21.5599994659424,21.9200000762939,21.5,21.8600006103516,74412544,6.59996938705444
"2005-06-14",21.9799995422363,22,21.7999992370605,21.9799995422363,78155807,6.63619899749756
"2005-06-15",21.8500003814697,21.9300003051758,21.75,21.8199996948242,60850144,6.58789014816284
"2005-06-16",21.8899993896484,21.9200000762939,21.6800003051758,21.8799991607666,48589328,6.60600328445435
"2005-06-17",22,22.1900005340576,21.9300003051758,22.0699996948242,43399609,6.66336965560913
"2005-06-20",21.3999996185303,21.5400009155273,21.25,21.2999992370605,27625850,6.70429039001465
"2005-06-21",21.25,21.3500003814697,21.1599998474121,21.2299995422363,33420927,6.68225526809692
"2005-06-22",21.1499996185303,21.3099994659424,21.0499992370605,21.2299995422363,59880634,6.68225526809692
"2005-06-23",21.2399997711182,21.4799995422363,21.2000007629395,21.4799995422363,64595975,6.76094627380371
"2005-06-24",21.3999996185303,21.6100006103516,21.3400001525879,21.3500003814697,36468739,6.72002601623535
"2005-06-27",21.2800006866455,21.3299999237061,21,21.1000003814697,42162464,6.64133787155151
"2005-06-28",21.2000007629395,21.5100002288818,21.1700000762939,21.4799995422363,41213450,6.76094627380371
"2005-06-29",21.3899993896484,21.4300003051758,21.1900005340576,21.2199993133545,35953808,6.67910861968994
"2005-06-30",21.2299995422363,21.3199996948242,21.1299991607666,21.3099994659424,24745718,6.70743703842163
"2005-07-01",21.3099994659424,21.4300003051758,21.25,21.4300003051758,30039100,6.74520778656006
"2005-07-04",21.6299991607666,21.9599990844727,21.5699996948242,21.9300003051758,60723741,6.90258455276489
"2005-07-05",21.9599990844727,22.1000003814697,21.7999992370605,21.9699993133545,31105616,6.91517496109009
"2005-07-06",22.1200008392334,22.5300006866455,22.0699996948242,22.4599990844727,40062182,7.06940603256226
"2005-07-07",22.4599990844727,22.4699993133545,21.2999992370605,22.2999992370605,83489611,7.01904582977295
"2005-07-08",22.4899997711182,23.0300006866455,22.4500007629395,23.0300006866455,30243887,7.24881649017334
"2005-07-11",22.9500007629395,23.2000007629395,22.7900009155273,22.9300003051758,29610454,7.21733808517456
"2005-07-12",22.9099998474121,22.9200000762939,22.6499996185303,22.7199993133545,22836050,7.15124177932739
"2005-07-13",22.8600006103516,23.0799999237061,22.8600006103516,23.0300006866455,24799384,7.24881649017334
"2005-07-14",22.9699993133545,23.2199993133545,22.9500007629395,23.1499996185303,26359037,7.28658819198608
"2005-07-15",22.9500007629395,22.9500007629395,22.5499992370605,22.8099994659424,77451202,7.17957067489624
"2005-07-18",22.8899993896484,22.9799995422363,22.7299995422363,22.8899993896484,21481730,7.20475053787231
"2005-07-19",22.8500003814697,23.1000003814697,22.8400001525879,23.1000003814697,28897833,7.2708477973938
"2005-07-20",23.0200004577637,23.2900009155273,22.8700008392334,22.9099998474121,29619466,7.21104621887207
"2005-07-21",23.0200004577637,23.0200004577637,22.6499996185303,22.7999992370605,33831924,7.17642116546631
"2005-07-22",22.6599998474121,22.9400005340576,22.6100006103516,22.8799991607666,21521933,7.20160150527954
"2005-07-25",23.1000003814697,23.4799995422363,23.0400009155273,23.3600006103516,26776709,7.35268688201904
"2005-07-26",23.3299999237061,23.4400005340576,23.2000007629395,23.3199996948242,17120338,7.34009599685669
"2005-07-27",23.2999992370605,23.4099998474121,23.1700000762939,23.3099994659424,15263209,7.33694553375244
"2005-07-28",23.2999992370605,23.6200008392334,23.2199993133545,23.5699996948242,22442419,7.41878271102905
"2005-07-29",23.6499996185303,23.75,23.3199996948242,23.4300003051758,24062754,7.3747181892395
"2005-08-01",23.3799991607666,23.5400009155273,23.1499996185303,23.2399997711182,33475096,7.31491231918335
"2005-08-02",23.3500003814697,23.7600002288818,23.2399997711182,23.75,20857455,7.47543954849243
"2005-08-03",23.7800006866455,23.8899993896484,23.7199993133545,23.8199996948242,21609671,7.49747371673584
"2005-08-04",23.7199993133545,23.7600002288818,23.4699993133545,23.5,19157551,7.39675092697144
"2005-08-05",23.3500003814697,23.5,23.2299995422363,23.2399997711182,21651833,7.31491231918335
"2005-08-08",23.3099994659424,23.6599998474121,23.2900009155273,23.6599998474121,15756161,7.44711112976074
"2005-08-09",23.7000007629395,23.9099998474121,23.6599998474121,23.8199996948242,17335030,7.49747371673584
"2005-08-10",23.8700008392334,24.0799999237061,23.8199996948242,24.0499992370605,16900055,7.56986570358276
"2005-08-11",24.1000003814697,24.2999992370605,24.0599994659424,24.1800003051758,17745729,7.6107873916626
"2005-08-12",24.3899993896484,24.3899993896484,24.1100006103516,24.1800003051758,14676095,7.6107873916626
"2005-08-15",24.1800003051758,24.1800003051758,24.1800003051758,24.1800003051758,0,7.6107873916626
"2005-08-16",24.1599998474121,24.1599998474121,23.7600002288818,23.8600006103516,15614188,7.5100622177124
"2005-08-17",23.7900009155273,23.8299999237061,23.5499992370605,23.7000007629395,15855997,7.45970058441162
"2005-08-18",23.5200004577637,23.5300006866455,23.2800006866455,23.3400001525879,16363922,7.34639072418213
"2005-08-19",23.4099998474121,23.9099998474121,23.3999996185303,23.9099998474121,20942169,7.52580070495605
"2005-08-22",23.9300003051758,24.1200008392334,23.9300003051758,23.9699993133545,13088635,7.54468584060669
"2005-08-23",23.8600006103516,23.8899993896484,23.4500007629395,23.4500007629395,23598494,7.38101387023926
"2005-08-24",23.3999996185303,23.8700008392334,23.3799991607666,23.8600006103516,28118369,7.5100622177124
"2005-08-25",23.7399997711182,23.9300003051758,23.4899997711182,23.4899997711182,26426878,7.39360332489014
"2005-08-26",23.5,23.7800006866455,23.2000007629395,23.2000007629395,20594363,7.30232429504395
"2005-08-29",23.2600002288818,23.5,23.2600002288818,23.4099998474121,19273802,7.36842489242554
"2005-08-30",23.5,23.5,23.2199993133545,23.4300003051758,20134781,7.3747181892395
"2005-08-31",23.5300006866455,24,23.5300006866455,24,28219810,7.55412912368774
"2005-09-01",24.0100002288818,24.2399997711182,23.9300003051758,24.1700000762939,24667683,7.60763788223267
"2005-09-02",24.1399993896484,24.3400001525879,24.0100002288818,24.0900001525879,20795259,7.58245706558228
"2005-09-05",23.9899997711182,24.1700000762939,23.9099998474121,24,33908905,7.55412912368774
"2005-09-06",23.9300003051758,24.1000003814697,23.7999992370605,24.0900001525879,39970382,7.58245706558228
"2005-09-07",24.0900001525879,24.1700000762939,23.8799991607666,24.0100002288818,36789604,7.55727481842041
"2005-09-08",23.9200000762939,24.1299991607666,23.8799991607666,24.1000003814697,47344951,7.58560419082642
"2005-09-09",24.2099990844727,24.2700004577637,24.0200004577637,24.2000007629395,19608904,7.61708068847656
"2005-09-12",24.3500003814697,24.3500003814697,24.0300006866455,24.0300006866455,14259581,7.56357336044312
"2005-09-13",23.9799995422363,23.9799995422363,23.6700000762939,23.8500003814697,21852268,7.50691413879395
"2005-09-14",23.8999996185303,24.1000003814697,23.8700008392334,24.0400009155273,17986847,7.56672048568726
"2005-09-15",24.1299991607666,24.4300003051758,24.0699996948242,24.3199996948242,21048110,7.6548490524292
"2005-09-16",24.4899997711182,24.7399997711182,24.4699993133545,24.6800003051758,49278804,7.7681622505188
"2005-09-19",24.6000003814697,24.9899997711182,24.5300006866455,24.8899993896484,17992102,7.83426189422607
"2005-09-20",25.0499992370605,25.1800003051758,24.7600002288818,24.8999996185303,39740010,7.83740615844727
"2005-09-21",24.8999996185303,25.1499996185303,24.7099990844727,24.7600002288818,50837309,7.79334354400635
"2005-09-22",24.8899993896484,24.9300003051758,24.5599994659424,24.6299991607666,30279250,7.75242519378662
"2005-09-23",24.6000003814697,24.6800003051758,24.2399997711182,24.4699993133545,23363845,7.70206356048584
"2005-09-26",24.4899997711182,24.7600002288818,24.4500007629395,24.7600002288818,21573115,7.79334354400635
"2005-09-27",24.8500003814697,25.0200004577637,24.75,24.7999992370605,19388516,7.80593013763428
"2005-09-28",24.9400005340576,25,24.7199993133545,24.8899993896484,22380623,7.83426189422607
"2005-09-29",24.9500007629395,25,24.8099994659424,24.9599990844727,23379867,7.85629272460938
"2005-09-30",25.0499992370605,25.0499992370605,24.6800003051758,24.7099990844727,22298346,7.77760648727417
"2005-10-03",24.6900005340576,24.7900009155273,24.5699996948242,24.7700004577637,40607023,7.7964916229248
"2005-10-04",24.6599998474121,24.6599998474121,24.0900001525879,24.1399993896484,40383054,7.59819459915161
"2005-10-05",23.7999992370605,23.8199996948242,23.3400001525879,23.3400001525879,61673096,7.34639072418213
"2005-10-06",23,23.1900005340576,22.5300006866455,22.9699993133545,55280638,7.22992944717407
"2005-10-07",22.7700004577637,23.1499996185303,22.75,22.8299999237061,45603321,7.18586301803589
"2005-10-10",23.0400009155273,23.3500003814697,22.9599990844727,22.9599990844727,50364939,7.22678184509277
"2005-10-11",23.0900001525879,23.2199993133545,22.9799995422363,23.2000007629395,53579622,7.30232429504395
"2005-10-12",23.1700000762939,23.4300003051758,22.9899997711182,23,45991982,7.23937320709229
"2005-10-13",23.0100002288818,23.0499992370605,22.25,22.4300003051758,88115803,7.05996465682983
"2005-10-14",22.6499996185303,22.7700004577637,22.0200004577637,22.3700008392334,69477183,7.0410795211792
"2005-10-17",22.8500003814697,23,22.7299995422363,22.7999992370605,90931710,7.17642116546631
"2005-10-18",23.1499996185303,23.1599998474121,22.3199996948242,22.3600006103516,155216103,7.03793144226074
"2005-10-19",22.1200008392334,22.2000007629395,21.6599998474121,21.6700000762939,83818141,6.82074785232544
"2005-10-20",22.1000003814697,22.1599998474121,21.6000003814697,21.7999992370605,72647221,6.86166715621948
"2005-10-21",21.5799999237061,21.7800006866455,21.4500007629395,21.7199993133545,51172250,6.83648538589478
"2005-10-24",21.3700008392334,21.7700004577637,21.3199996948242,21.7600002288818,23684584,6.99397850036621
"2005-10-25",22,22,21.7000007629395,21.7299995422363,59099361,6.98433685302734
"2005-10-26",22.0499992370605,22.3600006103516,22.0100002288818,22.2000007629395,78794120,7.13540363311768
"2005-10-27",22.1000003814697,22.2000007629395,21.5499992370605,21.6599998474121,52204963,6.96183824539185
"2005-10-28",21.6000003814697,22.0200004577637,21.4799995422363,21.9099998474121,56138924,7.04219198226929
"2005-10-31",22.1499996185303,22.4899997711182,22.1000003814697,22.3600006103516,45672934,7.18682956695557
"2005-11-01",22.2299995422363,22.25,22.0799999237061,22.1700000762939,0,7.12575817108154
"2005-11-02",22.2099990844727,22.3799991607666,21.9699993133545,22.3500003814697,36215758,7.18361377716064
"2005-11-03",22.5100002288818,22.7099990844727,22.2299995422363,22.7099990844727,27183128,7.29932403564453
"2005-11-04",22.7999992370605,22.8700008392334,22.5,22.6200008392334,22029846,7.27039575576782
"2005-11-07",22.5699996948242,22.6599998474121,22.2700004577637,22.5,21842071,7.23182582855225
"2005-11-08",22.5,22.5599994659424,22.1000003814697,22.3400001525879,21945277,7.18039989471436
"2005-11-09",22.3199996948242,22.8199996948242,22.25,22.6499996185303,29113013,7.28003883361816
"2005-11-10",22.7000007629395,22.7000007629395,22.0100002288818,22.1599998474121,35868164,7.12254285812378
"2005-11-11",22.3600006103516,22.3600006103516,21.9699993133545,22.3299999237061,28117462,7.17718553543091
"2005-11-14",22.3500003814697,22.6499996185303,22.2199993133545,22.4500007629395,30903265,7.2157564163208
"2005-11-15",22.5300006866455,22.8700008392334,22.5,22.8299999237061,33386584,7.33789205551147
"2005-11-16",22.6700000762939,22.8199996948242,22.4799995422363,22.7600002288818,29077119,7.31539344787598
"2005-11-17",22.9500007629395,23.1800003051758,22.8999996185303,23.0799999237061,21178977,7.41824865341187
"2005-11-18",23.2999992370605,23.3299999237061,23.0499992370605,23.1299991607666,42265318,7.43431949615479
"2005-11-21",23.2700004577637,23.5200004577637,23.1299991607666,23.4699993133545,25158441,7.54359865188599
"2005-11-22",23.5599994659424,23.7299995422363,23.4699993133545,23.6599998474121,17997403,7.6046667098999
"2005-11-23",23.7099990844727,23.7099990844727,23.3600006103516,23.5499992370605,20015096,7.5693097114563
"2005-11-24",23.6100006103516,23.6299991607666,23.3700008392334,23.4400005340576,12717240,7.53395700454712
"2005-11-25",23.4799995422363,23.6200008392334,23.4300003051758,23.6200008392334,9029262,7.59181022644043
"2005-11-28",23.7099990844727,23.7099990844727,23.1299991607666,23.1700000762939,17251436,7.44717407226562
"2005-11-29",23,23.3799991607666,22.9699993133545,23.2399997711182,22917858,7.46967267990112
"2005-11-30",23.1000003814697,23.2299995422363,22.9799995422363,23,15813343,7.39253616333008
"2005-12-01",23.1299991607666,23.3899993896484,23.1299991607666,23.3799991607666,16432523,7.51467275619507
"2005-12-02",23.5,23.6299991607666,23.4300003051758,23.5499992370605,14390548,7.5693097114563
"2005-12-05",23.6200008392334,23.8999996185303,23.5699996948242,23.7600002288818,18923304,7.63680791854858
"2005-12-06",23.7900009155273,23.9200000762939,23.6800003051758,23.8299999237061,16807640,7.65930700302124
"2005-12-07",23.8999996185303,23.9400005340576,23.6000003814697,23.7000007629395,16366795,7.61752223968506
"2005-12-08",23.5799999237061,23.6200008392334,23.4300003051758,23.6200008392334,0,7.59181022644043
"2005-12-09",23.6900005340576,23.7299995422363,23.3199996948242,23.5100002288818,15026625,7.55645322799683
"2005-12-12",23.5699996948242,23.6499996185303,23.3899993896484,23.5,16519053,7.55324172973633
"2005-12-13",23.5799999237061,23.9599990844727,23.5799999237061,23.8600006103516,22570098,7.66894960403442
"2005-12-14",23.8799991607666,23.8799991607666,23.75,23.8600006103516,14004627,7.66894960403442
"2005-12-15",23.8799991607666,23.8999996185303,23.6900005340576,23.7999992370605,16052969,7.64966344833374
"2005-12-16",23.6700000762939,24.0200004577637,23.6599998474121,23.7999992370605,60883700,7.64966344833374
"2005-12-19",23.6700000762939,23.7199993133545,23.3600006103516,23.4200000762939,16829051,7.52752733230591
"2005-12-20",23.4200000762939,23.4599990844727,23.1900005340576,23.4400005340576,17394577,7.53395700454712
"2005-12-21",23.5,23.6800003051758,23.4699993133545,23.6200008392334,13061287,7.59181022644043
"2005-12-22",23.5799999237061,23.6399993896484,23.4799995422363,23.5200004577637,9121835,7.55966901779175
"2005-12-23",23.6100006103516,23.7000007629395,23.5300006866455,23.6000003814697,7247248,7.58538246154785
"2005-12-26",23.6000003814697,23.6000003814697,23.6000003814697,23.6000003814697,0,7.58538246154785
"2005-12-27",23.6000003814697,23.7000007629395,23.4799995422363,23.5100002288818,5201190,7.55645322799683
"2005-12-28",23.4099998474121,23.4699993133545,23.2700004577637,23.3899993896484,8959345,7.51788520812988
"2005-12-29",23.5,23.6100006103516,23.4799995422363,23.5100002288818,7711301,7.55645322799683
"2005-12-30",23.5,23.5499992370605,23.3899993896484,23.4300003051758,7970309,7.53074216842651
"2006-01-02",23.5300006866455,23.7399997711182,23.4500007629395,23.7099990844727,7305650,7.6207389831543
"2006-01-03",23.7900009155273,24.0599994659424,23.7800006866455,23.9500007629395,19141521,7.69787931442261
"2006-01-04",24.1000003814697,24.1800003051758,23.7999992370605,23.8899993896484,21271819,7.67859172821045
"2006-01-05",23.9200000762939,23.9799995422363,23.6399993896484,23.7099990844727,19258131,7.6207389831543
"2006-01-06",23.7099990844727,23.9899997711182,23.7099990844727,23.9799995422363,0,7.70752048492432
"2006-01-09",24.0699996948242,24.3299999237061,24.0499992370605,24.1000003814697,20787030,7.74608898162842
"2006-01-10",24.0499992370605,24.1499996185303,23.9799995422363,23.9799995422363,14494941,7.70752048492432
"2006-01-11",24.1299991607666,24.2600002288818,24,24.2600002288818,15453582,7.79751586914062
"2006-01-12",24.3500003814697,24.8500003814697,24.3400001525879,24.7999992370605,22238860,7.97107982635498
"2006-01-13",24.6800003051758,24.6800003051758,24.3899993896484,24.4400005340576,21147492,7.85537147521973
"2006-01-16",24.4599990844727,24.8700008392334,24.4599990844727,24.7999992370605,15722698,7.97107982635498
"2006-01-17",24.7800006866455,24.8299999237061,24.6299991607666,24.7000007629395,16800050,7.93894004821777
"2006-01-18",24.6000003814697,24.6000003814697,24.3099994659424,24.3999996185303,19118958,7.8425121307373
"2006-01-19",24.4500007629395,24.4699993133545,24.2399997711182,24.3199996948242,15384640,7.8167986869812
"2006-01-20",24.4699993133545,24.7900009155273,24.2900009155273,24.2900009155273,20793353,7.80715894699097
"2006-01-23",24.2900009155273,24.3600006103516,24.0900001525879,24.2600002288818,14325895,7.79751586914062
"2006-01-24",24.2900009155273,24.4300003051758,24.0599994659424,24.0799999237061,15916412,7.739661693573
"2006-01-25",24.1299991607666,24.2000007629395,23.8700008392334,23.9500007629395,18534454,7.69787931442261
"2006-01-26",23.75,24.1900005340576,23.7099990844727,24.1499996185303,23034007,7.76216077804565
"2006-01-27",24.2999992370605,24.6299991607666,24.2600002288818,24.4899997711182,18579510,7.87144041061401
"2006-01-30",24.5699996948242,24.9200000762939,24.5300006866455,24.7399997711182,17659205,7.95179653167725
"2006-01-31",24.8500003814697,25.1900005340576,24.8500003814697,24.8799991607666,24073854,7.99679231643677
"2006-02-01",24.8400001525879,24.8999996185303,24.6700000762939,24.8799991607666,19362273,7.99679231643677
"2006-02-02",24.7600002288818,24.8500003814697,24.4699993133545,24.4699993133545,18138630,7.86501359939575
"2006-02-03",24.4699993133545,24.6200008392334,24.1900005340576,24.3999996185303,21455627,7.8425121307373
"2006-02-06",24.3999996185303,24.6800003051758,24.3700008392334,24.6000003814697,15226547,7.90679693222046
"2006-02-07",24.5,24.5900001525879,24.1599998474121,24.2000007629395,21225815,7.77823400497437
"2006-02-08",23.9099998474121,24.1499996185303,23.8199996948242,24.0300006866455,18896656,7.72359180450439
"2006-02-09",24.2199993133545,24.4400005340576,24.1800003051758,24.3600006103516,14680862,7.8296594619751
"2006-02-10",24.1599998474121,24.2800006866455,23.9099998474121,23.9200000762939,19186164,7.68823337554932
"2006-02-13",23.9400005340576,24.25,23.9300003051758,24.25,13143829,7.79430294036865
"2006-02-14",24.1599998474121,24.1800003051758,23.8400001525879,23.9400005340576,16786095,7.69466257095337
"2006-02-15",23.9400005340576,24.1000003814697,23.7700004577637,23.9400005340576,18754991,7.69466257095337
"2006-02-16",23.8600006103516,23.9899997711182,23.75,23.9300003051758,18860795,7.69144773483276
"2006-02-17",24.1100006103516,24.1100006103516,23.7800006866455,23.8400001525879,22130575,7.66252279281616
"2006-02-20",23.9599990844727,24.0900001525879,23.9300003051758,24.0699996948242,12457317,7.73644685745239
"2006-02-21",24.0799999237061,24.2900009155273,24.0799999237061,24.2199993133545,18412356,7.78465795516968
"2006-02-22",24.2199993133545,24.3199996948242,24.0599994659424,24.2399997711182,17190946,7.79108715057373
"2006-02-23",24.1800003051758,24.1800003051758,23.9699993133545,24.0400009155273,18061956,7.72680473327637
"2006-02-24",24,24.1100006103516,23.9699993133545,24.0599994659424,14725348,7.73323392868042
"2006-02-27",24.1399993896484,24.3600006103516,24.1200008392334,24.2299995422363,14292435,7.78787517547607
"2006-02-28",24.25,24.25,23.8400001525879,23.9599990844727,18082759,7.7010931968689
"2006-03-01",24.0799999237061,24.2399997711182,23.1800003051758,23.4099998474121,53659199,7.52431297302246
"2006-03-02",23.5,23.6299991607666,23.1299991607666,23.1700000762939,31867109,7.44717407226562
"2006-03-03",23.2900009155273,23.5200004577637,23.1200008392334,23.2700004577637,20468508,7.47931480407715
"2006-03-06",23.3700008392334,23.3899993896484,23.0599994659424,23.1800003051758,14563557,7.45038557052612
"2006-03-07",23.0599994659424,23.2399997711182,22.9099998474121,23.2000007629395,19461306,7.45681667327881
"2006-03-08",23.25,23.4500007629395,22.9200000762939,23.3899993896484,26565393,7.51788520812988
"2006-03-09",23.4599990844727,23.4799995422363,23.2000007629395,23.25,17779773,7.47288846969604
"2006-03-10",23.1000003814697,23.3099994659424,23.0599994659424,23.2099990844727,15850234,7.4600305557251
"2006-03-13",23.3099994659424,23.4599990844727,23.2099990844727,23.4500007629395,13108505,7.53716897964478
"2006-03-14",23.4599990844727,23.6399993896484,23.3899993896484,23.5699996948242,17320503,7.57573843002319
"2006-03-15",23.6399993896484,23.7299995422363,23.5200004577637,23.6800003051758,14959607,7.6110954284668
"2006-03-16",23.7000007629395,23.7900009155273,23.6100006103516,23.7000007629395,12859621,7.61752223968506
"2006-03-17",23.8500003814697,24,23.4200000762939,23.4500007629395,25217506,7.53716897964478
"2006-03-20",23.5499992370605,23.6499996185303,23.3199996948242,23.4599990844727,16754429,7.54038429260254
"2006-03-21",23.3899993896484,23.3899993896484,23.0300006866455,23.2399997711182,22542800,7.46967267990112
"2006-03-22",23.1800003051758,23.3199996948242,23.1299991607666,23.2600002288818,19035290,7.47610187530518
"2006-03-23",23.3199996948242,23.3199996948242,23,23.0300006866455,26461672,7.40217590332031
"2006-03-24",23.1900005340576,23.5100002288818,23.0699996948242,23.4500007629395,28268166,7.53716897964478
"2006-03-27",23.4500007629395,23.5100002288818,23.1000003814697,23.1000003814697,14605043,7.42467451095581
"2006-03-28",23.1900005340576,23.2399997711182,23.0599994659424,23.1399993896484,27570135,7.43753004074097
"2006-03-29",23.2199993133545,23.6100006103516,23.1200008392334,23.5499992370605,23399351,7.5693097114563
"2006-03-30",23.6800003051758,23.7900009155273,23.5699996948242,23.7700004577637,17056131,7.64002180099487
"2006-03-31",23.7999992370605,23.8799991607666,23.4200000762939,23.4799995422363,26027269,7.54681253433228
"2006-04-03",23.5699996948242,23.7000007629395,23.3799991607666,23.6499996185303,17863152,7.60145378112793
"2006-04-04",23.5599994659424,23.6499996185303,23.3199996948242,23.3700008392334,16665508,7.51145839691162
"2006-04-05",23.3799991607666,23.5200004577637,23.25,23.5200004577637,16741917,7.55966901779175
"2006-04-06",23.5900001525879,23.6800003051758,23.5300006866455,23.5400009155273,16630569,7.56609725952148
"2006-04-07",23.5699996948242,24.1700000762939,23.5699996948242,23.6800003051758,35235368,7.6110954284668
"2006-04-10",23.7399997711182,24.25,23.7299995422363,24.25,24583172,7.79430294036865
"2006-04-11",24.2299995422363,24.4500007629395,24.1000003814697,24.1800003051758,28283799,7.77180242538452
"2006-04-12",24.2299995422363,24.2600002288818,23.8799991607666,24.0200004577637,20939973,7.72037744522095
"2006-04-13",24.0100002288818,24.0100002288818,23.75,23.9699993133545,15030389,7.70430564880371
"2006-04-18",24.1900005340576,24.2199993133545,24.0499992370605,24.1299991607666,20444555,7.75573348999023
"2006-04-19",24.2900009155273,24.4099998474121,24.1200008392334,24.4099998474121,24560254,7.84572744369507
"2006-04-20",24.5,24.8299999237061,24.3999996185303,24.4799995422363,29086874,7.8682279586792
"2006-04-21",24.5,24.7199993133545,24.4200000762939,24.6599998474121,21763787,7.92608165740967
"2006-04-24",24.6299991607666,25.0100002288818,24.6100006103516,24.7800006866455,20449187,7.96465301513672
"2006-04-25",24.7600002288818,25.0100002288818,24.6200008392334,24.6800003051758,0,7.93250942230225
"2006-04-26",24.7199993133545,24.8400001525879,24.6599998474121,24.6900005340576,13690852,7.93572187423706
"2006-04-27",24.6000003814697,24.6299991607666,24.1800003051758,24.3799991607666,23294917,7.83608531951904
"2006-04-28",24.25,24.3199996948242,24.0900001525879,24.2000007629395,16896704,7.77823400497437
"2006-05-02",24.3899993896484,24.5799999237061,24.3400001525879,24.5699996948242,14886339,7.89715480804443
"2006-05-03",24.7000007629395,24.7299995422363,24.25,24.2900009155273,16997784,7.80715894699097
"2006-05-04",24.3099994659424,24.5200004577637,24.1299991607666,24.4200000762939,16566263,7.84894371032715
"2006-05-05",24.4400005340576,24.5499992370605,24.2600002288818,24.5499992370605,11809305,7.89072704315186
"2006-05-08",24.6000003814697,24.7600002288818,24.2000007629395,24.2999992370605,20242276,7.81037282943726
"2006-05-09",24.3799991607666,24.4300003051758,24.2199993133545,24.4300003051758,20125395,7.85215616226196
"2006-05-10",24.3099994659424,24.3999996185303,24.0799999237061,24.1200008392334,16705886,7.75251865386963
"2006-05-11",24.25,24.3799991607666,24.1000003814697,24.1000003814697,12522851,7.74608898162842
"2006-05-12",24.0900001525879,24.2000007629395,23.7999992370605,23.8199996948242,22225393,7.65609407424927
"2006-05-15",23.7600002288818,23.8600006103516,23.5,23.5900001525879,26548733,7.58216905593872
"2006-05-16",23.6299991607666,23.7800006866455,23.4599990844727,23.6100006103516,27986851,7.58859634399414
"2006-05-17",23.7299995422363,23.75,22.9500007629395,22.9500007629395,22847002,7.37646198272705
"2006-05-18",23.0499992370605,23.2399997711182,22.8099994659424,23.0300006866455,25438775,7.40217590332031
"2006-05-19",22.9599990844727,23.2399997711182,22.9300003051758,23.0499992370605,38689179,7.40860271453857
"2006-05-22",23,23.0699996948242,22.4099998474121,22.5,32144606,7.23182582855225
"2006-05-23",22.7299995422363,23.3199996948242,22.6200008392334,23.1499996185303,27096444,7.44074726104736
"2006-05-24",23.0699996948242,23.25,22.7700004577637,22.8700008392334,31298501,7.35075044631958
"2006-05-25",22.9400005340576,23.1900005340576,22.5900001525879,23.1900005340576,33371981,7.45360374450684
"2006-05-26",23.3500003814697,23.5400009155273,23.2399997711182,23.5300006866455,26719419,7.56288480758667
"2006-05-29",23.4500007629395,23.6399993896484,23.3899993896484,23.4699993133545,7125373,7.54359865188599
"2006-05-30",23.5699996948242,23.6399993896484,23.1200008392334,23.1399993896484,27078636,7.43753004074097
"2006-05-31",23.1200008392334,23.5,22.9899997711182,23.4899997711182,33045620,7.55002355575562
"2006-06-01",23.5,23.6599998474121,23.1599998474121,23.4899997711182,43017023,7.55002355575562
"2006-06-02",23.6499996185303,23.6700000762939,23.2900009155273,23.3299999237061,0,7.49859857559204
"2006-06-05",23.4799995422363,23.7900009155273,23.3199996948242,23.5400009155273,35032878,7.56609725952148
"2006-06-06",23.3600006103516,23.4500007629395,23.0200004577637,23.1200008392334,67703506,7.43110322952271
"2006-06-07",23.3400001525879,23.3400001525879,23.0300006866455,23.1399993896484,62342990,7.43753004074097
"2006-06-08",22.8899993896484,22.8899993896484,22.4300003051758,22.4300003051758,65450559,7.20932817459106
"2006-06-09",22.8799991607666,22.8799991607666,22.5100002288818,22.75,61302325,7.31218004226685
"2006-06-12",22.9400005340576,22.9899997711182,22.6499996185303,22.7800006866455,107071742,7.32182312011719
"2006-06-13",22.6100006103516,22.8799991607666,22.3099994659424,22.8799991607666,140445952,7.35396480560303
"2006-06-14",22.7000007629395,22.7000007629395,22.1100006103516,22.2399997711182,71739084,7.14825820922852
"2006-06-15",22.3799991607666,22.6599998474121,22.25,22.6599998474121,46093190,7.28325319290161
"2006-06-16",22.8999996185303,22.9300003051758,22.5200004577637,22.7000007629395,54574981,7.29610967636108
"2006-06-19",22.25,22.2700004577637,21.6100006103516,21.8299999237061,27072152,7.22331523895264
"2006-06-20",21.75,22.0900001525879,21.5200004577637,22.0799999237061,61609415,7.3060359954834
"2006-06-21",22.1599998474121,22.1900005340576,21.7299995422363,22.1000003814697,52470977,7.31265449523926
"2006-06-22",22.3700008392334,22.3799991607666,21.8600006103516,22.0200004577637,54152312,7.2861852645874
"2006-06-23",22.1900005340576,22.4799995422363,22.0699996948242,22.3700008392334,77000570,7.40199661254883
"2006-06-26",22.6399993896484,22.6399993896484,22.2000007629395,22.2700004577637,86874167,7.36890363693237
"2006-06-27",22.5300006866455,22.7399997711182,22.3600006103516,22.3600006103516,86042648,7.39868593215942
"2006-06-28",22.4200000762939,22.5900001525879,22.3600006103516,22.4599990844727,23264961,7.43177556991577
"2006-06-29",22.6000003814697,22.8199996948242,22.4400005340576,22.7600002288818,20323466,7.53104114532471
"2006-06-30",23.0400009155273,23.0499992370605,22.8299999237061,23.0300006866455,28801240,7.62037992477417
"2006-07-03",23.1499996185303,23.4300003051758,23.0799999237061,23.3500003814697,17752693,7.7262659072876
"2006-07-04",23.2999992370605,23.3299999237061,23.1100006103516,23.3199996948242,18614139,7.7163405418396
"2006-07-05",23.25,23.2999992370605,22.9500007629395,22.9899997711182,20513385,7.60714626312256
"2006-07-06",23.2000007629395,23.3899993896484,23.1800003051758,23.2800006866455,20303209,7.70310163497925
"2006-07-07",23.2600002288818,23.5,23.1000003814697,23.4300003051758,23260694,7.75273942947388
"2006-07-10",23.3500003814697,23.5900001525879,23.1800003051758,23.5300006866455,13118102,7.78582572937012
"2006-07-11",23.5100002288818,23.6499996185303,23.3899993896484,23.4099998474121,21976376,7.7461199760437
"2006-07-12",23.5,23.5900001525879,23.3500003814697,23.5,16338967,7.77589845657349
"2006-07-13",23.5300006866455,23.5300006866455,23.1700000762939,23.1900005340576,26669455,7.6733226776123
"2006-07-14",23.1000003814697,23.4099998474121,23.0599994659424,23.0599994659424,17391656,7.6303071975708
"2006-07-17",23.1800003051758,23.2199993133545,22.9099998474121,23.0100002288818,16091400,7.61376142501831
"2006-07-18",22.9899997711182,22.9899997711182,22.6200008392334,22.7800006866455,18334572,7.53765869140625
"2006-07-19",22.7800006866455,23.0300006866455,22.5699996948242,23.0300006866455,20130158,7.62037992477417
"2006-07-20",23.0100002288818,23.1200008392334,22.6900005340576,22.9200000762939,16601828,7.58398199081421
"2006-07-21",22.7900009155273,23.1299991607666,22.7199993133545,23,20486987,7.61045503616333
"2006-07-24",23.0499992370605,23.2099990844727,22.8400001525879,23.2099990844727,15158412,7.67994165420532
"2006-07-25",23.2800006866455,23.4300003051758,23.1900005340576,23.3199996948242,15528641,7.7163405418396
"2006-07-26",23.2800006866455,23.5900001525879,23.2800006866455,23.5200004577637,14194059,7.78251647949219
"2006-07-27",23.6000003814697,23.9599990844727,23.6000003814697,23.8400001525879,16734735,7.88840341567993
"2006-07-28",23.7999992370605,24.0300006866455,23.7600002288818,24.0300006866455,15456417,7.95127201080322
"2006-07-31",24.0300006866455,24.0699996948242,23.9099998474121,24.0100002288818,10634907,7.94465160369873
"2006-08-01",24.1900005340576,24.2299995422363,23.7999992370605,23.8400001525879,16955991,7.88840341567993
"2006-08-02",23.9500007629395,24.1200008392334,23.9200000762939,24.0499992370605,15362994,7.95788812637329
"2006-08-03",24.0900001525879,24.0900001525879,23.6900005340576,23.8400001525879,17387214,7.88840341567993
"2006-08-04",23.8500003814697,24,23.6800003051758,24,15024958,7.94134426116943
"2006-08-07",23.8099994659424,23.9200000762939,23.7199993133545,23.7600002288818,12640014,7.86193227767944
"2006-08-08",23.8999996185303,23.9799995422363,23.7800006866455,23.8700008392334,11362907,7.89832830429077
"2006-08-09",23.8999996185303,24.2199993133545,23.7999992370605,24.2000007629395,17018788,8.0075216293335
"2006-08-10",24.0499992370605,24.2199993133545,23.8500003814697,24.1700000762939,23342924,7.99759817123413
"2006-08-11",24.2000007629395,24.3600006103516,24.1299991607666,24.2999992370605,17596315,8.04060840606689
"2006-08-14",24.3099994659424,24.3600006103516,24.1299991607666,24.3099994659424,10851837,8.04391860961914
"2006-08-16",24.4799995422363,24.5100002288818,24.2299995422363,24.4400005340576,17067810,8.08693504333496
"2006-08-17",24.3500003814697,24.3500003814697,24,24.2000007629395,17939012,8.0075216293335
"2006-08-18",24.2099990844727,24.4500007629395,24.1900005340576,24.3099994659424,17869353,8.04391860961914
"2006-08-21",24.3600006103516,24.4799995422363,24.2800006866455,24.2900009155273,12183027,8.03730297088623
"2006-08-22",24.4300003051758,24.4300003051758,24.1900005340576,24.4200000762939,13717494,8.08031749725342
"2006-08-23",24.3999996185303,24.4400005340576,24.1599998474121,24.25,12877816,8.02406692504883
"2006-08-24",24.1000003814697,24.2800006866455,24.0400009155273,24.2099990844727,13218341,8.01082992553711
"2006-08-25",24.2099990844727,24.3600006103516,24.0799999237061,24.2900009155273,10927213,8.03730297088623
"2006-08-28",24.1499996185303,24.3400001525879,24.1200008392334,24.3400001525879,7762540,8.05384540557861
"2006-08-29",24.2800006866455,24.3799991607666,23.9699993133545,24.0900001525879,16293672,7.97112321853638
"2006-08-30",24.1000003814697,24.1000003814697,23.8299999237061,23.9899997711182,18154137,7.93803548812866
"2006-08-31",24.0400009155273,24.1100006103516,23.8500003814697,23.8999996185303,16198706,7.90825653076172
"2006-09-01",23.7999992370605,24.0200004577637,23.7999992370605,23.8700008392334,12116851,7.89832830429077
"2006-09-04",23.9699993133545,23.9699993133545,23.7000007629395,23.7999992370605,15202341,7.87516307830811
"2006-09-05",23.8199996948242,23.9200000762939,23.7000007629395,23.8799991607666,16697458,7.90163516998291
"2006-09-06",23.8799991607666,23.9500007629395,23.4799995422363,23.5,26049312,7.77589845657349
"2006-09-07",23.3500003814697,23.4200000762939,23.0900001525879,23.2399997711182,25382908,7.68986654281616
"2006-09-08",23.25,23.3999996185303,23.1700000762939,23.3099994659424,14391956,7.71302938461304
"2006-09-11",23.1100006103516,23.1499996185303,22.7900009155273,22.9400005340576,30054299,7.59060382843018
"2006-09-12",22.9799995422363,23,22.7199993133545,22.8600006103516,31540517,7.56412935256958
"2006-09-13",22.9099998474121,22.9899997711182,22.7700004577637,22.8799991607666,18419681,7.57074880599976
"2006-09-14",22.9699993133545,23.1399993896484,22.8999996185303,22.9099998474121,24351182,7.58067417144775
"2006-09-15",22.8899993896484,22.9200000762939,22.6100006103516,22.6100006103516,46721944,7.48141002655029
"2006-09-18",22.75,22.8500003814697,22.6100006103516,22.6499996185303,25122742,7.49464178085327
"2006-09-19",22.8700008392334,23.1000003814697,22.7999992370605,22.7999992370605,30162487,7.54427528381348
"2006-09-20",22.7199993133545,23.0400009155273,22.6599998474121,22.9799995422363,29708288,7.60383558273315
"2006-09-21",22.8999996185303,23.1000003814697,22.8600006103516,23.0599994659424,20125392,7.6303071975708
"2006-09-22",22.9300003051758,23.0699996948242,22.6599998474121,22.7299995422363,17404103,7.5211124420166
"2006-09-25",22.7800006866455,22.7800006866455,22.4200000762939,22.6200008392334,20409034,7.48471593856812
"2006-09-26",22.7600002288818,23,22.6900005340576,22.9400005340576,24958475,7.59060382843018
"2006-09-27",23.1000003814697,23.2299995422363,22.9899997711182,23.0499992370605,28934994,7.62699747085571
"2006-09-28",23.2099990844727,23.4500007629395,23.1700000762939,23.3500003814697,38563984,7.7262659072876
"2006-09-29",23.3299999237061,23.4899997711182,23.2700004577637,23.3700008392334,20726306,7.73288297653198
"2006-10-02",23.4899997711182,23.5599994659424,23.3500003814697,23.4599990844727,18219854,7.76266384124756
"2006-10-03",23.3099994659424,23.3600006103516,23.0100002288818,23.1299991607666,49360175,7.65347099304199
"2006-10-04",22.9300003051758,23.1900005340576,22.8700008392334,23.1000003814697,32217005,7.64354085922241
"2006-10-05",23.2900009155273,23.4500007629395,23.2299995422363,23.3500003814697,37464617,7.7262659072876
"2006-10-06",23.3899993896484,23.4799995422363,23.3400001525879,23.4300003051758,35959023,7.75273942947388
"2006-10-09",23.4799995422363,23.6900005340576,23.4400005340576,23.6100006103516,38815285,7.81229782104492
"2006-10-10",23.6599998474121,23.6599998474121,23.4099998474121,23.5499992370605,66795271,7.79244184494019
"2006-10-11",23.5100002288818,23.6900005340576,23.4200000762939,23.6200008392334,38434590,7.81560564041138
"2006-10-12",23.5900001525879,23.7700004577637,23.5,23.7700004577637,74454836,7.86523962020874
"2006-10-13",23.8299999237061,23.9699993133545,23.7399997711182,23.8099994659424,70149636,7.87847423553467
"2006-10-16",23.9899997711182,24.0699996948242,23.8700008392334,23.9300003051758,75867868,7.91817951202393
"2006-10-17",24.0499992370605,24.2000007629395,23.9899997711182,24.0699996948242,64141342,7.96450662612915
"2006-10-18",24.1800003051758,24.2299995422363,23.9400005340576,24.0900001525879,64042500,7.97112321853638
"2006-10-19",23.9300003051758,24.2399997711182,23.9200000762939,24.2099990844727,36001202,8.01082992553711
"2006-10-20",24.4099998474121,24.4099998474121,24.2099990844727,24.2999992370605,30803770,8.04060840606689
"2006-10-23",23.7700004577637,23.8400001525879,23.4500007629395,23.6900005340576,21618200,8.03721904754639
"2006-10-24",23.5699996948242,23.7399997711182,23.5400009155273,23.6700000762939,53361829,8.03043174743652
"2006-10-25",23.7000007629395,24.0499992370605,23.6900005340576,23.9200000762939,78632973,8.11524963378906
"2006-10-26",24.0900001525879,24.1200008392334,23.8500003814697,23.9200000762939,92143522,8.11524963378906
"2006-10-27",23.8799991607666,23.9699993133545,23.6800003051758,23.7399997711182,32785682,8.05418014526367
"2006-10-30",23.6200008392334,23.7299995422363,23.5200004577637,23.7299995422363,38500268,8.05078792572021
"2006-10-31",23.6599998474121,23.7399997711182,23.5699996948242,23.6299991607666,71270465,8.01686096191406
"2006-11-01",23.6900005340576,23.7099990844727,23.5200004577637,23.6499996185303,0,8.02364730834961
"2006-11-02",23.5300006866455,23.5599994659424,23.2199993133545,23.3999996185303,33148872,7.9388313293457
"2006-11-03",23.5200004577637,23.6800003051758,23.4400005340576,23.6499996185303,38580849,8.02364730834961
"2006-11-06",23.6900005340576,23.9500007629395,23.6900005340576,23.9500007629395,30196201,8.12542724609375
"2006-11-07",23.9799995422363,24.0799999237061,23.9200000762939,24.0400009155273,20363783,8.15596008300781
"2006-11-08",23.9400005340576,24.2700004577637,23.9099998474121,24.2000007629395,31731399,8.21024417877197
"2006-11-09",24.2999992370605,24.3600006103516,24.1900005340576,24.3099994659424,17111136,8.24756050109863
"2006-11-10",24.3199996948242,24.8700008392334,24.2999992370605,24.7999992370605,47549955,8.41380310058594
"2006-11-13",24.8899993896484,24.9400005340576,24.6100006103516,24.7000007629395,22778481,8.3798770904541
"2006-11-14",24.7800006866455,24.8700008392334,24.6100006103516,24.8299999237061,25578546,8.42398071289062
"2006-11-15",24.9500007629395,25.0400009155273,24.8199996948242,24.9699993133545,26018416,8.47147846221924
"2006-11-16",24.9699993133545,25.1700000762939,24.8899993896484,25.1000003814697,22312985,8.51558303833008
"2006-11-17",24.8799991607666,24.8799991607666,24.5699996948242,24.6900005340576,29241445,8.37648391723633
"2006-11-20",24.5699996948242,24.8299999237061,24.4699993133545,24.8099994659424,21763725,8.41719436645508
"2006-11-21",24.7299995422363,24.8899993896484,24.7099990844727,24.7800006866455,14386604,8.40701770782471
"2006-11-22",24.9300003051758,25.0200004577637,24.6700000762939,24.7399997711182,18045165,8.39344596862793
"2006-11-23",24.7700004577637,24.8700008392334,24.6100006103516,24.7399997711182,14125586,8.39344596862793
"2006-11-24",24.6700000762939,24.75,24.4799995422363,24.6499996185303,17468153,8.36291313171387
"2006-11-27",24.75,24.9099998474121,24.4899997711182,24.4899997711182,25441602,8.30862998962402
"2006-11-28",24.6399993896484,24.6800003051758,24.4400005340576,24.5300006866455,23084737,8.32220363616943
"2006-11-29",24.7000007629395,24.9500007629395,24.6100006103516,24.9099998474121,27661990,8.45112133026123
"2006-11-30",25.0499992370605,25.25,24.7199993133545,24.7199993133545,32974416,8.38666248321533
"2006-12-01",24.8500003814697,24.9599990844727,24.3799991607666,24.5400009155273,22786044,8.32559490203857
"2006-12-04",24.6499996185303,24.7199993133545,24.3400001525879,24.5100002288818,22223907,8.31541442871094
"2006-12-05",24.6299991607666,24.8099994659424,24.5400009155273,24.7700004577637,19063145,8.4036226272583
"2006-12-06",24.7999992370605,24.9200000762939,24.6800003051758,24.8600006103516,21519447,8.43416023254395
"2006-12-07",24.8099994659424,24.8500003814697,24.7000007629395,24.7900009155273,16517359,8.41041088104248
"2006-12-08",24.7999992370605,24.8199996948242,24.6000003814697,24.7099990844727,0,8.38326835632324
"2006-12-11",24.8500003814697,24.8799991607666,24.6800003051758,24.8799991607666,13693152,8.44094371795654
"2006-12-12",24.8799991607666,24.9699993133545,24.8099994659424,24.9400005340576,18350235,8.46130275726318
"2006-12-13",24.8999996185303,25.1299991607666,24.8199996948242,25.1299991607666,21237217,8.52575874328613
"2006-12-14",25.1700000762939,25.4599990844727,25.0699996948242,25.3999996185303,23612306,8.61736392974854
"2006-12-15",25.4799995422363,25.7399997711182,25.4200000762939,25.7399997711182,32903993,8.7327127456665
"2006-12-18",25.7299995422363,25.8799991607666,25.5100002288818,25.5900001525879,18814058,8.68182277679443
"2006-12-19",25.4500007629395,25.7000007629395,25.3400001525879,25.5499992370605,19397098,8.66825199127197
"2006-12-20",25.7000007629395,25.75,25.6399993896484,25.6700000762939,12965849,8.70896530151367
"2006-12-21",25.6200008392334,25.6800003051758,25.5,25.5799999237061,13052820,8.67842769622803
"2006-12-22",25.5,25.5,25.2000007629395,25.2000007629395,12800697,8.54951190948486
"2006-12-27",25.3999996185303,25.6299991607666,25.2999992370605,25.6200008392334,9975462,8.69200325012207
"2006-12-28",25.6100006103516,25.6200008392334,25.5200004577637,25.5900001525879,8714033,8.68182277679443
"2006-12-29",25.5699996948242,25.6599998474121,25.4200000762939,25.4799995422363,8424113,8.64450263977051
"2007-01-02",25.6900005340576,25.7800006866455,25.6399993896484,25.7199993133545,8555281,8.72592639923096
"2007-01-03",25.7800006866455,25.7999992370605,25.4099998474121,25.5,17452257,8.65128993988037
"2007-01-04",25.3500003814697,25.3500003814697,25.0599994659424,25.2199993133545,24866078,8.55629539489746
"2007-01-05",25.1000003814697,25.1000003814697,24.8700008392334,24.9300003051758,24067713,8.45790863037109
"2007-01-08",25.0499992370605,25.1200008392334,24.7399997711182,24.75,21965881,8.39684009552002
"2007-01-09",24.7800006866455,24.7800006866455,24.4799995422363,24.5599994659424,31225594,8.3323802947998
"2007-01-10",24.5100002288818,24.5400009155273,24.3299999237061,24.3299999237061,25076038,8.25434875488281
"2007-01-11",24.4200000762939,24.7999992370605,24.3700008392334,24.7800006866455,27793190,8.40701770782471
"2007-01-12",24.6900005340576,24.8799991607666,24.5400009155273,24.6000003814697,26641706,8.34594821929932
"2007-01-15",24.8600006103516,24.9799995422363,24.8299999237061,24.8999996185303,14728704,8.44772815704346
"2007-01-16",24.8700008392334,24.9099998474121,24.6599998474121,24.7000007629395,17937896,8.3798770904541
"2007-01-17",24.7600002288818,24.8299999237061,24.25,24.3600006103516,35194028,8.26452732086182
"2007-01-18",24.5400009155273,24.7299995422363,24.3500003814697,24.4599990844727,31654578,8.29845428466797
"2007-01-19",24.4200000762939,24.7000007629395,24.3099994659424,24.7000007629395,24983759,8.3798770904541
"2007-01-22",24.7999992370605,24.9200000762939,24.6599998474121,24.6599998474121,24003055,8.36630725860596
"2007-01-23",24.7399997711182,24.8500003814697,24.6000003814697,24.7900009155273,21028527,8.41041088104248
"2007-01-24",24.9599990844727,25.0799999237061,24.8999996185303,25,22064343,8.48165702819824
"2007-01-25",25.1200008392334,25.1200008392334,24.8799991607666,24.9200000762939,18052142,8.45451545715332
"2007-01-26",24.8199996948242,25.0400009155273,24.7399997711182,24.8199996948242,20276350,8.42059230804443
"2007-01-29",24.9500007629395,24.9699993133545,24.6499996185303,24.7800006866455,15720008,8.40701770782471
"2007-01-30",24.6800003051758,24.8500003814697,24.6100006103516,24.7700004577637,18355681,8.4036226272583
"2007-01-31",24.8899993896484,24.9300003051758,24.6399993896484,24.7000007629395,24242322,8.3798770904541
"2007-02-01",24.8500003814697,24.9500007629395,24.7900009155273,24.8500003814697,20648530,8.43076610565186
"2007-02-02",24.9099998474121,24.9300003051758,24.6200008392334,24.6399993896484,22097352,8.35952091217041
"2007-02-05",24.7299995422363,25,24.6599998474121,24.9200000762939,18447122,8.45451545715332
"2007-02-06",24.9599990844727,24.9799995422363,24.7199993133545,24.8199996948242,17994399,8.42059230804443
"2007-02-07",24.8199996948242,24.8899993896484,24.7600002288818,24.7800006866455,12542899,8.40701770782471
"2007-02-08",24.7700004577637,24.7700004577637,24.5200004577637,24.6399993896484,14983872,8.35952091217041
"2007-02-09",24.7600002288818,24.8500003814697,24.5699996948242,24.6499996185303,16096457,8.36291313171387
"2007-02-12",24.5499992370605,24.6000003814697,24.4500007629395,24.4899997711182,16021271,8.30862998962402
"2007-02-13",24.5300006866455,24.6900005340576,24.3899993896484,24.6900005340576,22913562,8.37648391723633
"2007-02-14",24.7800006866455,24.8099994659424,24.4899997711182,24.5499992370605,20584912,8.32898426055908
"2007-02-15",24.5799999237061,24.6200008392334,24.4099998474121,24.5699996948242,15626205,8.33577060699463
"2007-02-16",24.5499992370605,24.5699996948242,24.3400001525879,24.3700008392334,21405209,8.26791763305664
"2007-02-19",24.4099998474121,24.5,24.3600006103516,24.4899997711182,11458382,8.30862998962402
"2007-02-20",24.3799991607666,24.4699993133545,23.9599990844727,24.0300006866455,29848903,8.15256881713867
"2007-02-21",24.0400009155273,24.1200008392334,23.7999992370605,23.9300003051758,27026833,8.1186408996582
"2007-02-22",24,24.2800006866455,23.9099998474121,24,24183473,8.14239025115967
"2007-02-23",24.1599998474121,24.1599998474121,23.7099990844727,23.75,40350527,8.05757522583008
"2007-02-26",23.7999992370605,24.2600002288818,23.7800006866455,24.2099990844727,26404675,8.21363544464111
"2007-02-27",24.0499992370605,24.0499992370605,23.5799999237061,23.6299991607666,32209390,8.01686096191406
"2007-02-28",23.3999996185303,23.7399997711182,23.1000003814697,23.1499996185303,40111608,7.85401439666748
"2007-03-01",23.2000007629395,23.5499992370605,22.4699993133545,23.1599998474121,46599351,7.85740661621094
"2007-03-02",23.1700000762939,23.3400001525879,22.7399997711182,23.1399993896484,42993916,7.85062122344971
"2007-03-05",22.7000007629395,23.2399997711182,22.5900001525879,23.1200008392334,37626860,7.84383773803711
"2007-03-06",23.3400001525879,23.5499992370605,23.2099990844727,23.3099994659424,36068759,7.90829563140869
"2007-03-07",23.4099998474121,23.5799999237061,23.1700000762939,23.4300003051758,35277689,7.94901037216187
"2007-03-08",23.6399993896484,23.6900005340576,23.4899997711182,23.6200008392334,22959424,8.01346874237061
"2007-03-09",23.5799999237061,23.6499996185303,23.3299999237061,23.6499996185303,33620441,8.02364730834961
"2007-03-12",23.6399993896484,23.6399993896484,23.3099994659424,23.3899993896484,18083401,7.9354362487793
"2007-03-13",23.3099994659424,23.4699993133545,23.1900005340576,23.2299995422363,18876606,7.88115119934082
"2007-03-14",23,23.1000003814697,22.7099990844727,22.7600002288818,31707587,7.72169876098633
"2007-03-15",23.0699996948242,23.0799999237061,22.7000007629395,23.0799999237061,29639053,7.8302640914917
"2007-03-16",23.1000003814697,23.1100006103516,22.8799991607666,23.0599994659424,33520033,7.8234806060791
"2007-03-19",23.0900001525879,23.2399997711182,22.8400001525879,23.2399997711182,22226294,7.88454532623291
"2007-03-20",23.1499996185303,23.1599998474121,22.8999996185303,23.0799999237061,20030639,7.8302640914917
"2007-03-21",23.0400009155273,23.2000007629395,22.9599990844727,23.1900005340576,17303685,7.86758327484131
"2007-03-22",23.3999996185303,23.6299991607666,23.2700004577637,23.6100006103516,26369274,8.01007843017578
"2007-03-23",23.5100002288818,24.0699996948242,23.5,24.0499992370605,29736159,8.15935230255127
"2007-03-26",24.0699996948242,24.2099990844727,23.7099990844727,23.8099994659424,26472420,8.07793045043945
"2007-03-27",23.8999996185303,24.0200004577637,23.7700004577637,23.7700004577637,19279715,8.06435871124268
"2007-03-28",23.9500007629395,24.2000007629395,23.8999996185303,24,32681769,8.14239025115967
"2007-03-29",24.1499996185303,24.25,24.0799999237061,24.25,20034578,8.22720623016357
"2007-03-30",24.3400001525879,24.4500007629395,24.2000007629395,24.3600006103516,24755676,8.26452732086182
"2007-04-02",24.2000007629395,24.2800006866455,24.0100002288818,24.1599998474121,18458245,8.1966724395752
"2007-04-03",24.2399997711182,24.2600002288818,24.0499992370605,24.2000007629395,20170612,8.21024417877197
"2007-04-04",24.2000007629395,24.2900009155273,24.0200004577637,24.1499996185303,21884297,8.19327831268311
"2007-04-05",24.1700000762939,24.2700004577637,24.1100006103516,24.2700004577637,11141124,8.23398876190186
"2007-04-10",24.25,24.4699993133545,24.1599998474121,24.4400005340576,17045255,8.29166603088379
"2007-04-11",24.4699993133545,24.6900005340576,24.4500007629395,24.5100002288818,23895676,8.31541442871094
"2007-04-12",24.4899997711182,24.5699996948242,24.3799991607666,24.4699993133545,15854671,8.30184459686279
"2007-04-13",24.5599994659424,24.7099990844727,24.5599994659424,24.6900005340576,19868488,8.37648391723633
"2007-04-16",24.7199993133545,24.7399997711182,24.5499992370605,24.7199993133545,19221023,8.38666248321533
"2007-04-17",24.7199993133545,24.8500003814697,24.6299991607666,24.7700004577637,15349397,8.4036226272583
"2007-04-18",24.7700004577637,24.7700004577637,24.5,24.6000003814697,19327003,8.34594821929932
"2007-04-19",24.3899993896484,24.4300003051758,24.1900005340576,24.2900009155273,19873268,8.24077796936035
"2007-04-20",24.4699993133545,24.4699993133545,24.2700004577637,24.4500007629395,20745268,8.2950611114502
"2007-04-23",24.4699993133545,24.5699996948242,24.3899993896484,24.4899997711182,14872773,8.30862998962402
"2007-04-24",24.4500007629395,24.6299991607666,24.2999992370605,24.3999996185303,21727672,8.27809429168701
"2007-04-25",24.4300003051758,24.6100006103516,24.4099998474121,24.6000003814697,0,8.34594821929932
"2007-04-26",24.7700004577637,24.7700004577637,24.5,24.5300006866455,18621080,8.32220363616943
"2007-04-27",24.4300003051758,24.5,24.2000007629395,24.3500003814697,17593678,8.26113319396973
"2007-04-30",24.3199996948242,24.5599994659424,24.3199996948242,24.4300003051758,13062796,8.28827476501465
"2007-05-02",24.4899997711182,24.8299999237061,24.4099998474121,24.7700004577637,21915043,8.4036226272583
"2007-05-03",24.8999996185303,25.1000003814697,24.7600002288818,24.9599990844727,27996321,8.4680871963501
"2007-05-04",24.9599990844727,25.1499996185303,24.9300003051758,25.1299991607666,20655099,8.52575874328613
"2007-05-07",25.0699996948242,25.0900001525879,24.8400001525879,25.0599994659424,10499025,8.5020112991333
"2007-05-08",25.0100002288818,25.0300006866455,24.5699996948242,24.8500003814697,41542405,8.43076610565186
"2007-05-09",24.8999996185303,24.9899997711182,24.8099994659424,24.8600006103516,16709424,8.43416023254395
"2007-05-10",24.8500003814697,24.9200000762939,24.4500007629395,24.4500007629395,21383618,8.2950611114502
"2007-05-11",24.4599990844727,24.8999996185303,24.4500007629395,24.8899993896484,28693087,8.4443359375
"2007-05-14",24.9699993133545,25.0400009155273,24.8400001525879,24.9799995422363,15551427,8.47487449645996
"2007-05-15",24.9200000762939,25.3899993896484,24.9099998474121,25.2999992370605,30126760,8.58343505859375
"2007-05-16",25.2700004577637,25.4500007629395,25.1900005340576,25.3899993896484,19491626,8.61396884918213
"2007-05-17",25.4500007629395,25.6700000762939,25.3799991607666,25.6700000762939,20332187,8.70896530151367
"2007-05-18",25.75,26.0799999237061,25.7199993133545,26.0799999237061,36976318,8.84806346893311
"2007-05-21",26.0799999237061,26.5699996948242,26.0799999237061,26.3600006103516,26968804,8.9430570602417
"2007-05-22",26.4400005340576,26.5499992370605,26.3099994659424,26.3799991607666,29449078,8.94983959197998
"2007-05-23",26.2999992370605,26.6000003814697,26.2000007629395,26.6000003814697,28004663,9.02448177337646
"2007-05-24",26.4500007629395,26.5499992370605,26.2099990844727,26.2099990844727,27741706,8.89216899871826
"2007-05-25",26.0400009155273,26.4599990844727,26,26.2999992370605,18804109,8.92269992828369
"2007-05-28",26.2800006866455,26.4500007629395,25.7600002288818,26.2999992370605,28791990,8.92269992828369
"2007-05-29",26.2099990844727,26.3600006103516,25.9799995422363,26.1000003814697,46870337,8.85484981536865
"2007-05-30",25.9200000762939,26.0900001525879,25.7999992370605,26.0900001525879,44252487,8.85145378112793
"2007-05-31",26.25,26.3999996185303,26.2000007629395,26.2800006866455,22312799,8.91591739654541
"2007-06-01",26.3299999237061,26.5200004577637,26.2399997711182,26.3299999237061,37634955,8.93287944793701
"2007-06-04",26.2999992370605,26.3899993896484,26.0300006866455,26.1200008392334,31163419,8.86163425445557
"2007-06-05",26.2600002288818,26.5,26.1800003051758,26.4200000762939,69326817,8.96341514587402
"2007-06-06",26.4500007629395,26.6100006103516,26.1700000762939,26.1800003051758,73419915,8.88198947906494
"2007-06-07",26.3999996185303,26.5799999237061,26.2199993133545,26.3099994659424,112730965,8.92609405517578
"2007-06-08",26.3299999237061,26.7299995422363,26.1499996185303,26.2099990844727,153670726,8.89216899871826
"2007-06-11",26.4500007629395,26.4500007629395,26.0499992370605,26.2700004577637,41032823,8.91252422332764
"2007-06-12",26.2800006866455,26.4300003051758,26.2000007629395,26.2999992370605,148047700,8.92269992828369
"2007-06-13",26.2000007629395,26.5100002288818,26.1200008392334,26.4200000762939,96184240,8.96341514587402
"2007-06-14",26.6000003814697,27.1800003051758,26.5499992370605,27.1000003814697,42032368,9.19411659240723
"2007-06-15",27.1900005340576,27.3299999237061,26.9699993133545,27.1299991607666,66034291,9.20429420471191
"2007-06-18",26.6399993896484,26.8299999237061,26.5300006866455,26.6000003814697,22292222,9.24600410461426
"2007-06-19",26.7399997711182,27.2199993133545,26.7099990844727,27.0499992370605,86682864,9.40242481231689
"2007-06-20",27.1100006103516,27.25,26.8999996185303,26.9699993133545,52952008,9.37461376190186
"2007-06-21",26.7399997711182,26.9899997711182,26.7199993133545,26.75,57818644,9.29814434051514
"2007-06-22",26.7999992370605,26.8700008392334,26.5599994659424,26.5799999237061,56595211,9.23905277252197
"2007-06-25",26.5300006866455,26.6299991607666,26.3400001525879,26.5699996948242,59660028,9.23557567596436
"2007-06-26",26.4500007629395,26.6000003814697,26.1599998474121,26.3600006103516,80127771,9.16258335113525
"2007-06-27",26.2600002288818,26.2999992370605,26.0599994659424,26.1299991607666,25714421,9.08263492584229
"2007-06-28",26.3199996948242,26.6200008392334,26.25,26.5499992370605,24959729,9.22862815856934
"2007-06-29",26.7099990844727,26.9500007629395,26.6800003051758,26.8999996185303,22171571,9.35028171539307
"2007-07-02",26.8299999237061,27.3299999237061,26.7399997711182,27.2999992370605,23150047,9.48931884765625
"2007-07-03",27.4899997711182,27.6700000762939,27.3500003814697,27.4699993133545,26687933,9.54841327667236
"2007-07-04",27.4699993133545,27.5799999237061,27.25,27.2900009155273,15042212,9.48584365844727
"2007-07-05",27.3999996185303,27.4400005340576,27.0300006866455,27.2199993133545,30465738,9.46151351928711
"2007-07-06",27.1900005340576,27.75,27.1399993896484,27.75,24005791,9.64573764801025
"2007-07-09",27.7700004577637,28.3799991607666,27.7099990844727,28.3299999237061,38491554,9.8473424911499
"2007-07-10",28.3199996948242,28.9500007629395,28.1399993896484,28.1399993896484,51645094,9.78130149841309
"2007-07-11",28.0300006866455,28.2800006866455,27.7900009155273,27.9300003051758,37672597,9.70830726623535
"2007-07-12",28.0799999237061,28.1900005340576,27.6299991607666,28.1900005340576,30965609,9.79868030548096
"2007-07-13",28.3899993896484,28.4300003051758,27.8799991607666,28.2099990844727,25360029,9.80562973022461
"2007-07-16",28.2399997711182,28.2999992370605,27.9899997711182,28.2199993133545,24138169,9.80910778045654
"2007-07-17",28.1299991607666,28.1299991607666,27.6700000762939,27.9500007629395,41387222,9.71525478363037
"2007-07-18",27.7199993133545,27.8600006103516,27.5900001525879,27.6399993896484,30192663,9.60750102996826
"2007-07-19",27.8700008392334,27.8799991607666,27.6700000762939,27.8299999237061,15418498,9.67354774475098
"2007-07-20",27.8400001525879,28.0499992370605,27.1299991607666,27.1900005340576,42296895,9.45108509063721
"2007-07-23",27.1900005340576,27.5400009155273,27.0100002288818,27.5100002288818,22319704,9.56231498718262
"2007-07-24",27.5100002288818,27.6000003814697,27.0100002288818,27.0100002288818,23633280,9.38851642608643
"2007-07-25",26.8600006103516,27.0300006866455,26.3199996948242,26.5900001525879,22848050,9.24253273010254
"2007-07-26",26.7199993133545,26.9899997711182,26.1200008392334,26.1200008392334,32714621,9.07915782928467
"2007-07-27",25.8500003814697,26.1599998474121,25.4300003051758,25.5300006866455,37943948,8.87407970428467
"2007-07-30",25.6000003814697,25.8799991607666,25.2999992370605,25.4599990844727,29073136,8.8497486114502
"2007-07-31",25.6000003814697,25.7900009155273,25.3500003814697,25.7800006866455,29892052,8.96097850799561
"2007-08-01",25.2700004577637,25.6599998474121,25.0900001525879,25.3400001525879,29111376,8.80803394317627
"2007-08-02",25.3500003814697,25.3500003814697,24.7800006866455,24.9799995422363,31174672,8.68290519714355
"2007-08-03",24.9799995422363,24.9899997711182,24.4500007629395,24.5900001525879,21090152,8.54733943939209
"2007-08-06",24.3799991607666,24.7199993133545,24.2999992370605,24.4400005340576,22686283,8.49520301818848
"2007-08-07",24.7099990844727,25.1299991607666,24.5799999237061,25.1200008392334,24937882,8.73156547546387
"2007-08-08",25.1399993896484,25.6200008392334,24.75,25.5499992370605,26190427,8.88103008270264
"2007-08-09",25.3500003814697,25.3999996185303,24.8400001525879,24.9599990844727,30816336,8.67594909667969
"2007-08-10",24.5599994659424,24.6499996185303,23.8899993896484,24.0100002288818,42009734,8.34573554992676
"2007-08-13",24.3299999237061,24.6299991607666,24.0599994659424,24.5100002288818,20620054,8.51953315734863
"2007-08-14",24.3999996185303,24.5499992370605,24.0100002288818,24.1800003051758,16356181,8.40482711791992
"2007-08-16",23.7999992370605,23.8700008392334,23.2199993133545,23.3099994659424,35414748,8.10241889953613
"2007-08-17",23.1299991607666,23.9799995422363,22.9899997711182,23.8199996948242,40646250,8.27969455718994
"2007-08-20",24.0400009155273,24.1000003814697,23.8199996948242,23.9099998474121,21579044,8.31097888946533
"2007-08-21",23.9799995422363,24.0100002288818,23.5499992370605,23.6599998474121,26065864,8.22407817840576
"2007-08-22",23.7600002288818,24.3999996185303,23.7600002288818,24.3500003814697,29098017,8.46391677856445
"2007-08-23",24.5200004577637,24.6399993896484,24.3799991607666,24.4799995422363,18674898,8.5091028213501
"2007-08-24",24.2800006866455,24.9799995422363,24.2399997711182,24.8600006103516,18886772,8.64119243621826
"2007-08-27",24.7900009155273,24.8400001525879,24.4699993133545,24.6000003814697,16779670,8.55081462860107
"2007-08-28",24.5900001525879,24.7000007629395,24.1599998474121,24.2199993133545,20783160,8.41873073577881
"2007-08-29",24.0900001525879,24.7000007629395,24.0400009155273,24.5900001525879,22635992,8.54733943939209
"2007-08-30",24.7900009155273,25.2000007629395,24.6499996185303,24.9599990844727,31942750,8.67594909667969
"2007-08-31",25.1800003051758,25.4599990844727,25.0699996948242,25.3799991607666,23508352,8.82193851470947
"2007-09-03",25.3299999237061,25.3799991607666,25.0599994659424,25.2199993133545,10669900,8.76632595062256
"2007-09-04",25.1900005340576,25.2199993133545,24.9099998474121,25.2000007629395,18398756,8.75937461853027
"2007-09-05",25.2900009155273,25.4300003051758,24.8199996948242,24.8400001525879,26995773,8.63423728942871
"2007-09-06",25,25.3700008392334,24.8400001525879,25.3099994659424,28675238,8.79760932922363
"2007-09-07",25.3400001525879,25.5499992370605,24.7999992370605,24.8099994659424,24997076,8.62381076812744
"2007-09-10",24.9899997711182,25.2600002288818,24.6700000762939,24.8799991607666,19533115,8.64814472198486
"2007-09-11",25.1599998474121,25.2299995422363,24.9699993133545,25.1399993896484,36866520,8.73851490020752
"2007-09-12",25.2199993133545,25.3099994659424,24.9099998474121,25.25,25525936,8.77675342559814
"2007-09-13",25.2999992370605,25.5,25.1299991607666,25.4500007629395,25391364,8.84627056121826
"2007-09-14",25.3999996185303,25.5100002288818,25.0900001525879,25.3400001525879,27728840,8.80803394317627
"2007-09-17",25.2099990844727,25.3199996948242,24.9599990844727,25,15218106,8.68985271453857
"2007-09-18",25.0200004577637,25.5,24.9400005340576,25.4599990844727,19524260,8.8497486114502
"2007-09-19",25.9899997711182,26.3999996185303,25.8099994659424,26.2600002288818,34120172,9.12782287597656
"2007-09-20",26.1299991607666,26.4099998474121,26.0699996948242,26.2299995422363,19916699,9.11739635467529
"2007-09-21",26.2900009155273,26.4099998474121,26.0799999237061,26.1200008392334,24852053,9.07915782928467
"2007-09-24",25.9200000762939,26.4899997711182,25.8899993896484,26.2399997711182,14095785,9.12086963653564
"2007-09-25",26.1000003814697,26.2000007629395,25.8199996948242,25.8899993896484,17451700,8.99921226501465
"2007-09-26",25.9799995422363,26.25,25.9200000762939,26.1399993896484,16084606,9.08611297607422
"2007-09-27",26.2800006866455,26.2999992370605,26.1200008392334,26.1700000762939,15351295,9.09654140472412
"2007-09-28",26.2299995422363,26.2800006866455,25.8799991607666,25.9899997711182,17574762,9.03397178649902
"2007-10-01",25.8999996185303,26.2000007629395,25.7700004577637,26.2000007629395,16877849,9.10696697235107
"2007-10-02",26.3899993896484,26.3899993896484,25.7900009155273,25.8999996185303,27870662,9.00268840789795
"2007-10-03",25.9300003051758,26.0499992370605,25.5300006866455,25.6700000762939,25095338,8.92273998260498
"2007-10-04",25.5499992370605,25.7600002288818,25.2199993133545,25.6900005340576,31830194,8.9296932220459
"2007-10-05",25.7900009155273,26.0200004577637,25.7600002288818,25.9599990844727,32254999,9.02354335784912
"2007-10-08",26,26.0900001525879,25.8600006103516,25.8999996185303,42296223,9.00268840789795
"2007-10-09",25.9300003051758,26.3099994659424,25.8799991607666,26.2199993133545,98011376,9.11392021179199
"2007-10-10",26.1599998474121,26.2199993133545,25.9699993133545,26.1599998474121,53028142,9.09306526184082
"2007-10-11",26.25,26.4899997711182,26.2000007629395,26.3999996185303,81434603,9.17648696899414
"2007-10-12",26.3199996948242,26.4699993133545,26.2299995422363,26.4500007629395,90400064,9.1938648223877
"2007-10-15",26.0300006866455,26.7800006866455,25.9899997711182,26.5,73916960,9.21124649047852
"2007-10-16",26.6499996185303,26.8400001525879,26.5,26.6299991607666,139427134,9.25643062591553
"2007-10-17",26.6200008392334,26.6499996185303,26.2800006866455,26.4500007629395,77261365,9.1938648223877
"2007-10-18",26.5,26.5,25.9599990844727,26.0400009155273,32715680,9.05135345458984
"2007-10-19",26.0900001525879,26.3600006103516,25.8299999237061,25.9400005340576,20818312,9.01659202575684
"2007-10-22",24.9799995422363,25.0499992370605,24.7099990844727,24.8400001525879,25243762,8.83867931365967
"2007-10-23",25.0300006866455,25.0300006866455,24.6900005340576,24.75,93577312,8.8066577911377
"2007-10-24",24.8500003814697,24.9099998474121,24.4400005340576,24.7299995422363,54791684,8.79954242706299
"2007-10-25",24.8999996185303,24.9799995422363,24.6800003051758,24.7999992370605,103210224,8.82444763183594
"2007-10-26",25.0100002288818,25.2600002288818,24.9099998474121,25.1399993896484,45205416,8.94543075561523
"2007-10-29",25.4099998474121,25.5,25.1599998474121,25.3400001525879,37052733,9.0165901184082
"2007-10-30",25.4599990844727,25.6000003814697,25.1499996185303,25.1800003051758,49621647,8.95965957641602
"2007-10-31",25.1000003814697,25.25,24.7299995422363,25.2000007629395,47161949,8.96677875518799
"2007-11-01",25.2000007629395,25.4099998474121,24.6399993896484,24.7999992370605,0,8.82444763183594
"2007-11-02",24.6900005340576,24.7600002288818,24.5200004577637,24.7099990844727,22955752,8.79242420196533
"2007-11-05",24.5499992370605,24.8299999237061,24.4099998474121,24.4500007629395,16596182,8.69990825653076
"2007-11-06",24.5599994659424,24.5599994659424,24.3099994659424,24.4200000762939,27157668,8.68923568725586
"2007-11-07",24.5900001525879,25.0300006866455,24.5900001525879,24.9400005340576,33611760,8.87426567077637
"2007-11-08",24.7399997711182,24.8799991607666,24.2600002288818,24.2999992370605,38264653,8.64653491973877
"2007-11-09",24.3400001525879,24.3400001525879,23.5799999237061,23.9099998474121,32365312,8.50776481628418
"2007-11-12",23.6100006103516,23.6900005340576,23.1499996185303,23.3999996185303,29097128,8.32629203796387
"2007-11-13",23.2000007629395,23.3199996948242,22.8899993896484,23.3199996948242,33345526,8.29782581329346
"2007-11-14",23.5100002288818,23.7099990844727,23.1399993896484,23.5799999237061,26072380,8.39034271240234
"2007-11-15",23.6700000762939,23.7700004577637,23.4599990844727,23.5599994659424,23453555,8.383225440979
"2007-11-16",23.4799995422363,24.2600002288818,23.4500007629395,24.2000007629395,40080172,8.61095428466797
"2007-11-19",24.2099990844727,24.4400005340576,23.7700004577637,23.9400005340576,22210340,8.51844024658203
"2007-11-20",24.1200008392334,24.1900005340576,23.8299999237061,24.0699996948242,20716608,8.56469345092773
"2007-11-21",23.8099994659424,24.3099994659424,23.8099994659424,24.1200008392334,25508416,8.58248519897461
"2007-11-22",24.1200008392334,24.3899993896484,23.9799995422363,24.1000003814697,11805339,8.5753698348999
"2007-11-23",24.0799999237061,24.1700000762939,23.8099994659424,24,16128331,8.53978824615479
"2007-11-26",24.0499992370605,24.2000007629395,23.75,23.8199996948242,14160041,8.47574043273926
"2007-11-27",23.7000007629395,23.75,23.2800006866455,23.5400009155273,20727682,8.3761100769043
"2007-11-28",23.5499992370605,23.7900009155273,23.3199996948242,23.7199993133545,21414415,8.44015502929688
"2007-11-29",23.6399993896484,24.1800003051758,23.5499992370605,24.0699996948242,21330966,8.56469345092773
"2007-11-30",24.1000003814697,24.4300003051758,23.9500007629395,24.3700008392334,20298840,8.67144298553467
"2007-12-03",24.2900009155273,24.3899993896484,24.0699996948242,24.1700000762939,14336355,8.60027885437012
"2007-12-04",24.1499996185303,24.3700008392334,24.0900001525879,24.2600002288818,18931721,8.63230228424072
"2007-12-05",24.3999996185303,24.9500007629395,24.2999992370605,24.8600006103516,23146088,8.84579563140869
"2007-12-06",24.9099998474121,25.0699996948242,24.7099990844727,25.0599994659424,18467524,8.91696262359619
"2007-12-07",25.1200008392334,25.1800003051758,25,25.0599994659424,15669417,8.91696262359619
"2007-12-10",24.9300003051758,25.0400009155273,24.7199993133545,24.8299999237061,15257255,8.83512210845947
"2007-12-11",24.8299999237061,24.8299999237061,24.5200004577637,24.7099990844727,16026551,8.79242420196533
"2007-12-12",24.5,25.0400009155273,24.4200000762939,24.8500003814697,20568487,8.84223937988281
"2007-12-13",24.7299995422363,24.7900009155273,24.3400001525879,24.3799991607666,22443416,8.6750020980835
"2007-12-14",24.4500007629395,24.6800003051758,24.3799991607666,24.6000003814697,11958450,8.75328350067139
"2007-12-17",24.4099998474121,24.5599994659424,24.2600002288818,24.2600002288818,14937991,8.63230228424072
"2007-12-18",24.2399997711182,24.5499992370605,24.1599998474121,24.1900005340576,15136150,8.60739517211914
"2007-12-19",24.1000003814697,24.6499996185303,24,24.3400001525879,35976570,8.66076946258545
"2007-12-20",24.4500007629395,24.8099994659424,24.4200000762939,24.6599998474121,20559512,8.77463245391846
"2007-12-21",24.8500003814697,25.1000003814697,24.6499996185303,24.6900005340576,27788707,8.78530693054199
"2007-12-27",25.0599994659424,25.0799999237061,24.8099994659424,25,9595410,8.89561176300049
"2007-12-28",24.9899997711182,25.2700004577637,24.8999996185303,25.0499992370605,9965700,8.91340160369873
"2008-01-02",24.9599990844727,25.2399997711182,24.8799991607666,25,12451835,8.89561176300049
"2008-01-03",25.0799999237061,25.5400009155273,25.0200004577637,25.3899993896484,18952506,9.03438091278076
"2008-01-04",25.3500003814697,25.6299991607666,25.0799999237061,25.1700000762939,18995750,8.95610046386719
"2008-01-07",24.9500007629395,25.6299991607666,24.9500007629395,25.5799999237061,18852792,9.10198974609375
"2008-01-08",25.5,25.8600006103516,25.4099998474121,25.4699993133545,17427166,9.06284999847412
"2008-01-09",25.3700008392334,25.4599990844727,25.1900005340576,25.3799991607666,18134496,9.03082656860352
"2008-01-10",25.3299999237061,25.4099998474121,25.1200008392334,25.1399993896484,18884880,8.94543075561523
"2008-01-11",25.0900001525879,25.3199996948242,24.9200000762939,25,22890208,8.89561176300049
"2008-01-14",25.1499996185303,25.2700004577637,24.9799995422363,25,15806289,8.89561176300049
"2008-01-15",24.9099998474121,24.9899997711182,24.3999996185303,24.3999996185303,20893267,8.6821174621582
"2008-01-16",24.3299999237061,24.4799995422363,23.75,23.8999996185303,30352291,8.50420665740967
"2008-01-17",23.7999992370605,24.0499992370605,23.2800006866455,23.3199996948242,26312644,8.29782581329346
"2008-01-18",23.4400005340576,23.6000003814697,23.1900005340576,23.2000007629395,29332576,8.25513076782227
"2008-01-21",23.1100006103516,23.2299995422363,21.7999992370605,22.0200004577637,38727888,7.83525562286377
"2008-01-22",21.1800003051758,22.1000003814697,21,21.9200000762939,43552792,7.79967164993286
"2008-01-23",22.0499992370605,22.0499992370605,20.7000007629395,20.8799991607666,40934097,7.42961454391479
"2008-01-24",21.6100006103516,21.9099998474121,21.2700004577637,21.8500003814697,29016872,7.77476453781128
"2008-01-25",22.2099990844727,22.4699993133545,21.8999996185303,21.9599990844727,22783237,7.81390476226807
"2008-01-28",21.6299991607666,21.8299999237061,21.3299999237061,21.7700004577637,20523596,7.74630117416382
"2008-01-29",21.9599990844727,22.0599994659424,21.6700000762939,22.0200004577637,19955732,7.83525562286377
"2008-01-30",21.9099998474121,22.0100002288818,21.4099998474121,21.5,20825768,7.65022659301758
"2008-01-31",21.5300006866455,21.6800003051758,21.2000007629395,21.5900001525879,21497823,7.68224906921387
"2008-02-01",21.7700004577637,21.9400005340576,21.4799995422363,21.7600002288818,24911335,7.74273824691772
"2008-02-04",21.9099998474121,22.2199993133545,21.8299999237061,22.0900001525879,14819776,7.86016464233398
"2008-02-05",21.9899997711182,22.4200000762939,21.3199996948242,21.3999996185303,24055426,7.61464357376099
"2008-02-06",21.2000007629395,21.7299995422363,21.2000007629395,21.5,22549120,7.65022659301758
"2008-02-07",21.4099998474121,21.4899997711182,20.9899997711182,21.1399993896484,21251720,7.52212953567505
"2008-02-08",21.2700004577637,21.4400005340576,21.1499996185303,21.2900009155273,14181337,7.57550525665283
"2008-02-11",21.1399993896484,21.5200004577637,21.1299991607666,21.2399997711182,21083824,7.5577130317688
"2008-02-12",21.5300006866455,22.2000007629395,21.4500007629395,22.2000007629395,28312960,7.89930248260498
"2008-02-13",22.0300006866455,22.1800003051758,21.7600002288818,22.0400009155273,21248624,7.84237337112427
"2008-02-14",22.0900001525879,22.6499996185303,21.9599990844727,22.3700008392334,24088202,7.95979356765747
"2008-02-15",22.5499992370605,22.7700004577637,21.7999992370605,22.3799991607666,30495221,7.9633526802063
"2008-02-18",22.5400009155273,22.8400001525879,22.5300006866455,22.7099990844727,12800480,8.08077430725098
"2008-02-19",22.6800003051758,23.3299999237061,22.6399993896484,23.1499996185303,28400040,8.23733711242676
"2008-02-20",23.1000003814697,23.4400005340576,22.7399997711182,22.7999992370605,22891574,8.11279773712158
"2008-02-21",23.0400009155273,23.25,22.6499996185303,22.7000007629395,23199026,8.07721614837646
"2008-02-22",22.5699996948242,22.9599990844727,22.3700008392334,22.7000007629395,18160364,8.07721614837646
"2008-02-25",22.9099998474121,23.2900009155273,22.8400001525879,23.1399993896484,16163146,8.23377895355225
"2008-02-26",23.3299999237061,23.3299999237061,22.8299999237061,23.1900005340576,21841656,8.25157070159912
"2008-02-27",23.2900009155273,23.4300003051758,22.9500007629395,23.3400001525879,17554000,8.30494213104248
"2008-02-28",23.2399997711182,23.4400005340576,23.0599994659424,23.1499996185303,17534568,8.23733711242676
"2008-02-29",23.1000003814697,23.2800006866455,22.7099990844727,22.9200000762939,22111604,8.15549659729004
"2008-03-03",22.6900005340576,22.8999996185303,22.5400009155273,22.6200008392334,21912520,8.04874992370605
"2008-03-04",22.6800003051758,22.8099994659424,22.3299999237061,22.4699993133545,26581958,7.99537563323975
"2008-03-05",22.5499992370605,23.3500003814697,22.5100002288818,23.3500003814697,25097258,8.30850219726562
"2008-03-06",23.5499992370605,23.6100006103516,22.9500007629395,23.0400009155273,27304028,8.19819450378418
"2008-03-07",22.8999996185303,23.0900001525879,22.5400009155273,22.5900001525879,20723435,8.03807830810547
"2008-03-10",22.4899997711182,22.6399993896484,22.2199993133545,22.3799991607666,22015313,7.9633526802063
"2008-03-11",22.4400005340576,22.9300003051758,22.4200000762939,22.8199996948242,17080004,8.11991500854492
"2008-03-12",22.9599990844727,23.0900001525879,22.4500007629395,22.5400009155273,21102970,8.02028369903564
"2008-03-13",22.2299995422363,22.25,21.8600006103516,22.1700000762939,20486520,7.8886284828186
"2008-03-14",22.0900001525879,22.4500007629395,21.7999992370605,22.1100006103516,17817838,7.86728048324585
"2008-03-17",21.5,22.0300006866455,21.4400005340576,21.4400005340576,23355416,7.62887668609619
"2008-03-18",21.7999992370605,22.0300006866455,21.7000007629395,22,17969098,7.82813787460327
"2008-03-19",22.1499996185303,22.2399997711182,21.5799999237061,21.6800003051758,25075793,7.7142767906189
"2008-03-20",21.5,21.5,20.8700008392334,20.8700008392334,38322252,7.42605781555176
"2008-03-25",20.75,21.3400001525879,20.7000007629395,21.3400001525879,24286824,7.59329557418823
"2008-03-26",21.2999992370605,21.4599990844727,21.0400009155273,21.4099998474121,14994008,7.61820220947266
"2008-03-27",21.4500007629395,21.7999992370605,21.4099998474121,21.6399993896484,16426105,7.70004177093506
"2008-03-28",21.6100006103516,21.8899993896484,21.4500007629395,21.5900001525879,11315053,7.68224906921387
"2008-03-31",21.3700008392334,21.7299995422363,21.2299995422363,21.6000003814697,13708415,7.68581342697144
"2008-04-01",21.4099998474121,21.8400001525879,21.3600006103516,21.8199996948242,16805758,7.76409006118774
"2008-04-02",22,22.2700004577637,21.6900005340576,22.1399993896484,17355108,7.87795448303223
"2008-04-03",22.3199996948242,22.5900001525879,22.1599998474121,22.3299999237061,17627048,7.9455623626709
"2008-04-04",22.4500007629395,22.5699996948242,22.2199993133545,22.5300006866455,13333929,8.01672554016113
"2008-04-07",22.7000007629395,22.8600006103516,22.4599990844727,22.7999992370605,12928890,8.11279773712158
"2008-04-08",22.6399993896484,23.0499992370605,22.6399993896484,22.9099998474121,18366484,8.15193843841553
"2008-04-09",22.9500007629395,23.3899993896484,22.9099998474121,23.1700000762939,19944410,8.24445343017578
"2008-04-10",23.25,23.3899993896484,23.0499992370605,23.3600006103516,17160832,8.31205940246582
"2008-04-11",23.4699993133545,23.5200004577637,22.9099998474121,23.0900001525879,18707520,8.21598815917969
"2008-04-14",22.8999996185303,23,22.6900005340576,22.8299999237061,12131550,8.12347412109375
"2008-04-15",23.0699996948242,23.3199996948242,22.8500003814697,22.9899997711182,18384794,8.18040657043457
"2008-04-16",23.1800003051758,23.4699993133545,23.0300006866455,23.4300003051758,15991172,8.33696937561035
"2008-04-17",23.5100002288818,23.6299991607666,23.2399997711182,23.4599990844727,14872990,8.34764099121094
"2008-04-18",23.5400009155273,23.8600006103516,23.5,23.8400001525879,17491524,8.4828577041626
"2008-04-21",23.8500003814697,24.3199996948242,23.7999992370605,24.0200004577637,30170956,8.54690456390381
"2008-04-22",24.0499992370605,24.3999996185303,24.0499992370605,24.2000007629395,23578488,8.61095428466797
"2008-04-23",24.2600002288818,24.5900001525879,23.9300003051758,24.3199996948242,27881880,8.65364933013916
"2008-04-24",24.2600002288818,24.4400005340576,23.9500007629395,24.2700004577637,31036776,8.63586139678955
"2008-04-25",24.4300003051758,24.6700000762939,24.2700004577637,24.5200004577637,13986157,8.72481727600098
"2008-04-28",24.6399993896484,24.7700004577637,24.5400009155273,24.5400009155273,18159530,8.73193454742432
"2008-04-29",24.6800003051758,25,24.5499992370605,24.6700000762939,33519457,8.77819156646729
"2008-04-30",24.7299995422363,24.9200000762939,24.5599994659424,24.7399997711182,55338527,8.8031005859375
"2008-05-02",24.9200000762939,25.2199993133545,24.7000007629395,25.1000003814697,44644364,8.93119430541992
"2008-05-05",25.0900001525879,25.3799991607666,25,25.2600002288818,15099003,8.98812770843506
"2008-05-06",25.3400001525879,25.3899993896484,25.1900005340576,25.2999992370605,29891169,9.00235843658447
"2008-05-07",25.4300003051758,25.7600002288818,25.3799991607666,25.6000003814697,89554720,9.10910892486572
"2008-05-08",25.6399993896484,25.7900009155273,25.4599990844727,25.5799999237061,73438620,9.10198974609375
"2008-05-09",25.5400009155273,25.7299995422363,25.3099994659424,25.3999996185303,70834851,9.03794193267822
"2008-05-12",25.5699996948242,25.6800003051758,25.3299999237061,25.3899993896484,75932912,9.03438091278076
"2008-05-13",25.3299999237061,25.5300006866455,25,25.3199996948242,102910119,9.00947761535645
"2008-05-14",25.4599990844727,26.0300006866455,25.4200000762939,25.9899997711182,94797193,9.247878074646
"2008-05-15",25.9699993133545,26.0799999237061,25.8899993896484,25.9899997711182,42771888,9.247878074646
"2008-05-16",26.0699996948242,26.6499996185303,26.0699996948242,26.6499996185303,39539712,9.48271942138672
"2008-05-19",26.1299991607666,26.3799991607666,25.9500007629395,26.3500003814697,22665356,9.62889099121094
"2008-05-20",26.2800006866455,26.5100002288818,26.1000003814697,26.1499996185303,20177234,9.55580615997314
"2008-05-21",26.4099998474121,26.9899997711182,26.2099990844727,26.9099998474121,53431425,9.83352851867676
"2008-05-22",26.7999992370605,27.3600006103516,26.75,26.8899993896484,49937683,9.82622051239014
"2008-05-23",26.8600006103516,26.8899993896484,26.3199996948242,26.3299999237061,48252564,9.62158393859863
"2008-05-26",26.3400001525879,26.5799999237061,26.3299999237061,26.4099998474121,22292252,9.65081787109375
"2008-05-27",26.3799991607666,26.6200008392334,25.6100006103516,25.9300003051758,55099681,9.47541522979736
"2008-05-28",25.9400005340576,25.9799995422363,25.4899997711182,25.8799991607666,60029692,9.45714282989502
"2008-05-29",26.0499992370605,26.3400001525879,25.9899997711182,26.1499996185303,35333240,9.55580615997314
"2008-05-30",25.9899997711182,26.2900009155273,25.8500003814697,26.1800003051758,34337640,9.56677150726318
"2008-06-02",26.2900009155273,26.3500003814697,25.7000007629395,25.9400005340576,10716986,9.47906684875488
"2008-06-03",25.9699993133545,26.0599994659424,25.7299995422363,25.9500007629395,37555895,9.48271942138672
"2008-06-04",25.7600002288818,25.7600002288818,25.1800003051758,25.2999992370605,19536736,9.24519634246826
"2008-06-05",25.1599998474121,25.6200008392334,25.1399993896484,25.4500007629395,20529292,9.30001068115234
"2008-06-06",25.6499996185303,25.8600006103516,25.1599998474121,25.2099990844727,16618995,9.21230792999268
"2008-06-09",25.1000003814697,25.7800006866455,25.1000003814697,25.7099990844727,16268283,9.39502239227295
"2008-06-10",25.6200008392334,25.6700000762939,25.0799999237061,25.0799999237061,24149012,9.16480541229248
"2008-06-11",25.0900001525879,25.4099998474121,24.6399993896484,24.6399993896484,24036592,9.00401878356934
"2008-06-12",24.7099990844727,24.9699993133545,24.3299999237061,24.4899997711182,16385720,8.94920635223389
"2008-06-13",24.6499996185303,24.6599998474121,24.1800003051758,24.4699993133545,21630372,8.94189548492432
"2008-06-16",24.3799991607666,24.8799991607666,24.25,24.75,24827681,9.04421615600586
"2008-06-17",24.6900005340576,25.1599998474121,24.5900001525879,24.6900005340576,15430714,9.02229022979736
"2008-06-18",24.4699993133545,24.6399993896484,24.1299991607666,24.25,25205536,8.86150455474854
"2008-06-19",24.2399997711182,24.6000003814697,24.0599994659424,24.0699996948242,28742799,8.79572772979736
"2008-06-20",23.9599990844727,24.1700000762939,23.5300006866455,23.5300006866455,29937014,8.59839820861816
"2008-06-23",23.4599990844727,23.9500007629395,23.3600006103516,23.8999996185303,19270280,8.73360538482666
"2008-06-24",24.0300006866455,24.1599998474121,23.5,23.6800003051758,15638503,8.65321350097656
"2008-06-25",23.8899993896484,24.0100002288818,23.6000003814697,23.6700000762939,17713547,8.64955711364746
"2008-06-26",23.5599994659424,23.7900009155273,23.4099998474121,23.4099998474121,14420179,8.55454730987549
"2008-06-27",23.4200000762939,23.7600002288818,23.25,23.3799991607666,14864845,8.5435848236084
"2008-06-30",23.2600002288818,23.8700008392334,23.2099990844727,23.7000007629395,17183001,8.66051864624023
"2008-07-01",23.6399993896484,23.9200000762939,23.2199993133545,23.3299999237061,17672281,8.525315284729
"2008-07-02",23.4200000762939,23.6499996185303,23.1299991607666,23.3799991607666,14283490,8.5435848236084
"2008-07-03",23.2000007629395,23.3299999237061,22.8799991607666,23.1599998474121,18883066,8.46319198608398
"2008-07-04",23.1599998474121,23.2900009155273,22.9599990844727,22.9599990844727,9522202,8.39010810852051
"2008-07-07",23.1499996185303,23.5100002288818,23.1000003814697,23.4500007629395,10043414,8.56916332244873
"2008-07-08",23.0599994659424,23.1800003051758,22.7999992370605,22.9400005340576,18014888,8.3828010559082
"2008-07-09",22.9899997711182,23.0900001525879,22.8299999237061,23.0200004577637,11891325,8.412034034729
"2008-07-10",22.75,22.8199996948242,22.3799991607666,22.5,13772861,8.22201442718506
"2008-07-11",22.7000007629395,22.9300003051758,22.3700008392334,22.3999996185303,15533919,8.18547058105469
"2008-07-14",22.3899993896484,22.7000007629395,22.3899993896484,22.4899997711182,10607480,8.21835994720459
"2008-07-15",22.2700004577637,22.7000007629395,22,22.0699996948242,16072659,8.06488227844238
"2008-07-16",22.1000003814697,22.1900005340576,21.2299995422363,21.5,20380332,7.85659170150757
"2008-07-17",21.4099998474121,21.8400001525879,21.1399993896484,21.7999992370605,17745964,7.96621656417847
"2008-07-18",21.6900005340576,21.8099994659424,21.3299999237061,21.8099994659424,15342733,7.96987247467041
"2008-07-21",21.8600006103516,22.2700004577637,21.7299995422363,21.8500003814697,11583415,7.98448753356934
"2008-07-22",21.8999996185303,22.3899993896484,21.8999996185303,22.2700004577637,17127821,8.13796615600586
"2008-07-23",22.3700008392334,22.4899997711182,22.1599998474121,22.2999992370605,14611690,8.14892864227295
"2008-07-24",22.1599998474121,22.1800003051758,21.7199993133545,21.7700004577637,14675188,7.95525503158569
"2008-07-25",21.8999996185303,22.2299995422363,21.6299991607666,22.0599994659424,21660768,8.0612268447876
"2008-07-28",21.9500007629395,22.2900009155273,21.9099998474121,22.1499996185303,11564543,8.09411430358887
"2008-07-29",22.2399997711182,22.5499992370605,21.9799995422363,22.0400009155273,14484151,8.05391788482666
"2008-07-30",22.1100006103516,22.2700004577637,21.7099990844727,22.0400009155273,16431819,8.05391788482666
"2008-07-31",22.3799991607666,22.4400005340576,21.6499996185303,21.7399997711182,19806996,7.94429111480713
"2008-08-01",21.4899997711182,21.5699996948242,21.2299995422363,21.2800006866455,17890960,7.77619743347168
"2008-08-04",21.2299995422363,21.6000003814697,20.9699993133545,21.0499992370605,12620000,7.69215297698975
"2008-08-05",20.8999996185303,21.0100002288818,20.7199993133545,20.9699993133545,21662422,7.66291618347168
"2008-08-06",21.0499992370605,21.3700008392334,20.8500003814697,21.2099990844727,17580204,7.75061845779419
"2008-08-07",21.3899993896484,21.8099994659424,21.25,21.6000003814697,19185034,7.89313459396362
"2008-08-08",21.5300006866455,21.6200008392334,20.9500007629395,21.0900001525879,17511208,7.70676469802856
"2008-08-11",21.2299995422363,21.5699996948242,21.2299995422363,21.5599994659424,11081413,7.87851619720459
"2008-08-12",21.5,21.6100006103516,21.3099994659424,21.4799995422363,12111412,7.84928178787231
"2008-08-13",21.4799995422363,21.8299999237061,21.3700008392334,21.3700008392334,16953222,7.80908632278442
"2008-08-14",21.6299991607666,21.8999996185303,21.5799999237061,21.6299991607666,16542394,7.90409564971924
"2008-08-18",21.5,21.9099998474121,21.4300003051758,21.6599998474121,14187910,7.9150595664978
"2008-08-19",21.4699993133545,21.7600002288818,21.3500003814697,21.3600006103516,12172006,7.80543375015259
"2008-08-20",21.6100006103516,21.8500003814697,21.5699996948242,21.7399997711182,14366517,7.94429111480713
"2008-08-21",21.7399997711182,21.9699993133545,21.5100002288818,21.7700004577637,13331875,7.95525503158569
"2008-08-22",21.8700008392334,21.9099998474121,21.5100002288818,21.7199993133545,11460870,7.93698692321777
"2008-08-25",21.5499992370605,21.7700004577637,21.5100002288818,21.6599998474121,5957937,7.9150595664978
"2008-08-26",21.5799999237061,21.7700004577637,21.1800003051758,21.7199993133545,13426900,7.93698692321777
"2008-08-27",21.7900009155273,22.1499996185303,21.6599998474121,21.9799995422363,13976059,8.03199195861816
"2008-08-28",22.0300006866455,22.1800003051758,21.7999992370605,22.1000003814697,11177382,8.07584667205811
"2008-08-29",22.1499996185303,22.3299999237061,21.9899997711182,22.2299995422363,31228936,8.12334823608398
"2008-09-01",22.2999992370605,22.4300003051758,21.8799991607666,21.9200000762939,13058260,8.0100679397583
"2008-09-02",21.7999992370605,21.7999992370605,21.3899993896484,21.5699996948242,42014992,7.8821702003479
"2008-09-03",21.5300006866455,21.7099990844727,21.2900009155273,21.3099994659424,44313068,7.78716135025024
"2008-09-04",21.4200000762939,21.7199993133545,20.7900009155273,20.8400001525879,42193099,7.61541175842285
"2008-09-05",20.8299999237061,20.9799995422363,20.1900005340576,20.25,33482188,7.39981269836426
"2008-09-08",20.7800006866455,20.8899993896484,20.5599994659424,20.7299995422363,26089688,7.57521629333496
"2008-09-09",20.7999992370605,20.8099994659424,20.0499992370605,20.2800006866455,84951744,7.41077566146851
"2008-09-10",20.5900001525879,20.5900001525879,19.8799991607666,19.9899997711182,124614568,7.30480289459229
"2008-09-11",20.2900009155273,20.4699993133545,20.0400009155273,20.2000007629395,141503881,7.38154220581055
"2008-09-12",20.5300006866455,20.9300003051758,20.4799995422363,20.8999996185303,60772864,7.63733720779419
"2008-09-15",20.3500003814697,20.5499992370605,19.6000003814697,19.9099998474121,101753528,7.27556896209717
"2008-09-16",19.5799999237061,19.75,18.8600006103516,18.9500007629395,116608988,6.92476367950439
"2008-09-17",19.1599998474121,19.3400001525879,18.8999996185303,19.0400009155273,114007320,6.95765256881714
"2008-09-18",19.1000003814697,19.2600002288818,18.25,18.25,70606427,6.66896724700928
"2008-09-19",18.9500007629395,20.2000007629395,18.5699996948242,20.2000007629395,66933924,7.38154220581055
"2008-09-22",19.8799991607666,20.0300006866455,19.25,19.3199996948242,51047840,7.29469966888428
"2008-09-23",19.5900001525879,19.6200008392334,19.0100002288818,19.25,115860286,7.26826953887939
"2008-09-24",18.7999992370605,19.4699993133545,18.6499996185303,19.3500003814697,106072928,7.30602884292603
"2008-09-25",19.4200000762939,19.7600002288818,19.1499996185303,19.7000007629395,117321033,7.43817710876465
"2008-09-26",19.3999996185303,19.4899997711182,19.0300006866455,19.2900009155273,34737904,7.28337097167969
"2008-09-29",19.2999992370605,19.3099994659424,18.4099998474121,18.4099998474121,64951432,6.95110940933228
"2008-09-30",18.1000003814697,18.8999996185303,17.8700008392334,18.6000003814697,44429612,7.02284669876099
"2008-10-01",18.7700004577637,18.9500007629395,18.1900005340576,18.5100002288818,35462124,6.98886489868164
"2008-10-02",18.5499992370605,18.9500007629395,17.8999996185303,18.0799999237061,28026116,6.82650995254517
"2008-10-03",18.0799999237061,18.6399993896484,17.5200004577637,18.3899993896484,32355272,6.94355726242065
"2008-10-06",17.6100006103516,17.7999992370605,16.4099998474121,16.6200008392334,41344224,6.27525424957275
"2008-10-07",17.0200004577637,17.4899997711182,16.5699996948242,16.8799991607666,38813639,6.37342262268066
"2008-10-08",16.0699996948242,17,15.2700004577637,15.2700004577637,54475744,5.76553106307983
"2008-10-09",15.5900001525879,16.0699996948242,14.7700004577637,14.8500003814697,40998350,5.60695123672485
"2008-10-10",13.6400003433228,14.3599996566772,13.1599998474121,13.7600002288818,60758104,5.19539737701416
"2008-10-13",14.75,15.6499996185303,14.4300003051758,15.4700002670288,39805296,5.84104490280151
"2008-10-14",16.0499992370605,17.0300006866455,15.8999996185303,16.0900001525879,47447600,6.07513999938965
"2008-10-15",15.9200000762939,16.2299995422363,14.9200000762939,15.1499996185303,28045632,5.72022199630737
"2008-10-16",14.3000001907349,15.1700000762939,13.8000001907349,13.9700002670288,37745168,5.27468729019165
"2008-10-17",14.4200000762939,16,13.9200000762939,16,62918608,6.04115867614746
"2008-10-20",16.2000007629395,16.6599998474121,15.6000003814697,16.5499992370605,35860056,6.24882507324219
"2008-10-21",16.7600002288818,16.8999996185303,16.1800003051758,16.3799991607666,22833932,6.18463563919067
"2008-10-22",15.8699998855591,16.1000003814697,15.3999996185303,15.8800001144409,26607417,5.99585199356079
"2008-10-23",16,16.6100006103516,15.3100004196167,16.3299999237061,31192748,6.16575908660889
"2008-10-24",15.5299997329712,15.8699998855591,14.7700004577637,15.4099998474121,37105784,5.81839179992676
"2008-10-27",14.6800003051758,15.6700000762939,14.3400001525879,15.2799997329712,24399010,5.7693076133728
"2008-10-28",15.8100004196167,15.9700002670288,14.75,15.2399997711182,34274160,5.75420427322388
"2008-10-29",16.2099990844727,17.9099998474121,16.0100002288818,17.9099998474121,35901268,6.76232290267944
"2008-10-30",18.1599998474121,18.1599998474121,17.0499992370605,17.7600002288818,30305308,6.70568513870239
"2008-10-31",17.7600002288818,18.5300006866455,17.2399997711182,18.5300006866455,25971479,6.99641895294189
"2008-11-03",18.6800003051758,18.8299999237061,18.2399997711182,18.4799995422363,18103624,6.97753858566284
"2008-11-04",18.5499992370605,19.3500003814697,18.3099994659424,19.3500003814697,24916086,7.30602884292603
"2008-11-05",19.4699993133545,19.4699993133545,18.6000003814697,18.6000003814697,22086890,7.02284669876099
"2008-11-06",18.1200008392334,18.3700008392334,17.2199993133545,17.2199993133545,28115532,6.50179719924927
"2008-11-07",17.2900009155273,17.9699993133545,17.1200008392334,17.7999992370605,24370444,6.72078847885132
"2008-11-10",18.2299995422363,18.7700004577637,18.1700000762939,18.2299995422363,17472070,6.88314723968506
"2008-11-11",18.0499992370605,18.0499992370605,17.3099994659424,17.3099994659424,16954240,6.53577899932861
"2008-11-12",17.6000003814697,17.7099990844727,16.7399997711182,16.75,17535149,6.32433986663818
"2008-11-13",16.5100002288818,17.25,16.2199993133545,17.0900001525879,19320780,6.45271444320679
"2008-11-14",17.8799991607666,18.2199993133545,17.4500007629395,18.0400009155273,22250240,6.81140756607056
"2008-11-17",18,18.1700000762939,17.2900009155273,17.2900009155273,19970099,6.52822875976562
"2008-11-18",17.6000003814697,18.1000003814697,17.1100006103516,17.7900009155273,19530524,6.71701288223267
"2008-11-19",17.6499996185303,18.0599994659424,17.4500007629395,17.4500007629395,16783900,6.58863878250122
"2008-11-20",17.0200004577637,17.2000007629395,16.2399997711182,16.6700000762939,22072681,6.29413318634033
"2008-11-21",16.8500003814697,17.0499992370605,15.539999961853,15.8699998855591,24954405,5.99207448959351
"2008-11-24",16.5900001525879,18.1900005340576,16.2000007629395,18.1900005340576,24050717,6.86804246902466
"2008-11-25",17.8700008392334,18.7299995422363,17.4599990844727,18.2099990844727,30535597,6.87559223175049
"2008-11-26",18.0499992370605,18.3899993896484,17.5200004577637,18.1200008392334,19403814,6.84161329269409
"2008-11-27",18.3899993896484,18.4899997711182,18.1100006103516,18.25,12302843,6.89069747924805
"2008-11-28",18.2299995422363,18.25,17.4200000762939,17.7299995422363,18080477,6.69436073303223
"2008-12-01",17.7299995422363,17.7800006866455,16.4599990844727,16.4599990844727,19384337,6.21484088897705
"2008-12-02",16.3400001525879,17.0799999237061,16.1100006103516,17,20519868,6.41873264312744
"2008-12-03",17.0900001525879,17.0900001525879,16.25,16.8299999237061,18908169,6.3545446395874
"2008-12-04",16.6900005340576,17.1800003051758,16.3799991607666,16.9200000762939,17952668,6.38852596282959
"2008-12-05",16.5100002288818,16.5400009155273,15.3199996948242,15.3900003433228,26355054,5.81084060668945
"2008-12-08",16.5,17.5799999237061,16.5,17.5799999237061,0,6.63772392272949
"2008-12-09",17.2399997711182,18.0699996948242,17.0499992370605,17.75,23712614,6.70191240310669
"2008-12-10",17.8999996185303,18.1299991607666,17.6000003814697,18.0100002288818,16569477,6.8000807762146
"2008-12-11",17.8600006103516,18.3999996185303,17.8199996948242,18.25,16758183,6.89069747924805
"2008-12-12",17.4200000762939,18.0799999237061,16.9500007629395,17.7900009155273,22731725,6.71701288223267
"2008-12-15",18.1599998474121,18.2099990844727,17.5900001525879,17.8899993896484,16727896,6.75477123260498
"2008-12-16",17.7000007629395,18.0699996948242,17.3400001525879,18.0699996948242,17011332,6.82273435592651
"2008-12-17",18.1100006103516,18.2700004577637,17.6499996185303,18.2199993133545,23677453,6.87937021255493
"2008-12-18",18.1299991607666,18.2299995422363,17.7399997711182,17.9400005340576,18111502,6.77364826202393
"2008-12-19",17.5499992370605,17.5599994659424,16.6000003814697,16.6000003814697,36101125,6.26770401000977
"2008-12-22",16.6800003051758,16.8799991607666,16.3799991607666,16.5,17796709,6.22994518280029
"2008-12-23",16.5900001525879,16.6700000762939,16.2099990844727,16.2099990844727,9093616,6.12045001983643
"2008-12-29",16.2999992370605,16.5799999237061,16.2099990844727,16.2999992370605,9466378,6.15443181991577
"2008-12-30",16.4400005340576,16.7399997711182,16.3199996948242,16.7399997711182,8048200,6.32056331634521
"2009-01-02",16.8999996185303,17.4500007629395,16.6100006103516,17.4500007629395,9669609,6.58863878250122
"2009-01-05",17.6000003814697,17.6700000762939,17.3799991607666,17.6399993896484,13900169,6.66037797927856
"2009-01-06",17.7000007629395,18.1399993896484,17.6000003814697,17.7900009155273,15139835,6.71701288223267
"2009-01-07",17.7299995422363,17.9599990844727,17.3199996948242,17.5,15611245,6.60751867294312
"2009-01-08",17.25,17.8600006103516,17.2099990844727,17.8299999237061,22755538,6.73211669921875
"2009-01-09",17.8999996185303,17.8999996185303,17.2800006866455,17.5300006866455,15558782,6.61884593963623
"2009-01-12",17.4500007629395,17.5799999237061,17.1200008392334,17.1200008392334,11827488,6.4640417098999
"2009-01-13",17,17.0900001525879,16.7099990844727,16.9699993133545,26558239,6.40740299224854
"2009-01-14",17.1499996185303,17.1800003051758,16.2700004577637,16.9699993133545,20109932,6.40740299224854
"2009-01-15",16.3799991607666,16.6700000762939,16.1700000762939,16.2600002288818,19533609,6.13932847976685
"2009-01-16",16.6399993896484,16.9300003051758,16.4599990844727,16.7900009155273,22987184,6.33943939208984
"2009-01-19",16.9400005340576,17.1299991607666,16.5900001525879,16.7000007629395,15984788,6.30545902252197
"2009-01-20",16.6599998474121,17.0699996948242,16.5799999237061,16.7000007629395,23418599,6.30545902252197
"2009-01-21",16.6499996185303,16.7700004577637,16.0799999237061,16.2099990844727,28490858,6.12045001983643
"2009-01-22",16.4799995422363,16.7299995422363,16.1399993896484,16.2900009155273,19158999,6.15065574645996
"2009-01-23",16.2399997711182,16.5100002288818,15.8000001907349,16.5,22741859,6.22994518280029
"2009-01-26",16.4500007629395,17.1000003814697,16.2999992370605,17.1000003814697,21815840,6.45648956298828
"2009-01-27",17.1599998474121,17.2000007629395,16.6499996185303,17.0200004577637,21641434,6.42628288269043
"2009-01-28",17.1399993896484,17.2199993133545,16.8700008392334,17.0100002288818,20584078,6.42250823974609
"2009-01-29",16.9500007629395,17.25,16.8700008392334,17.2000007629395,24194496,6.49424600601196
"2009-01-30",17.1399993896484,17.1499996185303,16.5499992370605,16.6399993896484,26721968,6.28280639648438
"2009-02-02",16.4400005340576,16.7299995422363,16.2299995422363,16.6200008392334,17151810,6.27525424957275
"2009-02-03",16.6499996185303,16.8400001525879,16.3199996948242,16.8400001525879,17058112,6.35832023620605
"2009-02-04",16.8199996948242,17.3400001525879,16.7199993133545,17.1700000762939,23806151,6.48291873931885
"2009-02-05",16.9300003051758,17.3299999237061,16.7900009155273,17.3299999237061,29746858,6.54333114624023
"2009-02-06",17.4500007629395,17.5200004577637,17.1599998474121,17.5200004577637,23190961,6.6150689125061
"2009-02-09",17.3299999237061,17.7299995422363,17.1499996185303,17.6299991607666,19464160,6.6566014289856
"2009-02-10",17.3799991607666,17.5300006866455,17.0300006866455,17.1000003814697,20226582,6.45648956298828
"2009-02-11",16.9500007629395,17.2999992370605,16.8799991607666,17.0799999237061,16947313,6.44893550872803
"2009-02-12",17,17,16.5300006866455,16.8199996948242,20469247,6.35076808929443
"2009-02-13",17.1000003814697,17.3700008392334,17.0400009155273,17.2299995422363,22317420,6.50557327270508
"2009-02-16",17.25,17.6299991607666,17.1399993896484,17.4200000762939,20242255,6.57731485366821
"2009-02-17",17.2199993133545,17.3899993896484,16.8999996185303,16.8999996185303,19975803,6.38097381591797
"2009-02-18",17,17.0400009155273,16.5,16.8700008392334,23883536,6.36964702606201
"2009-02-19",16.8600006103516,17,16.6100006103516,16.8799991607666,20245657,6.37342262268066
"2009-02-20",16.6499996185303,16.7000007629395,15.9799995422363,15.9799995422363,30073483,6.03360748291016
"2009-02-23",16.3500003814697,16.3500003814697,15.75,15.8000001907349,24584125,5.96564388275146
"2009-02-24",15.5600004196167,15.8599996566772,15.4899997711182,15.75,25421438,5.94676685333252
"2009-02-25",15.9200000762939,16.0400009155273,15.5600004196167,15.7399997711182,26879897,5.94299125671387
"2009-02-26",15.9200000762939,16.0400009155273,15.5500001907349,15.9399995803833,31059336,6.01850414276123
"2009-02-27",15.75,15.9700002670288,15.5900001525879,15.8599996566772,27751180,5.98829936981201
"2009-03-02",15.5200004577637,15.6300001144409,14.6400003433228,14.6400003433228,26552004,5.52766084671021
"2009-03-03",14.75,14.8400001525879,13.9700002670288,14.0100002288818,31160629,5.28979063034058
"2009-03-04",14.0799999237061,14.4799995422363,13.5100002288818,14.1099996566772,53894040,5.32754611968994
"2009-03-05",13.8400001525879,13.8900003433228,12.960000038147,13.0500001907349,41109166,4.92732048034668
"2009-03-06",12.9300003051758,13.6199998855591,12.1999998092651,12.3000001907349,50865055,4.64414072036743
"2009-03-09",12.4899997711182,12.5699996948242,11.8199996948242,12.5500001907349,43846139,4.73853492736816
"2009-03-10",12.5600004196167,13.6800003051758,12.4200000762939,13.6099996566772,43588541,5.13876104354858
"2009-03-11",13.5,13.8199996948242,13.1800003051758,13.2799997329712,30309289,5.01416301727295
"2009-03-12",13.1400003433228,13.6800003051758,12.9099998474121,13.5600004196167,31083865,5.11988210678101
"2009-03-13",13.75,14.1599998474121,13.7200002670288,13.5600004196167,25455840,5.11988210678101
"2009-03-16",14.1099996566772,14.3100004196167,13.5900001525879,13.7799997329712,35575584,5.20294809341431
"2009-03-17",13.8000001907349,13.8199996948242,13.2399997711182,13.4899997711182,25066848,5.09345197677612
"2009-03-18",13.6999998092651,13.7299995422363,13.2600002288818,13.5100002288818,22922054,5.10100364685059
"2009-03-19",13.5500001907349,14.1000003814697,13.3100004196167,14.0699996948242,33571128,5.31244373321533
"2009-03-20",13.9700002670288,14.5799999237061,13.9099998474121,14.289999961853,32904200,5.39550971984863
"2009-03-23",14.539999961853,14.7200002670288,14.3299999237061,14.710000038147,20275490,5.55409145355225
"2009-03-24",14.7200002670288,14.8599996566772,14.5200004577637,14.6099996566772,23386142,5.51633262634277
"2009-03-25",14.8000001907349,15.3699998855591,14.8000001907349,15.2200002670288,30058722,5.74665451049805
"2009-03-26",15.1999998092651,15.3500003814697,15.0100002288818,15.2399997711182,22816823,5.75420427322388
"2009-03-27",15.25,15.3199996948242,14.9300003051758,14.9700002670288,19281342,5.652259349823
"2009-03-30",14.6700000762939,14.7299995422363,14.1499996185303,14.1499996185303,16774383,5.34264993667603
"2009-03-31",14.2299995422363,14.6199998855591,14.1899995803833,14.6199998855591,17576705,5.52011060714722
"2009-04-01",14.6099996566772,14.6199998855591,14.289999961853,14.5500001907349,21804315,5.49367904663086
"2009-04-02",14.9300003051758,15.289999961853,14.75,15.2799997329712,25349957,5.7693076133728
"2009-04-03",15.0900001525879,15.2700004577637,14.6999998092651,14.8000001907349,21318637,5.58807134628296
"2009-04-06",14.8299999237061,15.039999961853,14.5900001525879,14.6099996566772,18164021,5.51633262634277
"2009-04-07",14.710000038147,14.8400001525879,14.3500003814697,14.710000038147,23267766,5.55409145355225
"2009-04-08",14.4799995422363,14.7700004577637,14.4499998092651,14.6999998092651,21743432,5.55031490325928
"2009-04-09",14.8400001525879,14.8699998855591,14.6099996566772,14.7600002288818,21077582,5.57296943664551
"2009-04-14",14.8400001525879,14.8699998855591,14.5100002288818,14.6300001144409,22995540,5.52388525009155
"2009-04-15",14.6199998855591,14.6599998474121,14.4399995803833,14.5299997329712,22834668,5.48612785339355
"2009-04-16",14.6999998092651,14.9200000762939,14.4700002670288,14.75,25067710,5.56919288635254
"2009-04-17",14.960000038147,15.0900001525879,14.6199998855591,14.9700002670288,27422761,5.652259349823
"2009-04-20",14.8699998855591,14.9700002670288,14.5,14.5100002288818,20142418,5.47857713699341
"2009-04-21",14.8800001144409,14.8800001144409,14.3299999237061,14.6300001144409,25038123,5.52388525009155
"2009-04-22",14.6599998474121,14.8999996185303,14.539999961853,14.8199996948242,29025919,5.59562253952026
"2009-04-23",14.789999961853,15.1499996185303,14.710000038147,14.8199996948242,30302456,5.59562253952026
"2009-04-24",15.25,15.8800001144409,15.1599998474121,15.7399997711182,43385863,5.94299125671387
"2009-04-27",15.5200004577637,15.7700004577637,15.4099998474121,15.6499996185303,26148562,5.90900802612305
"2009-04-28",15.4700002670288,16.0900001525879,15.3500003814697,15.8800001144409,43075683,5.99585199356079
"2009-04-29",16.0799999237061,16.2800006866455,15.8999996185303,16.2000007629395,34968442,6.11667394638062
"2009-04-30",16.3799991607666,16.6800003051758,16.3299999237061,16.4500007629395,45890943,6.21106672286987
"2009-05-04",16.7600002288818,16.9799995422363,16.7000007629395,16.9300003051758,49061674,6.39230251312256
"2009-05-05",16.9300003051758,17.0400009155273,16.5,16.6399993896484,60261501,6.28280639648438
"2009-05-06",16.5100002288818,16.9099998474121,16.4200000762939,16.7900009155273,71770573,6.33943939208984
"2009-05-07",16.8199996948242,17.1900005340576,16.6800003051758,16.6800003051758,78143081,6.2979097366333
"2009-05-08",17.0400009155273,17.3099994659424,16.9099998474121,17.2600002288818,107011868,6.51690006256104
"2009-05-11",17.2999992370605,17.2999992370605,16.7199993133545,16.8700008392334,126034754,6.36964702606201
"2009-05-12",16.7299995422363,17.3199996948242,16.7299995422363,17.2700004577637,102843137,6.52067708969116
"2009-05-13",17.3500003814697,17.5799999237061,16.9599990844727,17.0200004577637,73031161,6.42628288269043
"2009-05-14",17,17.0100002288818,16.5200004577637,16.7900009155273,49818606,6.33943939208984
"2009-05-15",17,17.0699996948242,16.7399997711182,17.0599994659424,31817986,6.4413857460022
"2009-05-18",16.2999992370605,16.8199996948242,16.0499992370605,16.8199996948242,29924969,6.60232210159302
"2009-05-19",17.0100002288818,17.0400009155273,16.5900001525879,16.6900005340576,52098895,6.55129432678223
"2009-05-20",16.6499996185303,17.1499996185303,16.6499996185303,17.1399993896484,53198234,6.72793197631836
"2009-05-21",16.9500007629395,16.9899997711182,16.6100006103516,16.6700000762939,85782568,6.54344463348389
"2009-05-22",16.7000007629395,17.0100002288818,16.6200008392334,16.7600002288818,103996237,6.57877111434937
"2009-05-25",16.7999992370605,16.8299999237061,16.4500007629395,16.7000007629395,45485581,6.5552191734314
"2009-05-26",16.6499996185303,17.25,16.4899997711182,17.25,92826593,6.77111005783081
"2009-05-27",17.25,17.2700004577637,17.0300006866455,17.1100006103516,55981438,6.7161545753479
"2009-05-28",16.9899997711182,17.25,16.9200000762939,17.2299995422363,30453989,6.76325798034668
"2009-05-29",17.4200000762939,17.4699993133545,17.0599994659424,17.0599994659424,26851974,6.69652891159058
"2009-06-01",17.3199996948242,17.7800006866455,17.3199996948242,17.7299995422363,19483709,6.95952415466309
"2009-06-02",17.5599994659424,17.8600006103516,17.5300006866455,17.7199993133545,17088775,6.95559883117676
"2009-06-03",17.7999992370605,17.8199996948242,17.2299995422363,17.3099994659424,21862244,6.7946605682373
"2009-06-04",17.2399997711182,17.6800003051758,17.2399997711182,17.5,17985223,6.86924362182617
"2009-06-05",17.5,17.9300003051758,17.5,17.7000007629395,18652245,6.9477481842041
"2009-06-08",17.5300006866455,17.5900001525879,17.2900009155273,17.5599994659424,16130775,6.89279413223267
"2009-06-09",17.7000007629395,17.8199996948242,17.5799999237061,17.6399993896484,16345175,6.92419338226318
"2009-06-10",17.8700008392334,18.0599994659424,17.8700008392334,17.9500007629395,19044321,7.04588174819946
"2009-06-11",17.9699993133545,18.3600006103516,17.9200000762939,18.3500003814697,19599180,7.20289087295532
"2009-06-12",18.3999996185303,18.3999996185303,17.9799995422363,18.0400009155273,14830950,7.08120632171631
"2009-06-15",17.9500007629395,17.9500007629395,17.5100002288818,17.6000003814697,18327821,6.9084939956665
"2009-06-16",17.5900001525879,17.75,17.4099998474121,17.5,20811910,6.86924362182617
"2009-06-17",17.4300003051758,17.4799995422363,17.1399993896484,17.2399997711182,19157900,6.76718473434448
"2009-06-18",17.2800006866455,17.4400005340576,17.0200004577637,17.3700008392334,16808379,6.81821346282959
"2009-06-19",17.4500007629395,17.4799995422363,17.0599994659424,17.4799995422363,77654432,6.86139011383057
"2009-06-22",17.3500003814697,17.4400005340576,16.8999996185303,17.4799995422363,18895376,6.86139011383057
"2009-06-23",16.8099994659424,16.9300003051758,16.5499992370605,16.6200008392334,19840015,6.52381658554077
"2009-06-24",16.6800003051758,17.1000003814697,16.5799999237061,17.1000003814697,14822784,6.71223068237305
"2009-06-25",17,17,16.5100002288818,16.7399997711182,19591413,6.57092094421387
"2009-06-26",16.9099998474121,17.0400009155273,16.6200008392334,16.7600002288818,18072940,6.57877111434937
"2009-06-29",16.6399993896484,16.9799995422363,16.5200004577637,16.8400001525879,16380057,6.61017322540283
"2009-06-30",16.8999996185303,17.0900001525879,16.6700000762939,16.8500003814697,21140054,6.61409854888916
"2009-07-01",16.8500003814697,17.4200000762939,16.8500003814697,17.3199996948242,21501097,6.79858732223511
"2009-07-02",17.2299995422363,17.25,16.9799995422363,16.9799995422363,18094755,6.66512680053711
"2009-07-03",16.9899997711182,17.0300006866455,16.7299995422363,16.8700008392334,10512219,6.62195062637329
"2009-07-06",16.7000007629395,16.7000007629395,16.3299999237061,16.4200000762939,19308987,6.44531106948853
"2009-07-07",16.5100002288818,16.5799999237061,16.0300006866455,16.0300006866455,19019984,6.2922248840332
"2009-07-08",15.9499998092651,16.2199993133545,15.8000001907349,15.9300003051758,17558864,6.25297403335571
"2009-07-09",16.0599994659424,16.2099990844727,15.9499998092651,16.0100002288818,15501798,6.28437376022339
"2009-07-10",16,16,15.75,15.8699998855591,13639006,6.22942066192627
"2009-07-13",15.7399997711182,16.0799999237061,15.6099996566772,16.0799999237061,15113255,6.31185150146484
"2009-07-14",16.1499996185303,16.2000007629395,15.9200000762939,16.0900001525879,15338153,6.31577634811401
"2009-07-15",16.2199993133545,16.7600002288818,16.2000007629395,16.7399997711182,17739261,6.57092094421387
"2009-07-16",16.7399997711182,17.0900001525879,16.6700000762939,16.8799991607666,16195763,6.62587404251099
"2009-07-17",16.9400005340576,17.0499992370605,16.8299999237061,16.8899993896484,15912201,6.62979936599731
"2009-07-20",17.0499992370605,17.2999992370605,16.9500007629395,17.2000007629395,11584691,6.75148439407349
"2009-07-21",17.25,17.5300006866455,17.1599998474121,17.3999996185303,13817057,6.82998943328857
"2009-07-22",17.2600002288818,17.4200000762939,16.9699993133545,17.2900009155273,13817473,6.78681182861328
"2009-07-23",17.2999992370605,17.4699993133545,17.1100006103516,17.4699993133545,12837906,6.85746479034424
"2009-07-24",17.3999996185303,17.5599994659424,17.1599998474121,17.2299995422363,11686021,6.76325798034668
"2009-07-27",17.4500007629395,17.6399993896484,17.3799991607666,17.6399993896484,14895361,6.92419338226318
"2009-07-28",17.6000003814697,17.7399997711182,17.0400009155273,17.2399997711182,17451945,6.76718473434448
"2009-07-29",17.1000003814697,17.4599990844727,17.1000003814697,17.25,13399528,6.77111005783081
"2009-07-30",17.4400005340576,17.7900009155273,17.3099994659424,17.7000007629395,14876799,6.9477481842041
"2009-07-31",16.8999996185303,17,16.2099990844727,16.3299999237061,81680433,6.40998554229736
"2009-08-03",16.3299999237061,16.5799999237061,16.2299995422363,16.5100002288818,34979393,6.48063898086548
"2009-08-04",16.5,16.5,16.0799999237061,16.1599998474121,23895685,6.34325313568115
"2009-08-05",16.1900005340576,16.3199996948242,15.9099998474121,15.960000038147,19181951,6.26474618911743
"2009-08-06",16.0100002288818,16.2399997711182,16,16.1200008392334,17725347,6.32755327224731
"2009-08-07",16.1499996185303,16.2199993133545,15.9799995422363,16.2000007629395,18893710,6.35895586013794
"2009-08-10",16.1800003051758,16.2700004577637,16.0300006866455,16.2199993133545,12668429,6.36680555343628
"2009-08-11",16.25,16.2999992370605,15.8299999237061,15.8999996185303,17973675,6.24119710922241
"2009-08-12",15.8900003433228,16.1800003051758,15.7799997329712,16.1100006103516,15406035,6.32362842559814
"2009-08-13",16.1399993896484,16.3299999237061,16.1200008392334,16.2199993133545,13971028,6.36680555343628
"2009-08-14",16.2099990844727,16.3299999237061,16.0599994659424,16.1800003051758,11698919,6.35110521316528
"2009-08-17",16.0499992370605,16.0599994659424,15.7600002288818,15.8599996566772,18202686,6.22549772262573
"2009-08-18",15.9099998474121,16.0400009155273,15.8299999237061,16.0200004577637,12376532,6.28830099105835
"2009-08-19",15.8900003433228,16.1000003814697,15.7799997329712,16.0699996948242,11927261,6.30792617797852
"2009-08-20",16.2099990844727,16.3299999237061,16.0900001525879,16.1900005340576,14089588,6.35503053665161
"2009-08-21",16.2000007629395,16.5900001525879,16.0300006866455,16.5200004577637,26853480,6.48456573486328
"2009-08-24",16.6000003814697,16.6700000762939,16.5400009155273,16.6499996185303,14825232,6.53559398651123
"2009-08-25",16.5599994659424,16.7199993133545,16.4899997711182,16.6800003051758,15257745,6.54736948013306
"2009-08-26",16.5699996948242,16.6900005340576,16.5100002288818,16.6000003814697,14453757,6.51596641540527
"2009-08-27",16.5799999237061,16.6200008392334,16.3400001525879,16.3799991607666,15265577,6.42960929870605
"2009-08-28",16.4599990844727,16.6100006103516,16.4300003051758,16.4799995422363,12603746,6.46886348724365
"2009-08-31",16.4099998474121,16.5400009155273,16.3400001525879,16.5400009155273,26689523,6.49241542816162
"2009-09-01",16.5499992370605,16.6499996185303,16.2700004577637,16.2700004577637,29055058,6.38643217086792
"2009-09-02",16.3999996185303,16.6299991607666,16.2800006866455,16.4699993133545,51007247,6.46493768692017
"2009-09-03",16.4500007629395,16.5499992370605,16.2800006866455,16.4899997711182,42053252,6.47278785705566
"2009-09-04",16.5300006866455,16.6200008392334,16.4699993133545,16.6200008392334,22808936,6.52381658554077
"2009-09-07",16.8199996948242,16.8199996948242,16.6499996185303,16.7299995422363,28202808,6.56699371337891
"2009-09-08",16.7600002288818,16.9899997711182,16.6700000762939,16.9200000762939,46330495,6.64157581329346
"2009-09-09",16.8999996185303,17.2800006866455,16.8799991607666,17.2399997711182,68709000,6.76718473434448
"2009-09-10",17.2999992370605,17.3999996185303,17.0499992370605,17.2900009155273,98708760,6.78681182861328
"2009-09-11",17.3400001525879,17.3999996185303,17.2900009155273,17.3700008392334,114012457,6.81821346282959
"2009-09-14",17.2399997711182,17.4300003051758,17.1200008392334,17.3799991607666,61809972,6.82213687896729
"2009-09-15",17.3799991607666,17.4799995422363,17.2700004577637,17.4699993133545,123937265,6.85746479034424
"2009-09-16",17.4899997711182,17.6900005340576,17.4899997711182,17.6299991607666,52095129,6.92026996612549
"2009-09-17",17.7399997711182,17.7399997711182,17.5400009155273,17.6100006103516,37228067,6.91241836547852
"2009-09-18",17.5499992370605,17.5699996948242,17.3700008392334,17.5699996948242,36768836,6.89671754837036
"2009-09-21",17.0799999237061,17.1599998474121,16.6100006103516,16.8899993896484,22396075,6.82399272918701
"2009-09-22",16.9400005340576,17.2299995422363,16.8799991607666,17.0900001525879,48771923,6.90479898452759
"2009-09-23",17.1100006103516,17.3099994659424,16.9500007629395,17.0200004577637,136600808,6.87651872634888
"2009-09-24",17.0599994659424,17.2399997711182,16.8500003814697,16.8500003814697,124831837,6.80783319473267
"2009-09-25",16.8500003814697,17.1599998474121,16.7800006866455,17.0200004577637,111669299,6.87651872634888
"2009-09-28",17.0200004577637,17.1700000762939,16.7900009155273,17.1700000762939,26655574,6.93712043762207
"2009-09-29",17.2299995422363,17.2299995422363,16.9799995422363,17.0599994659424,27151001,6.89267778396606
"2009-09-30",17.0200004577637,17.1599998474121,16.8899993896484,17.0799999237061,26050567,6.90075778961182
"2009-10-01",17.1399993896484,17.1599998474121,16.8500003814697,16.8600006103516,19822771,6.81187438964844
"2009-10-02",16.75,16.9200000762939,16.6900005340576,16.7299995422363,51167964,6.75934839248657
"2009-10-05",16.7900009155273,16.8199996948242,16.6200008392334,16.75,17973643,6.76743268966675
"2009-10-06",16.8600006103516,17.2399997711182,16.7900009155273,17.2399997711182,24750502,6.96540260314941
"2009-10-07",17.1599998474121,17.3099994659424,17.1000003814697,17.1000003814697,16232489,6.90883922576904
"2009-10-08",17.2000007629395,17.2600002288818,17.0799999237061,17.1900005340576,18298677,6.94520092010498
"2009-10-09",17.1200008392334,17.2600002288818,17.0300006866455,17.1299991607666,14879773,6.92096185684204
"2009-10-12",17.1900005340576,17.3999996185303,17.1399993896484,17.3199996948242,14825637,6.99772596359253
"2009-10-13",17.3099994659424,17.5400009155273,17.2700004577637,17.3999996185303,23715961,7.03004741668701
"2009-10-14",17.5699996948242,17.9099998474121,17.5499992370605,17.8299999237061,33390182,7.20377922058105
"2009-10-15",17.9500007629395,17.9500007629395,17.7399997711182,17.9200000762939,19168792,7.24014234542847
"2009-10-16",18,18.4300003051758,17.9699993133545,18,47517173,7.2724609375
"2009-10-19",18.1000003814697,18.2800006866455,18.1000003814697,18.2199993133545,15366907,7.36134910583496
"2009-10-20",18.2999992370605,18.3299999237061,17.9300003051758,17.9300003051758,22183874,7.2441782951355
"2009-10-21",17.9899997711182,18.2800006866455,17.7700004577637,18.1200008392334,23341420,7.32094669342041
"2009-10-22",18,18.0200004577637,17.7600002288818,17.9500007629395,19217010,7.25226211547852
"2009-10-23",18,18.0900001525879,17.6800003051758,17.7299995422363,16752824,7.1633768081665
"2009-10-26",17.7999992370605,17.9400005340576,17.4200000762939,17.5,16181635,7.07045078277588
"2009-10-27",17.5400009155273,17.7800006866455,17.4500007629395,17.6800003051758,21261066,7.14317417144775
"2009-10-28",17.6299991607666,17.7999992370605,17.5100002288818,17.5599994659424,15451404,7.09469175338745
"2009-10-29",17.1599998474121,17.5799999237061,16.7999992370605,17.5799999237061,36765752,7.1027717590332
"2009-10-30",17.4500007629395,17.5499992370605,16.9099998474121,16.9099998474121,21056827,6.83207559585571
"2009-11-02",16.8700008392334,17.4099998474121,16.8199996948242,17.1499996185303,17535758,6.92904090881348
"2009-11-03",17.0300006866455,17.0599994659424,16.7399997711182,16.8600006103516,24287076,6.81187438964844
"2009-11-04",16.9500007629395,17.1599998474121,16.7800006866455,17.0699996948242,16326875,6.89671802520752
"2009-11-05",16.8799991607666,17.25,16.7999992370605,17.2299995422363,14791884,6.96136236190796
"2009-11-06",17.2000007629395,17.3199996948242,16.9599990844727,17.2099990844727,15010619,6.95328187942505
"2009-11-09",17.2999992370605,17.6200008392334,17.2800006866455,17.5300006866455,12587738,7.08257102966309
"2009-11-10",17.4799995422363,17.5200004577637,17.25,17.3400001525879,14576702,7.00580549240112
"2009-11-11",17.3999996185303,17.6200008392334,17.3899993896484,17.3999996185303,12757834,7.03004741668701
"2009-11-12",17.2999992370605,17.4899997711182,17.2299995422363,17.2700004577637,12750455,6.9775242805481
"2009-11-13",17.2900009155273,17.3999996185303,17.1499996185303,17.3999996185303,9923739,7.03004741668701
"2009-11-16",17.4699993133545,17.7000007629395,17.4599990844727,17.5400009155273,12208265,7.0866117477417
"2009-11-17",17.4300003051758,17.5499992370605,17.3600006103516,17.4599990844727,11689954,7.05428838729858
"2009-11-18",17.5499992370605,17.6299991607666,17.3999996185303,17.4099998474121,10434836,7.03409004211426
"2009-11-19",17.3600006103516,17.4599990844727,17.0799999237061,17.1900005340576,13183903,6.94520092010498
"2009-11-20",17.1800003051758,17.2700004577637,16.7600002288818,16.8500003814697,18015940,6.80783319473267
"2009-11-23",16.9599990844727,17.2999992370605,16.9599990844727,17.25,10929369,6.96944379806519
"2009-11-24",17.1200008392334,17.2099990844727,16.9099998474121,16.9699993133545,14987173,6.85631513595581
"2009-11-25",17.1299991607666,17.2299995422363,17,17.1000003814697,13205937,6.90883922576904
"2009-11-26",17.0499992370605,17.0799999237061,16.5699996948242,16.6100006103516,15076519,6.71086549758911
"2009-11-27",16.3999996185303,16.8400001525879,16.2800006866455,16.7299995422363,16654838,6.75934839248657
"2009-11-30",16.7700004577637,16.7999992370605,16.5,16.5,13356312,6.66642284393311
"2009-12-01",16.6299991607666,17.0200004577637,16.6100006103516,16.9799995422363,13717675,6.86035585403442
"2009-12-02",16.9799995422363,17.1299991607666,16.9099998474121,17,10807328,6.86843681335449
"2009-12-03",17.1700000762939,17.1900005340576,16.8700008392334,16.9799995422363,13811366,6.86035585403442
"2009-12-04",16.9699993133545,17.25,16.7999992370605,17.1100006103516,13748854,6.91287851333618
"2009-12-07",17.0200004577637,17.1700000762939,16.9300003051758,17.0799999237061,8400940,6.90075778961182
"2009-12-08",17.0699996948242,17.0900001525879,16.6200008392334,16.75,14021482,6.76743268966675
"2009-12-09",16.6499996185303,16.8999996185303,16.6200008392334,16.6900005340576,13340911,6.74318933486938
"2009-12-10",16.6399993896484,16.8199996948242,16.6299991607666,16.7399997711182,13483893,6.7633900642395
"2009-12-11",16.7800006866455,16.9699993133545,16.7700004577637,16.7900009155273,13101492,6.78359127044678
"2009-12-14",16.9200000762939,17.1499996185303,16.8799991607666,17.0400009155273,14866009,6.884596824646
"2009-12-15",17.0699996948242,17.1800003051758,16.9400005340576,17.1599998474121,12411470,6.93308210372925
"2009-12-16",17.1100006103516,17.3299999237061,17.1100006103516,17.2999992370605,10715917,6.98964595794678
"2009-12-17",17.1599998474121,17.2399997711182,17.0599994659424,17.1399993896484,12590767,6.92500066757202
"2009-12-18",17.0599994659424,17.3899993896484,17,17,20021254,6.86843681335449
"2009-12-21",17.1900005340576,17.4899997711182,17.1100006103516,17.4500007629395,17668424,7.05024814605713
"2009-12-22",17.4799995422363,17.7000007629395,17.4599990844727,17.6299991607666,16129177,7.12297248840332
"2009-12-23",17.7000007629395,17.7900009155273,17.6399993896484,17.7299995422363,9821954,7.1633768081665
"2009-12-28",17.8299999237061,17.9300003051758,17.7700004577637,17.8500003814697,7672975,7.21185874938965
"2009-12-29",17.8600006103516,17.9699993133545,17.8600006103516,17.8700008392334,7730528,7.2199387550354
"2009-12-30",17.8600006103516,17.9400005340576,17.75,17.7999992370605,8331906,7.19165563583374
"2010-01-04",17.9400005340576,18.1000003814697,17.9099998474121,18.1000003814697,11940699,7.31286382675171
"2010-01-05",18.1200008392334,18.2399997711182,18.0699996948242,18.2299995422363,12438082,7.36538982391357
"2010-01-06",18.1399993896484,18.2999992370605,18.1399993896484,18.25,8964328,7.37346887588501
"2010-01-07",18.2299995422363,18.3700008392334,18.1200008392334,18.3600006103516,14171545,7.41791009902954
"2010-01-08",18.3700008392334,18.3999996185303,18.2199993133545,18.3700008392334,12973542,7.42195224761963
"2010-01-11",18.5100002288818,18.7700004577637,18.5,18.5599994659424,17189575,7.49871683120728
"2010-01-12",18.5,18.5400009155273,18.1599998474121,18.1900005340576,16344107,7.34922647476196
"2010-01-13",18.1000003814697,18.2800006866455,18.0100002288818,18.2299995422363,14811394,7.36538982391357
"2010-01-14",18.3899993896484,18.6000003814697,18.3400001525879,18.5,18343348,7.47447490692139
"2010-01-15",18.5499992370605,18.7199993133545,18.3500003814697,18.3500003814697,19990176,7.41387224197388
"2010-01-18",18.4400005340576,18.4799995422363,18.2199993133545,18.4500007629395,10459424,7.45427370071411
"2010-01-19",18.3999996185303,18.3999996185303,17.8899993896484,18.3500003814697,29724348,7.41387224197388
"2010-01-20",18.2700004577637,18.4400005340576,17.9400005340576,17.9799995422363,20208577,7.26438140869141
"2010-01-21",18.0900001525879,18.1700000762939,17.7199993133545,17.7399997711182,20051097,7.16741323471069
"2010-01-22",17.6000003814697,17.7999992370605,17.3999996185303,17.5,18912821,7.07045078277588
"2010-01-25",17.4099998474121,17.4500007629395,17.2199993133545,17.25,14309173,6.96944379806519
"2010-01-26",17.1900005340576,17.4599990844727,17.0499992370605,17.4200000762939,16200296,7.03813028335571
"2010-01-27",17.2399997711182,17.3899993896484,17.0699996948242,17.1000003814697,19571388,6.90883922576904
"2010-01-28",17.2199993133545,17.25,16.6499996185303,16.7099990844727,28086822,6.7512674331665
"2010-01-29",16.7700004577637,17.0300006866455,16.6100006103516,16.9300003051758,20501710,6.84015464782715
"2010-02-01",16.8299999237061,17.0599994659424,16.7199993133545,16.9599990844727,14381333,6.85227632522583
"2010-02-02",17,17.1200008392334,16.75,17.1100006103516,15185036,6.91287851333618
"2010-02-03",17.1599998474121,17.2399997711182,16.9200000762939,16.9599990844727,14198984,6.85227632522583
"2010-02-04",16.8999996185303,16.9500007629395,16.5,16.5200004577637,21019082,6.67450523376465
"2010-02-05",16.4899997711182,16.5499992370605,16.0100002288818,16.0100002288818,32017340,6.46845102310181
"2010-02-08",16.1700000762939,16.4899997711182,15.9700002670288,16.3899993896484,22118844,6.62198162078857
"2010-02-09",16.3400001525879,16.4400005340576,16.2099990844727,16.2700004577637,15682735,6.5734977722168
"2010-02-10",16.3999996185303,16.6599998474121,16.2700004577637,16.3299999237061,17002294,6.597740650177
"2010-02-11",16.4300003051758,16.75,16.3500003814697,16.4699993133545,21435127,6.65430402755737
"2010-02-12",16.7099990844727,16.9300003051758,16.6200008392334,16.6499996185303,26240424,6.72702932357788
"2010-02-15",16.7800006866455,16.8700008392334,16.5799999237061,16.6599998474121,8597403,6.73106622695923
"2010-02-16",16.8400001525879,16.8899993896484,16.6299991607666,16.8700008392334,13278303,6.81591415405273
"2010-02-17",17.0200004577637,17.1000003814697,16.9300003051758,16.9300003051758,15108474,6.84015464782715
"2010-02-18",16.8700008392334,17.0900001525879,16.8600006103516,17.0900001525879,12492845,6.90479898452759
"2010-02-19",16.9500007629395,17.0900001525879,16.8600006103516,17.0699996948242,14473137,6.89671802520752
"2010-02-22",17.1399993896484,17.1700000762939,16.9699993133545,17.0200004577637,10141755,6.87651872634888
"2010-02-23",17.1100006103516,17.1200008392334,16.6499996185303,16.7299995422363,14504976,6.75934839248657
"2010-02-24",16.75,16.8700008392334,16.6700000762939,16.8199996948242,10704727,6.79571104049683
"2010-02-25",16.7099990844727,16.75,16.3600006103516,16.4099998474121,14798742,6.6300630569458
"2010-02-26",16.5499992370605,16.6299991607666,16.3400001525879,16.5699996948242,13872650,6.69470453262329
"2010-03-01",16.7099990844727,16.8700008392334,16.6399993896484,16.8400001525879,12281010,6.80379343032837
"2010-03-02",16.7999992370605,16.9899997711182,16.7999992370605,16.9500007629395,10284183,6.84823417663574
"2010-03-03",16.9400005340576,17.1900005340576,16.8899993896484,17.1000003814697,12060393,6.90883922576904
"2010-03-04",17.0300006866455,17.1700000762939,16.9699993133545,17.0900001525879,11236468,6.90479898452759
"2010-03-05",17.1200008392334,17.3899993896484,17.0200004577637,17.3899993896484,14885174,7.02600526809692
"2010-03-08",17.4799995422363,17.5799999237061,17.4099998474121,17.5499992370605,12448777,7.09064912796021
"2010-03-09",17.5499992370605,17.7700004577637,17.5200004577637,17.6900005340576,15395316,7.14721345901489
"2010-03-10",17.75,17.8899993896484,17.6399993896484,17.8700008392334,11993199,7.2199387550354
"2010-03-11",17.7600002288818,17.8600006103516,17.5699996948242,17.7900009155273,15263731,7.18761825561523
"2010-03-12",17.7000007629395,17.7000007629395,17.3700008392334,17.4599990844727,27104894,7.05428838729858
"2010-03-15",17.3999996185303,17.4799995422363,17.2700004577637,17.3199996948242,10714272,6.99772596359253
"2010-03-16",17.4099998474121,17.5300006866455,17.3500003814697,17.4500007629395,10591679,7.05024814605713
"2010-03-17",17.4899997711182,17.5300006866455,17.3500003814697,17.3500003814697,13992412,7.00984573364258
"2010-03-18",17.2999992370605,17.3099994659424,17.1200008392334,17.2199993133545,15207075,6.95732259750366
"2010-03-19",17.2600002288818,17.3999996185303,16.9599990844727,17.0900001525879,29315418,6.90479898452759
"2010-03-22",17.0799999237061,17.2199993133545,16.9799995422363,17.1599998474121,11259678,6.93308210372925
"2010-03-23",17.2399997711182,17.3799991607666,17.1200008392334,17.3199996948242,12353432,6.99772596359253
"2010-03-24",17.3299999237061,17.3899993896484,17.1499996185303,17.3199996948242,11049868,6.99772596359253
"2010-03-25",17.3500003814697,17.5200004577637,17.3199996948242,17.4599990844727,11699167,7.05428838729858
"2010-03-26",17.4699993133545,17.5100002288818,17.3799991607666,17.4099998474121,8932721,7.03409004211426
"2010-03-29",17.4400005340576,17.4799995422363,17.3099994659424,17.3999996185303,7181561,7.03004741668701
"2010-03-30",17.4799995422363,17.5900001525879,17.4099998474121,17.4200000762939,10785095,7.03813028335571
"2010-03-31",17.3899993896484,17.5,17.2600002288818,17.3700008392334,13169646,7.01792669296265
"2010-04-01",17.4500007629395,17.5900001525879,17.4400005340576,17.5599994659424,10397614,7.09469175338745
"2010-04-06",17.6599998474121,17.8099994659424,17.5900001525879,17.6800003051758,17175876,7.14317417144775
"2010-04-07",17.7000007629395,17.7099990844727,17.3199996948242,17.3500003814697,19172784,7.00984573364258
"2010-04-08",17.2800006866455,17.3899993896484,17.2000007629395,17.3500003814697,14458185,7.00984573364258
"2010-04-09",17.4699993133545,17.6100006103516,17.4500007629395,17.5900001525879,13704067,7.10681295394897
"2010-04-12",17.7000007629395,17.7199993133545,17.5699996948242,17.6900005340576,14148590,7.14721345901489
"2010-04-13",17.6800003051758,17.8199996948242,17.5400009155273,17.5799999237061,16513695,7.1027717590332
"2010-04-14",17.6800003051758,17.7900009155273,17.6399993896484,17.7600002288818,11301223,7.17549467086792
"2010-04-15",17.7999992370605,17.8600006103516,17.6599998474121,17.7999992370605,13105488,7.19165563583374
"2010-04-16",17.75,17.8899993896484,17.4500007629395,17.5200004577637,20163140,7.07853031158447
"2010-04-19",17.4099998474121,17.4400005340576,17.2700004577637,17.3600006103516,13330196,7.01388645172119
"2010-04-20",17.4099998474121,17.7199993133545,17.3400001525879,17.6900005340576,15744400,7.14721345901489
"2010-04-21",17.7000007629395,17.7900009155273,17.5400009155273,17.5799999237061,15539258,7.1027717590332
"2010-04-22",17.5,17.6700000762939,17.3899993896484,17.5100002288818,19127236,7.07449007034302
"2010-04-23",17.5100002288818,17.7900009155273,17.4099998474121,17.6700000762939,16295306,7.13913488388062
"2010-04-26",17.8500003814697,17.9699993133545,17.6599998474121,17.7199993133545,17983422,7.15933561325073
"2010-04-27",17.75,17.7600002288818,17.2600002288818,17.2600002288818,20888089,6.9734845161438
"2010-04-28",17.1000003814697,17.2399997711182,16.7399997711182,16.8500003814697,30036208,6.80783319473267
"2010-04-29",16.9300003051758,17.0799999237061,16.7000007629395,16.9699993133545,31497854,6.85631513595581
"2010-04-30",16.9500007629395,17.0400009155273,16.7000007629395,16.8600006103516,34624248,6.81187438964844
"2010-05-03",16.7999992370605,16.9200000762939,16.6499996185303,16.8099994659424,13063402,6.79167222976685
"2010-05-04",16.8299999237061,16.9099998474121,16.2399997711182,16.2800006866455,40484196,6.57753896713257
"2010-05-05",16.3799991607666,16.6499996185303,16.1800003051758,16.4599990844727,53649181,6.65026235580444
"2010-05-06",16.1700000762939,16.3799991607666,15.6499996185303,15.8999996185303,72390478,6.42400932312012
"2010-05-07",15.539999961853,16.1200008392334,15,15.3100004196167,84473951,6.18563365936279
"2010-05-10",16.0100002288818,16.4699993133545,15.8199996948242,16.4699993133545,44971526,6.65430402755737
"2010-05-11",16.2299995422363,16.6599998474121,16.0699996948242,16.5599994659424,49591655,6.69066667556763
"2010-05-12",16.3600006103516,16.6599998474121,16.2099990844727,16.5699996948242,64199649,6.69470453262329
"2010-05-13",16.6700000762939,16.6900005340576,16.3400001525879,16.5400009155273,39213428,6.68258619308472
"2010-05-14",16.3500003814697,16.3899993896484,15.6800003051758,15.7600002288818,57420604,6.36744451522827
"2010-05-17",15.9799995422363,16,15.5900001525879,15.7299995422363,64464008,6.35532331466675
"2010-05-18",15.9099998474121,16.2800006866455,15.8500003814697,16.2000007629395,67517808,6.54521656036377
"2010-05-19",15.9200000762939,15.960000038147,15.6099996566772,15.7299995422363,59615772,6.35532331466675
"2010-05-20",15.8500003814697,16.0400009155273,15.3000001907349,15.5600004196167,42634757,6.28664016723633
"2010-05-21",15.539999961853,15.5900001525879,15.0299997329712,15.5500001907349,29317468,6.28259992599487
"2010-05-24",15.1999998092651,15.2600002288818,14.8500003814697,14.9700002670288,16623499,6.19262647628784
"2010-05-25",14.5,14.6700000762939,14.3000001907349,14.6099996566772,77612194,6.04370546340942
"2010-05-26",14.8400001525879,15.1800003051758,14.6599998474121,14.9200000762939,62135827,6.17194271087646
"2010-05-27",15.1000003814697,15.460000038147,15.0200004577637,15.460000038147,37888389,6.39532613754272
"2010-05-28",15.6000003814697,15.6099996566772,15.3000001907349,15.3500003814697,31714126,6.3498215675354
"2010-05-31",15.2600002288818,15.3900003433228,15.1800003051758,15.1999998092651,15148697,6.28776979446411
"2010-06-01",15.1599998474121,15.3500003814697,14.8199996948242,15.2799997329712,56121164,6.32086277008057
"2010-06-02",15.1099996566772,15.1899995803833,14.8500003814697,15.1499996185303,45432541,6.26708793640137
"2010-06-03",15.5,15.6999998092651,15.4499998092651,15.539999961853,40893792,6.42841768264771
"2010-06-04",15.5799999237061,15.6999998092651,14.9499998092651,14.9499998092651,40714176,6.18435382843018
"2010-06-07",14.7399997711182,15.0200004577637,14.7200002670288,14.960000038147,19028020,6.18849039077759
"2010-06-08",15.0299997329712,15.0500001907349,14.5900001525879,14.9200000762939,28207248,6.17194271087646
"2010-06-09",15.0200004577637,15.1400003433228,14.789999961853,15.1400003433228,24376918,6.26295042037964
"2010-06-10",15.0299997329712,15.2600002288818,14.8999996185303,15.2299995422363,23757999,6.30017948150635
"2010-06-11",15.3000001907349,15.4099998474121,15.1199998855591,15.3699998855591,17581234,6.35809516906738
"2010-06-14",15.4499998092651,15.7799997329712,15.4099998474121,15.75,21894736,6.51528930664062
"2010-06-15",15.6099996566772,16.0799999237061,15.5200004577637,16.0200004577637,20809695,6.62698030471802
"2010-06-16",16.1000003814697,16.2399997711182,15.9499998092651,16.2399997711182,17357475,6.7179856300354
"2010-06-17",16.25,16.3700008392334,16.0300006866455,16.1499996185303,17712928,6.68075656890869
"2010-06-18",16.1499996185303,16.2099990844727,15.9300003051758,16.0200004577637,19542229,6.62698030471802
"2010-06-21",16.2800006866455,16.3500003814697,16.1800003051758,16.2299995422363,11599620,6.71384811401367
"2010-06-22",16.2900009155273,16.4300003051758,16.1200008392334,16.25,14582355,6.72212028503418
"2010-06-23",16.0499992370605,16.1800003051758,15.8800001144409,15.9499998092651,13741720,6.59802103042603
"2010-06-24",16.0100002288818,16.0200004577637,15.5500001907349,15.6499996185303,13655451,6.47392272949219
"2010-06-25",15.6300001144409,15.6700000762939,15.4099998474121,15.5,14341857,6.41187191009521
"2010-06-28",15.5799999237061,15.710000038147,15.4399995803833,15.6999998092651,12685390,6.49460554122925
"2010-06-29",15.5,15.5,15.1199998855591,15.1300001144409,18347709,6.25881242752075
"2010-06-30",15.2299995422363,15.3000001907349,15.0100002288818,15.1899995803833,17268191,6.28363275527954
"2010-07-01",14.960000038147,15.039999961853,14.6199998855591,14.710000038147,21946351,6.08507251739502
"2010-07-02",14.8500003814697,15.0500001907349,14.710000038147,14.9099998474121,17783740,6.16780710220337
"2010-07-05",14.9700002670288,14.9799995422363,14.7299995422363,14.7700004577637,9005795,6.10989284515381
"2010-07-06",14.8299999237061,15.2799997329712,14.789999961853,15.039999961853,14045230,6.22158336639404
"2010-07-07",14.9200000762939,15.3800001144409,14.8299999237061,15.3400001525879,15891326,6.34568309783936
"2010-07-08",15.4399995803833,15.5200004577637,15.3400001525879,15.4300003051758,17051112,6.38291501998901
"2010-07-09",15.539999961853,15.6400003433228,15.5100002288818,15.6099996566772,14226721,6.45737409591675
"2010-07-12",15.6400003433228,15.7399997711182,15.4700002670288,15.6000003814697,11341101,6.45323801040649
"2010-07-13",15.5799999237061,15.8599996566772,15.5799999237061,15.8400001525879,11788060,6.55251836776733
"2010-07-14",15.8999996185303,15.8999996185303,15.6599998474121,15.8599996566772,10232528,6.56079244613647
"2010-07-15",15.8199996948242,15.9399995803833,15.5200004577637,15.6499996185303,11953371,6.47392272949219
"2010-07-16",15.6700000762939,15.710000038147,15.2299995422363,15.2799997329712,17417628,6.32086277008057
"2010-07-19",15.210000038147,15.5,15.1499996185303,15.3199996948242,11267106,6.33741044998169
"2010-07-20",15.4099998474121,15.4700002670288,14.9499998092651,15.2399997711182,11735169,6.30431795120239
"2010-07-21",15.3900003433228,15.5699996948242,15.2299995422363,15.2700004577637,13527038,6.31672763824463
"2010-07-22",15.1899995803833,15.7200002670288,15.1400003433228,15.6300001144409,13118942,6.46564865112305
"2010-07-23",15.5900001525879,15.710000038147,15.4499998092651,15.5900001525879,10044676,6.44910144805908
"2010-07-26",15.6800003051758,15.789999961853,15.4799995422363,15.7299995422363,9538959,6.50701570510864
"2010-07-27",15.789999961853,15.9499998092651,15.7200002670288,15.8400001525879,11513804,6.55251836776733
"2010-07-28",15.8599996566772,15.9499998092651,15.710000038147,15.7399997711182,13127925,6.51115274429321
"2010-07-29",15.8299999237061,15.9300003051758,15.6899995803833,15.6899995803833,11057002,6.49046754837036
"2010-07-30",15.6000003814697,15.8400001525879,15.5200004577637,15.6899995803833,13644222,6.49046754837036
"2010-08-02",15.7700004577637,16.2000007629395,15.710000038147,16.1100006103516,13468155,6.66421031951904
"2010-08-03",16.1399993896484,16.1800003051758,15.9700002670288,16.1100006103516,12107616,6.66421031951904
"2010-08-04",16.1499996185303,16.4699993133545,16.0599994659424,16.3500003814697,15513635,6.7634916305542
"2010-08-05",16.3299999237061,16.5100002288818,16.3099994659424,16.3999996185303,13034315,6.78417348861694
"2010-08-06",16.4799995422363,16.6100006103516,16.1900005340576,16.3400001525879,16305265,6.75935459136963
"2010-08-09",16.4200000762939,16.6200008392334,16.4099998474121,16.5900001525879,8912803,6.8627724647522
"2010-08-10",16.5,16.6100006103516,16.3199996948242,16.4300003051758,9933587,6.79658317565918
"2010-08-11",16.2800006866455,16.3199996948242,16.0599994659424,16.0599994659424,12591768,6.64352607727051
"2010-08-12",16,16.1800003051758,15.9499998092651,16.0400009155273,10527671,6.63525199890137
"2010-08-13",16.1000003814697,16.2000007629395,15.9300003051758,16.0499992370605,9888181,6.63938760757446
"2010-08-16",16.0599994659424,16.1200008392334,15.8599996566772,16.0100002288818,8183001,6.62284183502197
"2010-08-17",16.0300006866455,16.1599998474121,15.9799995422363,16.1599998474121,8683391,6.68489170074463
"2010-08-18",16.0499992370605,16.0900001525879,15.9200000762939,16.0400009155273,20484972,6.63525199890137
"2010-08-19",16.1299991607666,16.2099990844727,15.6999998092651,15.7299995422363,14757676,6.50701570510864
"2010-08-20",15.6700000762939,15.8199996948242,15.5699996948242,15.6599998474121,22046248,6.47805786132812
"2010-08-23",15.6700000762939,15.8900003433228,15.5200004577637,15.75,11126482,6.51528930664062
"2010-08-24",15.6099996566772,15.6499996185303,15.3500003814697,15.4899997711182,12130388,6.40773391723633
"2010-08-25",15.4499998092651,15.539999961853,15.2200002670288,15.3900003433228,26072696,6.36636686325073
"2010-08-26",15.4399995803833,15.6599998474121,15.4099998474121,15.6099996566772,18147060,6.45737409591675
"2010-08-27",15.5100002288818,15.7399997711182,15.3800001144409,15.6499996185303,24199779,6.47392272949219
"2010-08-30",15.75,15.789999961853,15.5900001525879,15.6199998855591,6685990,6.46151113510132
"2010-08-31",15.4200000762939,15.7299995422363,15.3999996185303,15.6700000762939,34251459,6.4821949005127
"2010-09-01",15.6999998092651,16.0900001525879,15.5600004196167,16.0499992370605,43071836,6.63938760757446
"2010-09-02",16.0499992370605,16.1700000762939,15.960000038147,16.1000003814697,13506826,6.66007375717163
"2010-09-03",16.1700000762939,16.5,16.0900001525879,16.3899993896484,16326208,6.78003740310669
"2010-09-06",16.4799995422363,16.4899997711182,16.3600006103516,16.3899993896484,22021756,6.78003740310669
"2010-09-07",16.2999992370605,16.3500003814697,16.1200008392334,16.2399997711182,46267648,6.7179856300354
"2010-09-08",16.1700000762939,16.3999996185303,16.1299991607666,16.3400001525879,27166700,6.75935459136963
"2010-09-09",16.2900009155273,16.5,16.2399997711182,16.5,81104434,6.82554054260254
"2010-09-10",16.3500003814697,16.5200004577637,16.3400001525879,16.4699993133545,58727512,6.81312990188599
"2010-09-13",16.5799999237061,16.6100006103516,16.4599990844727,16.5300006866455,52348747,6.8379487991333
"2010-09-14",16.5100002288818,16.5300006866455,16.2999992370605,16.4699993133545,76130320,6.81312990188599
"2010-09-15",16.4899997711182,16.5,16.2099990844727,16.2900009155273,60977688,6.73867034912109
"2010-09-16",16.2900009155273,16.3899993896484,16.2299995422363,16.2600002288818,11578256,6.72625923156738
"2010-09-17",16.2900009155273,16.3899993896484,15.9799995422363,16.0699996948242,27808729,6.64766454696655
"2010-09-20",15.6899995803833,15.9499998092651,15.6899995803833,15.9200000762939,16002040,6.7375955581665
"2010-09-21",15.9099998474121,16.1700000762939,15.8999996185303,15.9499998092651,69044858,6.75029182434082
"2010-09-22",15.960000038147,15.9899997711182,15.7200002670288,15.789999961853,37357958,6.68257999420166
"2010-09-23",15.8100004196167,15.8900003433228,15.5200004577637,15.6700000762939,63630096,6.63179159164429
"2010-09-24",15.6199998855591,15.8299999237061,15.4899997711182,15.7299995422363,71933962,6.65718412399292
"2010-09-27",15.8000001907349,15.8900003433228,15.7299995422363,15.8500003814697,49679428,6.70797061920166
"2010-09-28",15.7600002288818,15.9099998474121,15.6099996566772,15.8599996566772,27291556,6.71220254898071
"2010-09-29",15.9300003051758,15.9799995422363,15.7700004577637,15.8900003433228,17119239,6.72489881515503
"2010-09-30",15.7700004577637,16.0699996948242,15.7200002670288,15.8299999237061,35449765,6.69950771331787
"2010-10-01",15.8599996566772,16.1000003814697,15.8199996948242,15.9700002670288,33406633,6.75875902175903
"2010-10-04",15.9899997711182,16.0100002288818,15.7299995422363,15.7399997711182,23132096,6.66141843795776
"2010-10-05",15.6999998092651,16.0200004577637,15.6800003051758,15.9700002670288,12474109,6.75875902175903
"2010-10-06",16.0300006866455,16.2000007629395,15.9899997711182,16.1200008392334,15491439,6.82223892211914
"2010-10-07",16.1800003051758,16.2999992370605,16.0499992370605,16.1700000762939,13865188,6.8433985710144
"2010-10-08",16.1200008392334,16.2900009155273,16.1100006103516,16.2000007629395,14329797,6.85609722137451
"2010-10-11",16.2000007629395,16.3099994659424,16.1800003051758,16.2900009155273,7677831,6.89418697357178
"2010-10-12",16.1800003051758,16.2000007629395,15.75,15.8900003433228,25255394,6.72489881515503
"2010-10-13",15.9300003051758,16.2000007629395,15.8599996566772,16.1800003051758,16213836,6.84763145446777
"2010-10-14",16.2299995422363,16.2900009155273,16.1399993896484,16.1800003051758,12590566,6.84763145446777
"2010-10-15",16.1800003051758,16.3199996948242,16.1200008392334,16.2299995422363,20290544,6.86879348754883
"2010-10-18",16.1100006103516,16.3099994659424,16.1100006103516,16.2999992370605,9064319,7.05601596832275
"2010-10-19",16.2099990844727,16.2900009155273,16.1100006103516,16.1499996185303,10874887,6.99108076095581
"2010-10-20",16.0799999237061,16.2800006866455,16.0400009155273,16.2600002288818,11127866,7.03870105743408
"2010-10-21",16.1499996185303,16.3299999237061,16.1100006103516,16.2999992370605,12264176,7.05601596832275
"2010-10-22",16.2099990844727,16.2999992370605,16.1399993896484,16.1900005340576,11063213,7.00839900970459
"2010-10-25",16.2800006866455,16.2900009155273,16.1599998474121,16.1800003051758,8326780,7.00406932830811
"2010-10-26",16.1499996185303,16.2099990844727,15.960000038147,16.0200004577637,14205578,6.93480587005615
"2010-10-27",15.8500003814697,15.9700002670288,15.710000038147,15.710000038147,20338082,6.80061292648315
"2010-10-28",15.8000001907349,16.2000007629395,15.7700004577637,16.1499996185303,19580860,6.99108076095581
"2010-10-29",16.1499996185303,16.2399997711182,16.0699996948242,16.1900005340576,11084133,7.00839900970459
"2010-11-01",16.2800006866455,16.3899993896484,16.0900001525879,16.1499996185303,14975969,6.99108076095581
"2010-11-02",16.0799999237061,16.3899993896484,16.0699996948242,16.2700004577637,14915839,7.04302787780762
"2010-11-03",16.2600002288818,16.3899993896484,16.1700000762939,16.2099990844727,14008531,7.01705551147461
"2010-11-04",16.3700008392334,16.5200004577637,16.3400001525879,16.4899997711182,16940604,7.13826417922974
"2010-11-05",16.5400009155273,16.5499992370605,16.3500003814697,16.4099998474121,11807225,7.10363101959229
"2010-11-08",16.3799991607666,16.3799991607666,16.2199993133545,16.3700008392334,9948137,7.08631753921509
"2010-11-09",16.3500003814697,16.7600002288818,16.3099994659424,16.6399993896484,17434424,7.20319604873657
"2010-11-10",16.6000003814697,16.6200008392334,16.3400001525879,16.4599990844727,16945231,7.12527561187744
"2010-11-11",16.5,16.5100002288818,16.2299995422363,16.3700008392334,13257478,7.08631753921509
"2010-11-12",16.2000007629395,16.3099994659424,16.0499992370605,16.1800003051758,16101041,7.00406932830811
"2010-11-15",16.1499996185303,16.4699993133545,16.0599994659424,16.3799991607666,14457762,7.09064483642578
"2010-11-16",16.2600002288818,16.2999992370605,16.0699996948242,16.0900001525879,13453747,6.96511173248291
"2010-11-17",16.0499992370605,16.1200008392334,16,16.1200008392334,11642048,6.97809648513794
"2010-11-18",16.2299995422363,16.3600006103516,16.1700000762939,16.3099994659424,10547997,7.06034421920776
"2010-11-19",16.4099998474121,16.4099998474121,16.1100006103516,16.2900009155273,11497121,7.05168581008911
"2010-11-22",16.3899993896484,16.4200000762939,16.0900001525879,16.1900005340576,9566517,7.00839900970459
"2010-11-23",16.0300006866455,16.1499996185303,15.8100004196167,15.8599996566772,14338275,6.86554622650146
"2010-11-24",15.8900003433228,15.9200000762939,15.6300001144409,15.6999998092651,17898308,6.79628324508667
"2010-11-25",15.7299995422363,15.75,15.5,15.6700000762939,13981734,6.78329801559448
"2010-11-26",15.5500001907349,15.7200002670288,15.4099998474121,15.6400003433228,11703814,6.77031135559082
"2010-11-29",15.6000003814697,15.789999961853,15.289999961853,15.3500003814697,16752972,6.644775390625
"2010-11-30",15.3000001907349,15.6300001144409,15.25,15.5,21177616,6.70970726013184
"2010-12-01",15.5299997329712,15.6499996185303,15.3999996185303,15.5600004196167,14056574,6.73568153381348
"2010-12-02",15.5799999237061,15.8299999237061,15.4899997711182,15.789999961853,19043251,6.83524513244629
"2010-12-03",15.8000001907349,15.9099998474121,15.6899995803833,15.75,12936728,6.81792783737183
"2010-12-06",15.8400001525879,15.9200000762939,15.6999998092651,15.8000001907349,11162743,6.83957290649414
"2010-12-07",15.8699998855591,16.0900001525879,15.8400001525879,16.0100002288818,12752007,6.93047761917114
"2010-12-08",15.960000038147,16.2999992370605,15.9200000762939,16.1299991607666,13269468,6.98242425918579
"2010-12-09",16.2099990844727,16.2299995422363,16.0599994659424,16.2000007629395,11103085,7.01272487640381
"2010-12-10",16.1599998474121,16.2999992370605,16.1599998474121,16.2099990844727,8833081,7.01705551147461
"2010-12-13",16.2600002288818,16.4400005340576,16.2099990844727,16.3299999237061,11756184,7.06900024414062
"2010-12-14",16.2999992370605,16.6100006103516,16.2600002288818,16.5599994659424,16047624,7.16856622695923
"2010-12-15",16.5400009155273,16.5499992370605,16.3299999237061,16.3899993896484,14042602,7.09497404098511
"2010-12-16",16.4500007629395,16.4699993133545,16.2700004577637,16.4500007629395,10903173,7.12094688415527
"2010-12-17",16.5200004577637,16.5300006866455,16.2399997711182,16.2600002288818,15754870,7.03870105743408
"2010-12-20",16.3299999237061,16.5400009155273,16.2999992370605,16.3899993896484,8637700,7.09497404098511
"2010-12-21",16.3700008392334,16.5499992370605,16.3299999237061,16.5499992370605,10326356,7.16423511505127
"2010-12-22",16.5499992370605,16.7000007629395,16.5400009155273,16.5900001525879,9570371,7.18155241012573
"2010-12-23",16.6900005340576,16.75,16.6200008392334,16.6700000762939,7207875,7.21618127822876
"2010-12-27",16.6299991607666,16.6900005340576,16.3999996185303,16.5200004577637,5924758,7.15124893188477
"2010-12-28",16.5300006866455,16.5699996948242,16.4200000762939,16.5,4237452,7.14259052276611
"2010-12-29",16.5499992370605,16.7000007629395,16.5100002288818,16.5799999237061,6387033,7.17722177505493
"2010-12-30",16.5900001525879,16.6200008392334,16.2800006866455,16.3400001525879,10112802,7.07333135604858
"2011-01-03",16.4899997711182,16.6399993896484,16.4099998474121,16.4200000762939,11303960,7.10796117782593
"2011-01-04",16.4599990844727,16.7999992370605,16.4099998474121,16.6299991607666,14762559,7.19886636734009
"2011-01-05",16.5900001525879,16.8700008392334,16.4099998474121,16.8500003814697,19222912,7.29410076141357
"2011-01-06",16.8999996185303,17.3400001525879,16.8899993896484,17.1800003051758,24127314,7.43695259094238
"2011-01-07",17.1800003051758,17.2700004577637,16.8700008392334,17.1499996185303,18487856,7.42396640777588
"2011-01-10",17.0599994659424,17.1399993896484,16.8999996185303,16.9200000762939,16347472,7.32440328598022
"2011-01-11",16.9099998474121,17.1900005340576,16.8500003814697,17.0799999237061,14225880,7.39366388320923
"2011-01-12",17.0799999237061,17.3799991607666,17.0499992370605,17.3400001525879,17135026,7.50621509552002
"2011-01-13",17.3500003814697,17.5799999237061,17.2900009155273,17.5599994659424,18220844,7.60144901275635
"2011-01-14",17.4400005340576,17.7600002288818,17.3099994659424,17.7099990844727,19419728,7.6663818359375
"2011-01-17",17.6800003051758,17.75,17.4099998474121,17.4500007629395,10204304,7.55383110046387
"2011-01-18",17.6100006103516,17.6700000762939,17.5,17.5499992370605,13582439,7.5971212387085
"2011-01-19",17.6399993896484,17.6399993896484,17.4300003051758,17.4300003051758,13148688,7.54517459869385
"2011-01-20",17.4899997711182,17.5300006866455,17.2999992370605,17.2999992370605,16273112,7.48890018463135
"2011-01-21",17.4099998474121,17.7399997711182,17.3600006103516,17.6399993896484,21401400,7.63608121871948
"2011-01-24",17.6900005340576,17.75,17.5799999237061,17.7099990844727,12458545,7.6663818359375
"2011-01-25",17.7000007629395,17.8500003814697,17.5900001525879,17.6100006103516,12795575,7.62309217453003
"2011-01-26",17.75,17.7999992370605,17.6100006103516,17.6499996185303,13970082,7.64040994644165
"2011-01-27",17.6100006103516,17.8099994659424,17.5699996948242,17.7199993133545,15433432,7.67071151733398
"2011-01-28",17.6200008392334,17.7800006866455,17.3700008392334,17.3700008392334,16494212,7.51920127868652
"2011-01-31",17.2999992370605,17.3700008392334,17.0699996948242,17.2999992370605,19867840,7.48890018463135
"2011-02-01",17.4400005340576,18.0100002288818,17.3600006103516,18.0100002288818,27614276,7.79624938964844
"2011-02-02",18.0300006866455,18.1399993896484,17.9099998474121,18.0599994659424,21361212,7.81789112091064
"2011-02-03",17.9599990844727,18.0200004577637,17.7800006866455,17.9899997711182,15186196,7.78758907318115
"2011-02-04",18.1100006103516,18.3199996948242,18.0400009155273,18.1299991607666,17486418,7.84819412231445
"2011-02-07",18.1800003051758,18.3700008392334,18.0599994659424,18.1599998474121,13627379,7.8611798286438
"2011-02-08",18.0499992370605,18.2800006866455,18.0400009155273,18.2000007629395,12765179,7.87849473953247
"2011-02-09",18.1700000762939,18.2800006866455,18.1000003814697,18.1100006103516,11389304,7.83953619003296
"2011-02-10",18.0699996948242,18.2600002288818,17.8600006103516,18.2600002288818,18178672,7.90446758270264
"2011-02-11",18.2299995422363,18.3400001525879,18.0699996948242,18.2600002288818,12273344,7.90446758270264
"2011-02-14",18.3700008392334,18.4500007629395,18.2700004577637,18.2800006866455,13565554,7.91312789916992
"2011-02-15",18.3700008392334,18.5200004577637,18.25,18.3999996185303,12347058,7.9650731086731
"2011-02-16",18.5200004577637,18.6599998474121,18.25,18.4200000762939,17694377,7.97372961044312
"2011-02-17",18.4899997711182,18.4899997711182,18.1299991607666,18.3299999237061,15272438,7.93477010726929
"2011-02-18",18.3999996185303,18.3999996185303,18.1100006103516,18.3700008392334,14177776,7.95208501815796
"2011-02-21",18.1000003814697,18.1700000762939,17.3299999237061,17.4300003051758,51839997,7.54517459869385
"2011-02-22",17.0599994659424,17.4500007629395,16.9799995422363,17.2800006866455,26695353,7.48024320602417
"2011-02-23",17.1599998474121,17.4799995422363,17.0300006866455,17.0799999237061,32425176,7.39366388320923
"2011-02-24",16.9500007629395,17.5400009155273,16.9200000762939,17.2999992370605,29983928,7.48890018463135
"2011-02-25",17.3600006103516,17.6200008392334,17.2800006866455,17.5599994659424,16757674,7.60144901275635
"2011-02-28",17.6000003814697,17.7999992370605,17.4599990844727,17.6700000762939,17276457,7.64906692504883
"2011-03-01",17.7700004577637,17.8600006103516,17.4200000762939,17.4799995422363,17853334,7.56681680679321
"2011-03-02",17.4699993133545,17.5799999237061,17.2099990844727,17.4500007629395,16716600,7.55383110046387
"2011-03-03",17.5499992370605,17.7199993133545,17.4599990844727,17.5499992370605,13768083,7.5971212387085
"2011-03-04",17.6000003814697,17.7900009155273,17.5799999237061,17.6100006103516,16591582,7.62309217453003
"2011-03-07",17.6000003814697,17.8899993896484,17.5300006866455,17.6499996185303,14961025,7.64040994644165
"2011-03-08",17.8500003814697,18.0100002288818,17.8400001525879,17.9500007629395,22364476,7.77027606964111
"2011-03-09",17.9699993133545,18.0499992370605,17.7399997711182,17.7700004577637,20684089,7.69235563278198
"2011-03-10",17.7099990844727,17.7600002288818,17.4400005340576,17.5900001525879,15122807,7.61443662643433
"2011-03-11",17.4899997711182,17.5599994659424,17.3899993896484,17.4599990844727,16195525,7.55816125869751
"2011-03-14",17.3299999237061,17.4200000762939,17.0300006866455,17.1200008392334,17893675,7.41097784042358
"2011-03-15",16.8899993896484,16.9899997711182,16.5,16.8700008392334,29278589,7.30276012420654
"2011-03-16",16.8700008392334,16.9099998474121,16.5100002288818,16.5200004577637,24847704,7.15124893188477
"2011-03-17",16.5799999237061,16.9300003051758,16.5300006866455,16.7800006866455,19505583,7.2637996673584
"2011-03-18",16.8999996185303,17.0200004577637,16.5900001525879,16.7299995422363,37726657,7.24215364456177
"2011-03-21",16.8500003814697,16.8999996185303,16.7099990844727,16.8299999237061,15135207,7.28544473648071
"2011-03-22",16.8600006103516,17.1499996185303,16.8600006103516,17,16436331,7.35903453826904
"2011-03-23",16.9099998474121,17.0699996948242,16.8999996185303,17.0400009155273,10653334,7.3763484954834
"2011-03-24",16.9899997711182,17.2999992370605,16.9500007629395,17.2999992370605,12178983,7.48890018463135
"2011-03-25",17.4300003051758,17.4400005340576,17.2600002288818,17.3299999237061,9873324,7.50188589096069
"2011-03-28",17.2900009155273,17.4099998474121,17.2700004577637,17.3099994659424,9042088,7.4932279586792
"2011-03-29",17.3500003814697,17.4099998474121,17.1900005340576,17.2900009155273,11052165,7.48457098007202
"2011-03-30",17.3999996185303,17.4200000762939,17.3099994659424,17.3999996185303,9730802,7.53218793869019
"2011-03-31",17.4300003051758,17.5300006866455,17.3299999237061,17.3299999237061,12529339,7.50188589096069
"2011-04-01",17.5,17.6800003051758,17.3700008392334,17.6499996185303,14317980,7.64040994644165
"2011-04-04",17.7299995422363,17.7999992370605,17.6399993896484,17.7399997711182,9607885,7.67936706542969
"2011-04-05",17.7399997711182,17.7600002288818,17.5699996948242,17.6900005340576,9983305,7.65772581100464
"2011-04-06",17.6700000762939,17.7000007629395,17.5400009155273,17.5699996948242,10563766,7.60577726364136
"2011-04-07",17.5900001525879,17.6499996185303,17.4699993133545,17.5300006866455,10403233,7.588463306427
"2011-04-08",17.5799999237061,17.7299995422363,17.5799999237061,17.7199993133545,8946568,7.67071151733398
"2011-04-11",17.75,17.7999992370605,17.6599998474121,17.6599998474121,8736897,7.64473819732666
"2011-04-12",17.5300006866455,17.5699996948242,17.2700004577637,17.3099994659424,14405469,7.4932279586792
"2011-04-13",17.3799991607666,17.4500007629395,17.3299999237061,17.3299999237061,7623249,7.50188589096069
"2011-04-14",17.2999992370605,17.3099994659424,17.1100006103516,17.2000007629395,10228252,7.44561004638672
"2011-04-15",17.2399997711182,17.2600002288818,17.0300006866455,17.1499996185303,13082173,7.42396640777588
"2011-04-18",17.1499996185303,17.1599998474121,16.75,16.8500003814697,15718711,7.29410076141357
"2011-04-19",16.8700008392334,16.9500007629395,16.7800006866455,16.8400001525879,8420486,7.28977394104004
"2011-04-20",16.9500007629395,17.2800006866455,16.9500007629395,17.25,11699858,7.46725273132324
"2011-04-21",17.3199996948242,17.5,17.2999992370605,17.3700008392334,10414023,7.51920127868652
"2011-04-26",17.4300003051758,17.5200004577637,17.3600006103516,17.4699993133545,7950148,7.56248760223389
"2011-04-27",17.5300006866455,17.8799991607666,17.4899997711182,17.7900009155273,15663835,7.70101356506348
"2011-04-28",17.8999996185303,18.0100002288818,17.8500003814697,17.9300003051758,22783468,7.76161623001099
"2011-04-29",17.9799995422363,18.0499992370605,17.9200000762939,18.0499992370605,7532918,7.81356191635132
"2011-05-02",18.1800003051758,18.1800003051758,17.9500007629395,18,10527946,7.79191827774048
"2011-05-03",17.9799995422363,18.0499992370605,17.8099994659424,17.8199996948242,11265060,7.71400022506714
"2011-05-04",17.7800006866455,17.8600006103516,17.4400005340576,17.4599990844727,35448409,7.55816125869751
"2011-05-05",17.5499992370605,17.6499996185303,17.2900009155273,17.3500003814697,16987597,7.5105414390564
"2011-05-06",17.3899993896484,17.5300006866455,17.1700000762939,17.4699993133545,33637857,7.56248760223389
"2011-05-09",17.3799991607666,17.5,17.1499996185303,17.2600002288818,14748771,7.4715838432312
"2011-05-10",17.2600002288818,17.5300006866455,17.25,17.4799995422363,31483872,7.56681680679321
"2011-05-11",17.5499992370605,17.7000007629395,17.4599990844727,17.5499992370605,62844103,7.5971212387085
"2011-05-12",17.3999996185303,17.4300003051758,17.1900005340576,17.3199996948242,98268052,7.49755477905273
"2011-05-13",17.3700008392334,17.3999996185303,17.1399993896484,17.2000007629395,34801539,7.44561004638672
"2011-05-16",17.0699996948242,17.1200008392334,16.9699993133545,17.0699996948242,28180535,7.38933563232422
"2011-05-17",17.0699996948242,17.1499996185303,16.8600006103516,16.8999996185303,79396325,7.31574630737305
"2011-05-18",17.0300006866455,17.0599994659424,16.8999996185303,17.0400009155273,35092608,7.3763484954834
"2011-05-19",17.1299991607666,17.2000007629395,16.9799995422363,17.1000003814697,62585136,7.40232276916504
"2011-05-20",17.1599998474121,17.2999992370605,17.0100002288818,17.0499992370605,17129337,7.38067674636841
"2011-05-23",16.5100002288818,16.5799999237061,16.2000007629395,16.2000007629395,21282663,7.22458934783936
"2011-05-24",16.2099990844727,16.4699993133545,16.2099990844727,16.3500003814697,28279884,7.29148769378662
"2011-05-25",16.25,16.3899993896484,16.2000007629395,16.3500003814697,30963046,7.29148769378662
"2011-05-26",16.4599990844727,16.4799995422363,16.1599998474121,16.2399997711182,36707493,7.24243068695068
"2011-05-27",16.3999996185303,16.5200004577637,16.3199996948242,16.3400001525879,28416106,7.28702449798584
"2011-05-30",16.3999996185303,16.4400005340576,16.2999992370605,16.3400001525879,7550145,7.28702449798584
"2011-05-31",16.3999996185303,16.6599998474121,16.3999996185303,16.6599998474121,69698611,7.42973470687866
"2011-06-01",16.7000007629395,16.7000007629395,16.4200000762939,16.4899997711182,85811644,7.353919506073
"2011-06-02",16.3999996185303,16.4699993133545,16.2099990844727,16.2099990844727,40155103,7.22905015945435
"2011-06-03",16.2999992370605,16.2999992370605,16,16.1100006103516,18408362,7.18445491790771
"2011-06-06",16.1100006103516,16.1299991607666,15.9700002670288,16.0499992370605,24792968,7.1576943397522
"2011-06-07",16.0300006866455,16.1599998474121,15.9899997711182,16.0799999237061,29524959,7.17107486724854
"2011-06-08",16.0799999237061,16.1599998474121,15.8000001907349,16.0400009155273,51583800,7.15323781967163
"2011-06-09",16.0499992370605,16.2900009155273,16.0499992370605,16.2600002288818,39759003,7.25134897232056
"2011-06-10",16.2000007629395,16.2600002288818,15.960000038147,16.0300006866455,15586305,7.14877796173096
"2011-06-13",15.9399995803833,16.0599994659424,15.9399995803833,15.960000038147,30232289,7.11755990982056
"2011-06-14",16.0100002288818,16.2000007629395,15.960000038147,16.1299991607666,17473609,7.19337368011475
"2011-06-15",16.1100006103516,16.1100006103516,15.8000001907349,15.8400001525879,14655595,7.06404495239258
"2011-06-16",15.7399997711182,15.8299999237061,15.5699996948242,15.8100004196167,17526011,7.05066585540771
"2011-06-17",15.6499996185303,16.0400009155273,15.6000003814697,15.9899997711182,26988398,7.13093900680542
"2011-06-20",15.6999998092651,15.8100004196167,15.6300001144409,15.7200002670288,12323554,7.0105299949646
"2011-06-21",15.7799997329712,16.0799999237061,15.7799997329712,16.0699996948242,11069496,7.16661643981934
"2011-06-22",16.0400009155273,16.0799999237061,15.8900003433228,15.8900003433228,12248545,7.08634328842163
"2011-06-23",15.8000001907349,15.8500003814697,15.4700002670288,15.5799999237061,14361984,6.94809436798096
"2011-06-24",15.7600002288818,15.8999996185303,15.539999961853,15.5799999237061,18751933,6.94809436798096
"2011-06-27",15.460000038147,15.7700004577637,15.3000001907349,15.6899995803833,11109074,6.99715042114258
"2011-06-28",15.710000038147,15.9300003051758,15.6099996566772,15.7600002288818,11898712,7.0283670425415
"2011-06-29",15.8900003433228,16.1499996185303,15.8699998855591,16.1200008392334,13833737,7.18891525268555
"2011-06-30",16.1800003051758,16.3299999237061,16.0200004577637,16.3099994659424,16022955,7.27364635467529
"2011-07-01",16.3700008392334,16.5799999237061,16.2000007629395,16.4899997711182,15149812,7.353919506073
"2011-07-04",16.4799995422363,16.5900001525879,16.4500007629395,16.5499992370605,7151001,7.38067579269409
"2011-07-05",16.5100002288818,16.5799999237061,16.3600006103516,16.3999996185303,8832076,7.3137845993042
"2011-07-06",16.3999996185303,16.4200000762939,16.2099990844727,16.2800006866455,13341491,7.26026725769043
"2011-07-07",16.4099998474121,16.4599990844727,16.1900005340576,16.3299999237061,13300374,7.28256464004517
"2011-07-08",16.4300003051758,16.4300003051758,15.8800001144409,15.9399995803833,17623887,7.10863971710205
"2011-07-11",15.7299995422363,15.8800001144409,15.3800001144409,15.5,21708093,6.91241836547852
"2011-07-12",15.3500003814697,15.6300001144409,14.960000038147,15.539999961853,24936744,6.93025588989258
"2011-07-13",15.5900001525879,15.8299999237061,15.4700002670288,15.6700000762939,17045314,6.98823022842407
"2011-07-14",15.5200004577637,15.6899995803833,15.3900003433228,15.5799999237061,14887021,6.94809436798096
"2011-07-15",15.5,15.6199998855591,15.3199996948242,15.4499998092651,15750084,6.89011859893799
"2011-07-18",15.3199996948242,15.3500003814697,15.0500001907349,15.1800003051758,13797553,6.76970863342285
"2011-07-19",15.2299995422363,15.3900003433228,15.1499996185303,15.289999961853,12125066,6.81876659393311
"2011-07-20",15.3999996185303,15.5699996948242,15.3400001525879,15.5200004577637,13166292,6.92133569717407
"2011-07-21",15.6000003814697,15.8999996185303,15.3500003814697,15.8100004196167,19637798,7.05066585540771
"2011-07-22",16,16.1100006103516,15.8400001525879,15.9499998092651,17641396,7.11310005187988
"2011-07-25",15.8900003433228,15.9799995422363,15.8000001907349,15.8199996948242,12877246,7.05512619018555
"2011-07-26",15.8400001525879,15.9099998474121,15.6499996185303,15.7200002670288,11635066,7.0105299949646
"2011-07-27",15.6499996185303,15.6800003051758,15.3400001525879,15.4399995803833,11450507,6.885657787323
"2011-07-28",15.3000001907349,15.3800001144409,15.1199998855591,15.3800001144409,15631456,6.85890054702759
"2011-07-29",15.1199998855591,15.3500003814697,15.0200004577637,15.1800003051758,20047181,6.76970863342285
"2011-08-01",15.2799997329712,15.3199996948242,14.6000003814697,14.7399997711182,27596363,6.57348585128784
"2011-08-02",14.6099996566772,14.8699998855591,14.5,14.710000038147,19805836,6.56010675430298
"2011-08-03",14.5,14.6300001144409,14.1499996185303,14.1800003051758,32960518,6.32374811172485
"2011-08-04",14.2799997329712,14.3199996948242,13.8199996948242,13.8500003814697,28843927,6.17657995223999
"2011-08-05",13.2700004577637,13.8000001907349,13.1099996566772,13.8000001907349,42290992,6.15428161621094
"2011-08-08",13.3000001907349,13.8299999237061,13.0500001907349,13.0600004196167,35163122,5.82427024841309
"2011-08-09",13.0100002288818,13.3199996948242,12.5,12.9099998474121,48795493,5.75737333297729
"2011-08-10",13.25,13.25,12.1700000762939,12.1700000762939,42882228,5.42736291885376
"2011-08-11",12.4499998092651,12.6099996566772,11.8299999237061,12.6099996566772,40965091,5.62358665466309
"2011-08-12",12.6099996566772,13.3100004196167,12.2700004577637,13.1099996566772,32606477,5.84656667709351
"2011-08-16",12.9200000762939,13.1899995803833,12.7700004577637,13.1700000762939,22171754,5.87332487106323
"2011-08-17",13.0600004196167,13.5299997329712,13,13.4499998092651,20210107,5.99819564819336
"2011-08-18",13.2200002670288,13.3400001525879,12.6499996185303,12.8000001907349,27070459,5.70831918716431
"2011-08-19",12.7799997329712,12.7799997329712,12.3599996566772,12.4799995422363,32790865,5.56561136245728
"2011-08-22",12.4499998092651,13.6599998474121,12.4200000762939,13.2700004577637,41050108,5.91792106628418
"2011-08-23",13.4700002670288,13.6899995803833,13.2299995422363,13.3900003433228,30072062,5.97143697738647
"2011-08-24",13.5500001907349,13.6199998855591,13.1899995803833,13.460000038147,25320820,6.00265502929688
"2011-08-25",13.5900001525879,13.5900001525879,13.1599998474121,13.3000001907349,21646790,5.93130111694336
"2011-08-26",13.25,13.2799997329712,12.7399997711182,13.0799999237061,22718512,5.83318948745728
"2011-08-29",13.210000038147,13.5200004577637,13.1599998474121,13.4099998474121,10946962,5.98035669326782
"2011-08-30",13.5,13.6000003814697,13.3299999237061,13.4799995422363,18913482,6.01157426834106
"2011-08-31",13.6000003814697,14.0200004577637,13.5200004577637,14,25238757,6.24347543716431
"2011-09-01",14.0500001907349,14.25,13.8699998855591,14.1499996185303,27655505,6.31036710739136
"2011-09-02",13.9799995422363,14.0200004577637,13.6700000762939,13.7700004577637,22682214,6.14090204238892
"2011-09-05",13.5,13.6000003814697,13.0500001907349,13.1700000762939,19778874,5.87332487106323
"2011-09-06",13.0799999237061,13.289999961853,12.8299999237061,13.0200004577637,41251149,5.80643177032471
"2011-09-07",13.3999996185303,13.5600004196167,13.2299995422363,13.5600004196167,33651946,6.04725027084351
"2011-09-08",13.5699996948242,13.9300003051758,13.5299997329712,13.8400001525879,69034374,6.17212057113647
"2011-09-09",13.8400001525879,13.9200000762939,13.3599996566772,13.3599996566772,67609209,5.95805788040161
"2011-09-12",13.0100002288818,13.1800003051758,12.8100004196167,13.039999961853,59690669,5.81535053253174
"2011-09-13",13.210000038147,13.2700004577637,12.6800003051758,13.1499996185303,70323536,5.86440658569336
"2011-09-14",13.039999961853,13.4200000762939,13.0200004577637,13.3699998855591,70429453,5.96251821517944
"2011-09-15",13.4700002670288,13.8699998855591,13.3900003433228,13.710000038147,42402135,6.11414623260498
"2011-09-16",13.8000001907349,13.9300003051758,13.5699996948242,13.5699996948242,53179815,6.05171012878418
"2011-09-19",12.8500003814697,13.0100002288818,12.6999998092651,12.8000001907349,20285234,5.93577814102173
"2011-09-20",12.7200002670288,13.0699996948242,12.6499996185303,12.9700002670288,33259607,6.01461219787598
"2011-09-21",13.039999961853,13.1400003433228,12.8599996566772,12.8800001144409,52322205,5.97287750244141
"2011-09-22",12.6199998855591,12.6899995803833,12.1999998092651,12.1999998092651,67942135,5.65753841400146
"2011-09-23",12.3500003814697,12.5,11.8900003433228,12.3699998855591,67220439,5.73637294769287
"2011-09-26",12.2200002670288,12.7200002670288,12.1499996185303,12.539999961853,57129768,5.81520700454712
"2011-09-27",12.8400001525879,13.1800003051758,12.6899995803833,13.1800003051758,67173041,6.11199617385864
"2011-09-28",13.0500001907349,13.3199996948242,12.9799995422363,13.0699996948242,30886644,6.06098604202271
"2011-09-29",12.9700002670288,13.3400001525879,12.9300003051758,13.2600002288818,22327594,6.149094581604
"2011-09-30",13.1999998092651,13.3699998855591,13.1000003814697,13.2200002670288,22638073,6.13054323196411
"2011-10-03",12.9899997711182,13.0600004196167,12.8500003814697,13.0200004577637,18875024,6.03779935836792
"2011-10-04",12.8800001144409,13.0699996948242,12.6599998474121,12.9499998092651,23611221,6.00533676147461
"2011-10-05",13.210000038147,13.7200002670288,13.1300001144409,13.6999998092651,30270699,6.3531379699707
"2011-10-06",13.6700000762939,14.0500001907349,13.6000003814697,14.0500001907349,28013449,6.51544380187988
"2011-10-07",14.0500001907349,14.5900001525879,14.0100002288818,14.539999961853,31238439,6.74267196655273
"2011-10-10",14.6499996185303,14.8900003433228,14.6099996566772,14.8599996566772,27234652,6.89106607437134
"2011-10-11",14.7700004577637,14.8100004196167,14.6099996566772,14.75,18836629,6.8400559425354
"2011-10-12",14.7399997711182,15.1400003433228,14.6800003051758,15.1199998855591,18593192,7.01163578033447
"2011-10-13",15.0299997329712,15.0600004196167,14.8699998855591,14.9700002670288,24966769,6.94207668304443
"2011-10-14",15.25,15.6999998092651,15.0600004196167,15.6499996185303,35767162,7.25741338729858
"2011-10-17",15.7600002288818,15.8900003433228,15.3400001525879,15.3699998855591,25602052,7.12757110595703
"2011-10-18",15.1000003814697,15.5200004577637,15.0500001907349,15.4499998092651,19400777,7.1646671295166
"2011-10-19",15.6000003814697,15.789999961853,15.5,15.7200002670288,12496607,7.28987693786621
"2011-10-20",15.539999961853,16.0300006866455,15.3699998855591,15.8199996948242,36022319,7.33625030517578
"2011-10-21",15.960000038147,16.1200008392334,15.8299999237061,16.0799999237061,30406732,7.45682001113892
"2011-10-24",16.1299991607666,16.1399993896484,15.6599998474121,16.1000003814697,17220570,7.46609497070312
"2011-10-25",16,16.1499996185303,15.7799997329712,15.9300003051758,15799907,7.38726186752319
"2011-10-26",15.8999996185303,16.1299991607666,15.8500003814697,16.0499992370605,16315210,7.44290590286255
"2011-10-27",16.2999992370605,16.7800006866455,16.2299995422363,16.6700000762939,27906128,7.7304220199585
"2011-10-28",16.7099990844727,16.7199993133545,16.3500003814697,16.3700008392334,18491244,7.59130239486694
"2011-10-31",16.25,16.2900009155273,15.9899997711182,15.9899997711182,17803787,7.41508340835571
"2011-11-01",15.5600004196167,15.6400003433228,15.1099996566772,15.2700004577637,26092093,7.08119773864746
"2011-11-02",15.3900003433228,15.5600004196167,15.0100002288818,15.5500001907349,23726416,7.21104145050049
"2011-11-03",15.25,16.1299991607666,15.1499996185303,15.7299995422363,31048567,7.29451274871826
"2011-11-04",15.7799997329712,15.9099998474121,15.4499998092651,15.5500001907349,19317546,7.21104145050049
"2011-11-07",15.3699998855591,15.9399995803833,15.1300001144409,15.8100004196167,21747103,7.33161211013794
"2011-11-08",15.789999961853,16.3400001525879,15.75,15.9799995422363,19449010,7.41044569015503
"2011-11-09",16.0699996948242,16.1200008392334,15.3199996948242,15.6800003051758,24318628,7.27132797241211
"2011-11-10",15.4899997711182,15.7299995422363,15.3500003814697,15.4899997711182,21106079,7.18321704864502
"2011-11-11",15.539999961853,15.8000001907349,15.4099998474121,15.6999998092651,17174309,7.28060150146484
"2011-11-14",15.8299999237061,15.9099998474121,15.4700002670288,15.6000003814697,15802974,7.23422813415527
"2011-11-15",15.4700002670288,15.8400001525879,15.3299999237061,15.6800003051758,17569095,7.27132797241211
"2011-11-16",15.6000003814697,15.9499998092651,15.5299997329712,15.8999996185303,17501131,7.37334775924683
"2011-11-17",15.8100004196167,16.0200004577637,15.6800003051758,15.7399997711182,16377262,7.29915142059326
"2011-11-18",15.6099996566772,16.0100002288818,15.6000003814697,15.8500003814697,15548904,7.35016202926636
"2011-11-21",15.7600002288818,15.7600002288818,15.2799997329712,15.289999961853,17581483,7.09047174453735
"2011-11-22",15.3999996185303,15.4899997711182,14.9799995422363,15,14429334,6.95598793029785
"2011-11-23",14.8299999237061,15,14.6300001144409,14.75,15716171,6.8400559425354
"2011-11-24",14.7600002288818,14.8699998855591,14.3800001144409,14.5500001907349,12469134,6.74730968475342
"2011-11-25",14.5100002288818,14.8400001525879,14.4099998474121,14.6700000762939,12637621,6.80295658111572
"2011-11-28",14.8299999237061,15.2200002670288,14.7700004577637,15.2200002670288,13994693,7.05801105499268
"2011-11-29",15.1300001144409,15.1700000762939,14.960000038147,15.1199998855591,15339328,7.01163578033447
"2011-11-30",15.0200004577637,15.6800003051758,14.9399995803833,15.6800003051758,24375629,7.27132797241211
"2011-12-01",15.6499996185303,15.9099998474121,15.5900001525879,15.710000038147,14122478,7.28523826599121
"2011-12-02",15.8999996185303,16.1200008392334,15.7799997329712,15.8500003814697,14649939,7.35016202926636
"2011-12-05",16.0300006866455,16.2299995422363,15.8800001144409,16.1499996185303,14623464,7.48928070068359
"2011-12-06",16.1200008392334,16.3799991607666,16.1100006103516,16.2299995422363,13921185,7.52638101577759
"2011-12-07",16.3899993896484,16.4799995422363,15.8900003433228,16.2000007629395,17942842,7.51246881484985
"2011-12-08",16.2600002288818,16.3199996948242,15.6300001144409,15.7200002670288,18639828,7.28987693786621
"2011-12-09",15.6199998855591,16.1499996185303,15.6000003814697,16.1000003814697,18246663,7.46609497070312
"2011-12-12",16,16.0300006866455,15.6899995803833,15.6899995803833,12970533,7.27596426010132
"2011-12-13",15.7200002670288,16,15.6499996185303,15.789999961853,13821367,7.32233715057373
"2011-12-14",15.710000038147,15.8000001907349,15.3999996185303,15.4499998092651,13761580,7.1646671295166
"2011-12-15",15.5200004577637,15.6899995803833,15.4700002670288,15.5,11606789,7.18785524368286
"2011-12-16",15.4899997711182,15.5500001907349,15.0900001525879,15.0900001525879,40599731,6.99772453308105
"2011-12-19",15.0299997329712,15.2700004577637,14.9300003051758,15.1300001144409,11247761,7.016273021698
"2011-12-20",15.1000003814697,15.4899997711182,14.9799995422363,15.4300003051758,11703372,7.15539312362671
"2011-12-21",15.5600004196167,15.6800003051758,15.2200002670288,15.3699998855591,11669325,7.12757110595703
"2011-12-22",15.4499998092651,15.6899995803833,15.4399995803833,15.5699996948242,9892011,7.22031545639038
"2011-12-23",15.7399997711182,15.8900003433228,15.6999998092651,15.7399997711182,7634625,7.29915142059326
"2011-12-27",15.8400001525879,15.8999996185303,15.6400003433228,15.75,4218156,7.30378770828247
"2011-12-28",15.789999961853,15.9300003051758,15.6300001144409,15.6300001144409,7521759,7.24813985824585
"2011-12-29",15.710000038147,15.8900003433228,15.5699996948242,15.7799997329712,7245415,7.31769990921021
"2011-12-30",15.8999996185303,16.0100002288818,15.8599996566772,16.0100002288818,7913202,7.42435741424561
"2012-01-02",16,16.2700004577637,15.9499998092651,16.2000007629395,6698424,7.51246881484985
"2012-01-03",16.2999992370605,16.5599994659424,16.2000007629395,16.4899997711182,15041293,7.64695119857788
"2012-01-04",16.4799995422363,16.5699996948242,16.3700008392334,16.4400005340576,13334295,7.62376356124878
"2012-01-05",16.5400009155273,16.5499992370605,16.2000007629395,16.25,12048285,7.53565406799316
"2012-01-06",16.3199996948242,16.5699996948242,16.2800006866455,16.3400001525879,12547359,7.57739067077637
"2012-01-09",16.3799991607666,16.5,16.25,16.25,11841409,7.53565406799316
"2012-01-10",16.3799991607666,16.7199993133545,16.3700008392334,16.6000003814697,15489582,7.69795894622803
"2012-01-11",16.4899997711182,16.6399993896484,16.2800006866455,16.5,13895434,7.65158748626709
"2012-01-12",16.4599990844727,16.6000003814697,16.3099994659424,16.4099998474121,14705702,7.60985231399536
"2012-01-13",16.4799995422363,16.5200004577637,16.1200008392334,16.2900009155273,14488803,7.55420351028442
"2012-01-16",16.2399997711182,16.4400005340576,16.1700000762939,16.3899993896484,10512469,7.60057640075684
"2012-01-17",16.5300006866455,16.7800006866455,16.4899997711182,16.6700000762939,15139454,7.7304220199585
"2012-01-18",16.6200008392334,16.8199996948242,16.4899997711182,16.6900005340576,12599592,7.73969745635986
"2012-01-19",16.7900009155273,17.2000007629395,16.7700004577637,17.2000007629395,22966887,7.97619962692261
"2012-01-20",17.2600002288818,17.3999996185303,17.0699996948242,17.1700000762939,19948029,7.96228981018066
"2012-01-23",17.2000007629395,17.3999996185303,17.1000003814697,17.2800006866455,14192688,8.0132999420166
"2012-01-24",17.2900009155273,17.2900009155273,17.0400009155273,17.2800006866455,13119172,8.0132999420166
"2012-01-25",17.3099994659424,17.3099994659424,16.7600002288818,16.8299999237061,18451901,7.80461931228638
"2012-01-26",16.9500007629395,17.0200004577637,16.7600002288818,17.0200004577637,14229191,7.89272975921631
"2012-01-27",16.9099998474121,17.1200008392334,16.8600006103516,16.8600006103516,11788450,7.81853199005127
"2012-01-30",16.7600002288818,16.8999996185303,16.6800003051758,16.8400001525879,10030475,7.80925893783569
"2012-01-31",16.9500007629395,17.1000003814697,16.8999996185303,16.8999996185303,12650576,7.83708095550537
"2012-02-01",16.9599990844727,17.2199993133545,16.9599990844727,17.1399993896484,13276805,7.94837617874146
"2012-02-02",17.2399997711182,17.25,17.0400009155273,17.2000007629395,10283702,7.97619962692261
"2012-02-03",17.1499996185303,17.25,17.0100002288818,17.2399997711182,11232531,7.99474859237671
"2012-02-06",17.2600002288818,17.2800006866455,17.0499992370605,17.1800003051758,9610376,7.96692562103271
"2012-02-07",17.25,17.2600002288818,17.0499992370605,17.1900005340576,7634959,7.97156286239624
"2012-02-08",17.2000007629395,17.2700004577637,17.1200008392334,17.1499996185303,9147275,7.95301485061646
"2012-02-09",17.2199993133545,17.2700004577637,17.1399993896484,17.2299995422363,11758481,7.9901123046875
"2012-02-10",17.1800003051758,17.1900005340576,17.0100002288818,17.0799999237061,10467667,7.92055320739746
"2012-02-13",17.1800003051758,17.2900009155273,17.1599998474121,17.2900009155273,8047723,8.01793575286865
"2012-02-14",17.2900009155273,17.3799991607666,17.2299995422363,17.3799991607666,9324642,8.05967044830322
"2012-02-15",17.5,17.5400009155273,17.2399997711182,17.3099994659424,14924966,8.02721118927002
"2012-02-16",17.2600002288818,17.3099994659424,17.0599994659424,17.2700004577637,10629509,8.00866222381592
"2012-02-17",17.3799991607666,17.4899997711182,17.3199996948242,17.3400001525879,10420033,8.04112243652344
"2012-02-20",17.3899993896484,17.5400009155273,17.3899993896484,17.4599990844727,7613280,8.09677124023438
"2012-02-21",17.5,17.5,17.2999992370605,17.4300003051758,7953045,8.08285903930664
"2012-02-22",17.4400005340576,17.5,17.3700008392334,17.5,8510755,8.11531925201416
"2012-02-23",17.4400005340576,17.4899997711182,17.4099998474121,17.4300003051758,8379129,8.08285903930664
"2012-02-24",17.4899997711182,17.5699996948242,17.4799995422363,17.5699996948242,8952263,8.14778232574463
"2012-02-27",17.5,17.5400009155273,17.3899993896484,17.4099998474121,8753880,8.07358360290527
"2012-02-28",17.4599990844727,17.4899997711182,17.2999992370605,17.3700008392334,8826522,8.05503463745117
"2012-02-29",17.4099998474121,17.5100002288818,17.2700004577637,17.3099994659424,11068038,8.02721118927002
"2012-03-01",17.3199996948242,17.6299991607666,17.25,17.5900001525879,12169957,8.15705871582031
"2012-03-02",17.6299991607666,17.6399993896484,17.5,17.5,7382195,8.11531925201416
"2012-03-05",17.4500007629395,17.5599994659424,17.3700008392334,17.4899997711182,7733495,8.11068344116211
"2012-03-06",17.4500007629395,17.5300006866455,17.2700004577637,17.2700004577637,13161504,8.00866222381592
"2012-03-07",17.2299995422363,17.2900009155273,17.1200008392334,17.2199993133545,8474446,7.98547458648682
"2012-03-08",17.3299999237061,17.5900001525879,17.2600002288818,17.5900001525879,10847643,8.15705871582031
"2012-03-09",17.6900005340576,17.8700008392334,17.5699996948242,17.75,14434257,8.23125457763672
"2012-03-12",17.75,18,17.6800003051758,18,12523576,8.34718608856201
"2012-03-13",18,18.3099994659424,18,18.3099994659424,14373548,8.49094200134277
"2012-03-14",18.3600006103516,18.4799995422363,18.2000007629395,18.2199993133545,11942445,8.4492073059082
"2012-03-15",18.25,18.4300003051758,18.1499996185303,18.2999992370605,13030206,8.48630523681641
"2012-03-16",18.3700008392334,18.6299991607666,18.3099994659424,18.5100002288818,23860773,8.58369159698486
"2012-03-19",18.6100006103516,18.7199993133545,18.5400009155273,18.6700000762939,10311692,8.65788555145264
"2012-03-20",18.6599998474121,18.6800003051758,18.3400001525879,18.4300003051758,8454090,8.54659175872803
"2012-03-21",18.3999996185303,18.4799995422363,18.1599998474121,18.2399997711182,9959078,8.45848178863525
"2012-03-22",18.2399997711182,18.2600002288818,17.75,17.9200000762939,12829925,8.31008815765381
"2012-03-23",17.8999996185303,17.8999996185303,17.5400009155273,17.7800006866455,10551562,8.24516487121582
"2012-03-26",17.8999996185303,18.1599998474121,17.7700004577637,18.0799999237061,11967882,8.38428592681885
"2012-03-27",18.2600002288818,18.3999996185303,17.7199993133545,17.7900009155273,19029845,8.24980354309082
"2012-03-28",17.6900005340576,17.9300003051758,17.5200004577637,17.6800003051758,12828172,8.19879245758057
"2012-03-29",17.6000003814697,17.6599998474121,17.3600006103516,17.4400005340576,13741974,8.08749675750732
"2012-03-30",17.5599994659424,17.5900001525879,17.3799991607666,17.5900001525879,10896186,8.15705871582031
"2012-04-02",17.5100002288818,17.5900001525879,17.3799991607666,17.5699996948242,10877448,8.14778232574463
"2012-04-03",17.5799999237061,17.7900009155273,17.5499992370605,17.5499992370605,9231381,8.13850688934326
"2012-04-04",17.6200008392334,17.6399993896484,17.1200008392334,17.1399993896484,11009928,7.94837617874146
"2012-04-05",17.2199993133545,17.3199996948242,16.9799995422363,17.2000007629395,10497123,7.97619962692261
"2012-04-10",17,17.0300006866455,16.4500007629395,16.5200004577637,16315705,7.66086292266846
"2012-04-11",16.5,16.6399993896484,16.2199993133545,16.4500007629395,15573531,7.62840127944946
"2012-04-12",16.4099998474121,16.5100002288818,15.9700002670288,16.4699993133545,16259594,7.63767623901367
"2012-04-13",16.4500007629395,16.4500007629395,16.1000003814697,16.1499996185303,11190473,7.48928070068359
"2012-04-16",16.1000003814697,16.6499996185303,16.0699996948242,16.3999996185303,10781165,7.60521507263184
"2012-04-17",16.3500003814697,16.8500003814697,16.3500003814697,16.8299999237061,11291755,7.80461931228638
"2012-04-18",16.75,16.8099994659424,16.4699993133545,16.6200008392334,10488082,7.70723438262939
"2012-04-19",16.6499996185303,16.7299995422363,16.2399997711182,16.2399997711182,12402394,7.53101778030396
"2012-04-20",16.2099990844727,16.6399993896484,16.0200004577637,16.5200004577637,17374948,7.66086292266846
"2012-04-23",16.2900009155273,16.4699993133545,15.9700002670288,16.0499992370605,13254415,7.44290590286255
"2012-04-24",16.1599998474121,16.3899993896484,16.1100006103516,16.3199996948242,10124611,7.56811475753784
"2012-04-25",16.4400005340576,16.6900005340576,16.3899993896484,16.4799995422363,9704153,7.64231491088867
"2012-04-26",16.5,16.7099990844727,16.2299995422363,16.5599994659424,9770540,7.67941188812256
"2012-04-27",16.5400009155273,17.0300006866455,16.4599990844727,16.9200000762939,14165582,7.84635543823242
"2012-04-30",17.0599994659424,17.1200008392334,16.7099990844727,16.7700004577637,8633580,7.77679538726807
"2012-05-02",16.9899997711182,17.0900001525879,16.5799999237061,16.6499996185303,13948043,7.72114849090576
"2012-05-03",16.8400001525879,16.9400005340576,16.6200008392334,16.6900005340576,11723697,7.73969745635986
"2012-05-04",16.6599998474121,16.7900009155273,16.25,16.3199996948242,12936383,7.56811475753784
"2012-05-07",16.1499996185303,16.6700000762939,16.0799999237061,16.6200008392334,8775052,7.70723438262939
"2012-05-08",16.6700000762939,16.7900009155273,16.4500007629395,16.5200004577637,13375298,7.66086292266846
"2012-05-09",16.6200008392334,16.6299991607666,16.2700004577637,16.5599994659424,49067197,7.67941188812256
"2012-05-10",16.6900005340576,16.7099990844727,16.2999992370605,16.5799999237061,51688087,7.68868637084961
"2012-05-11",16.4699993133545,16.9099998474121,16.3299999237061,16.8999996185303,67336486,7.83708095550537
"2012-05-14",16.6700000762939,16.7199993133545,16.2600002288818,16.4599990844727,73800616,7.63303804397583
"2012-05-15",16.6499996185303,16.6499996185303,16.1000003814697,16.1800003051758,53839455,7.50319337844849
"2012-05-16",16.0100002288818,16.4500007629395,15.8500003814697,16.1100006103516,23935775,7.47073268890381
"2012-05-17",16.1299991607666,16.1499996185303,15.7799997329712,15.9799995422363,37046416,7.41044569015503
"2012-05-18",15.6999998092651,16.1399993896484,15.6300001144409,15.9300003051758,18284028,7.38726186752319
"2012-05-21",15.3800001144409,15.4899997711182,15.2200002670288,15.3699998855591,12114351,7.36808633804321
"2012-05-22",15.5500001907349,15.960000038147,15.5100002288818,15.8999996185303,25259368,7.62215662002563
"2012-05-23",15.8100004196167,15.8100004196167,15.25,15.3400001525879,37969287,7.35370302200317
"2012-05-24",15.4499998092651,15.75,15.2799997329712,15.7200002670288,42477054,7.53586912155151
"2012-05-25",15.710000038147,15.9099998474121,15.5,15.75,45476741,7.55024909973145
"2012-05-28",15.8500003814697,15.9499998092651,15.6599998474121,15.7299995422363,55822677,7.54066133499146
"2012-05-29",15.7700004577637,15.9300003051758,15.5299997329712,15.6700000762939,30466133,7.51189851760864
"2012-05-30",15.5600004196167,15.6599998474121,15.2600002288818,15.3400001525879,26692373,7.35370302200317
"2012-05-31",15.4799995422363,15.710000038147,15.3599996566772,15.6000003814697,30995164,7.47834253311157
"2012-06-01",15.6599998474121,15.6700000762939,15.1800003051758,15.3900003433228,28859355,7.37767124176025
"2012-06-04",15.3299999237061,15.5799999237061,15.2200002670288,15.3599996566772,9761650,7.36329126358032
"2012-06-05",15.5600004196167,15.6300001144409,15.3699998855591,15.539999961853,7851396,7.44957971572876
"2012-06-06",15.5900001525879,15.9799995422363,15.5699996948242,15.9799995422363,13925391,7.66050624847412
"2012-06-07",15.9899997711182,16.2800006866455,15.8999996185303,16.0300006866455,12617361,7.68447589874268
"2012-06-08",15.9099998474121,16.0799999237061,15.8400001525879,15.9300003051758,11096514,7.63654041290283
"2012-06-11",16.1599998474121,16.2399997711182,15.8599996566772,15.8800001144409,12187957,7.61256837844849
"2012-06-12",15.8100004196167,15.9899997711182,15.7200002670288,15.9700002670288,11223282,7.65571355819702
"2012-06-13",15.9700002670288,16.1299991607666,15.8599996566772,15.9300003051758,10421920,7.63654041290283
"2012-06-14",15.8400001525879,16.0400009155273,15.6899995803833,16.0400009155273,12690436,7.68926954269409
"2012-06-15",16.1499996185303,16.4799995422363,16.1000003814697,16.2299995422363,59132021,7.78035306930542
"2012-06-18",16.3999996185303,16.5400009155273,15.960000038147,15.9899997711182,11298249,7.66530084609985
"2012-06-19",16.0400009155273,16.4400005340576,16,16.3799991607666,11208420,7.85225963592529
"2012-06-20",16.4300003051758,16.5599994659424,16.3199996948242,16.4200000762939,8086648,7.87143564224243
"2012-06-21",16.3799991607666,16.6299991607666,16.2900009155273,16.3899993896484,12478166,7.85705375671387
"2012-06-22",16.2199993133545,16.2700004577637,16.0900001525879,16.1299991607666,10530840,7.73241662979126
"2012-06-25",16.0799999237061,16.1700000762939,15.6800003051758,15.710000038147,7839799,7.53107404708862
"2012-06-26",15.8100004196167,15.8299999237061,15.5799999237061,15.6300001144409,7151905,7.49272346496582
"2012-06-27",15.6099996566772,16.0499992370605,15.5799999237061,15.9799995422363,8079873,7.66050624847412
"2012-06-28",15.9700002670288,16.1200008392334,15.8000001907349,16.0499992370605,7312011,7.69406223297119
"2012-06-29",16.4500007629395,16.7800006866455,16.3099994659424,16.7800006866455,13343719,8.04401302337646
"2012-07-02",16.7600002288818,17.0900001525879,16.7000007629395,17,10972814,8.14947700500488
"2012-07-03",17.0300006866455,17.5699996948242,17.0100002288818,17.5699996948242,11220834,8.42272472381592
"2012-07-04",17.5,17.5599994659424,17.1800003051758,17.3500003814697,7461367,8.31725978851318
"2012-07-05",17.3199996948242,17.5499992370605,17.0300006866455,17.2900009155273,12030113,8.28849697113037
"2012-07-06",17.1499996185303,17.2800006866455,16.8600006103516,16.8700008392334,7044793,8.08715629577637
"2012-07-09",16.7999992370605,17.0400009155273,16.7299995422363,16.9200000762939,6628829,8.11112499237061
"2012-07-10",16.9300003051758,17.1900005340576,16.8700008392334,16.9200000762939,7368652,8.11112499237061
"2012-07-11",16.8199996948242,17.0499992370605,16.7600002288818,16.9699993133545,6782436,8.13509464263916
"2012-07-12",16.8799991607666,16.9400005340576,16.7600002288818,16.8500003814697,7670598,8.07756900787354
"2012-07-13",16.9500007629395,16.9799995422363,16.6399993896484,16.8899993896484,9777468,8.09674263000488
"2012-07-16",16.8600006103516,16.9599990844727,16.6599998474121,16.7099990844727,7317509,8.01045608520508
"2012-07-17",16.8099994659424,16.8500003814697,16.4599990844727,16.4899997711182,9094024,7.90499258041382
"2012-07-18",16.6700000762939,16.8400001525879,16.5499992370605,16.8199996948242,9319557,8.06318855285645
"2012-07-19",16.9400005340576,16.9699993133545,16.7800006866455,16.8199996948242,7479799,8.06318855285645
"2012-07-20",16.7299995422363,16.7900009155273,16.1599998474121,16.2900009155273,13184644,7.80911588668823
"2012-07-23",16.1299991607666,16.1599998474121,15.5200004577637,15.6700000762939,15335341,7.51189851760864
"2012-07-24",15.7299995422363,15.8199996948242,15.1499996185303,15.25,13024260,7.3105583190918
"2012-07-25",15.1499996185303,15.2799997329712,14.9399995803833,15.25,12040256,7.3105583190918
"2012-07-26",15.3000001907349,16.1399993896484,15.1800003051758,16.1299991607666,17510249,7.73241662979126
"2012-07-27",16.2600002288818,16.7000007629395,16.1100006103516,16.6299991607666,14655361,7.9721040725708
"2012-07-30",16.6499996185303,16.9099998474121,16.6000003814697,16.8700008392334,10699971,8.08715629577637
"2012-07-31",16.9400005340576,17.1499996185303,16.8400001525879,16.8400001525879,11781108,8.07277679443359
"2012-08-01",16.6200008392334,17.0599994659424,16.6100006103516,16.7999992370605,12065365,8.0536003112793
"2012-08-02",16.7800006866455,17.3400001525879,16.4300003051758,16.4899997711182,19667599,7.90499258041382
"2012-08-03",16.6399993896484,17.6399993896484,16.4099998474121,17.6399993896484,20874465,8.4562816619873
"2012-08-06",17.5799999237061,17.8099994659424,17.3600006103516,17.7000007629395,13028497,8.4850435256958
"2012-08-07",17.7099990844727,18.0699996948242,17.6900005340576,18.0200004577637,17336400,8.6384449005127
"2012-08-08",17.9899997711182,18.0699996948242,17.8799991607666,18.0599994659424,13569608,8.65761852264404
"2012-08-09",18.0900001525879,18.1499996185303,17.7399997711182,17.8999996185303,11482088,8.58092021942139
"2012-08-10",17.7700004577637,17.9200000762939,17.6900005340576,17.8500003814697,6931572,8.55694961547852
"2012-08-13",17.7999992370605,17.9200000762939,17.7000007629395,17.75,7612249,8.50901317596436
"2012-08-14",17.8700008392334,17.9099998474121,17.7999992370605,17.8999996185303,5456646,8.58092021942139
"2012-08-16",17.7700004577637,17.8999996185303,17.7299995422363,17.8700008392334,9411373,8.56653785705566
"2012-08-17",17.9500007629395,17.9799995422363,17.8199996948242,17.9200000762939,9959331,8.5905065536499
"2012-08-20",17.9099998474121,18.0300006866455,17.6800003051758,17.8099994659424,7917539,8.53777503967285
"2012-08-21",17.8899993896484,18.0100002288818,17.8600006103516,18.0100002288818,7945525,8.63365173339844
"2012-08-22",17.8299999237061,17.9300003051758,17.6800003051758,17.7000007629395,7843180,8.4850435256958
"2012-08-23",17.7800006866455,17.8400001525879,17.4599990844727,17.5200004577637,7597488,8.39875507354736
"2012-08-24",17.5499992370605,17.5799999237061,17.2800006866455,17.4099998474121,10718128,8.34602165222168
"2012-08-27",17.3600006103516,17.5300006866455,17.2900009155273,17.5,5274651,8.38916492462158
"2012-08-28",17.4599990844727,17.5,17.3299999237061,17.4699993133545,5486325,8.37478446960449
"2012-08-29",17.5,17.5499992370605,17.4400005340576,17.5,6776096,8.38916492462158
"2012-08-30",17.4300003051758,17.4699993133545,17.2600002288818,17.3400001525879,7845492,8.31246471405029
"2012-08-31",17.3899993896484,17.6200008392334,17.3199996948242,17.6200008392334,10987591,8.44669246673584
"2012-09-03",17.4899997711182,17.5799999237061,17.4300003051758,17.5200004577637,8275093,8.39875507354736
"2012-09-04",17.4599990844727,17.5,17.2299995422363,17.2600002288818,9624884,8.27411556243896
"2012-09-05",17.2700004577637,17.3199996948242,17.0100002288818,17.0400009155273,11411934,8.16865062713623
"2012-09-06",17.1000003814697,17.7099990844727,17.0900001525879,17.6900005340576,18113791,8.48024940490723
"2012-09-07",17.8299999237061,18.1599998474121,17.7299995422363,17.9899997711182,20627588,8.62406253814697
"2012-09-10",17.9200000762939,17.9500007629395,17.7600002288818,17.8600006103516,8934963,8.56174468994141
"2012-09-11",17.6100006103516,18,17.6100006103516,17.9699993133545,12697401,8.61447525024414
"2012-09-12",17.75,18.0100002288818,17.7399997711182,17.9099998474121,17674042,8.58571338653564
"2012-09-13",17.8799991607666,18.0300006866455,17.8600006103516,17.9500007629395,10342111,8.60488891601562
"2012-09-14",18.6000003814697,18.7000007629395,18.5300006866455,18.7000007629395,23941188,8.9644250869751
"2012-09-17",18.5799999237061,18.6299991607666,18.4300003051758,18.5100002288818,9130830,8.87334251403809
"2012-09-18",18.3700008392334,18.4699993133545,18.2099990844727,18.2999992370605,11942603,8.77267074584961
"2012-09-19",18.3400001525879,18.5599994659424,18.3299999237061,18.4400005340576,12723209,8.8397855758667
"2012-09-20",18.3600006103516,18.3600006103516,18.1299991607666,18.2399997711182,12650083,8.74390697479248
"2012-09-21",18.2600002288818,18.5599994659424,18.2399997711182,18.5599994659424,16360254,8.89731025695801
"2012-09-24",18.1000003814697,18.2099990844727,17.9799995422363,17.9899997711182,12405190,8.88249778747559
"2012-09-25",17.9799995422363,18,17.7700004577637,17.9500007629395,10175328,8.86274909973145
"2012-09-26",17.7399997711182,17.7999992370605,17.4699993133545,17.4799995422363,12098804,8.6306848526001
"2012-09-27",17.5,17.5499992370605,17.2900009155273,17.3999996185303,10139007,8.59118747711182
"2012-09-28",17.4099998474121,17.5100002288818,17.0200004577637,17.0200004577637,11639748,8.40356540679932
"2012-10-01",17.0200004577637,17.3899993896484,16.9500007629395,17.3400001525879,11590560,8.56156349182129
"2012-10-02",17.3299999237061,17.3700008392334,17.2000007629395,17.2800006866455,12137218,8.53193950653076
"2012-10-03",17.1499996185303,17.25,17.1100006103516,17.1200008392334,9393445,8.45293807983398
"2012-10-04",17.1000003814697,17.1499996185303,16.9300003051758,17.0200004577637,14529815,8.40356540679932
"2012-10-05",17.1599998474121,17.4200000762939,17.1399993896484,17.4099998474121,19354968,8.59612560272217
"2012-10-08",17.2999992370605,17.3299999237061,17.1499996185303,17.1499996185303,6741341,8.46775150299072
"2012-10-09",17.2000007629395,17.5300006866455,17.0799999237061,17.2600002288818,18604152,8.52206325531006
"2012-10-10",17.2299995422363,17.6299991607666,17.2299995422363,17.5799999237061,12553830,8.68006229400635
"2012-10-11",17.3999996185303,17.5699996948242,17.3600006103516,17.4599990844727,11560100,8.62081146240234
"2012-10-12",17.4099998474121,17.5300006866455,17.2900009155273,17.2900009155273,11722196,8.53687477111816
"2012-10-15",17.2999992370605,17.5699996948242,17.2900009155273,17.5,8008767,8.64056205749512
"2012-10-16",17.6399993896484,17.8999996185303,17.5499992370605,17.8999996185303,11228591,8.83806133270264
"2012-10-17",17.9400005340576,18.1200008392334,17.8899993896484,18.0799999237061,11460373,8.92693519592285
"2012-10-18",18.0300006866455,18.1200008392334,17.7600002288818,17.9500007629395,9659220,8.86274909973145
"2012-10-19",17.9400005340576,17.9799995422363,17.6599998474121,17.6700000762939,10621345,8.72449779510498
"2012-10-22",17.7000007629395,17.7999992370605,17.5300006866455,17.5699996948242,7895656,8.675124168396
"2012-10-23",17.6200008392334,17.6800003051758,17.1800003051758,17.2600002288818,10053718,8.52206325531006
"2012-10-24",17.3999996185303,17.5499992370605,17.2700004577637,17.4899997711182,10167458,8.63562488555908
"2012-10-25",17.4500007629395,17.5599994659424,17.3700008392334,17.3700008392334,7751924,8.57637500762939
"2012-10-26",17.2299995422363,17.5799999237061,17.2299995422363,17.5,7548316,8.64056205749512
"2012-10-29",17.4099998474121,17.4400005340576,17.2700004577637,17.3299999237061,6631532,8.55662441253662
"2012-10-30",17.5200004577637,17.7000007629395,17.5100002288818,17.6900005340576,8278193,8.734375
"2012-10-31",17.7700004577637,17.9599990844727,17.7099990844727,17.7099990844727,10240661,8.74424839019775
"2012-11-01",17.6200008392334,17.8400001525879,17.4899997711182,17.8400001525879,8488917,8.80843448638916
"2012-11-02",17.8099994659424,17.9500007629395,17.6900005340576,17.7999992370605,6873420,8.78868389129639
"2012-11-05",17.7099990844727,17.7399997711182,17.5100002288818,17.5599994659424,6955170,8.67018795013428
"2012-11-06",17.5900001525879,17.8199996948242,17.5300006866455,17.7900009155273,6545959,8.7837495803833
"2012-11-07",17.8899993896484,17.9400005340576,17.4200000762939,17.4699993133545,11599960,8.62574863433838
"2012-11-08",17.6100006103516,17.6299991607666,17.3500003814697,17.3999996185303,8122419,8.59118747711182
"2012-11-09",17.3799991607666,17.5,17.2700004577637,17.4500007629395,7390911,8.61587429046631
"2012-11-12",17.5200004577637,17.5599994659424,17.3400001525879,17.4099998474121,4819094,8.59612560272217
"2012-11-13",17.3199996948242,17.5599994659424,17.2000007629395,17.5200004577637,8739628,8.6504373550415
"2012-11-14",17.4899997711182,17.6000003814697,17.4099998474121,17.4300003051758,5634189,8.60599994659424
"2012-11-15",17.3400001525879,17.5200004577637,17.3199996948242,17.4300003051758,5880761,8.60599994659424
"2012-11-16",17.4400005340576,17.4599990844727,17.1200008392334,17.1499996185303,10745130,8.46775150299072
"2012-11-19",17.2999992370605,17.6700000762939,17.2000007629395,17.6700000762939,7556640,8.72449779510498
"2012-11-20",17.6000003814697,17.7900009155273,17.5599994659424,17.7299995422363,5976242,8.75412273406982
"2012-11-21",17.6299991607666,17.8600006103516,17.6000003814697,17.8199996948242,6698989,8.79856204986572
"2012-11-22",17.8299999237061,17.9599990844727,17.7600002288818,17.9300003051758,6166993,8.85287189483643
"2012-11-23",17.9599990844727,18.0499992370605,17.8500003814697,18.0200004577637,5480095,8.89731121063232
"2012-11-26",17.9699993133545,17.9899997711182,17.75,17.7999992370605,6365132,8.78868389129639
"2012-11-27",17.9599990844727,17.9799995422363,17.7399997711182,17.8099994659424,6029317,8.79362297058105
"2012-11-28",17.8199996948242,17.9699993133545,17.7399997711182,17.9200000762939,8063647,8.84793472290039
"2012-11-29",18.0400009155273,18.2999992370605,17.9899997711182,18.2999992370605,12303957,9.03556060791016
"2012-11-30",18.2900009155273,18.3700008392334,18.1800003051758,18.1800003051758,7425780,8.97630786895752
"2012-12-03",18.2099990844727,18.4200000762939,18.0499992370605,18.1200008392334,10961071,8.94668388366699
"2012-12-04",18.1000003814697,18.25,18.0300006866455,18.2199993133545,5833317,8.99605751037598
"2012-12-05",18.3099994659424,18.4300003051758,17.8500003814697,17.8999996185303,15715817,8.83806133270264
"2012-12-06",17.75,18.0799999237061,17.6299991607666,17.8400001525879,14716143,8.80843448638916
"2012-12-07",17.9099998474121,17.9699993133545,17.6499996185303,17.8099994659424,8508459,8.79362297058105
"2012-12-10",17.6299991607666,17.8700008392334,17.4400005340576,17.8299999237061,9882436,8.80349922180176
"2012-12-11",17.9099998474121,17.9500007629395,17.7700004577637,17.9400005340576,6928802,8.85780906677246
"2012-12-12",17.9899997711182,18.1900005340576,17.8400001525879,18.1100006103516,8394824,8.94174766540527
"2012-12-13",18.1900005340576,18.2299995422363,18.0400009155273,18.1000003814697,8026475,8.93681049346924
"2012-12-14",18.1599998474121,18.2099990844727,18.0799999237061,18.1800003051758,5774493,8.97630786895752
"2012-12-17",18.2099990844727,18.25,18.0100002288818,18.25,6876289,9.01087188720703
"2012-12-18",18.2999992370605,18.3199996948242,18.1700000762939,18.2700004577637,8400496,9.02074813842773
"2012-12-19",18.3099994659424,18.5400009155273,18.2999992370605,18.5200004577637,9181619,9.14418411254883
"2012-12-20",18.4799995422363,18.5900001525879,18.4400005340576,18.5,9763078,9.13430690765381
"2012-12-21",18.3600006103516,18.5799999237061,18.3199996948242,18.5300006866455,9475785,9.14912033081055
"2012-12-27",18.4799995422363,18.6499996185303,18.4200000762939,18.5400009155273,5473511,9.15405941009521
"2012-12-28",18.6499996185303,18.6499996185303,18.3400001525879,18.3400001525879,4865868,9.05530738830566
"2013-01-02",18.6200008392334,18.9899997711182,18.5799999237061,18.9899997711182,10711209,9.37624549865723
"2013-01-03",18.9099998474121,18.9400005340576,18.7700004577637,18.9400005340576,6007871,9.35155773162842
"2013-01-04",18.9400005340576,19.0200004577637,18.8199996948242,19.0100002288818,6910610,9.3861198425293
"2013-01-07",18.9699993133545,18.9899997711182,18.6700000762939,18.75,7928308,9.25774383544922
"2013-01-08",18.7199993133545,18.8899993896484,18.6900005340576,18.8400001525879,5811855,9.30218029022217
"2013-01-09",18.8899993896484,19.1800003051758,18.8799991607666,19.1599998474121,8257109,9.46018028259277
"2013-01-10",19.1900005340576,19.3899993896484,19.1100006103516,19.2399997711182,9548310,9.49967956542969
"2013-01-11",19.3400001525879,19.3799991607666,19.2399997711182,19.3299999237061,7832917,9.54411506652832
"2013-01-14",19.3400001525879,19.3600006103516,19.0300006866455,19.1599998474121,7704224,9.46018028259277
"2013-01-15",19.1599998474121,19.3299999237061,19.0599994659424,19.3099994659424,7517700,9.53424072265625
"2013-01-16",19.2900009155273,19.3600006103516,19.1900005340576,19.3099994659424,6116340,9.53424072265625
"2013-01-17",19.3400001525879,19.5400009155273,19.2999992370605,19.4799995422363,7557568,9.61817932128906
"2013-01-18",19.5499992370605,19.5900001525879,19.1399993896484,19.2900009155273,9872441,9.5243673324585
"2013-01-21",19.3400001525879,19.3899993896484,19.2199993133545,19.3099994659424,4191340,9.53424072265625
"2013-01-22",19.3199996948242,19.4300003051758,19.0900001525879,19.3799991607666,9907996,9.56880474090576
"2013-01-23",19.3700008392334,19.4400005340576,19.2800006866455,19.3700008392334,5805789,9.56386756896973
"2013-01-24",19.3700008392334,19.4300003051758,19.25,19.3500003814697,7819103,9.55399417877197
"2013-01-25",19.2399997711182,19.3700008392334,19.1299991607666,19.2099990844727,8885264,9.48486804962158
"2013-01-28",19.2999992370605,19.3400001525879,19.1800003051758,19.2099990844727,6499728,9.48486804962158
"2013-01-29",19.2399997711182,19.3099994659424,19.1800003051758,19.3099994659424,6922330,9.53424072265625
"2013-01-30",18.2099990844727,18.5699996948242,18.1599998474121,18.3999996185303,39493629,9.08493328094482
"2013-01-31",18.4099998474121,18.6399993896484,18.3199996948242,18.4899997711182,13526627,9.12936973571777
"2013-02-01",18.4200000762939,18.5300006866455,18.3600006103516,18.4899997711182,8804334,9.12936973571777
"2013-02-04",18.4799995422363,18.5400009155273,17.8799991607666,17.8799991607666,11215415,8.82818508148193
"2013-02-05",17.7999992370605,18.2600002288818,17.7099990844727,18.2399997711182,10356704,9.00593280792236
"2013-02-06",18.1800003051758,18.2900009155273,18.0100002288818,18.1700000762939,8958646,8.9713716506958
"2013-02-07",18.2299995422363,18.3799991607666,17.2000007629395,17.3299999237061,22898956,8.55662441253662
"2013-02-08",17.2800006866455,17.6100006103516,17,17.4300003051758,22256955,8.60599994659424
"2013-02-11",17.3999996185303,17.4799995422363,17.2399997711182,17.3099994659424,9091231,8.54675006866455
"2013-02-12",17.2600002288818,17.5400009155273,17.1900005340576,17.4799995422363,7920373,8.6306848526001
"2013-02-13",17.5599994659424,17.7700004577637,17.4799995422363,17.6399993896484,9425962,8.70968818664551
"2013-02-14",17.5499992370605,17.5699996948242,17.2999992370605,17.3199996948242,10241542,8.55168628692627
"2013-02-15",17.6000003814697,17.9699993133545,17.6000003814697,17.6900005340576,17203911,8.734375
"2013-02-18",17.5900001525879,17.7000007629395,17.5200004577637,17.6399993896484,6374818,8.70968818664551
"2013-02-19",17.6299991607666,17.8899993896484,17.6100006103516,17.8400001525879,8535132,8.80843448638916
"2013-02-20",17.8099994659424,17.8700008392334,17.6399993896484,17.6800003051758,7378389,8.72943687438965
"2013-02-21",17.5599994659424,17.5900001525879,17.2700004577637,17.2700004577637,12504470,8.52700042724609
"2013-02-22",17.2900009155273,17.5100002288818,17.2700004577637,17.4799995422363,8345306,8.6306848526001
"2013-02-25",17.6000003814697,17.9699993133545,17.3799991607666,17.5400009155273,17300220,8.66031265258789
"2013-02-26",17,17.3500003814697,16.9599990844727,17.0100002288818,19541278,8.39862537384033
"2013-02-27",17.1000003814697,17.3999996185303,17.0499992370605,17.3799991607666,11332593,8.5813102722168
"2013-02-28",17.4400005340576,17.5499992370605,17.2900009155273,17.4599990844727,8833744,8.62081146240234
"2013-03-01",17.4099998474121,17.4300003051758,17.2299995422363,17.2299995422363,8022090,8.50725078582764
"2013-03-04",17.1900005340576,17.3199996948242,17.0499992370605,17.25,7113905,8.51712322235107
"2013-03-05",17.3999996185303,17.7800006866455,17.3899993896484,17.7800006866455,8221902,8.77881145477295
"2013-03-06",17.7199993133545,18.1000003814697,17.7199993133545,17.8500003814697,12499767,8.81337356567383
"2013-03-07",17.9799995422363,18.1499996185303,17.9699993133545,18.1100006103516,7838199,8.94174766540527
"2013-03-08",18.2000007629395,18.2399997711182,18,18.0900001525879,9201507,8.93187236785889
"2013-03-11",17.9400005340576,18.0799999237061,17.9200000762939,18.0400009155273,7738521,8.90718460083008
"2013-03-12",18.0300006866455,18.3600006103516,18.0100002288818,18.1800003051758,11216614,8.97630786895752
"2013-03-13",18.1599998474121,18.2099990844727,17.8999996185303,17.9300003051758,9388277,8.85287189483643
"2013-03-14",18.0699996948242,18.4899997711182,18.0699996948242,18.4899997711182,18349968,9.12936973571777
"2013-03-15",18.5799999237061,18.5900001525879,18.2299995422363,18.2299995422363,16988561,9.00099658966064
"2013-03-18",17.9799995422363,18.1299991607666,17.8099994659424,18.1200008392334,11178761,8.94668388366699
"2013-03-19",18.0499992370605,18.1000003814697,17.8099994659424,17.8600006103516,13516972,8.81831169128418
"2013-03-20",18,18.2399997711182,17.9099998474121,18.2000007629395,10723947,8.98618602752686
"2013-03-21",18.1399993896484,18.25,18.0200004577637,18.1100006103516,7995528,8.94174766540527
"2013-03-22",18.0400009155273,18.3799991607666,18.0200004577637,18.1700000762939,8811172,8.9713716506958
"2013-03-25",18.3700008392334,18.4099998474121,17.9599990844727,17.9799995422363,11393809,8.87755870819092
"2013-03-26",18.0599994659424,18.1499996185303,17.7800006866455,17.8199996948242,12984915,8.79856204986572
"2013-03-27",17.9699993133545,17.9699993133545,17.5100002288818,17.6299991607666,11329388,8.70474910736084
"2013-03-28",17.6100006103516,17.7900009155273,17.4799995422363,17.5300006866455,9144879,8.65537452697754
"2013-04-02",17.5699996948242,18,17.5200004577637,18,11114040,8.8874340057373
"2013-04-03",17.9200000762939,17.9699993133545,17.5799999237061,17.5799999237061,8877046,8.68006229400635
"2013-04-04",17.6399993896484,17.8600006103516,17.5,17.5599994659424,9958918,8.67018795013428
"2013-04-05",17.6200008392334,17.6800003051758,17.2700004577637,17.4599990844727,11770654,8.62081146240234
"2013-04-08",17.5599994659424,17.7399997711182,17.5400009155273,17.5799999237061,7943438,8.68006229400635
"2013-04-09",17.7199993133545,17.8600006103516,17.6499996185303,17.8600006103516,8509098,8.81831169128418
"2013-04-10",17.8600006103516,18.1000003814697,17.8099994659424,18.1000003814697,10446040,8.93681049346924
"2013-04-11",18.0499992370605,18.1499996185303,18.0100002288818,18.0799999237061,8057338,8.92693519592285
"2013-04-12",18.0100002288818,18.0499992370605,17.8099994659424,17.8400001525879,8131675,8.80843448638916
"2013-04-15",17.7999992370605,17.9400005340576,17.6000003814697,17.6399993896484,9116725,8.70968818664551
"2013-04-16",17.5599994659424,17.6900005340576,17.4400005340576,17.4599990844727,8550955,8.62081146240234
"2013-04-17",17.5699996948242,17.6000003814697,17,17.2800006866455,11548377,8.53193950653076
"2013-04-18",17.4400005340576,17.5,17.2800006866455,17.3500003814697,9060862,8.56649971008301
"2013-04-19",17.5499992370605,17.6100006103516,17.3600006103516,17.3899993896484,11958530,8.58625030517578
"2013-04-22",17.5200004577637,17.6399993896484,17.3199996948242,17.4699993133545,11707814,8.62574863433838
"2013-04-23",17.5,17.7000007629395,17.3500003814697,17.7000007629395,14340178,8.73931121826172
"2013-04-24",17.7399997711182,18.2299995422363,17.7000007629395,18.1299991607666,14421282,8.95162200927734
"2013-04-25",17.8500003814697,17.9799995422363,17.6499996185303,17.9799995422363,13184404,8.87755870819092
"2013-04-26",18,18,17.7199993133545,17.8600006103516,9254364,8.81831169128418
"2013-04-29",17.8500003814697,18.2199993133545,17.8299999237061,18.1599998474121,10037575,8.9664363861084
"2013-04-30",18.25,18.2600002288818,18.0100002288818,18.1599998474121,9427364,8.9664363861084
"2013-05-02",18.0300006866455,18.2399997711182,17.8500003814697,18.1100006103516,15063058,8.94174766540527
"2013-05-03",18.1900005340576,18.4200000762939,18.0499992370605,18.4200000762939,10814811,9.09480953216553
"2013-05-06",18.3700008392334,18.4400005340576,18.2600002288818,18.3999996185303,5700080,9.08493328094482
"2013-05-07",18.4400005340576,18.5499992370605,18.4099998474121,18.5200004577637,8662138,9.14418411254883
"2013-05-08",18.5300006866455,18.5599994659424,18.4300003051758,18.5,8206550,9.13430690765381
"2013-05-09",18.5499992370605,18.5499992370605,18.3500003814697,18.4599990844727,8231419,9.11455917358398
"2013-05-10",18.5300006866455,18.6499996185303,18.4099998474121,18.5900001525879,13725110,9.17874622344971
"2013-05-13",18.5499992370605,18.6100006103516,18.4799995422363,18.5,12116350,9.13430690765381
"2013-05-14",18.6000003814697,18.9599990844727,18.4799995422363,18.8999996185303,15181077,9.33180809020996
"2013-05-15",18.8999996185303,18.9699993133545,18.7399997711182,18.9699993133545,14522172,9.36636829376221
"2013-05-16",18.8700008392334,18.9400005340576,18.8099994659424,18.8500003814697,14527674,9.30711936950684
"2013-05-17",18.7600002288818,19.1200008392334,18.7600002288818,18.9799995422363,23630585,9.37130641937256
"2013-05-20",18.6000003814697,18.6399993896484,18.3700008392334,18.4899997711182,8784009,9.3967170715332
"2013-05-21",18.5100002288818,18.5499992370605,18.2399997711182,18.3299999237061,9797224,9.31540489196777
"2013-05-22",18.3400001525879,18.5300006866455,18.3099994659424,18.4899997711182,9936218,9.3967170715332
"2013-05-23",18.1100006103516,18.2399997711182,17.9899997711182,18.0100002288818,12078303,9.15277862548828
"2013-05-24",18.0200004577637,18.0699996948242,17.7299995422363,17.75,9979122,9.02064514160156
"2013-05-27",17.75,18.0400009155273,17.7399997711182,18.0400009155273,4562568,9.16802597045898
"2013-05-28",18.2399997711182,18.4500007629395,18.2000007629395,18.4400005340576,8200708,9.37130641937256
"2013-05-29",18.2700004577637,18.3099994659424,18.1000003814697,18.1000003814697,8997988,9.19851779937744
"2013-05-30",17.9699993133545,18.0900001525879,17.8400001525879,17.8400001525879,9699036,9.06638431549072
"2013-05-31",17.9400005340576,17.9799995422363,17.5,17.5,12237869,8.89359474182129
"2013-06-03",17.5,17.8099994659424,17.3999996185303,17.5900001525879,12134121,8.93933391571045
"2013-06-04",17.6499996185303,17.7700004577637,17.5699996948242,17.6499996185303,6428760,8.96982383728027
"2013-06-05",17.5100002288818,17.6900005340576,17.3199996948242,17.3199996948242,9603138,8.80211639404297
"2013-06-06",17.3199996948242,17.3899993896484,17,17,11599600,8.63949108123779
"2013-06-07",17.0599994659424,17.3600006103516,16.9599990844727,17.2999992370605,13334211,8.79195213317871
"2013-06-10",17.2399997711182,17.2800006866455,17.0699996948242,17.2299995422363,9681543,8.75637817382812
"2013-06-11",17.1399993896484,17.1900005340576,16.8099994659424,17.0100002288818,12633776,8.64457416534424
"2013-06-12",16.9200000762939,17.1000003814697,16.7600002288818,16.7600002288818,11820705,8.51752090454102
"2013-06-13",16.5799999237061,16.75,16.5,16.6299991607666,13172733,8.45145511627197
"2013-06-14",16.8099994659424,16.9300003051758,16.6700000762939,16.8400001525879,12437653,8.55817890167236
"2013-06-17",16.1000003814697,16.6299991607666,16.0200004577637,16.4799995422363,23113666,8.3752269744873
"2013-06-18",16.4300003051758,16.4699993133545,16.2600002288818,16.2600002288818,11919624,8.26341915130615
"2013-06-19",16.3600006103516,16.3799991607666,16.0799999237061,16.0799999237061,12856257,8.17194271087646
"2013-06-20",15.960000038147,16.1299991607666,15.5299997329712,15.5799999237061,21666986,7.91783905029297
"2013-06-21",15.5600004196167,15.789999961853,15.3999996185303,15.4799995422363,21772458,7.867018699646
"2013-06-24",15.4799995422363,15.6300001144409,15.3199996948242,15.4099998474121,15640279,7.83144521713257
"2013-06-25",15.6000003814697,15.6099996566772,15.1599998474121,15.289999961853,14686453,7.77046012878418
"2013-06-26",15.3299999237061,15.6899995803833,15.2700004577637,15.6899995803833,11651910,7.97374248504639
"2013-06-27",15.710000038147,15.9300003051758,15.5699996948242,15.8400001525879,9831530,8.04997158050537
"2013-06-28",15.9300003051758,15.9799995422363,15.7200002670288,15.7799997329712,10206432,8.01948070526123
"2013-07-01",15.8900003433228,16.0300006866455,15.7799997329712,15.9700002670288,7834157,8.11604022979736
"2013-07-02",16.0699996948242,16.0799999237061,15.6300001144409,15.7799997329712,10875409,8.01948070526123
"2013-07-03",15.6499996185303,15.7799997329712,15.4799995422363,15.710000038147,10937409,7.9839072227478
"2013-07-04",15.8400001525879,16.1499996185303,15.710000038147,16.1499996185303,12136199,8.20751571655273
"2013-07-05",16.1499996185303,16.1900005340576,15.75,15.75,11909267,8.00423431396484
"2013-07-08",15.8699998855591,15.9300003051758,15.75,15.8599996566772,9367882,8.06013774871826
"2013-07-09",15.9399995803833,15.9899997711182,15.710000038147,15.789999961853,9759784,8.02456188201904
"2013-07-10",15.7700004577637,15.8599996566772,15.6499996185303,15.75,7538804,8.00423431396484
"2013-07-11",15.9799995422363,16.0400009155273,15.8699998855591,15.9399995803833,10812050,8.10079383850098
"2013-07-12",16.0499992370605,16.3299999237061,16,16,11856214,8.13128757476807
"2013-07-15",16.0300006866455,16.2399997711182,16.0200004577637,16.2399997711182,7323305,8.25325298309326
"2013-07-16",16.1900005340576,16.3199996948242,16.1200008392334,16.1599998474121,8381948,8.21259784698486
"2013-07-17",16.1599998474121,16.4200000762939,16.0499992370605,16.4200000762939,10332920,8.3447322845459
"2013-07-18",16.3999996185303,16.6700000762939,16.3799991607666,16.6100006103516,11291443,8.44129180908203
"2013-07-19",16.4899997711182,16.6399993896484,16.4699993133545,16.6399993896484,8212854,8.45653629302979
"2013-07-22",16.7000007629395,16.7999992370605,16.6299991607666,16.6800003051758,6692975,8.47686672210693
"2013-07-23",16.7099990844727,16.7900009155273,16.6299991607666,16.6399993896484,7054418,8.45653629302979
"2013-07-24",16.7299995422363,16.9699993133545,16.7000007629395,16.9599990844727,9297768,8.61916255950928
"2013-07-25",16.9699993133545,16.9699993133545,16.7800006866455,16.8799991607666,7696190,8.57850742340088
"2013-07-26",16.9200000762939,16.9599990844727,16.6299991607666,16.7299995422363,9263013,8.50227355957031
"2013-07-29",16.7800006866455,16.7800006866455,16.4300003051758,16.4500007629395,6031958,8.35997676849365
"2013-07-30",16.4599990844727,16.7000007629395,16.4500007629395,16.6599998474121,8144800,8.46670150756836
"2013-07-31",16.5599994659424,16.6299991607666,16.4599990844727,16.6100006103516,6516300,8.44129180908203
"2013-08-01",16.7800006866455,17.1499996185303,16.7099990844727,17.1499996185303,12394097,8.71572208404541
"2013-08-02",17.1499996185303,17.2600002288818,17.0599994659424,17.2600002288818,9186486,8.77162551879883
"2013-08-05",17.2700004577637,17.3700008392334,16.9699993133545,17.1700000762939,7461886,8.72588729858398
"2013-08-06",17.1800003051758,17.25,16.9099998474121,16.9799995422363,9350971,8.62932682037354
"2013-08-07",16.9200000762939,17.1000003814697,16.7900009155273,17.0499992370605,8103453,8.66490077972412
"2013-08-08",17.0100002288818,17.1700000762939,16.9400005340576,17.1700000762939,5732664,8.72588729858398
"2013-08-09",17.1599998474121,17.1700000762939,16.9699993133545,17.0900001525879,6275284,8.68522930145264
"2013-08-12",17.0900001525879,17.1200008392334,16.9099998474121,17.0699996948242,5502270,8.6750659942627
"2013-08-13",17.1599998474121,17.2299995422363,17.1100006103516,17.1800003051758,5912516,8.7309684753418
"2013-08-14",17.2199993133545,17.3199996948242,17.1299991607666,17.2800006866455,5273401,8.78178882598877
"2013-08-16",17.1399993896484,17.4200000762939,17.1200008392334,17.3600006103516,9354692,8.82244396209717
"2013-08-19",17.3600006103516,17.3799991607666,16.9400005340576,17.0300006866455,9210335,8.65473651885986
"2013-08-20",16.9899997711182,17.0100002288818,16.75,16.7999992370605,8008408,8.53784942626953
"2013-08-21",16.8700008392334,16.9400005340576,16.6399993896484,16.6399993896484,6942820,8.45653629302979
"2013-08-22",16.7000007629395,17.0699996948242,16.6800003051758,17.0400009155273,7662558,8.65981864929199
"2013-08-23",17.0100002288818,17.4400005340576,16.8600006103516,17.4300003051758,10289090,8.8580207824707
"2013-08-26",17.3799991607666,17.3799991607666,17.1299991607666,17.2299995422363,6047706,8.75637817382812
"2013-08-27",17.1800003051758,17.3799991607666,17,17.1900005340576,12025500,8.73605060577393
"2013-08-28",17.25,17.7700004577637,17.25,17.6800003051758,18467140,8.98507022857666
"2013-08-29",17.6800003051758,17.6800003051758,17.4599990844727,17.6399993896484,10162707,8.96474361419678
"2013-08-30",17.5200004577637,17.5300006866455,17.2800006866455,17.2800006866455,9000228,8.78178882598877
"2013-09-02",17.3500003814697,17.5200004577637,17.2999992370605,17.5200004577637,6771098,8.90375709533691
"2013-09-03",17.4699993133545,17.5499992370605,17.3099994659424,17.3500003814697,8395657,8.81736373901367
"2013-09-04",17.3999996185303,17.4599990844727,17.2000007629395,17.2999992370605,11199275,8.79195213317871
"2013-09-05",17.25,17.3199996948242,17.0900001525879,17.2700004577637,8530207,8.77670764923096
"2013-09-06",17.25,17.4099998474121,17.1200008392334,17.4099998474121,13341616,8.84785747528076
"2013-09-09",17.3299999237061,17.3500003814697,17.0599994659424,17.25,10180608,8.7665433883667
"2013-09-10",17.3199996948242,17.3700008392334,17.1700000762939,17.3400001525879,15314110,8.81228160858154
"2013-09-11",17.3600006103516,17.3600006103516,17.2099990844727,17.3400001525879,17218581,8.81228160858154
"2013-09-12",17.2600002288818,17.4200000762939,17.2399997711182,17.3299999237061,18252014,8.8071985244751
"2013-09-13",17.25,17.6200008392334,17.25,17.5200004577637,27876452,8.90375709533691
"2013-09-16",17.4799995422363,17.6299991607666,17.4799995422363,17.5599994659424,17572745,8.92408847808838
"2013-09-17",17.5300006866455,17.5900001525879,17.4200000762939,17.5300006866455,28170912,8.90884113311768
"2013-09-18",17.5599994659424,17.6399993896484,17.4799995422363,17.6399993896484,27731496,8.96474361419678
"2013-09-19",17.7900009155273,17.8400001525879,17.6200008392334,17.8400001525879,19169645,9.06638431549072
"2013-09-20",17.8999996185303,17.9699993133545,17.75,17.9500007629395,15568628,9.12228775024414
"2013-09-23",17.5100002288818,17.6000003814697,17.3299999237061,17.3299999237061,12923492,9.08558464050293
"2013-09-24",17.1800003051758,17.3199996948242,17.1700000762939,17.2700004577637,12422391,9.05413341522217
"2013-09-25",17.2199993133545,17.3400001525879,17.1299991607666,17.2999992370605,10023696,9.06985950469971
"2013-09-26",17.2900009155273,17.3199996948242,17.0900001525879,17.1200008392334,10154115,8.97549057006836
"2013-09-27",17.2399997711182,17.2800006866455,17.0799999237061,17.1100006103516,8393832,8.97024917602539
"2013-09-30",16.9500007629395,17.0200004577637,16.8099994659424,16.9500007629395,11202023,8.8863639831543
"2013-10-01",17.2900009155273,17.2900009155273,16.9699993133545,17.2900009155273,10964481,9.06461906433105
"2013-10-02",17.2199993133545,17.3700008392334,17.1499996185303,17.2199993133545,12790935,9.02791690826416
"2013-10-03",17.1000003814697,17.3099994659424,17.0900001525879,17.1000003814697,8884397,8.96500682830811
"2013-10-04",17.2000007629395,17.2399997711182,17.0799999237061,17.2000007629395,8433929,9.01743412017822
"2013-10-07",17.1399993896484,17.2099990844727,17.0900001525879,17.1399993896484,8767441,8.98597812652588
"2013-10-08",17.1100006103516,17.2399997711182,17.1100006103516,17.1100006103516,11188360,8.97024917602539
"2013-10-09",17.2000007629395,17.3700008392334,17.1200008392334,17.2000007629395,10744827,9.01743412017822
"2013-10-10",17.4699993133545,17.4799995422363,17.2000007629395,17.4699993133545,11410509,9.1589822769165
"2013-10-11",17.4699993133545,17.5499992370605,17.3999996185303,17.4699993133545,7886635,9.1589822769165
"2013-10-14",17.4200000762939,17.5100002288818,17.3199996948242,17.4799995422363,7134893,9.16422653198242
"2013-10-15",17.5,17.6700000762939,17.4200000762939,17.6000003814697,9269870,9.22713851928711
"2013-10-16",17.6200008392334,17.9899997711182,17.6200008392334,17.8500003814697,13010805,9.3582067489624
"2013-10-17",17.8299999237061,17.8400001525879,17.6599998474121,17.6800003051758,11577951,9.26908111572266
"2013-10-18",17.7299995422363,17.7700004577637,17.5599994659424,17.7700004577637,8933795,9.31626510620117
"2013-10-21",17.7800006866455,17.7999992370605,17.6599998474121,17.7299995422363,5797379,9.29529666900635
"2013-10-22",17.7600002288818,18.0200004577637,17.7199993133545,17.9099998474121,11530194,9.38966369628906
"2013-10-23",17.8299999237061,17.8500003814697,17.5599994659424,17.6599998474121,9742704,9.25859642028809
"2013-10-24",17.75,17.8299999237061,17.5100002288818,17.8299999237061,8673468,9.3477201461792
"2013-10-25",17.75,17.9099998474121,17.7199993133545,17.8999996185303,9597740,9.38441848754883
"2013-10-28",17.9300003051758,18.0400009155273,17.7900009155273,17.8400001525879,9916455,9.35296630859375
"2013-10-29",17.8600006103516,18.1100006103516,17.8500003814697,18.1100006103516,10053055,9.49451732635498
"2013-10-30",18.5900001525879,18.8700008392334,18.3299999237061,18.3500003814697,25492891,9.62034320831299
"2013-10-31",18.2999992370605,18.6499996185303,18.1499996185303,18.6499996185303,12133814,9.77762222290039
"2013-11-01",18.6599998474121,18.6599998474121,18.3899993896484,18.3999996185303,6165406,9.64655590057373
"2013-11-04",18.3600006103516,18.4899997711182,18.2700004577637,18.4899997711182,5789762,9.69373893737793
"2013-11-05",18.5,18.5699996948242,18.2600002288818,18.2999992370605,7321650,9.59412860870361
"2013-11-06",18.2999992370605,18.3600006103516,18.2199993133545,18.3600006103516,8716083,9.62558650970459
"2013-11-07",18.3600006103516,18.5400009155273,17.9599990844727,17.9799995422363,14931536,9.42636203765869
"2013-11-08",17.8999996185303,18.0100002288818,17.8199996948242,17.9699993133545,10154945,9.42111968994141
"2013-11-11",17.9699993133545,18.0599994659424,17.9099998474121,18.0499992370605,5439299,9.46306037902832
"2013-11-12",17.9500007629395,18.0300006866455,17.8999996185303,17.8999996185303,6981916,9.38441848754883
"2013-11-13",17.8799991607666,17.9699993133545,17.7999992370605,17.7999992370605,7511341,9.33199214935303
"2013-11-14",18,18,17.7800006866455,17.9899997711182,7013433,9.43160533905029
"2013-11-15",18.0200004577637,18.0699996948242,17.9099998474121,18.0599994659424,7715534,9.46830368041992
"2013-11-18",18.0499992370605,18.4400005340576,17.9300003051758,18.3999996185303,10290574,9.64655590057373
"2013-11-19",18.3299999237061,18.3299999237061,18.0100002288818,18.0200004577637,8076006,9.44733142852783
"2013-11-20",17.9799995422363,18.1599998474121,17.9599990844727,18.0400009155273,8642609,9.45781898498535
"2013-11-21",17.9699993133545,18.1499996185303,17.8700008392334,17.9599990844727,9727753,9.41587734222412
"2013-11-22",17.9300003051758,18.0799999237061,17.8899993896484,17.9400005340576,5511085,9.40539073944092
"2013-11-25",18,18.0200004577637,17.7600002288818,17.8700008392334,6318165,9.36869430541992
"2013-11-26",17.8799991607666,17.8899993896484,17.7099990844727,17.7099990844727,5438514,9.28481006622314
"2013-11-27",17.7900009155273,17.8199996948242,17.6800003051758,17.7399997711182,6540746,9.30053615570068
"2013-11-28",17.7399997711182,17.9799995422363,17.7399997711182,17.75,6042481,9.30577945709229
"2013-11-29",17.75,17.8700008392334,17.7099990844727,17.7099990844727,3863901,9.28481006622314
"2013-12-02",17.7700004577637,17.7700004577637,17.5,17.5499992370605,6923591,9.200927734375
"2013-12-03",17.5599994659424,17.5900001525879,17.2099990844727,17.2099990844727,11189128,9.02267265319824
"2013-12-04",17.3199996948242,17.3299999237061,17.0200004577637,17.1499996185303,11433249,8.99121952056885
"2013-12-05",17.1100006103516,17.2000007629395,16.9099998474121,16.9099998474121,11173631,8.86539459228516
"2013-12-06",16.9799995422363,17.1000003814697,16.7999992370605,17.0200004577637,11628313,8.92306518554688
"2013-12-09",17.0499992370605,17.1700000762939,17.0100002288818,17.0900001525879,6359324,8.95976257324219
"2013-12-10",17.0599994659424,17.1399993896484,16.9500007629395,16.9500007629395,6464770,8.8863639831543
"2013-12-11",16.8999996185303,16.9200000762939,16.5200004577637,16.5900001525879,14622668,8.69762897491455
"2013-12-12",16.5799999237061,16.6800003051758,16.3700008392334,16.3899993896484,12557255,8.59277439117432
"2013-12-13",16.3899993896484,16.5100002288818,16.2999992370605,16.2999992370605,8496375,8.5455904006958
"2013-12-16",16.2999992370605,16.6800003051758,16.2000007629395,16.6800003051758,10614733,8.74481296539307
"2013-12-17",16.5300006866455,16.6200008392334,16.3500003814697,16.3700008392334,8906036,8.58228874206543
"2013-12-18",16.4099998474121,16.5400009155273,16.3600006103516,16.4699993133545,6902196,8.63471508026123
"2013-12-19",16.6000003814697,16.8799991607666,16.5900001525879,16.8799991607666,9111981,8.84966468811035
"2013-12-20",16.9899997711182,17.0900001525879,16.9099998474121,17.0900001525879,14126488,8.95976257324219
"2013-12-23",17.1200008392334,17.3099994659424,16.9799995422363,17.2900009155273,7898192,9.06461906433105
"2013-12-27",17.4699993133545,17.5699996948242,17.3600006103516,17.5699996948242,6043236,9.21141147613525
"2013-12-30",17.5699996948242,17.6000003814697,17.4799995422363,17.4899997711182,6179261,9.16946983337402
"2014-01-02",17.5699996948242,17.6499996185303,17.3199996948242,17.3199996948242,9307779,9.08034324645996
"2014-01-03",17.3799991607666,17.5400009155273,17.3500003814697,17.4799995422363,5960402,9.16422653198242
"2014-01-06",17.5599994659424,17.6599998474121,17.5200004577637,17.5799999237061,6489354,9.21665477752686
"2014-01-07",17.5799999237061,17.6800003051758,17.5,17.6599998474121,8635457,9.25859642028809
"2014-01-08",17.6599998474121,17.6700000762939,17.3099994659424,17.3700008392334,8378867,9.10655689239502
"2014-01-09",17.3999996185303,17.5499992370605,17.25,17.2700004577637,10761519,9.05413341522217
"2014-01-10",17.3500003814697,17.4699993133545,17.3099994659424,17.3999996185303,7734123,9.12228679656982
"2014-01-13",17.4799995422363,17.4899997711182,17.2700004577637,17.3299999237061,6842456,9.08558464050293
"2014-01-14",17.25,17.2700004577637,17.1299991607666,17.2099990844727,8865998,9.02267265319824
"2014-01-15",17.1599998474121,17.2900009155273,17.1000003814697,17.2900009155273,9768408,9.06461906433105
"2014-01-16",17.2600002288818,17.2999992370605,17.1800003051758,17.2399997711182,8897134,9.03840255737305
"2014-01-17",17.1900005340576,17.2900009155273,17.1499996185303,17.2299995422363,12497965,9.03316020965576
"2014-01-20",17.2000007629395,17.3700008392334,17.1700000762939,17.3700008392334,5667723,9.10655689239502
"2014-01-21",17.4099998474121,17.5699996948242,17.3700008392334,17.3899993896484,9627499,9.11704349517822
"2014-01-22",17.4899997711182,17.5599994659424,17.4400005340576,17.5200004577637,7530959,9.18519878387451
"2014-01-23",17.5300006866455,17.6800003051758,17.3600006103516,17.3899993896484,10424202,9.11704349517822
"2014-01-24",17.3799991607666,17.4500007629395,16.9099998474121,16.9099998474121,18652622,8.86539459228516
"2014-01-27",16.9500007629395,17.0900001525879,16.8700008392334,16.9799995422363,11212484,8.90209197998047
"2014-01-28",17.0200004577637,17.0400009155273,16.8299999237061,16.8899993896484,8963339,8.85490894317627
"2014-01-29",16.9599990844727,17.0400009155273,16.6100006103516,16.7299995422363,15212441,8.77102565765381
"2014-01-30",16.7199993133545,16.9400005340576,16.7199993133545,16.8999996185303,10002236,8.86015129089355
"2014-01-31",16.8899993896484,16.9400005340576,16.6000003814697,16.8500003814697,11909207,8.8339376449585
"2014-02-03",16.8099994659424,16.9300003051758,16.5,16.5100002288818,13313934,8.655686378479
"2014-02-04",16.4599990844727,16.5400009155273,16.3500003814697,16.4300003051758,13961548,8.61374473571777
"2014-02-05",16.3700008392334,16.4099998474121,16.2000007629395,16.25,14858778,8.51937675476074
"2014-02-06",16.3199996948242,16.4699993133545,16.2399997711182,16.4599990844727,15117828,8.62947177886963
"2014-02-07",16.4500007629395,16.5200004577637,16.2199993133545,16.5200004577637,16360991,8.66093158721924
"2014-02-10",16.5900001525879,16.6200008392334,16.4400005340576,16.5900001525879,7908685,8.69762897491455
"2014-02-11",16.6200008392334,16.8799991607666,16.6000003814697,16.7999992370605,10827952,8.80772304534912
"2014-02-12",16.7999992370605,17.1100006103516,16.75,17.0100002288818,13128653,8.91782474517822
"2014-02-13",17.1100006103516,17.1900005340576,16.8299999237061,16.9799995422363,16677410,8.90209197998047
"2014-02-14",17.0799999237061,17.2999992370605,16.9699993133545,17.2600002288818,16369605,9.04888916015625
"2014-02-17",17.2800006866455,17.3199996948242,17.2000007629395,17.25,5808521,9.04364681243896
"2014-02-18",17.25,17.2800006866455,17.1000003814697,17.25,8805588,9.04364681243896
"2014-02-19",17.2399997711182,17.3999996185303,17.1599998474121,17.3299999237061,8625949,9.08558464050293
"2014-02-20",17.1900005340576,17.3500003814697,17.1800003051758,17.3199996948242,9471378,9.08034324645996
"2014-02-21",17.3099994659424,17.3600006103516,17.2199993133545,17.3600006103516,8533855,9.10131645202637
"2014-02-24",17.2800006866455,17.4200000762939,17.1900005340576,17.4200000762939,7765266,9.13277053833008
"2014-02-25",17.3600006103516,17.4899997711182,17.3299999237061,17.4799995422363,9318824,9.16422653198242
"2014-02-26",17.4400005340576,17.4799995422363,17.3700008392334,17.4799995422363,10786114,9.16422653198242
"2014-02-27",17.4300003051758,17.4699993133545,17.2399997711182,17.3799991607666,10499498,9.11180019378662
"2014-02-28",17.4400005340576,17.5,17.3899993896484,17.4799995422363,7732852,9.16422653198242
"2014-03-03",17.25,17.3899993896484,17.1200008392334,17.1200008392334,13335751,8.97549057006836
"2014-03-04",17.2900009155273,17.5499992370605,17.2600002288818,17.5499992370605,11713283,9.200927734375
"2014-03-05",17.4599990844727,17.6299991607666,17.4300003051758,17.5400009155273,10264860,9.19568634033203
"2014-03-06",17.5599994659424,17.6499996185303,17.4599990844727,17.5100002288818,8972564,9.17995452880859
"2014-03-07",17.5400009155273,17.5499992370605,17.3099994659424,17.3400001525879,10220948,9.09083080291748
"2014-03-10",17.3500003814697,17.5,17.3099994659424,17.4200000762939,9061084,9.13277053833008
"2014-03-11",17.4500007629395,17.5400009155273,17.3899993896484,17.4500007629395,7550947,9.1485013961792
"2014-03-12",17.3299999237061,17.3799991607666,17.2199993133545,17.3299999237061,9996538,9.08558464050293
"2014-03-13",17.3700008392334,17.4300003051758,17.2000007629395,17.2000007629395,9665006,9.01743412017822
"2014-03-14",17.1100006103516,17.2600002288818,17.0499992370605,17.1299991607666,14134367,8.98073387145996
"2014-03-17",17.1299991607666,17.3999996185303,17.0900001525879,17.3600006103516,9609915,9.10131645202637
"2014-03-18",17.3299999237061,17.6900005340576,17.2900009155273,17.5499992370605,14862533,9.200927734375
"2014-03-19",17.5400009155273,17.6900005340576,17.4699993133545,17.5200004577637,9144677,9.18519878387451
"2014-03-20",17.4200000762939,17.5900001525879,17.3799991607666,17.5900001525879,11253412,9.22189998626709
"2014-03-21",17.5599994659424,18,17.5,18,21616615,9.43684959411621
"2014-03-24",17.9099998474121,18,17.7099990844727,17.7099990844727,13512235,9.28481006622314
"2014-03-25",17.7800006866455,17.9599990844727,17.7600002288818,17.8799991607666,12510985,9.37393379211426
"2014-03-26",17.8500003814697,17.9500007629395,17.8099994659424,17.9500007629395,8612514,9.41063594818115
"2014-03-27",17.9099998474121,18.0200004577637,17.8299999237061,17.8999996185303,9686193,9.38441848754883
"2014-03-28",18,18.1800003051758,17.9500007629395,18.1800003051758,11786540,9.53121662139893
"2014-03-31",18.2000007629395,18.2299995422363,18.1000003814697,18.2099990844727,9918986,9.54694366455078
"2014-04-01",18.1599998474121,18.2600002288818,18.1200008392334,18.1800003051758,8684891,9.53121662139893
"2014-04-02",18.2000007629395,18.2399997711182,18.0499992370605,18.1700000762939,11505898,9.52597427368164
"2014-04-03",18.1900005340576,18.25,18.0699996948242,18.2000007629395,10421230,9.5417013168335
"2014-04-04",18.1900005340576,18.4200000762939,18.1700000762939,18.2999992370605,9944776,9.59412860870361
"2014-04-07",18.2299995422363,18.3199996948242,18.1100006103516,18.1700000762939,10103563,9.52597427368164
"2014-04-08",18.2299995422363,18.25,18.0200004577637,18.1299991607666,9346889,9.50500202178955
"2014-04-09",18.1499996185303,18.3799991607666,18.1000003814697,18.2600002288818,9541648,9.57316017150879
"2014-04-10",18.3700008392334,18.4899997711182,18.2399997711182,18.2399997711182,12827000,9.56267356872559
"2014-04-11",18.2199993133545,18.2900009155273,18.0799999237061,18.1399993896484,11805058,9.51024723052979
"2014-04-14",18.1299991607666,18.5,18.1299991607666,18.4599990844727,12517584,9.67801284790039
"2014-04-15",18.4799995422363,18.5799999237061,18.3400001525879,18.3899993896484,14046218,9.64131164550781
"2014-04-16",18.6000003814697,18.7199993133545,18.5799999237061,18.6900005340576,15635322,9.79859352111816
"2014-04-17",18.6599998474121,18.8099994659424,18.5799999237061,18.8099994659424,10375857,9.86150550842285
"2014-04-22",18.75,18.8199996948242,18.5599994659424,18.7600002288818,11344959,9.83529281616211
"2014-04-23",18.7299995422363,18.7600002288818,18.5400009155273,18.5900001525879,9836060,9.74616622924805
"2014-04-24",18.6399993896484,18.7399997711182,18.5,18.7399997711182,9572727,9.82480812072754
"2014-04-25",18.6299991607666,18.6900005340576,18.3099994659424,18.4200000762939,10132147,9.65704154968262
"2014-04-28",18.3400001525879,18.4899997711182,18.3199996948242,18.3199996948242,11768961,9.6046142578125
"2014-04-29",18.4300003051758,18.8600006103516,18.4200000762939,18.8600006103516,13237078,9.88772106170654
"2014-04-30",18.8400001525879,18.8700008392334,18.6499996185303,18.7099990844727,10860423,9.80908107757568
"2014-05-02",18.6900005340576,18.8600006103516,18.6200008392334,18.7099990844727,8082148,9.80908107757568
"2014-05-05",18.75,18.7700004577637,18.4599990844727,18.6200008392334,8865167,9.76189613342285
"2014-05-06",18.7299995422363,18.7900009155273,18.6000003814697,18.6000003814697,8995232,9.75140762329102
"2014-05-07",18.4699993133545,18.8400001525879,18.4699993133545,18.7399997711182,13673756,9.82480812072754
"2014-05-08",18.8199996948242,19.0400009155273,18.7700004577637,19.0400009155273,18266268,9.98208999633789
"2014-05-09",19.0400009155273,19.0499992370605,18.8600006103516,18.9200000762939,8896019,9.91917419433594
"2014-05-12",19,19.0300006866455,18.7999992370605,19,11607355,9.96111869812012
"2014-05-13",19.0599994659424,19.0699996948242,18.7700004577637,18.8400001525879,10465107,9.87723541259766
"2014-05-14",18.9200000762939,18.9200000762939,18.75,18.8500003814697,8948319,9.88247776031494
"2014-05-15",18.9200000762939,18.9400005340576,18.4500007629395,18.5100002288818,17959851,9.70422649383545
"2014-05-16",18.5799999237061,18.6700000762939,18.3999996185303,18.6200008392334,13949792,9.76189613342285
"2014-05-19",18.1700000762939,18.2399997711182,17.8899993896484,18.0699996948242,14775488,9.76189613342285
"2014-05-20",18.1200008392334,18.1700000762939,17.8799991607666,17.9699993133545,8214273,9.70787048339844
"2014-05-21",17.8899993896484,18.4599990844727,17.8899993896484,18.3799991607666,14448976,9.92936611175537
"2014-05-22",18.4699993133545,18.5,18.2900009155273,18.3799991607666,11000885,9.92936611175537
"2014-05-23",18.4099998474121,18.6900005340576,18.2999992370605,18.6900005340576,10699380,10.0968351364136
"2014-05-26",18.8799991607666,19.0400009155273,18.7999992370605,18.9500007629395,16559260,10.2372941970825
"2014-05-27",18.8299999237061,18.9500007629395,18.7800006866455,18.9200000762939,8555808,10.2210865020752
"2014-05-28",18.8999996185303,18.9699993133545,18.8099994659424,18.8799991607666,7716953,10.1994781494141
"2014-05-29",18.8700008392334,18.9099998474121,18.7600002288818,18.8199996948242,6883710,10.1670656204224
"2014-05-30",18.8400001525879,18.8600006103516,18.6900005340576,18.6900005340576,5760531,10.0968351364136
"2014-06-02",18.7900009155273,18.8199996948242,18.6499996185303,18.8099994659424,5194948,10.1616640090942
"2014-06-03",18.7800006866455,18.9400005340576,18.7700004577637,18.8600006103516,7338458,10.1886749267578
"2014-06-04",18.7600002288818,18.7900009155273,18.5300006866455,18.6200008392334,9613889,10.0590190887451
"2014-06-05",18.5599994659424,19,18.5499992370605,18.9099998474121,13931399,10.2156839370728
"2014-06-06",18.8999996185303,19.0200004577637,18.7900009155273,19.0200004577637,9566632,10.275110244751
"2014-06-09",19.0200004577637,19.1499996185303,18.9400005340576,19.1499996185303,8257727,10.3453407287598
"2014-06-10",19.1499996185303,19.2800006866455,19.0799999237061,19.2299995422363,9791511,10.3885555267334
"2014-06-11",19.2900009155273,19.2900009155273,19.0200004577637,19.0200004577637,8946652,10.275110244751
"2014-06-12",19.1200008392334,19.2900009155273,19.0699996948242,19.2199993133545,15125235,10.3831567764282
"2014-06-13",19.2800006866455,19.6200008392334,19.2700004577637,19.5400009155273,16708310,10.5560264587402
"2014-06-16",19.4699993133545,19.7299995422363,19.4599990844727,19.5499992370605,10893839,10.5614328384399
"2014-06-17",19.5799999237061,19.5900001525879,19.2800006866455,19.4500007629395,11426504,10.5074090957642
"2014-06-18",19.4099998474121,19.6299991607666,19.3999996185303,19.5400009155273,8582488,10.5560264587402
"2014-06-19",19.6800003051758,20.0400009155273,19.6499996185303,20.0400009155273,18450316,10.8261413574219
"2014-06-20",20.0599994659424,20.1800003051758,19.9500007629395,19.9500007629395,15900152,10.7775211334229
"2014-06-23",19.9599990844727,20.2399997711182,19.9500007629395,19.9899997711182,13691495,10.799129486084
"2014-06-24",20.0100002288818,20.1200008392334,19.9099998474121,20.0400009155273,8787116,10.8261413574219
"2014-06-25",19.9500007629395,19.9799995422363,19.7299995422363,19.8999996185303,13586558,10.750509262085
"2014-06-26",19.9699993133545,20.0300006866455,19.7399997711182,19.7999992370605,10455587,10.6964874267578
"2014-06-27",19.8199996948242,20.0300006866455,19.8099994659424,19.8600006103516,8927288,10.7289028167725
"2014-06-30",19.9200000762939,20,19.8099994659424,19.9799995422363,8756122,10.7937269210815
"2014-07-01",20.0900001525879,20.1200008392334,19.9099998474121,20.1000003814697,8038596,10.8585557937622
"2014-07-02",20.0499992370605,20.2700004577637,19.9799995422363,20.2000007629395,9288704,10.9125785827637
"2014-07-03",20.25,20.4599990844727,20.1499996185303,20.4099998474121,12864584,11.0260229110718
"2014-07-04",20.4300003051758,20.4599990844727,20.2399997711182,20.2399997711182,6782397,10.9341869354248
"2014-07-07",20.2099990844727,20.3400001525879,19.9699993133545,19.9699993133545,6439803,10.7883262634277
"2014-07-08",19.9699993133545,20.1100006103516,19.5900001525879,19.5900001525879,10242758,10.5830392837524
"2014-07-09",19.7000007629395,19.8500003814697,19.7000007629395,19.75,8915781,10.6694784164429
"2014-07-10",19.7800006866455,19.7900009155273,19.3099994659424,19.3099994659424,15792712,10.4317770004272
"2014-07-11",19.3400001525879,19.5799999237061,19.2999992370605,19.3799991607666,7977082,10.4695901870728
"2014-07-14",19.4599990844727,19.6499996185303,19.4099998474121,19.5599994659424,8181368,10.5668325424194
"2014-07-15",19.5,19.6399993896484,19.3199996948242,19.3600006103516,9826377,10.4587850570679
"2014-07-16",19.4300003051758,19.8700008392334,19.4099998474121,19.8700008392334,9806941,10.7343053817749
"2014-07-17",19.7999992370605,19.8400001525879,19.4799995422363,19.4799995422363,8500164,10.5236148834229
"2014-07-18",19.4899997711182,19.6599998474121,19.3799991607666,19.5699996948242,8426304,10.5722332000732
"2014-07-21",19.6100006103516,19.6399993896484,19.2700004577637,19.2999992370605,6290550,10.4263734817505
"2014-07-22",19.3799991607666,19.7700004577637,19.3799991607666,19.7700004577637,7593571,10.6802787780762
"2014-07-23",19.6900005340576,19.9699993133545,19.6299991607666,19.7900009155273,8114612,10.6910848617554
"2014-07-24",19.8500003814697,20.0499992370605,19.7299995422363,20.0200004577637,8410752,10.8153390884399
"2014-07-25",19.9300003051758,19.9699993133545,19.6599998474121,19.7099990844727,8227850,10.6478633880615
"2014-07-28",19.7999992370605,19.8799991607666,19.5400009155273,19.6599998474121,7168473,10.6208553314209
"2014-07-29",19.7600002288818,19.9099998474121,19.6100006103516,19.7999992370605,7184271,10.6964874267578
"2014-07-30",19.7800006866455,19.7900009155273,19.3799991607666,19.3799991607666,9382091,10.4695901870728
"2014-07-31",19.3700008392334,19.4799995422363,18.9799995422363,19.0599994659424,17860478,10.2967185974121
"2014-08-01",18.9699993133545,19.2099990844727,18.7399997711182,18.7800006866455,15635554,10.1454563140869
"2014-08-04",18.9200000762939,18.9699993133545,18.7700004577637,18.8299999237061,9277524,10.1724691390991
"2014-08-05",18.8999996185303,18.9300003051758,18.5499992370605,18.6200008392334,10185208,10.0590190887451
"2014-08-06",18.5100002288818,18.6200008392334,18.2999992370605,18.4699993133545,12736898,9.97798538208008
"2014-08-07",18.4500007629395,18.6800003051758,18.2000007629395,18.2099990844727,11469334,9.83752727508545
"2014-08-08",18.1100006103516,18.5499992370605,18.0499992370605,18.2000007629395,13241018,9.83212375640869
"2014-08-11",18.3500003814697,18.3999996185303,18.1499996185303,18.3899993896484,8833394,9.9347677230835
"2014-08-12",18.3400001525879,18.3999996185303,18.0699996948242,18.1599998474121,7716295,9.81051635742188
"2014-08-13",18.25,18.2800006866455,18.1200008392334,18.2399997711182,7369240,9.85373401641846
"2014-08-14",18.1399993896484,18.5100002288818,18.0200004577637,18.3799991607666,9998754,9.92936611175537
"2014-08-18",18.4099998474121,18.6800003051758,18.3099994659424,18.3600006103516,7764344,9.91856002807617
"2014-08-19",18.3899993896484,18.5499992370605,18.2900009155273,18.4400005340576,8402885,9.9617805480957
"2014-08-20",18.4099998474121,18.4200000762939,18.2900009155273,18.4099998474121,6809817,9.94557285308838
"2014-08-21",18.4300003051758,18.6599998474121,18.3999996185303,18.6599998474121,6900083,10.0806303024292
"2014-08-22",18.5799999237061,18.6100006103516,18.2999992370605,18.4200000762939,7627662,9.95097351074219
"2014-08-25",18.5599994659424,18.8500003814697,18.4300003051758,18.8500003814697,7139163,10.1832714080811
"2014-08-26",18.8199996948242,19.0699996948242,18.7700004577637,19.0599994659424,9408991,10.2967185974121
"2014-08-27",19.0400009155273,19.0900001525879,18.9200000762939,19.0799999237061,7327750,10.3075227737427
"2014-08-28",19.0400009155273,19.0499992370605,18.6800003051758,18.75,8251093,10.1292505264282
"2014-08-29",18.8099994659424,18.9799995422363,18.6200008392334,18.9799995422363,7043333,10.2535018920898
"2014-09-01",19.0499992370605,19.0799999237061,18.9200000762939,18.9200000762939,6768172,10.2210865020752
"2014-09-02",18.9899997711182,19.1399993896484,18.9300003051758,18.9799995422363,7705023,10.2535018920898
"2014-09-03",19.0499992370605,19.2999992370605,19.0100002288818,19.2199993133545,11621418,10.3831567764282
"2014-09-04",19.2000007629395,19.6399993896484,19.1700000762939,19.5799999237061,16625387,10.5776376724243
"2014-09-05",19.5100002288818,19.5499992370605,19.3799991607666,19.4500007629395,10045097,10.5074090957642
"2014-09-08",19.4899997711182,19.5400009155273,19.2600002288818,19.2600002288818,6916271,10.404764175415
"2014-09-09",19.2099990844727,19.3400001525879,19.0799999237061,19.1499996185303,7312769,10.3453407287598
"2014-09-10",19.1399993896484,19.2800006866455,18.9200000762939,19.0699996948242,9261435,10.3021221160889
"2014-09-11",19.0400009155273,19.0599994659424,18.6200008392334,18.8700008392334,21341639,10.1940755844116
"2014-09-12",18.7700004577637,18.8299999237061,18.6700000762939,18.7800006866455,8000512,10.1454563140869
"2014-09-15",18.6000003814697,18.6399993896484,18.4400005340576,18.5900001525879,26723977,10.0428133010864
"2014-09-16",18.6000003814697,18.8500003814697,18.5599994659424,18.7299995422363,20623262,10.1184434890747
"2014-09-17",18.7099990844727,18.9699993133545,18.7099990844727,18.9699993133545,36920111,10.2480974197388
"2014-09-18",19.0300006866455,19.0599994659424,18.8999996185303,19,24158742,10.2643070220947
"2014-09-19",19.3299999237061,19.3400001525879,18.9899997711182,19,25890557,10.2643070220947
"2014-09-22",18.5599994659424,18.6399993896484,18.3500003814697,18.3799991607666,18308903,10.2309074401855
"2014-09-23",18.4200000762939,18.4200000762939,18.0699996948242,18.0699996948242,14919521,10.0583524703979
"2014-09-24",18.0900001525879,18.5300006866455,18.0499992370605,18.5300006866455,39297933,10.3144016265869
"2014-09-25",18.5499992370605,18.5499992370605,18.2000007629395,18.3199996948242,47344750,10.1975107192993
"2014-09-26",18.3299999237061,18.6599998474121,18.2299995422363,18.5499992370605,21773655,10.3255338668823
"2014-09-29",18.6299991607666,18.6700000762939,18.3799991607666,18.4699993133545,19848378,10.2810049057007
"2014-09-30",18.5699996948242,18.8999996185303,18.5200004577637,18.8700008392334,20452985,10.5036582946777
"2014-10-01",18.7600002288818,18.8199996948242,18.5100002288818,18.6100006103516,20453127,10.3589344024658
"2014-10-02",18.6000003814697,18.6200008392334,17.8999996185303,17.8999996185303,26297869,9.96372509002686
"2014-10-03",18.0400009155273,18.0900001525879,17.7999992370605,17.8799991607666,16642131,9.9525899887085
"2014-10-06",17.9500007629395,17.9899997711182,17.6499996185303,17.7099990844727,12626467,9.8579626083374
"2014-10-07",17.6800003051758,17.7199993133545,17.2999992370605,17.2999992370605,21024648,9.62974548339844
"2014-10-08",17.2900009155273,17.3999996185303,17.1000003814697,17.1299991607666,17915458,9.53511619567871
"2014-10-09",17.3500003814697,17.3899993896484,17,17,19555585,9.46275424957275
"2014-10-10",16.9500007629395,16.9500007629395,16.6100006103516,16.6100006103516,27896323,9.24566745758057
"2014-10-13",16.5599994659424,16.8899993896484,16.4699993133545,16.6800003051758,21939267,9.28463554382324
"2014-10-14",16.6499996185303,16.6900005340576,16.3500003814697,16.5599994659424,20369514,9.2178373336792
"2014-10-15",16.5499992370605,16.5499992370605,16,16,31241566,8.90612125396729
"2014-10-16",16.0400009155273,16.2600002288818,15.3100004196167,15.8599996566772,41761570,8.82819271087646
"2014-10-17",15.9899997711182,16.3799991607666,15.8500003814697,16.3600006103516,29800650,9.10651206970215
"2014-10-20",16.4099998474121,16.4200000762939,15.8900003433228,15.9899997711182,19813638,8.90055751800537
"2014-10-21",15.9300003051758,16.3199996948242,15.9099998474121,16.2999992370605,20366322,9.07311153411865
"2014-10-22",16.3400001525879,16.4500007629395,16.0799999237061,16.4200000762939,16970133,9.13990879058838
"2014-10-23",16.3400001525879,16.6299991607666,16.0799999237061,16.5900001525879,20445329,9.23453617095947
"2014-10-24",16.5900001525879,16.6499996185303,16.3299999237061,16.3999996185303,16112958,9.12877368927002
"2014-10-27",16.5699996948242,16.5799999237061,16.0799999237061,16.0799999237061,19969140,8.95065307617188
"2014-10-28",16.1299991607666,16.4599990844727,16.1299991607666,16.4599990844727,16521175,9.16217231750488
"2014-10-29",16.4500007629395,16.6200008392334,16.2800006866455,16.3299999237061,15215001,9.08980941772461
"2014-10-30",16.6499996185303,16.7900009155273,16.2900009155273,16.5699996948242,22402266,9.22340202331543
"2014-10-31",16.8799991607666,17.0400009155273,16.5799999237061,17,27037169,9.46275424957275
"2014-11-03",16.9899997711182,17.1000003814697,16.6800003051758,16.7299995422363,14381299,9.31246376037598
"2014-11-04",16.6499996185303,16.6800003051758,16.1100006103516,16.1399993896484,23625162,8.98405075073242
"2014-11-05",16.2399997711182,16.5100002288818,16.1000003814697,16.4500007629395,17782373,9.15660762786865
"2014-11-06",16.4200000762939,16.8199996948242,16.3999996185303,16.4899997711182,18096819,9.17887401580811
"2014-11-07",16.5200004577637,16.5799999237061,16.3199996948242,16.4099998474121,13845320,9.13434410095215
"2014-11-10",16.4599990844727,16.6399993896484,16.3999996185303,16.5799999237061,12607692,9.22897052764893
"2014-11-11",16.5200004577637,16.6299991607666,16.3999996185303,16.5699996948242,12978354,9.22340202331543
"2014-11-12",16.5,16.6200008392334,16.1100006103516,16.1399993896484,16916404,8.98405075073242
"2014-11-13",16.2099990844727,16.3500003814697,15.8699998855591,16.1000003814697,15585474,8.96178817749023
"2014-11-14",16.1000003814697,16.3500003814697,15.9499998092651,16.2299995422363,14019251,9.03414726257324
"2014-11-17",16.1599998474121,16.4300003051758,16.0599994659424,16.3899993896484,13324675,9.12320899963379
"2014-11-18",16.3799991607666,16.5799999237061,16.3700008392334,16.4899997711182,13113350,9.17887401580811
"2014-11-19",16.4799995422363,16.5900001525879,16.2900009155273,16.4899997711182,10400209,9.17887401580811
"2014-11-20",16.5300006866455,16.6100006103516,16.2600002288818,16.4200000762939,15526505,9.13990879058838
"2014-11-21",16.5,17.1900005340576,16.4899997711182,17.1900005340576,27438114,9.56851577758789
"2014-11-24",17.1900005340576,17.4200000762939,17.0400009155273,17.2000007629395,16233745,9.57408332824707
"2014-11-25",17.1499996185303,17.25,16.9200000762939,17.1399993896484,18370695,9.54068279266357
"2014-11-26",17.0799999237061,17.0799999237061,16.7700004577637,16.8500003814697,17205684,9.37925910949707
"2014-11-27",16.8299999237061,16.8700008392334,16.3600006103516,16.5200004577637,24485277,9.19557094573975
"2014-11-28",16.3500003814697,16.3500003814697,15.8999996185303,16.0699996948242,35046678,8.9450855255127
"2014-12-01",15.7600002288818,15.8800001144409,15.539999961853,15.6700000762939,26401201,8.72243213653564
"2014-12-02",15.6599998474121,15.9399995803833,15.5699996948242,15.7799997329712,25819944,8.78366279602051
"2014-12-03",15.789999961853,15.9700002670288,15.6999998092651,15.8699998855591,18846689,8.83376026153564
"2014-12-04",15.8599996566772,15.8999996185303,15.3100004196167,15.3100004196167,28283989,8.52204608917236
"2014-12-05",15.5,15.6099996566772,15.3299999237061,15.5,21968674,8.62780475616455
"2014-12-08",15.3900003433228,15.4200000762939,14.9700002670288,14.9700002670288,24277959,8.33278942108154
"2014-12-09",14.7799997329712,14.9399995803833,14.3599996566772,14.6599998474121,38768661,8.16023254394531
"2014-12-10",14.7200002670288,14.8299999237061,14.4200000762939,14.4700002670288,19360171,8.05447387695312
"2014-12-11",14.4499998092651,14.6000003814697,14.2700004577637,14.3800001144409,24107459,8.0043773651123
"2014-12-12",14.1899995803833,14.2799997329712,13.7700004577637,13.7700004577637,28934543,7.66483163833618
"2014-12-15",13.8500003814697,14.0100002288818,13.2700004577637,13.289999961853,34166680,7.3976469039917
"2014-12-16",13.289999961853,13.8199996948242,12.9799995422363,13.8100004196167,42348626,7.68709754943848
"2014-12-17",13.6300001144409,14.1400003433228,13.5299997329712,14.0600004196167,26877542,7.826256275177
"2014-12-18",14.3400001525879,14.5500001907349,14.1899995803833,14.5,32564224,8.07117176055908
"2014-12-19",14.5,14.8699998855591,14.3800001144409,14.8500003814697,41022142,8.26599502563477
"2014-12-22",14.9200000762939,15.1899995803833,14.539999961853,14.6999998092651,21514141,8.18249893188477
"2014-12-23",14.6700000762939,14.9399995803833,14.5600004196167,14.9399995803833,14499450,8.31609058380127
"2014-12-29",14.8699998855591,14.8999996185303,14.460000038147,14.7200002670288,17793309,8.19363212585449
"2014-12-30",14.5699996948242,14.6700000762939,14.4899997711182,14.5100002288818,12092366,8.07673835754395
"2015-01-02",14.6300001144409,14.7399997711182,14.3999996185303,14.5900001525879,13330637,8.12127113342285
"2015-01-05",14.3000001907349,14.3800001144409,13.3100004196167,13.3699998855591,38316558,7.44217824935913
"2015-01-06",13.3800001144409,13.9399995803833,13.1199998855591,13.5500001907349,32390256,7.54237461090088
"2015-01-07",13.6000003814697,14.0100002288818,13.4499998092651,13.6199998855591,23212981,7.5813364982605
"2015-01-08",13.8299999237061,14.1899995803833,13.6400003433228,14.1499996185303,32316846,7.87635087966919
"2015-01-09",14.1199998855591,14.1999998092651,13.5600004196167,13.6199998855591,19634808,7.5813364982605
"2015-01-12",13.6700000762939,13.75,13.3699998855591,13.6899995803833,16349418,7.62030124664307
"2015-01-13",13.4700002670288,13.9499998092651,13.3599996566772,13.9099998474121,20241046,7.74275922775269
"2015-01-14",13.6300001144409,13.7700004577637,13.5,13.5,18202708,7.51454019546509
"2015-01-15",13.8400001525879,14.1800003051758,13.1499996185303,14,36197600,7.79285573959351
"2015-01-16",13.8800001144409,14.4799995422363,13.8699998855591,14.4700002670288,26623605,8.05447387695312
"2015-01-19",14.4799995422363,14.5299997329712,14.2399997711182,14.3500003814697,14652680,7.98767757415771
"2015-01-20",14.3699998855591,14.4700002670288,14.1999998092651,14.2700004577637,19729163,7.94314813613892
"2015-01-21",14.3299999237061,14.7700004577637,14.2799997329712,14.7700004577637,20248838,8.22146415710449
"2015-01-22",14.7700004577637,15.3999996185303,14.7600002288818,15.1000003814697,31147907,8.40515327453613
"2015-01-23",15.2799997329712,15.289999961853,14.8299999237061,15.0500001907349,29492158,8.37732028961182
"2015-01-26",14.9099998474121,15.1899995803833,14.75,15.1899995803833,23193800,8.45525074005127
"2015-01-27",15.1099996566772,15.2399997711182,14.8999996185303,15.2200002670288,20837940,8.47194862365723
"2015-01-28",15.25,15.5200004577637,15.1199998855591,15.1999998092651,25600172,8.4608154296875
"2015-01-29",14.9899997711182,15.0200004577637,14.7600002288818,14.9300003051758,22839950,8.31052589416504
"2015-01-30",15.0200004577637,15.1300001144409,14.8599996566772,14.8999996185303,23334558,8.29382610321045
"2015-02-02",15.1400003433228,15.2799997329712,15.0200004577637,15.0900001525879,28141136,8.39958572387695
"2015-02-03",15.289999961853,15.6499996185303,15.2700004577637,15.6499996185303,35716371,8.71129989624023
"2015-02-04",15.6700000762939,15.7399997711182,15.3299999237061,15.4300003051758,21103006,8.58884239196777
"2015-02-05",15.2600002288818,15.7299995422363,15.1000003814697,15.6899995803833,22662085,8.73356628417969
"2015-02-06",15.7200002670288,15.7299995422363,15.4700002670288,15.5600004196167,17054021,8.66120338439941
"2015-02-09",15.4499998092651,15.5299997329712,15.3500003814697,15.4499998092651,17918169,8.59997272491455
"2015-02-10",15.5200004577637,15.6199998855591,15.2600002288818,15.4200000762939,18894636,8.58327579498291
"2015-02-11",15.3999996185303,15.4200000762939,15.0100002288818,15.0900001525879,21185901,8.39958572387695
"2015-02-12",15.1000003814697,15.6300001144409,15.0500001907349,15.4799995422363,23126738,8.61667346954346
"2015-02-13",15.6000003814697,15.8400001525879,15.5799999237061,15.8400001525879,19965656,8.81706047058105
"2015-02-16",15.8000001907349,15.8500003814697,15.6000003814697,15.6899995803833,13558844,8.73356628417969
"2015-02-17",15.6599998474121,15.8699998855591,15.5100002288818,15.7200002670288,17583010,8.75026512145996
"2015-02-18",16.2000007629395,16.3799991607666,16.0699996948242,16.25,31228339,9.04527950286865
"2015-02-19",16.1299991607666,16.25,16.0200004577637,16.25,25321989,9.04527950286865
"2015-02-20",16.2000007629395,16.3700008392334,16.1900005340576,16.3700008392334,23271416,9.11207580566406
"2015-02-23",16.5,16.5499992370605,16.2999992370605,16.4400005340576,18816501,9.15104103088379
"2015-02-24",16.3400001525879,16.6599998474121,16.2600002288818,16.6499996185303,19562369,9.26793193817139
"2015-02-25",16.5799999237061,16.5799999237061,16.4099998474121,16.4799995422363,15334481,9.17330265045166
"2015-02-26",16.5599994659424,16.5900001525879,16.4400005340576,16.5400009155273,14922869,9.20670318603516
"2015-02-27",16.5400009155273,16.6800003051758,16.4699993133545,16.6800003051758,14830864,9.28463554382324
"2015-03-02",16.6299991607666,16.6700000762939,16.4799995422363,16.5200004577637,16093456,9.19557094573975
"2015-03-03",16.5400009155273,16.5900001525879,16.3199996948242,16.3299999237061,14157563,9.08980941772461
"2015-03-04",16.4300003051758,16.5400009155273,16.2299995422363,16.3299999237061,14520679,9.08980941772461
"2015-03-05",16.4300003051758,16.5300006866455,16.3299999237061,16.4099998474121,14547362,9.13434410095215
"2015-03-06",16.4200000762939,16.4500007629395,16.2099990844727,16.2600002288818,14474321,9.05084705352783
"2015-03-09",16.2399997711182,16.5799999237061,16.0799999237061,16.5799999237061,24848661,9.22897052764893
"2015-03-10",16.5400009155273,16.5499992370605,16.1599998474121,16.1599998474121,20682234,8.99518203735352
"2015-03-11",16.2399997711182,16.4500007629395,16.1900005340576,16.4300003051758,15881708,9.14547538757324
"2015-03-12",16.3899993896484,16.4899997711182,16.3299999237061,16.3299999237061,13830411,9.08980941772461
"2015-03-13",16.3600006103516,16.3899993896484,15.1499996185303,15.5799999237061,46059897,8.67233848571777
"2015-03-16",15.5,15.5299997329712,15.1599998474121,15.2399997711182,37245371,8.48308181762695
"2015-03-17",15.1999998092651,15.4099998474121,15.1800003051758,15.3100004196167,24977276,8.52204608917236
"2015-03-18",15.3100004196167,15.6099996566772,15.2600002288818,15.539999961853,19075661,8.650071144104
"2015-03-19",15.5799999237061,15.8100004196167,15.5699996948242,15.710000038147,22542170,8.7446985244751
"2015-03-20",15.8299999237061,16.25,15.6400003433228,16.25,35803520,9.04527950286865
"2015-03-23",16.25,16.25,16.0200004577637,16.1100006103516,14976353,8.96735191345215
"2015-03-24",16.0599994659424,16.2199993133545,15.9899997711182,16.1399993896484,13807232,8.98405075073242
"2015-03-25",16.0300006866455,16.1399993896484,15.9799995422363,15.9899997711182,14952242,8.90055751800537
"2015-03-26",16.1499996185303,16.3199996948242,15.8800001144409,15.9899997711182,27834766,8.90055751800537
"2015-03-27",16.0799999237061,16.0900001525879,15.8800001144409,16.0400009155273,14541247,8.92838668823242
"2015-03-30",16,16.1800003051758,15.9200000762939,16.1800003051758,15391817,9.00631427764893
"2015-03-31",16.0900001525879,16.25,16.0300006866455,16.1299991607666,19294535,8.97848320007324
"2015-04-01",16.0599994659424,16.2900009155273,16.0200004577637,16.2399997711182,21385505,9.03971290588379
"2015-04-02",16.25,16.3400001525879,16.0699996948242,16.0799999237061,12831704,8.95065307617188
"2015-04-07",16.2999992370605,16.7399997711182,16.2800006866455,16.7000007629395,27735953,9.29576587677002
"2015-04-08",16.8099994659424,17.0200004577637,16.7299995422363,16.75,27363512,9.32359600067139
"2015-04-09",16.7099990844727,16.9099998474121,16.6200008392334,16.8999996185303,16049507,9.40709114074707
"2015-04-10",16.9899997711182,17.0200004577637,16.8799991607666,17.0200004577637,13665009,9.47388458251953
"2015-04-13",17.0699996948242,17.2000007629395,17.0200004577637,17.1100006103516,16344529,9.52398300170898
"2015-04-14",17.0699996948242,17.1800003051758,16.9500007629395,17.1299991607666,15826297,9.53511619567871
"2015-04-15",17.1900005340576,17.4799995422363,17.1599998474121,17.4300003051758,23557620,9.70210647583008
"2015-04-16",17.4599990844727,17.4799995422363,17.2099990844727,17.2399997711182,28263327,9.59634590148926
"2015-04-17",17.25,17.3600006103516,16.7600002288818,16.8600006103516,27271718,9.38482666015625
"2015-04-20",16.8999996185303,17.0300006866455,16.7000007629395,17.0200004577637,15801910,9.47388458251953
"2015-04-21",17.0200004577637,17.0400009155273,16.8199996948242,16.9400005340576,16200797,9.42935752868652
"2015-04-22",16.8999996185303,17.0100002288818,16.75,17.0100002288818,14350735,9.46832084655762
"2015-04-23",16.8999996185303,17.1800003051758,16.7299995422363,17.0900001525879,15406529,9.51285171508789
"2015-04-24",17.1700000762939,17.25,16.9500007629395,17.0300006866455,13366542,9.47945404052734
"2015-04-27",16.9899997711182,17.4300003051758,16.8500003814697,17.3799991607666,17635972,9.67427349090576
"2015-04-28",17.3400001525879,17.5400009155273,17.3199996948242,17.3799991607666,20170477,9.67427349090576
"2015-04-29",17.6100006103516,17.6599998474121,17.0599994659424,17.1200008392334,26174665,9.52955055236816
"2015-04-30",17.1599998474121,17.3099994659424,17.0300006866455,17.1800003051758,23467945,9.56294822692871
"2015-05-04",17.25,17.5699996948242,17.1299991607666,17.3400001525879,14762626,9.65200996398926
"2015-05-05",17.2800006866455,17.3799991607666,17.0400009155273,17.0400009155273,18069666,9.48501968383789
"2015-05-06",17.1299991607666,17.1900005340576,16.9400005340576,17.0300006866455,20885451,9.47945404052734
"2015-05-07",16.9799995422363,16.9799995422363,16.6100006103516,16.7700004577637,30609333,9.3347282409668
"2015-05-08",16.8199996948242,17.2600002288818,16.7099990844727,17.2299995422363,30589867,9.59077835083008
"2015-05-11",17.1800003051758,17.2600002288818,17.0499992370605,17.0799999237061,26714398,9.50728416442871
"2015-05-12",16.8799991607666,17.0200004577637,16.7999992370605,16.9799995422363,34783209,9.45162105560303
"2015-05-13",17.0599994659424,17.2800006866455,16.8999996185303,16.9899997711182,17433035,9.45718765258789
"2015-05-14",16.9099998474121,17.25,16.7999992370605,17.25,25281844,9.6019115447998
"2015-05-15",17.25,17.3099994659424,16.9500007629395,16.9500007629395,24514133,9.43492412567139
"2015-05-18",16.4799995422363,16.6700000762939,16.3299999237061,16.4099998474121,26146735,9.44643878936768
"2015-05-19",16.5799999237061,16.7800006866455,16.5200004577637,16.7399997711182,22164253,9.63640117645264
"2015-05-20",16.75,16.7900009155273,16.6299991607666,16.7900009155273,10556993,9.66518402099609
"2015-05-21",16.7299995422363,16.8999996185303,16.7099990844727,16.8600006103516,27371859,9.70547866821289
"2015-05-22",16.9300003051758,16.9699993133545,16.7999992370605,16.8500003814697,23954371,9.69972324371338
"2015-05-25",16.8400001525879,16.8500003814697,16.5,16.5,6887855,9.49824714660645
"2015-05-26",16.5200004577637,16.5799999237061,16.3400001525879,16.4500007629395,31248578,9.46946334838867
"2015-05-27",16.4699993133545,16.7299995422363,16.4500007629395,16.6800003051758,30284277,9.60186386108398
"2015-05-28",16.5900001525879,16.6599998474121,16.4400005340576,16.5699996948242,16815241,9.53854084014893
"2015-05-29",16.6299991607666,16.6399993896484,16.3899993896484,16.3899993896484,24245339,9.43492317199707
"2015-06-01",16.4200000762939,16.4599990844727,16.2299995422363,16.2800006866455,12168173,9.37160396575928
"2015-06-02",16.2800006866455,16.4699993133545,16.1200008392334,16.3299999237061,14645267,9.40038299560547
"2015-06-03",16.3299999237061,16.4300003051758,16.2299995422363,16.2999992370605,12636004,9.38311386108398
"2015-06-04",16.2099990844727,16.2099990844727,15.9799995422363,15.9799995422363,15794568,9.19890403747559
"2015-06-05",15.8699998855591,16.0499992370605,15.5,15.8299999237061,16871975,9.11255836486816
"2015-06-08",15.8999996185303,15.9499998092651,15.6499996185303,15.7200002670288,11061196,9.04923820495605
"2015-06-09",15.8000001907349,15.9700002670288,15.6499996185303,15.7799997329712,14891044,9.08377647399902
"2015-06-10",15.8299999237061,16.4099998474121,15.789999961853,16.3299999237061,18004492,9.40038299560547
"2015-06-11",16.2999992370605,16.5699996948242,16.2399997711182,16.3600006103516,18534263,9.41765594482422
"2015-06-12",16.3899993896484,16.4300003051758,15.9499998092651,16.0400009155273,14899334,9.23344421386719
"2015-06-15",15.8999996185303,16,15.6999998092651,15.7399997711182,15528128,9.06075000762939
"2015-06-16",15.6700000762939,15.7799997329712,15.5,15.75,16512106,9.06650638580322
"2015-06-17",15.7799997329712,15.9399995803833,15.5900001525879,15.7399997711182,14237652,9.06075000762939
"2015-06-18",15.7700004577637,15.8699998855591,15.5699996948242,15.8400001525879,31852425,9.11831474304199
"2015-06-19",15.789999961853,16.0799999237061,15.7299995422363,16.0400009155273,20195849,9.23344421386719
"2015-06-22",16.3500003814697,16.8099994659424,16.3299999237061,16.8099994659424,24600075,9.67669677734375
"2015-06-23",16.8500003814697,16.9400005340576,16.75,16.8199996948242,14344582,9.68244934082031
"2015-06-24",16.8899993896484,16.9799995422363,16.7099990844727,16.8600006103516,14745476,9.70547866821289
"2015-06-25",16.7800006866455,16.9899997711182,16.6900005340576,16.8400001525879,14387723,9.69396495819092
"2015-06-26",16.7700004577637,16.9200000762939,16.6299991607666,16.8299999237061,11206587,9.68821048736572
"2015-06-29",16.1200008392334,16.4400005340576,16,16.1000003814697,24838957,9.26798629760742
"2015-06-30",15.9700002670288,16.2199993133545,15.8800001144409,15.9200000762939,18767477,9.16436767578125
"2015-07-01",16.0599994659424,16.3199996948242,15.9399995803833,16.0599994659424,17579641,9.24495697021484
"2015-07-02",16.0499992370605,16.1399993896484,15.8999996185303,15.8999996185303,14191303,9.15285396575928
"2015-07-03",15.8800001144409,16.0699996948242,15.5699996948242,15.7299995422363,13565831,9.0549955368042
"2015-07-06",15.4300003051758,15.5900001525879,15.1800003051758,15.1800003051758,20484954,8.73838424682617
"2015-07-07",15.1899995803833,15.2700004577637,14.6199998855591,14.6199998855591,25226705,8.41602039337158
"2015-07-08",14.6800003051758,15,14.6800003051758,14.8999996185303,19208439,8.57720279693604
"2015-07-09",14.8999996185303,15.539999961853,14.8100004196167,15.4499998092651,21837867,8.89380931854248
"2015-07-10",15.8100004196167,15.9499998092651,15.6099996566772,15.8500003814697,23200217,9.12407207489014
"2015-07-13",16,16.0400009155273,15.7600002288818,15.8699998855591,20093403,9.13558483123779
"2015-07-14",15.8000001907349,15.8699998855591,15.6300001144409,15.8400001525879,13835789,9.11831474304199
"2015-07-15",15.8299999237061,16.0400009155273,15.8199996948242,16.0300006866455,13173618,9.22768783569336
"2015-07-16",16.0599994659424,16.2199993133545,15.9799995422363,16.0599994659424,15907972,9.24495697021484
"2015-07-17",16.1399993896484,16.1399993896484,15.8800001144409,15.9499998092651,14058220,9.18163776397705
"2015-07-20",15.960000038147,16.1299991607666,15.960000038147,16.0300006866455,11501550,9.22768783569336
"2015-07-21",16,16.1299991607666,15.9200000762939,16.0300006866455,9785620,9.22768783569336
"2015-07-22",15.9200000762939,15.9700002670288,15.7700004577637,15.8500003814697,10077732,9.12407207489014
"2015-07-23",15.8999996185303,15.960000038147,15.75,15.8699998855591,9143834,9.13558483123779
"2015-07-24",15.8800001144409,16.1000003814697,15.8100004196167,15.8199996948242,13558111,9.10680198669434
"2015-07-27",15.75,15.789999961853,15.3000001907349,15.3000001907349,18730005,8.80746269226074
"2015-07-28",15.3699998855591,15.7600002288818,15.3000001907349,15.7600002288818,15193521,9.07226371765137
"2015-07-29",15.75,15.8400001525879,15.4700002670288,15.8400001525879,16156954,9.11831474304199
"2015-07-30",15.6400003433228,16.2299995422363,15.6199998855591,15.9200000762939,23069266,9.16436767578125
"2015-07-31",16,16.0200004577637,15.8000001907349,15.960000038147,11980375,9.18739128112793
"2015-08-03",15.8999996185303,16.0300006866455,15.8199996948242,15.9399995803833,10577319,9.17588043212891
"2015-08-04",15.8000001907349,15.8500003814697,15.6999998092651,15.7799997329712,10685522,9.08377647399902
"2015-08-05",15.8000001907349,16.1800003051758,15.7700004577637,16.1499996185303,14907206,9.29676532745361
"2015-08-06",16.0799999237061,16.1299991607666,15.9499998092651,16.0100002288818,11346611,9.21617603302002
"2015-08-07",16.0200004577637,16.3400001525879,16,16.1299991607666,15860291,9.28525257110596
"2015-08-10",16.1700000762939,16.2199993133545,15.9300003051758,16.2099990844727,11780714,9.33130550384521
"2015-08-11",16.1800003051758,16.2700004577637,15.9300003051758,15.9300003051758,11305010,9.17012310028076
"2015-08-12",15.8500003814697,15.8699998855591,15.5200004577637,15.5699996948242,21527840,8.96288871765137
"2015-08-13",15.8100004196167,15.9200000762939,15.6999998092651,15.7299995422363,14693303,9.0549955368042
"2015-08-14",15.6899995803833,15.7700004577637,15.4700002670288,15.5500001907349,13712299,8.95137596130371
"2015-08-17",15.6400003433228,15.6400003433228,15.2299995422363,15.539999961853,14292765,8.94561958312988
"2015-08-18",15.4499998092651,15.5799999237061,15.3599996566772,15.3900003433228,10279879,8.85927200317383
"2015-08-19",15.3100004196167,15.3599996566772,14.6599998474121,14.9300003051758,22009642,8.59447193145752
"2015-08-20",14.8699998855591,15,14.6599998474121,14.6800003051758,19257970,8.45055866241455
"2015-08-21",14.5,14.7700004577637,14.2799997329712,14.2799997329712,22405956,8.22029876708984
"2015-08-24",13.8000001907349,14.1199998855591,13.0500001907349,13.1400003433228,43344068,7.56405782699585
"2015-08-25",13.4700002670288,13.8599996566772,13.3000001907349,13.8199996948242,37312263,7.95549964904785
"2015-08-26",13.5699996948242,13.9099998474121,13.4499998092651,13.4899997711182,30343623,7.76553583145142
"2015-08-27",13.789999961853,14.4099998474121,13.6700000762939,14.3400001525879,29667798,8.25483894348145
"2015-08-28",14.4399995803833,14.5799999237061,14.1300001144409,14.4099998474121,24247673,8.29513454437256
"2015-08-31",14.9799995422363,15.0500001907349,14.4899997711182,14.6300001144409,36041342,8.42177772521973
"2015-09-01",14.6999998092651,14.8900003433228,14.3599996566772,14.3800001144409,44617058,8.27786350250244
"2015-09-02",14.4200000762939,14.6400003433228,14.1599998474121,14.4499998092651,35615528,8.31815910339355
"2015-09-03",14.539999961853,14.9499998092651,14.5100002288818,14.8000001907349,31366928,8.51963901519775
"2015-09-04",14.6800003051758,14.7700004577637,14.3100004196167,14.4499998092651,40602550,8.31815910339355
"2015-09-07",14.5600004196167,14.6300001144409,14.460000038147,14.5500001907349,20510489,8.37572574615479
"2015-09-08",14.5799999237061,14.8500003814697,14.5500001907349,14.6599998474121,17190178,8.43904590606689
"2015-09-09",14.9499998092651,15.1400003433228,14.8599996566772,14.8599996566772,24855119,8.55417728424072
"2015-09-10",14.6999998092651,14.8599996566772,14.6099996566772,14.6599998474121,25872458,8.43904590606689
"2015-09-11",14.7799997329712,14.8299999237061,14.5500001907349,14.5500001907349,15653559,8.37572574615479
"2015-09-14",14.6000003814697,14.6199998855591,14.3199996948242,14.4899997711182,20960877,8.3411865234375
"2015-09-15",14.460000038147,14.8699998855591,14.3500003814697,14.8100004196167,19888024,8.52539539337158
"2015-09-16",15,15.1099996566772,14.8699998855591,15.1099996566772,25426356,8.69808959960938
"2015-09-17",15.1599998474121,15.1899995803833,14.9499998092651,14.9899997711182,20558258,8.62901210784912
"2015-09-18",15.0500001907349,15.0500001907349,14.5,14.5100002288818,37369589,8.35269927978516
"2015-09-21",14.2799997329712,14.5200004577637,14.25,14.4099998474121,15010602,8.53028964996338
"2015-09-22",14.3199996948242,14.3999996185303,13.6099996566772,13.8500003814697,37337925,8.19878959655762
"2015-09-23",13.8999996185303,14.2299995422363,13.8199996948242,14.039999961853,40941193,8.31126308441162
"2015-09-24",13.9499998092651,13.9799995422363,13.5500001907349,13.5699996948242,42357410,8.033034324646
"2015-09-25",13.8000001907349,14.0900001525879,13.7399997711182,13.9899997711182,36791866,8.28166389465332
"2015-09-28",13.9499998092651,14.0500001907349,13.5600004196167,13.5699996948242,31070523,8.033034324646
"2015-09-29",13.4799995422363,13.7799997329712,13.1599998474121,13.6899995803833,16173063,8.10407447814941
"2015-09-30",13.8599996566772,14.1000003814697,13.7700004577637,14.0500001907349,18982887,8.31718158721924
"2015-10-01",14.2299995422363,14.4899997711182,14.0200004577637,14.0299997329712,21605451,8.30534362792969
"2015-10-02",14.1599998474121,14.4799995422363,14.0900001525879,14.3299999237061,21610381,8.48293209075928
"2015-10-05",14.6300001144409,14.9799995422363,14.5600004196167,14.9499998092651,24414403,8.84995365142822
"2015-10-06",14.9300003051758,15.2299995422363,14.7200002670288,15.1999998092651,21090754,8.99794578552246
"2015-10-07",15.3000001907349,15.5799999237061,15.2399997711182,15.2799997329712,24953905,9.04530429840088
"2015-10-08",15.3299999237061,15.4799995422363,15.1800003051758,15.4700002670288,14676886,9.1577787399292
"2015-10-09",15.6199998855591,15.75,15.4300003051758,15.5100002288818,20450531,9.18145847320557
"2015-10-12",15.5200004577637,15.5900001525879,15.3400001525879,15.4300003051758,13501715,9.13410091400146
"2015-10-13",15.3400001525879,15.5699996948242,15.1499996185303,15.4399995803833,17323671,9.14001941680908
"2015-10-14",15.3199996948242,15.4899997711182,15.210000038147,15.3400001525879,15177915,9.0808219909668
"2015-10-15",15.5100002288818,15.6400003433228,15.460000038147,15.539999961853,17832040,9.19921588897705
"2015-10-16",15.6899995803833,15.75,15.6199998855591,15.7299995422363,16877569,9.311692237854
"2015-10-19",15.7299995422363,15.8299999237061,15.5299997329712,15.5900001525879,13427163,9.22881603240967
"2015-10-20",15.6000003814697,15.6000003814697,15.3100004196167,15.4399995803833,14532980,9.14001941680908
"2015-10-21",15.4700002670288,15.6499996185303,15.3699998855591,15.4499998092651,14511196,9.1459379196167
"2015-10-22",15.4399995803833,15.710000038147,15.3900003433228,15.710000038147,20076612,9.29985237121582
"2015-10-23",15.8000001907349,15.8500003814697,15.5200004577637,15.5299997329712,25284377,9.19329643249512
"2015-10-26",15.5900001525879,15.5900001525879,15.210000038147,15.3000001907349,17127145,9.05714225769043
"2015-10-27",15.25,15.2700004577637,14.8199996948242,14.8900003433228,20300315,8.81443691253662
"2015-10-28",15.1099996566772,15.2600002288818,14.9200000762939,15.210000038147,20217009,9.00386524200439
"2015-10-29",14.9899997711182,15.1300001144409,14.75,15.0299997329712,22754194,8.89731216430664
"2015-10-30",15.1000003814697,15.1000003814697,14.7700004577637,14.8599996566772,16507811,8.79667568206787
"2015-11-02",14.7200002670288,14.8599996566772,14.5799999237061,14.8500003814697,15590478,8.79075813293457
"2015-11-03",14.8500003814697,15.039999961853,14.7399997711182,15.0100002288818,19051182,8.88547134399414
"2015-11-04",15.0699996948242,15.2600002288818,14.8500003814697,14.8999996185303,23193073,8.82035541534424
"2015-11-05",14.8900003433228,14.9099998474121,14.6800003051758,14.7299995422363,17451095,8.7197208404541
"2015-11-06",14.7700004577637,14.8999996185303,14.7200002670288,14.8999996185303,14183710,8.82035541534424
"2015-11-09",14.8999996185303,15.1199998855591,14.6999998092651,14.6999998092651,16041831,8.70196056365967
"2015-11-10",14.7799997329712,14.9399995803833,14.710000038147,14.9399995803833,13409050,8.84403514862061
"2015-11-11",14.8999996185303,15.0299997329712,14.8000001907349,14.8500003814697,10954705,8.79075813293457
"2015-11-12",14.7799997329712,14.8400001525879,14.4399995803833,14.4399995803833,17298147,8.54804801940918
"2015-11-13",14.4099998474121,14.539999961853,14.1599998474121,14.3699998855591,17488874,8.50661087036133
"2015-11-16",14.25,14.5799999237061,14.210000038147,14.3599996566772,15624105,8.50069236755371
"2015-11-17",14.5799999237061,14.8599996566772,14.5600004196167,14.8599996566772,19859388,8.79667568206787
"2015-11-18",14.75,14.9300003051758,14.6899995803833,14.8500003814697,13130645,8.79075813293457
"2015-11-19",14.9399995803833,15.0200004577637,14.7600002288818,14.9300003051758,13791848,8.83811664581299
"2015-11-20",14.8699998855591,14.9499998092651,14.6700000762939,14.8199996948242,13592659,8.77299785614014
"2015-11-23",14.7399997711182,15.0500001907349,14.6499996185303,14.9700002670288,16012326,8.86179447174072
"2015-11-24",14.960000038147,15.0900001525879,14.8299999237061,15.0500001907349,18766187,8.90914916992188
"2015-11-25",15.0900001525879,15.3500003814697,15.0200004577637,15.3299999237061,17452092,9.07490348815918
"2015-11-26",15.3000001907349,15.4300003051758,15.2600002288818,15.4300003051758,10481373,9.13410091400146
"2015-11-27",15.3199996948242,15.460000038147,15.2600002288818,15.3100004196167,9406760,9.06306266784668
"2015-11-30",15.2299995422363,15.5,15.1700000762939,15.4200000762939,13804836,9.12818050384521
"2015-12-01",15.4300003051758,15.4499998092651,15.25,15.25,12074298,9.02754402160645
"2015-12-02",15.3100004196167,15.5299997329712,15.2700004577637,15.3699998855591,13862214,9.09858226776123
"2015-12-03",15.2700004577637,15.4799995422363,14.8199996948242,14.8199996948242,29781217,8.77299785614014
"2015-12-04",14.8100004196167,15,14.4700002670288,14.6099996566772,23482113,8.64868259429932
"2015-12-07",14.5500001907349,14.6000003814697,14.210000038147,14.25,20414603,8.43557453155518
"2015-12-08",14.1999998092651,14.2399997711182,13.8199996948242,13.8900003433228,26592220,8.22246551513672
"2015-12-09",14,14.25,13.8299999237061,13.9899997711182,21999611,8.28166389465332
"2015-12-10",13.960000038147,14.1499996185303,13.9499998092651,14,16204847,8.28758335113525
"2015-12-11",13.9399995803833,13.9899997711182,13.6000003814697,13.6400003433228,21281489,8.07447338104248
"2015-12-14",13.6999998092651,13.7399997711182,13.210000038147,13.2399997711182,22718256,7.83768558502197
"2015-12-15",13.3199996948242,13.7700004577637,13.3100004196167,13.7700004577637,22806116,8.15143013000488
"2015-12-16",13.8000001907349,13.9899997711182,13.710000038147,13.7600002288818,19595075,8.14550876617432
"2015-12-17",14.0100002288818,14.0100002288818,13.7600002288818,13.7600002288818,20884368,8.14550876617432
"2015-12-18",13.6199998855591,13.7700004577637,13.4700002670288,13.5,36975735,7.9915976524353
"2015-12-21",13.5500001907349,13.75,13.3500003814697,13.3500003814697,17973600,7.90280103683472
"2015-12-22",13.4899997711182,13.6000003814697,13.3999996185303,13.5,16508331,7.9915976524353
"2015-12-23",13.6700000762939,13.9899997711182,13.6300001144409,13.960000038147,17988672,8.26390361785889
"2015-12-28",13.9899997711182,14,13.8299999237061,13.8699998855591,7882628,8.21062660217285
"2015-12-29",13.9700002670288,14.0600004196167,13.9099998474121,14.039999961853,11272513,8.31126308441162
"2015-12-30",13.9899997711182,14,13.8000001907349,13.8000001907349,9232027,8.16919040679932
"2015-12-31",13.8000001907349,13.8000001907349,13.8000001907349,13.8000001907349,0,8.16919040679932
"2016-01-04",13.6700000762939,13.6800003051758,13.3800001144409,13.4300003051758,21702202,7.95015907287598
"2016-01-05",13.6499996185303,13.6899995803833,13.4099998474121,13.5500001907349,13242609,8.02119731903076
"2016-01-06",13.5,13.5,13.0699996948242,13.1700000762939,18514679,7.7962474822998
"2016-01-07",12.8500003814697,13.1800003051758,12.3199996948242,13.0699996948242,32158578,7.73705053329468
"2016-01-08",13.0699996948242,13.0799999237061,12.6999998092651,12.6999998092651,21956587,7.51802062988281
"2016-01-11",12.6099996566772,12.9799995422363,12.6000003814697,12.6499996185303,19515479,7.48842096328735
"2016-01-12",12.5699996948242,12.9799995422363,12.5200004577637,12.6800003051758,20709127,7.50618362426758
"2016-01-13",12.7700004577637,13.0299997329712,12.6800003051758,12.8299999237061,22608537,7.5949764251709
"2016-01-14",12.6800003051758,13.2299995422363,12.6099996566772,13.0100002288818,29661577,7.70153141021729
"2016-01-15",12.8699998855591,12.9200000762939,12.4499998092651,12.5500001907349,33708726,7.42922592163086
"2016-01-18",12.4899997711182,12.7299995422363,12.3100004196167,12.4099998474121,19679169,7.34635066986084
"2016-01-19",12.6499996185303,12.8500003814697,12.4899997711182,12.5799999237061,21712800,7.44698429107666
"2016-01-20",12.3000001907349,12.3699998855591,12.0100002288818,12.1599998474121,34271933,7.19835758209229
"2016-01-21",12.1800003051758,12.5799999237061,12.0100002288818,12.5500001907349,31674985,7.42922592163086
"2016-01-22",12.9499998092651,13.1499996185303,12.75,12.9700002670288,29308474,7.67785263061523
"2016-01-25",13.0900001525879,13.0900001525879,12.7700004577637,12.8100004196167,19558642,7.58313846588135
"2016-01-26",12.6000003814697,13.1300001144409,12.460000038147,13.0799999237061,25012320,7.74296903610229
"2016-01-27",13.0500001907349,13.1599998474121,12.789999961853,13.1400003433228,21435040,7.778489112854
"2016-01-28",13.1300001144409,13.7799997329712,12.8999996185303,13.1700000762939,41119234,7.7962474822998
"2016-01-29",13.4399995803833,13.4700002670288,13.1499996185303,13.2799997329712,24533489,7.86136436462402
"2016-02-01",13.3000001907349,13.3699998855591,12.9799995422363,13.1400003433228,19476128,7.778489112854
"2016-02-02",12.960000038147,13.0200004577637,12.4099998474121,12.5100002288818,24517400,7.40554666519165
"2016-02-03",12.5299997329712,12.6700000762939,12.1300001144409,12.460000038147,23880747,7.37594795227051
"2016-02-04",12.6800003051758,12.9700002670288,12.5299997329712,12.7399997711182,27086647,7.54169940948486
"2016-02-05",12.7399997711182,12.8400001525879,12.460000038147,12.5299997329712,22734532,7.4173846244812
"2016-02-08",12.5799999237061,12.6899995803833,12.0299997329712,12.0799999237061,26931050,7.15099811553955
"2016-02-09",12.1499996185303,12.2399997711182,11.5500001907349,11.6000003814697,30120722,6.86685419082642
"2016-02-10",11.6599998474121,11.9300003051758,11.3000001907349,11.6300001144409,29893832,6.88461446762085
"2016-02-11",11.460000038147,11.5,10.9300003051758,10.9300003051758,29697007,6.47023391723633
"2016-02-12",11.25,11.6599998474121,11.0900001525879,11.6599998474121,28602758,6.90237092971802
"2016-02-15",11.8500003814697,12.1199998855591,11.7700004577637,11.9399995803833,20395490,7.06812334060669
"2016-02-16",12.2399997711182,12.2600002288818,11.6899995803833,11.8500003814697,24084617,7.01484727859497
"2016-02-17",11.789999961853,12.2299995422363,11.6899995803833,12.2299995422363,20909474,7.23979473114014
"2016-02-18",12.3500003814697,12.3800001144409,11.9499998092651,11.9700002670288,20528933,7.08588171005249
"2016-02-19",11.8500003814697,12.039999961853,11.7700004577637,11.9200000762939,17962351,7.05628490447998
"2016-02-22",12.0200004577637,12.3800001144409,12.0100002288818,12.3500003814697,16782082,7.31083106994629
"2016-02-23",12.2600002288818,12.4099998474121,12.0799999237061,12.0799999237061,17035839,7.15099811553955
"2016-02-24",12.0699996948242,12.0799999237061,11.6800003051758,11.7799997329712,18411949,6.97340774536133
"2016-02-25",11.9799995422363,12.2799997329712,11.9099998474121,12.0900001525879,17634790,7.15691995620728
"2016-02-26",12.3999996185303,12.8999996185303,12.3599996566772,12.710000038147,28547909,7.52394008636475
"2016-02-29",12.6700000762939,12.9499998092651,12.6099996566772,12.9499998092651,19637362,7.66601467132568
"2016-03-01",13.0799999237061,13.3800001144409,12.9300003051758,13.3500003814697,25573415,7.90280103683472
"2016-03-02",13.3999996185303,13.4499998092651,13.1099996566772,13.4499998092651,18780808,7.961998462677
"2016-03-03",13.4499998092651,13.6400003433228,13.3599996566772,13.6300001144409,17534928,8.06855392456055
"2016-03-04",13.7200002670288,13.7299995422363,13.3000001907349,13.539999961853,18554395,8.0152759552002
"2016-03-07",13.5100002288818,13.6099996566772,13.3299999237061,13.5900001525879,16543938,8.04487419128418
"2016-03-08",13.5500001907349,13.5500001907349,13.1099996566772,13.25,20339523,7.84360551834106
"2016-03-09",13.1300001144409,13.4700002670288,13.1199998855591,13.3999996185303,17533673,7.93240070343018
"2016-03-10",13.3800001144409,13.6599998474121,12.9200000762939,12.9399995803833,29892724,7.66009283065796
"2016-03-11",13.1199998855591,13.3699998855591,13.0699996948242,13.3199996948242,20256023,7.88504076004028
"2016-03-14",13.4099998474121,13.4499998092651,13.1499996185303,13.3900003433228,19502160,7.92648029327393
"2016-03-15",13.289999961853,13.3199996948242,13.1599998474121,13.1999998092651,14658553,7.81400728225708
"2016-03-16",13.289999961853,13.460000038147,13.210000038147,13.3699998855591,15350132,7.91464138031006
"2016-03-17",13.5500001907349,13.7200002670288,13.4200000762939,13.6099996566772,27004776,8.05671405792236
"2016-03-18",13.7299995422363,13.8999996185303,13.5,13.7299995422363,40114661,8.12775135040283
"2016-03-21",13.6800003051758,13.8199996948242,13.6199998855591,13.7299995422363,16774729,8.12775135040283
"2016-03-22",13.6800003051758,13.8000001907349,13.5799999237061,13.8000001907349,16002619,8.16919040679932
"2016-03-23",13.8000001907349,13.8199996948242,13.3699998855591,13.4700002670288,17372470,7.97383832931519
"2016-03-24",13.3500003814697,13.3699998855591,13.0799999237061,13.1499996185303,16463733,7.7844090461731
"2016-03-29",13.1800003051758,13.3999996185303,13.0500001907349,13.1499996185303,13221086,7.7844090461731
"2016-03-30",13.2799997329712,13.6599998474121,13.2700004577637,13.5200004577637,15992502,8.00343418121338
"2016-03-31",13.460000038147,13.460000038147,13.1700000762939,13.3000001907349,24002558,7.87320327758789
"2016-04-01",13.1000003814697,13.1499996185303,12.7600002288818,12.789999961853,21181026,7.57129955291748
"2016-04-04",12.710000038147,12.9399995803833,12.6400003433228,12.7600002288818,14311951,7.55353927612305
"2016-04-05",12.5500001907349,12.5900001525879,12.3599996566772,12.4399995803833,19364605,7.36410808563232
"2016-04-06",12.5500001907349,12.6899995803833,12.3999996185303,12.5699996948242,15127800,7.44106292724609
"2016-04-07",12.5699996948242,12.6800003051758,12.25,12.3199996948242,15525937,7.29307126998901
"2016-04-08",12.4399995803833,12.8599996566772,12.4200000762939,12.8500003814697,18586755,7.60681772232056
"2016-04-11",12.75,12.9899997711182,12.6000003814697,12.8900003433228,15025039,7.63049697875977
"2016-04-12",12.8900003433228,13.039999961853,12.7200002670288,12.960000038147,19124986,7.67193269729614
"2016-04-13",13.1499996185303,13.4799995422363,13.1199998855591,13.4799995422363,21249915,7.97975873947144
"2016-04-14",13.4799995422363,13.7200002670288,13.2799997329712,13.7200002670288,21773074,8.12183284759521
"2016-04-15",13.6000003814697,13.6999998092651,13.4499998092651,13.539999961853,19095398,8.0152759552002
"2016-04-18",13.1300001144409,13.5200004577637,13.039999961853,13.5,17779015,7.9915976524353
"2016-04-19",13.539999961853,13.7700004577637,13.5299997329712,13.6700000762939,13697864,8.09223175048828
"2016-04-20",13.5699996948242,13.9099998474121,13.4899997711182,13.8900003433228,14508758,8.22246551513672
"2016-04-21",13.9700002670288,14.0900001525879,13.75,14.0699996948242,25195450,8.32902050018311
"2016-04-22",14.0900001525879,14.2200002670288,13.8999996185303,14.1499996185303,17085576,8.37637805938721
"2016-04-25",14.1300001144409,14.1700000762939,13.8699998855591,14.0799999237061,16575755,8.33494186401367
"2016-04-26",14.1199998855591,14.2299995422363,14.0600004196167,14.1400003433228,14613142,8.37045860290527
"2016-04-27",14.1999998092651,14.3999996185303,14.1599998474121,14.2700004577637,16305148,8.44741344451904
"2016-04-28",14.1899995803833,14.4399995803833,14.0799999237061,14.3999996185303,15237022,8.52437019348145
"2016-04-29",14.210000038147,14.4700002670288,14.1999998092651,14.1999998092651,19917075,8.40597438812256
"2016-05-02",14.2299995422363,14.289999961853,13.8400001525879,13.9499998092651,13672516,8.25798606872559
"2016-05-03",13.9499998092651,13.960000038147,13.460000038147,13.5200004577637,18684845,8.00343418121338
"2016-05-04",13.5100002288818,13.6499996185303,13.3599996566772,13.3999996185303,14267958,7.93240070343018
"2016-05-05",13.6000003814697,13.8000001907349,13.5699996948242,13.6599998474121,14565894,8.08631420135498
"2016-05-06",13.6000003814697,13.6300001144409,13.2299995422363,13.5500001907349,16271174,8.02119731903076
"2016-05-09",13.6800003051758,13.6800003051758,13.3000001907349,13.3800001144409,14393767,7.92056035995483
"2016-05-10",13.4499998092651,13.6300001144409,13.3500003814697,13.5699996948242,15022983,8.033034324646
"2016-05-11",13.5,13.5500001907349,13.2399997711182,13.4300003051758,16620141,7.95015907287598
"2016-05-12",13.3999996185303,13.7700004577637,13.3199996948242,13.5200004577637,18062819,8.00343418121338
"2016-05-13",13.4499998092651,13.6800003051758,13.3599996566772,13.5699996948242,15545760,8.033034324646
"2016-05-16",13.6000003814697,13.7299995422363,13.5200004577637,13.6899995803833,9400597,8.10407447814941
"2016-05-17",13.7399997711182,13.960000038147,13.4300003051758,13.5699996948242,21975785,8.033034324646
"2016-05-18",13.5,13.6400003433228,13.4300003051758,13.6099996566772,12221433,8.05671405792236
"2016-05-19",13.4799995422363,13.5,13.1899995803833,13.1899995803833,19379351,7.80808687210083
"2016-05-20",13.4200000762939,13.460000038147,13.25,13.3999996185303,16957549,7.93240070343018
"2016-05-23",13.0500001907349,13.1899995803833,12.9499998092651,12.9499998092651,17383414,7.90189123153687
"2016-05-24",12.9700002670288,13.4099998474121,12.9499998092651,13.3500003814697,20925649,8.14596462249756
"2016-05-25",13.4899997711182,13.8100004196167,13.4799995422363,13.8100004196167,17886111,8.42665100097656
"2016-05-26",13.8199996948242,13.9399995803833,13.8000001907349,13.8800001144409,14483288,8.46936416625977
"2016-05-27",13.7600002288818,13.8699998855591,13.7200002670288,13.8299999237061,11646017,8.43885326385498
"2016-05-30",13.8400001525879,13.9899997711182,13.7700004577637,13.9399995803833,7900426,8.50597286224365
"2016-05-31",13.9200000762939,13.9700002670288,13.7299995422363,13.7299995422363,14776352,8.37783527374268
"2016-06-01",13.6999998092651,13.7299995422363,13.4700002670288,13.539999961853,14835115,8.26189994812012
"2016-06-02",13.5799999237061,13.7600002288818,13.460000038147,13.5299997329712,11323714,8.25579833984375
"2016-06-03",13.6000003814697,13.710000038147,13.3400001525879,13.4200000762939,14147544,8.18867683410645
"2016-06-06",13.4200000762939,13.8299999237061,13.4200000762939,13.7700004577637,11955468,8.40224266052246
"2016-06-07",13.789999961853,14.1000003814697,13.789999961853,14.0900001525879,16283563,8.59750175476074
"2016-06-08",14.0100002288818,14.25,13.9700002670288,14.1300001144409,15253775,8.62191009521484
"2016-06-09",14.1899995803833,14.1899995803833,13.8999996185303,14.0600004196167,12694390,8.57919597625732
"2016-06-10",13.9799995422363,14.0600004196167,13.75,13.7700004577637,18141725,8.40224266052246
"2016-06-13",13.5699996948242,13.6800003051758,13.4099998474121,13.4499998092651,17010106,8.20698261260986
"2016-06-14",13.3199996948242,13.4700002670288,13.1400003433228,13.1999998092651,18517630,8.0544376373291
"2016-06-15",13.2700004577637,13.4899997711182,13.2399997711182,13.3699998855591,15987340,8.15816879272461
"2016-06-16",13.1800003051758,13.3100004196167,13.0100002288818,13.2299995422363,33018822,8.0727424621582
"2016-06-17",13.3299999237061,13.7799997329712,13.3000001907349,13.75,25706965,8.39003849029541
"2016-06-20",13.8999996185303,14.1999998092651,13.8699998855591,14.1599998474121,18343234,8.64021492004395
"2016-06-21",14.1300001144409,14.3400001525879,14.0500001907349,14.3400001525879,14755938,8.75004768371582
"2016-06-22",14.3999996185303,14.460000038147,14.1199998855591,14.1199998855591,15458546,8.61580657958984
"2016-06-23",14.2200002670288,14.5799999237061,14.1400003433228,14.5799999237061,18400037,8.89649295806885
"2016-06-24",13.5,13.7299995422363,13.1599998474121,13.2399997711182,50381889,8.07884502410889
"2016-06-27",13.1999998092651,13.7299995422363,13.1199998855591,13.2299995422363,31603956,8.0727424621582
"2016-06-28",13.4899997711182,13.8100004196167,13.4099998474121,13.6599998474121,26940052,8.33512306213379
"2016-06-29",13.8299999237061,14.3100004196167,13.8199996948242,14.3000001907349,24969923,8.72564029693604
"2016-06-30",14.1999998092651,14.5200004577637,14.1000003814697,14.5200004577637,22574066,8.85987854003906
"2016-07-01",14.539999961853,14.8800001144409,14.3999996185303,14.8199996948242,23035792,9.04293632507324
"2016-07-04",14.8400001525879,14.9200000762939,14.5200004577637,14.5200004577637,15100766,8.85987854003906
"2016-07-05",14.3900003433228,14.5799999237061,14.25,14.4099998474121,15971018,8.79276084899902
"2016-07-06",14.3400001525879,14.4200000762939,14.0500001907349,14.1400003433228,19415986,8.62801170349121
"2016-07-07",14.2700004577637,14.3999996185303,14.1300001144409,14.2200002670288,13743159,8.67682456970215
"2016-07-08",14.1999998092651,14.5,14.039999961853,14.5,17859364,8.84767723083496
"2016-07-11",14.5500001907349,14.6700000762939,14.3199996948242,14.6700000762939,15920815,8.95140838623047
"2016-07-12",14.6700000762939,14.8800001144409,14.6599998474121,14.8100004196167,18303138,9.03683471679688
"2016-07-13",14.6899995803833,14.8699998855591,14.6199998855591,14.6300001144409,16454730,8.927001953125
"2016-07-14",14.8000001907349,14.9399995803833,14.6700000762939,14.8999996185303,18398496,9.0917501449585
"2016-07-15",14.8299999237061,14.8400001525879,14.6099996566772,14.7200002670288,13197322,8.98191928863525
"2016-07-18",14.8199996948242,14.8500003814697,14.5200004577637,14.5600004196167,11852235,8.88428783416748
"2016-07-19",14.5500001907349,14.6400003433228,14.3000001907349,14.5100002288818,13062944,8.8537769317627
"2016-07-20",14.6300001144409,14.6400003433228,14.2299995422363,14.3699998855591,13248837,8.76835250854492
"2016-07-21",14.3699998855591,14.3900003433228,14.1400003433228,14.289999961853,12688155,8.71953964233398
"2016-07-22",14.1999998092651,14.5,14.1800003051758,14.2299995422363,12869786,8.68292713165283
"2016-07-25",14.2299995422363,14.3400001525879,13.9700002670288,14.0299997329712,14499207,8.56089210510254
"2016-07-26",14.0600004196167,14.0900001525879,13.7799997329712,14.039999961853,14296163,8.56699371337891
"2016-07-27",14.1199998855591,14.2799997329712,13.9899997711182,14.0299997329712,12535085,8.56089210510254
"2016-07-28",14.039999961853,14.0600004196167,13.6700000762939,13.6700000762939,16431357,8.34122467041016
"2016-07-29",13.5,13.6800003051758,13.1000003814697,13.6800003051758,21435710,8.34732627868652
"2016-08-01",13.8199996948242,13.8299999237061,13.4099998474121,13.4099998474121,14271323,8.18257522583008
"2016-08-02",13.4099998474121,13.4200000762939,13.0799999237061,13.1300001144409,21672105,8.01172351837158
"2016-08-03",13.2200002670288,13.3000001907349,13.0600004196167,13.2200002670288,15534148,8.06664371490479
"2016-08-04",13.2799997329712,13.460000038147,13.1700000762939,13.25,15218294,8.08494663238525
"2016-08-05",13.3199996948242,13.4700002670288,13.289999961853,13.4099998474121,15257299,8.18257522583008
"2016-08-08",13.5200004577637,13.6099996566772,13.4099998474121,13.5699996948242,12046005,8.28020477294922
"2016-08-09",13.5299997329712,13.6599998474121,13.4799995422363,13.5500001907349,10113272,8.26800346374512
"2016-08-10",13.4799995422363,13.5699996948242,13.3500003814697,13.5100002288818,10056726,8.24359512329102
"2016-08-11",13.4899997711182,13.6999998092651,13.3000001907349,13.6999998092651,12387055,8.35953044891357
"2016-08-12",13.7399997711182,13.8400001525879,13.6099996566772,13.6999998092651,11198246,8.35953044891357
"2016-08-16",13.6599998474121,13.9399995803833,13.6400003433228,13.7399997711182,16145139,8.38393688201904
"2016-08-17",13.789999961853,13.789999961853,13.5500001907349,13.5699996948242,11807636,8.28020477294922
"2016-08-18",13.6899995803833,13.7799997329712,13.5900001525879,13.7399997711182,9944892,8.38393688201904
"2016-08-19",13.7399997711182,13.8000001907349,13.3699998855591,13.4700002670288,14518818,8.2191858291626
"2016-08-22",13.4099998474121,13.5799999237061,13.3400001525879,13.4399995803833,10191321,8.20087909698486
"2016-08-23",13.4700002670288,13.6800003051758,13.4200000762939,13.6199998855591,12249663,8.31071472167969
"2016-08-24",13.5600004196167,13.6099996566772,13.4499998092651,13.5100002288818,12221193,8.24359512329102
"2016-08-25",13.5299997329712,13.539999961853,13.3400001525879,13.3500003814697,11774042,8.14596462249756
"2016-08-26",13.3800001144409,13.6199998855591,13.2799997329712,13.6099996566772,11888939,8.304612159729
"2016-08-29",13.5100002288818,13.5500001907349,13.3500003814697,13.4700002670288,7750794,8.2191858291626
"2016-08-30",13.5,13.7200002670288,13.5,13.6999998092651,12332138,8.35953044891357
"2016-08-31",13.6499996185303,13.7399997711182,13.539999961853,13.539999961853,11673097,8.26189994812012
"2016-09-01",13.6000003814697,13.6800003051758,13.3500003814697,13.4399995803833,13799509,8.20087909698486
"2016-09-02",13.5,13.7700004577637,13.3999996185303,13.7200002670288,14798316,8.37173461914062
"2016-09-05",13.75,13.9899997711182,13.7399997711182,13.8299999237061,13927545,8.43885326385498
"2016-09-06",13.9499998092651,13.9899997711182,13.7399997711182,13.7399997711182,14313469,8.38393688201904
"2016-09-07",13.8199996948242,13.9399995803833,13.7399997711182,13.8800001144409,17142408,8.46936416625977
"2016-09-08",13.9200000762939,14.0299997329712,13.75,14.0299997329712,19789381,8.56089210510254
"2016-09-09",13.9799995422363,14.0200004577637,13.75,13.7700004577637,17387884,8.40224266052246
"2016-09-12",13.5699996948242,13.6000003814697,13.3299999237061,13.5600004196167,22655298,8.27410221099854
"2016-09-13",13.539999961853,13.5900001525879,13.1099996566772,13.1099996566772,22628335,7.99951839447021
"2016-09-14",13.2200002670288,13.3000001907349,13.039999961853,13.1499996185303,21475182,8.02392864227295
"2016-09-15",13.0900001525879,13.25,13.0200004577637,13.210000038147,20508633,8.06053733825684
"2016-09-16",13.1199998855591,13.1599998474121,12.8599996566772,12.9099998474121,30673031,7.87748432159424
"2016-09-19",12.6800003051758,12.8800001144409,12.6700000762939,12.6999998092651,18783945,7.99712371826172
"2016-09-20",12.6499996185303,12.6899995803833,12.460000038147,12.4700002670288,16663885,7.852294921875
"2016-09-21",12.6099996566772,12.7799997329712,12.4899997711182,12.5100002288818,18458067,7.87748336791992
"2016-09-22",12.6599998474121,12.7700004577637,12.6300001144409,12.6499996185303,23523054,7.96563911437988
"2016-09-23",12.6199998855591,12.6899995803833,12.5299997329712,12.6000003814697,16547134,7.93415641784668
"2016-09-26",12.5,12.5200004577637,12.3500003814697,12.3699998855591,15942461,7.78932809829712
"2016-09-27",12.4899997711182,12.5,12.1800003051758,12.3100004196167,15826497,7.75154495239258
"2016-09-28",12.3500003814697,12.5200004577637,12.3400001525879,12.3500003814697,15776091,7.77673244476318
"2016-09-29",12.789999961853,13,12.7600002288818,12.9200000762939,26888396,8.13566017150879
"2016-09-30",12.7600002288818,12.9099998474121,12.6599998474121,12.8199996948242,22018020,8.07268810272217
"2016-10-03",12.8000001907349,12.9899997711182,12.789999961853,12.8900003433228,12896184,8.11676788330078
"2016-10-04",12.8999996185303,13.0500001907349,12.8699998855591,12.9700002670288,16798391,8.16714382171631
"2016-10-05",12.9399995803833,13.289999961853,12.8999996185303,13.2700004577637,21812154,8.35605239868164
"2016-10-06",13.3100004196167,13.3699998855591,13.1899995803833,13.2700004577637,14368915,8.35605239868164
"2016-10-07",13.2799997329712,13.4099998474121,13.210000038147,13.289999961853,16022389,8.36864471435547
"2016-10-10",13.2700004577637,13.6400003433228,13.2200002670288,13.6000003814697,18610458,8.56385135650635
"2016-10-11",13.460000038147,13.5799999237061,13.3400001525879,13.3400001525879,15796429,8.40013027191162
"2016-10-12",13.3599996566772,13.4700002670288,13.2299995422363,13.25,14351899,8.34345722198486
"2016-10-13",13.1800003051758,13.210000038147,13.0299997329712,13.1599998474121,14892302,8.28678607940674
"2016-10-14",13.1499996185303,13.539999961853,13.1499996185303,13.4200000762939,18395963,8.45050525665283
"2016-10-17",13.3999996185303,13.4200000762939,13.2600002288818,13.3100004196167,11286529,8.38123989105225
"2016-10-18",13.4300003051758,13.6000003814697,13.4099998474121,13.5500001907349,18747683,8.53236770629883
"2016-10-19",13.5799999237061,13.6800003051758,13.4799995422363,13.5900001525879,15462180,8.5575532913208
"2016-10-20",13.6000003814697,13.75,13.5600004196167,13.7299995422363,21645757,8.64571189880371
"2016-10-21",13.7600002288818,13.7700004577637,13.6099996566772,13.7700004577637,13104565,8.67089939117432
"2016-10-24",13.7700004577637,13.8500003814697,13.710000038147,13.7299995422363,13513418,8.64571189880371
"2016-10-25",13.7200002670288,13.8599996566772,13.6000003814697,13.6800003051758,12834585,8.61422538757324
"2016-10-26",13.6300001144409,13.6999998092651,13.5,13.539999961853,14395353,8.52606868743896
"2016-10-27",13.539999961853,13.7700004577637,13.5,13.75,16144691,8.65830516815186
"2016-10-28",13.4499998092651,13.5299997329712,13.2700004577637,13.5100002288818,24840702,8.50717830657959
"2016-10-31",13.3800001144409,13.3999996185303,13.1899995803833,13.210000038147,15232409,8.31826972961426
"2016-11-01",13.3100004196167,13.3599996566772,12.9700002670288,13,16039193,8.18603515625
"2016-11-02",12.9499998092651,12.9700002670288,12.7700004577637,12.8100004196167,18609406,8.06639289855957
"2016-11-03",12.6899995803833,12.8699998855591,12.3999996185303,12.710000038147,18738841,8.00342273712158
"2016-11-04",12.6800003051758,12.6899995803833,12.5,12.5900001525879,16330632,7.92785882949829
"2016-11-07",12.7700004577637,12.8800001144409,12.710000038147,12.7700004577637,13733016,8.04120445251465
"2016-11-08",12.8000001907349,12.8500003814697,12.6800003051758,12.8500003814697,10648897,8.09158229827881
"2016-11-09",12.4799995422363,12.8000001907349,12.3999996185303,12.8000001907349,27582512,8.06009483337402
"2016-11-10",12.8800001144409,13.0299997329712,12.6499996185303,12.75,21883131,8.02861022949219
"2016-11-11",12.8199996948242,12.8299999237061,12.3999996185303,12.5500001907349,19020482,7.90267086029053
"2016-11-14",12.6000003814697,12.6499996185303,12.2600002288818,12.2600002288818,19941149,7.72005939483643
"2016-11-15",12.3800001144409,12.5500001907349,12.3000001907349,12.5,18632594,7.87118577957153
"2016-11-16",12.539999961853,12.5799999237061,12.3599996566772,12.4200000762939,17306942,7.8208122253418
"2016-11-17",12.4099998474121,12.6400003433228,12.3699998855591,12.6000003814697,16740217,7.93415641784668
"2016-11-18",12.539999961853,12.5799999237061,12.3299999237061,12.3800001144409,17837837,7.79562425613403
"2016-11-21",12.4499998092651,12.6400003433228,12.3400001525879,12.5699996948242,14661628,7.91526365280151
"2016-11-22",12.6899995803833,12.8900003433228,12.6599998474121,12.6999998092651,17368102,7.99712371826172
"2016-11-23",12.7600002288818,12.789999961853,12.5200004577637,12.6999998092651,15514126,7.99712371826172
"2016-11-24",12.6999998092651,12.8199996948242,12.6999998092651,12.75,9641568,8.02861022949219
"2016-11-25",12.7299995422363,12.7799997329712,12.6599998474121,12.7700004577637,9094341,8.04120445251465
"2016-11-28",12.6700000762939,12.6899995803833,12.460000038147,12.5799999237061,16389423,7.92156076431274
"2016-11-29",12.5299997329712,12.6700000762939,12.4700002670288,12.6599998474121,17470707,7.97193765640259
"2016-11-30",12.710000038147,13.3299999237061,12.6400003433228,13.1400003433228,39432824,8.27419185638428
"2016-12-01",13.3299999237061,13.6599998474121,13.3100004196167,13.6099996566772,28990456,8.57014942169189
"2016-12-02",13.5299997329712,13.6000003814697,13.3900003433228,13.539999961853,18656812,8.52606868743896
"2016-12-05",13.4499998092651,13.7299995422363,13.3999996185303,13.6899995803833,24779070,8.62052440643311
"2016-12-06",13.6099996566772,13.960000038147,13.5500001907349,13.960000038147,21559387,8.79054164886475
"2016-12-07",14,14.1000003814697,13.9099998474121,14.1000003814697,21136426,8.87870025634766
"2016-12-08",14.0299997329712,14.2700004577637,14.0100002288818,14.2299995422363,19065560,8.9605598449707
"2016-12-09",14.289999961853,14.289999961853,14.0900001525879,14.25,15868503,8.97315311431885
"2016-12-12",14.6599998474121,14.8999996185303,14.6300001144409,14.7799997329712,31938552,9.3068904876709
"2016-12-13",14.75,15,14.7299995422363,14.9300003051758,26052123,9.40134620666504
"2016-12-14",14.8199996948242,15.0799999237061,14.8000001907349,14.8800001144409,22279030,9.36985969543457
"2016-12-15",14.8299999237061,15.0100002288818,14.789999961853,14.9700002670288,28099217,9.42653274536133
"2016-12-16",15.0500001907349,15.0500001907349,14.8699998855591,15.0500001907349,27466498,9.47690773010254
"2016-12-19",15,15.0200004577637,14.8999996185303,14.960000038147,10625001,9.42023658752441
"2016-12-20",14.9200000762939,15.1499996185303,14.8599996566772,15.1499996185303,15739572,9.53987693786621
"2016-12-21",15.1400003433228,15.2299995422363,15.1199998855591,15.1700000762939,12418505,9.55247211456299
"2016-12-22",15.1499996185303,15.3000001907349,15.1199998855591,15.1700000762939,12878472,9.55247211456299
"2016-12-23",15.1599998474121,15.3400001525879,15.1599998474121,15.3400001525879,8883447,9.65952110290527
"2016-12-27",15.3500003814697,15.4499998092651,15.3100004196167,15.3400001525879,8503127,9.65952110290527
"2016-12-28",15.3699998855591,15.4300003051758,15.3000001907349,15.3100004196167,6795684,9.64062881469727
"2016-12-29",15.2799997329712,15.4799995422363,15.25,15.4399995803833,7805605,9.72249031066895
"2016-12-30",15.3800001144409,15.4799995422363,15.3299999237061,15.4700002670288,9431821,9.74138069152832
"2017-01-02",15.4700002670288,15.6700000762939,15.460000038147,15.6400003433228,8592261,9.84842872619629
"2017-01-03",15.7299995422363,15.9200000762939,15.6300001144409,15.6300001144409,16079269,9.84213256835938
"2017-01-04",15.710000038147,15.7799997329712,15.539999961853,15.6899995803833,13438360,9.87991237640381
"2017-01-05",15.6400003433228,15.8199996948242,15.6099996566772,15.6400003433228,11657069,9.84842872619629
"2017-01-06",15.75,15.75,15.539999961853,15.7200002670288,9295912,9.89880657196045
"2017-01-09",15.7200002670288,15.7600002288818,15.3699998855591,15.3900003433228,12894616,9.69100475311279
"2017-01-10",15.3900003433228,15.6000003814697,15.3699998855591,15.5500001907349,10774794,9.79175758361816
"2017-01-11",15.5500001907349,15.6800003051758,15.3800001144409,15.539999961853,13458516,9.7854585647583
"2017-01-12",15.5299997329712,15.6599998474121,15.460000038147,15.460000038147,12442538,9.73508453369141
"2017-01-13",15.539999961853,15.6700000762939,15.3999996185303,15.6700000762939,11861691,9.86731910705566
"2017-01-16",15.5500001907349,15.5799999237061,15.3999996185303,15.3999996185303,7941287,9.69730281829834
"2017-01-17",15.4300003051758,15.5799999237061,15.4200000762939,15.4700002670288,10888201,9.74138069152832
"2017-01-18",15.539999961853,15.5699996948242,15.3999996185303,15.5699996948242,9562219,9.80434894561768
"2017-01-19",15.539999961853,15.5699996948242,15.3900003433228,15.5100002288818,11125774,9.76656913757324
"2017-01-20",15.5699996948242,15.6899995803833,15.4700002670288,15.5500001907349,18384180,9.79175758361816
"2017-01-23",15.4899997711182,15.5100002288818,15.2600002288818,15.3100004196167,15533796,9.64062881469727
"2017-01-24",15.3199996948242,15.4700002670288,15.3100004196167,15.3500003814697,11334726,9.6658182144165
"2017-01-25",15.4899997711182,15.4899997711182,15.1499996185303,15.1499996185303,17989275,9.53987693786621
"2017-01-26",15.1999998092651,15.2299995422363,14.9200000762939,14.9499998092651,15978827,9.41393852233887
"2017-01-27",14.9700002670288,14.9799995422363,14.710000038147,14.7700004577637,12780272,9.3005952835083
"2017-01-30",14.710000038147,14.710000038147,14.0200004577637,14.3900003433228,17835958,9.06131076812744
"2017-01-31",14.4099998474121,14.5799999237061,14.210000038147,14.210000038147,16164528,8.94796371459961
"2017-02-01",14.3100004196167,14.4099998474121,14.1099996566772,14.1300001144409,13196456,8.89759063720703
"2017-02-02",14.1700000762939,14.3999996185303,14.1400003433228,14.1599998474121,13621652,8.91648101806641
"2017-02-03",14.1800003051758,14.5799999237061,14.1800003051758,14.5299997329712,14033078,9.1494665145874
"2017-02-06",14.539999961853,14.5500001907349,14.1400003433228,14.2299995422363,14083702,8.9605598449707
"2017-02-07",14.25,14.3699998855591,14.1400003433228,14.1999998092651,12460445,8.9416675567627
"2017-02-08",14.2200002670288,14.2299995422363,13.8400001525879,14.1400003433228,19738758,8.90388679504395
"2017-02-09",14.2200002670288,14.4200000762939,14.1000003814697,14.3599996566772,15409855,9.04241943359375
"2017-02-10",14.4399995803833,14.4499998092651,14.1999998092651,14.3999996185303,12955848,9.06760597229004
"2017-02-13",14.4200000762939,14.6700000762939,14.3599996566772,14.539999961853,13255863,9.15576457977295
"2017-02-14",14.539999961853,14.6800003051758,14.5,14.539999961853,10315886,9.15576457977295
"2017-02-15",14.6300001144409,14.6300001144409,14.3599996566772,14.3800001144409,12591124,9.05501174926758
"2017-02-16",14.3500003814697,14.460000038147,14.2799997329712,14.3999996185303,12893250,9.06760597229004
"2017-02-17",14.4399995803833,14.4499998092651,14.1099996566772,14.1199998855591,14978856,8.89129161834717
"2017-02-20",14.210000038147,14.3400001525879,14.1400003433228,14.25,13566329,8.97315311431885
"2017-02-21",14.2600002288818,14.7799997329712,14.1800003051758,14.5799999237061,19893776,9.18095397949219
"2017-02-22",14.6599998474121,14.6700000762939,14.3000001907349,14.3599996566772,15220825,9.04241943359375
"2017-02-23",14.3999996185303,14.6000003814697,14.3299999237061,14.4099998474121,13248576,9.0739049911499
"2017-02-24",14.4200000762939,14.4499998092651,14.2200002670288,14.3000001907349,13137267,9.00463581085205
"2017-02-27",14.3400001525879,14.4200000762939,14.2299995422363,14.3599996566772,11135627,9.04241943359375
"2017-02-28",14.3699998855591,14.6700000762939,14.3699998855591,14.5200004577637,21187623,9.14316844940186
"2017-03-01",14.789999961853,15.0299997329712,14.6700000762939,15,22489769,9.44542407989502
"2017-03-02",15.0500001907349,15.2799997329712,14.9700002670288,15.0100002288818,21560583,9.45172119140625
"2017-03-03",14.9899997711182,15.2799997329712,14.9700002670288,15.2700004577637,19699288,9.61544036865234
"2017-03-06",15.1899995803833,15.25,15.0299997329712,15.0900001525879,16496344,9.50209712982178
"2017-03-07",15.0900001525879,15.1400003433228,14.9399995803833,15.0500001907349,11897672,9.47690773010254
"2017-03-08",15.0100002288818,15.0799999237061,14.7700004577637,14.8000001907349,15701300,9.31948566436768
"2017-03-09",14.6499996185303,14.6999998092651,14.3299999237061,14.6999998092651,26364447,9.25651454925537
"2017-03-10",14.7299995422363,14.8400001525879,14.6000003814697,14.6300001144409,17285630,9.21243762969971
"2017-03-13",14.6599998474121,14.6800003051758,14.4399995803833,14.6499996185303,12841623,9.22503185272217
"2017-03-14",14.710000038147,14.7299995422363,14.3299999237061,14.4700002670288,18124793,9.11168575286865
"2017-03-15",14.6000003814697,14.75,14.5100002288818,14.6700000762939,16898373,9.23762607574463
"2017-03-16",14.8800001144409,15.0600004196167,14.8500003814697,15.0100002288818,23679090,9.45172119140625
"2017-03-17",15.0100002288818,15.0900001525879,14.8800001144409,14.9200000762939,25810501,9.39504623413086
"2017-03-20",14.8400001525879,14.960000038147,14.75,14.8500003814697,14681212,9.35097026824951
"2017-03-21",14.9300003051758,15.1400003433228,14.8699998855591,14.9200000762939,18131866,9.39504623413086
"2017-03-22",14.8299999237061,14.9399995803833,14.7600002288818,14.8900003433228,16906829,9.37615776062012
"2017-03-23",14.8999996185303,15.0799999237061,14.8199996948242,15.0299997329712,14936216,9.46431541442871
"2017-03-24",15.0699996948242,15.0900001525879,14.9300003051758,14.9899997711182,9956563,9.43912696838379
"2017-03-27",14.8999996185303,14.9899997711182,14.8299999237061,14.9700002670288,11220646,9.42653274536133
"2017-03-28",14.9799995422363,15.0500001907349,14.8900003433228,15.0500001907349,11777720,9.47690773010254
"2017-03-29",15.0799999237061,15.1800003051758,15.0200004577637,15.1199998855591,13454453,9.52098751068115
"2017-03-30",15.1700000762939,15.3299999237061,15.1599998474121,15.3199996948242,14052142,9.6469259262085
"2017-03-31",15.3199996948242,15.3500003814697,15.1599998474121,15.3500003814697,14785604,9.6658182144165
"2017-04-03",15.3699998855591,15.4499998092651,15.1199998855591,15.1199998855591,12546719,9.52098751068115
"2017-04-04",15.1499996185303,15.2299995422363,15.0299997329712,15.2299995422363,13445935,9.59025192260742
"2017-04-05",15.2299995422363,15.3599996566772,15.1099996566772,15.1499996185303,17554158,9.53987693786621
"2017-04-06",15.1000003814697,15.2700004577637,14.9899997711182,15.1700000762939,14353817,9.55247211456299
"2017-04-07",15.25,15.2799997329712,15.1300001144409,15.2299995422363,10745151,9.59025192260742
"2017-04-10",15.2799997329712,15.3100004196167,15.1000003814697,15.2200002670288,10988793,9.58395767211914
"2017-04-11",15.1499996185303,15.289999961853,15.1199998855591,15.2399997711182,14551006,9.59655284881592
"2017-04-12",15.3000001907349,15.3800001144409,15.1700000762939,15.2399997711182,12761653,9.59655284881592
"2017-04-13",15.1800003051758,15.2200002670288,14.960000038147,14.9899997711182,12966808,9.43912696838379
"2017-04-18",15,15.0200004577637,14.6800003051758,14.6800003051758,18927869,9.24392127990723
"2017-04-19",14.6999998092651,14.7700004577637,14.5799999237061,14.6899995803833,12687719,9.25021553039551
"2017-04-20",14.5799999237061,14.7399997711182,14.5600004196167,14.6800003051758,16325756,9.24392127990723
"2017-04-21",14.6899995803833,14.8199996948242,14.5200004577637,14.5200004577637,18919689,9.14316844940186
"2017-04-24",14.6300001144409,14.7299995422363,14.4700002670288,14.539999961853,24113809,9.41513538360596
"2017-04-25",14.6000003814697,14.6000003814697,14.4399995803833,14.4799995422363,14367637,9.37628173828125
"2017-04-26",14.5299997329712,14.5500001907349,14.3900003433228,14.539999961853,13985676,9.41513538360596
"2017-04-27",14.4499998092651,14.4499998092651,14.25,14.3199996948242,16848128,9.27267742156982
"2017-04-28",14.3400001525879,14.3699998855591,14.2700004577637,14.2700004577637,12378156,9.24029922485352
"2017-05-02",14.3100004196167,14.3699998855591,14.2399997711182,14.3000001907349,12077026,9.25972461700439
"2017-05-03",14.2600002288818,14.289999961853,14.1400003433228,14.2399997711182,13270565,9.22087383270264
"2017-05-04",14.289999961853,14.4499998092651,14.210000038147,14.2299995422363,19376640,9.21439933776855
"2017-05-05",14.1300001144409,14.5900001525879,14.0600004196167,14.5900001525879,23349907,9.44751071929932
"2017-05-08",14.6400003433228,14.8100004196167,14.5200004577637,14.5900001525879,17952876,9.44751071929932
"2017-05-09",14.7200002670288,14.8000001907349,14.6499996185303,14.7399997711182,11880384,9.54464149475098
"2017-05-10",14.7600002288818,14.9799995422363,14.539999961853,14.8199996948242,16953069,9.59644317626953
"2017-05-11",14.9099998474121,15,14.75,14.8999996185303,15974718,9.64824485778809
"2017-05-12",14.9399995803833,14.9799995422363,14.789999961853,14.8900003433228,12567515,9.64177131652832
"2017-05-15",14.9899997711182,15.0600004196167,14.9300003051758,15,14941037,9.71299934387207
"2017-05-16",14.9700002670288,15.1199998855591,14.960000038147,15.0500001907349,11852387,9.74537563323975
"2017-05-17",14.9499998092651,15,14.7799997329712,14.8199996948242,15383157,9.59644317626953
"2017-05-18",14.8000001907349,14.9399995803833,14.5500001907349,14.8599996566772,18586327,9.62234497070312
"2017-05-19",14.9399995803833,15.039999961853,14.8800001144409,15.039999961853,14640969,9.73890113830566
"2017-05-22",15.1199998855591,15.1599998474121,15.0200004577637,15.0200004577637,11761611,9.72594928741455
"2017-05-23",15.0200004577637,15.0699996948242,14.9399995803833,14.9899997711182,9484208,9.70652389526367
"2017-05-24",14.9499998092651,15.0200004577637,14.8299999237061,14.9300003051758,10006811,9.66767311096191
"2017-05-25",14.9700002670288,14.9899997711182,14.6199998855591,14.6499996185303,17108328,9.48636341094971
"2017-05-26",14.5200004577637,14.539999961853,14.2799997329712,14.3100004196167,20702236,9.26620197296143
"2017-05-29",14.3100004196167,14.3599996566772,14.1599998474121,14.2799997329712,11190519,9.24677562713623
"2017-05-30",14.2399997711182,14.4200000762939,14.1599998474121,14.3199996948242,13860008,9.27267742156982
"2017-05-31",14.3599996566772,14.3599996566772,14.0799999237061,14.0900001525879,21980174,9.12374496459961
"2017-06-01",14.1899995803833,14.3100004196167,14.1000003814697,14.2600002288818,13794892,9.23382472991943
"2017-06-02",14.210000038147,14.2399997711182,13.9099998474121,14.0500001907349,17892020,9.09784507751465
"2017-06-05",14.1099996566772,14.1499996185303,13.960000038147,13.960000038147,9493254,9.03956508636475
"2017-06-06",13.9700002670288,14.1700000762939,13.9300003051758,14.0699996948242,15292821,9.1107931137085
"2017-06-07",14.0799999237061,14.1400003433228,13.789999961853,13.789999961853,18939242,8.92948436737061
"2017-06-08",13.8000001907349,13.9700002670288,13.7600002288818,13.8900003433228,16057918,8.99423694610596
"2017-06-09",13.9099998474121,14.0299997329712,13.8599996566772,13.8999996185303,11166189,9.00071334838867
"2017-06-12",13.9700002670288,14.1499996185303,13.960000038147,13.960000038147,15885609,9.03956508636475
"2017-06-13",14.0299997329712,14.1599998474121,13.9700002670288,14,12171488,9.06546688079834
"2017-06-14",14.0299997329712,14.0600004196167,13.8000001907349,13.8500003814697,17427631,8.96833992004395
"2017-06-15",13.8299999237061,13.8400001525879,13.6700000762939,13.7700004577637,26934517,8.91653442382812
"2017-06-16",13.8299999237061,13.8699998855591,13.7200002670288,13.8500003814697,15815782,8.96833992004395
"2017-06-19",13.9099998474121,14,13.8599996566772,13.9099998474121,9185926,9.00718784332275
"2017-06-20",13.9300003051758,13.9799995422363,13.6199998855591,13.6300001144409,16310367,8.82587814331055
"2017-06-21",13.6300001144409,13.7700004577637,13.4499998092651,13.6999998092651,17661097,8.87120723724365
"2017-06-22",13.6000003814697,13.6599998474121,13.5,13.6599998474121,15812380,8.84530639648438
"2017-06-23",13.6000003814697,13.6800003051758,13.5100002288818,13.5799999237061,10959831,8.79350185394287
"2017-06-26",13.6499996185303,13.710000038147,13.5,13.6000003814697,11919242,8.80645275115967
"2017-06-27",13.6000003814697,13.6199998855591,13.5,13.5200004577637,13337044,8.75464916229248
"2017-06-28",13.5,13.5600004196167,13.3599996566772,13.5600004196167,16882864,8.78055191040039
"2017-06-29",13.6400003433228,13.6499996185303,13.3000001907349,13.3000001907349,19981675,8.61219310760498
"2017-06-30",13.3000001907349,13.3100004196167,13.0900001525879,13.1599998474121,20913802,8.52153873443604
"2017-07-03",13.2200002670288,13.4200000762939,13.210000038147,13.3199996948242,15011705,8.62514209747314
"2017-07-04",13.3299999237061,13.3999996185303,13.2799997329712,13.3599996566772,8331820,8.65104484558105
"2017-07-05",13.3199996948242,13.3800001144409,13.1000003814697,13.1700000762939,18302340,8.52801418304443
"2017-07-06",13.210000038147,13.2399997711182,13.039999961853,13.0900001525879,19179409,8.47620964050293
"2017-07-07",13.039999961853,13.0699996948242,12.9399995803833,12.960000038147,16519821,8.39203071594238
"2017-07-10",13.0200004577637,13.0699996948242,12.9399995803833,13,10558806,8.41793346405029
"2017-07-11",13,13.0799999237061,12.9399995803833,12.9700002670288,11280151,8.3985071182251
"2017-07-12",13.039999961853,13.3100004196167,13.0200004577637,13.1899995803833,16936501,8.54096412658691
"2017-07-13",13.1599998474121,13.2200002670288,13.1199998855591,13.210000038147,11960165,8.55391407012939
"2017-07-14",13.2399997711182,13.3400001525879,13.1599998474121,13.2399997711182,10278434,8.57334232330322
"2017-07-17",13.3100004196167,13.3199996948242,13.210000038147,13.210000038147,9309932,8.55391407012939
"2017-07-18",13.1599998474121,13.25,13.1300001144409,13.1400003433228,11028320,8.50858879089355
"2017-07-19",13.1499996185303,13.1700000762939,13.0799999237061,13.1300001144409,11032705,8.50211238861084
"2017-07-20",13.1899995803833,13.2700004577637,13.1099996566772,13.1499996185303,12220735,8.51506423950195
"2017-07-21",13.1700000762939,13.2700004577637,13,13.039999961853,16955094,8.44383525848389
"2017-07-24",13.0600004196167,13.1800003051758,13.0100002288818,13.0600004196167,12123513,8.45678424835205
"2017-07-25",13.0799999237061,13.210000038147,13.0500001907349,13.1899995803833,12073589,8.54096412658691
"2017-07-26",13.2600002288818,13.3400001525879,13.2299995422363,13.2600002288818,13359479,8.58629131317139
"2017-07-27",13.2600002288818,13.3800001144409,13.1999998092651,13.2200002670288,12459912,8.56039333343506
"2017-07-28",13.3000001907349,13.3400001525879,13.1800003051758,13.2600002288818,13708502,8.58629131317139
"2017-07-31",13.3000001907349,13.5,13.289999961853,13.3699998855591,18372106,8.65752124786377
"2017-08-01",13.4799995422363,13.5699996948242,13.460000038147,13.4700002670288,16681305,8.72227478027344
"2017-08-02",13.4899997711182,13.5600004196167,13.3999996185303,13.5299997329712,12318898,8.76112651824951
"2017-08-03",13.460000038147,13.5200004577637,13.3999996185303,13.5,12442922,8.74169921875
"2017-08-04",13.460000038147,13.6000003814697,13.4300003051758,13.5500001907349,11190806,8.77407836914062
"2017-08-07",13.6000003814697,13.6400003433228,13.5200004577637,13.5699996948242,8338655,8.78702735900879
"2017-08-08",13.5500001907349,13.6099996566772,13.5,13.539999961853,10366770,8.76760005950928
"2017-08-09",13.5,13.5799999237061,13.4700002670288,13.5,13160745,8.74169921875
"2017-08-10",13.5200004577637,13.6099996566772,13.4499998092651,13.4899997711182,13487737,8.73522567749023
"2017-08-11",13.4499998092651,13.4499998092651,13.2700004577637,13.3000001907349,14875897,8.61219310760498
"2017-08-14",13.3299999237061,13.3900003433228,13.2700004577637,13.3500003814697,9765639,8.64456844329834
"2017-08-16",13.3299999237061,13.4399995803833,13.3299999237061,13.4099998474121,9791751,8.68342113494873
"2017-08-17",13.3599996566772,13.4099998474121,13.2399997711182,13.2399997711182,11815039,8.57334232330322
"2017-08-18",13.1499996185303,13.25,13.1300001144409,13.25,11210039,8.57981586456299
"2017-08-21",13.2200002670288,13.2799997329712,13.1000003814697,13.1899995803833,10789614,8.54096412658691
"2017-08-22",13.2200002670288,13.2700004577637,13.1000003814697,13.1400003433228,11485403,8.50858879089355
"2017-08-23",13.1300001144409,13.210000038147,13.0900001525879,13.1499996185303,9952487,8.51506423950195
"2017-08-24",13.1800003051758,13.2399997711182,13.1199998855591,13.1400003433228,8000199,8.50858879089355
"2017-08-25",13.1499996185303,13.1800003051758,13.1000003814697,13.1099996566772,8573201,8.48916149139404
"2017-08-28",13.0699996948242,13.1800003051758,13.039999961853,13.1300001144409,8353304,8.50211238861084
"2017-08-29",13.0799999237061,13.1199998855591,12.9700002670288,13.1099996566772,13675298,8.48916149139404
"2017-08-30",13.1599998474121,13.2299995422363,13.1300001144409,13.1400003433228,10344142,8.50858879089355
"2017-08-31",13.1800003051758,13.2700004577637,13.1099996566772,13.1700000762939,13182084,8.52801418304443
"2017-09-01",13.2299995422363,13.3400001525879,13.210000038147,13.3100004196167,10088405,8.61866855621338
"2017-09-04",13.25,13.3900003433228,13.2399997711182,13.3299999237061,7959433,8.63161849975586
"2017-09-05",13.3599996566772,13.4899997711182,13.3500003814697,13.3900003433228,12714950,8.67047023773193
"2017-09-06",13.3800001144409,13.539999961853,13.3500003814697,13.4799995422363,15531035,8.72874927520752
"2017-09-07",13.5200004577637,13.5799999237061,13.4899997711182,13.5500001907349,13030193,8.77407836914062
"2017-09-08",13.5500001907349,13.5600004196167,13.3900003433228,13.460000038147,13872326,8.71579837799072
"2017-09-11",13.5,13.539999961853,13.4499998092651,13.5100002288818,12063760,8.7481746673584
"2017-09-12",13.5500001907349,13.5500001907349,13.4300003051758,13.5500001907349,12225755,8.77407836914062
"2017-09-13",13.5,13.6000003814697,13.5,13.5600004196167,12183509,8.78055191040039
"2017-09-14",13.5799999237061,13.7600002288818,13.5699996948242,13.6400003433228,23146208,8.83235454559326
"2017-09-15",13.6999998092651,13.8100004196167,13.6400003433228,13.8100004196167,28910672,8.94243621826172
"2017-09-18",13.5500001907349,13.5799999237061,13.460000038147,13.460000038147,16437117,8.9757776260376
"2017-09-19",13.4499998092651,13.5500001907349,13.4399995803833,13.5299997329712,9553700,9.02245712280273
"2017-09-20",13.5500001907349,13.6800003051758,13.539999961853,13.6400003433228,13305649,9.09581184387207
"2017-09-21",13.6899995803833,13.7399997711182,13.6400003433228,13.7399997711182,12271190,9.16249370574951
"2017-09-22",13.710000038147,13.8000001907349,13.6700000762939,13.7799997329712,10590806,9.18916797637939
"2017-09-25",13.75,13.9399995803833,13.7399997711182,13.9399995803833,15902406,9.29586315155029
"2017-09-26",13.9499998092651,14.0900001525879,13.9399995803833,13.9899997711182,15623361,9.3292064666748
"2017-09-27",14.039999961853,14.0500001907349,13.9099998474121,13.9300003051758,11914881,9.28919792175293
"2017-09-28",13.9200000762939,13.9899997711182,13.8299999237061,13.9499998092651,10253072,9.30253314971924
"2017-09-29",13.960000038147,14.0200004577637,13.9200000762939,14,11908678,9.33587551116943
"2017-10-02",14.0200004577637,14.0500001907349,13.9200000762939,13.9700002670288,10060344,9.31587028503418
"2017-10-03",14,14.0699996948242,13.9499998092651,14.0699996948242,8273923,9.38255405426025
"2017-10-04",14.0500001907349,14.0600004196167,13.8500003814697,13.8999996185303,13286358,9.26919078826904
"2017-10-05",13.8599996566772,14.0699996948242,13.8500003814697,14.0299997329712,10816535,9.35588264465332
"2017-10-06",14,14.0200004577637,13.789999961853,13.8500003814697,12303817,9.2358512878418
"2017-10-09",13.8699998855591,13.8900003433228,13.7600002288818,13.8500003814697,9786164,9.2358512878418
"2017-10-10",13.8400001525879,13.9300003051758,13.710000038147,13.8500003814697,10592727,9.2358512878418
"2017-10-11",13.8400001525879,13.9499998092651,13.8100004196167,13.9200000762939,9827741,9.2825288772583
"2017-10-12",13.8900003433228,13.9799995422363,13.8199996948242,13.8599996566772,8226347,9.24251556396484
"2017-10-13",13.8900003433228,14.0299997329712,13.8800001144409,13.9700002670288,10422523,9.31587028503418
"2017-10-16",13.9899997711182,14.0500001907349,13.960000038147,13.9899997711182,8861860,9.3292064666748
"2017-10-17",13.9899997711182,14,13.8599996566772,13.8900003433228,11768122,9.26252174377441
"2017-10-18",13.9099998474121,13.9300003051758,13.8400001525879,13.8800001144409,8148271,9.25585460662842
"2017-10-19",13.8999996185303,13.9200000762939,13.7200002670288,13.7700004577637,13490696,9.1825008392334
"2017-10-20",13.8000001907349,13.8800001144409,13.7399997711182,13.8500003814697,10915344,9.2358512878418
"2017-10-23",13.8800001144409,13.9300003051758,13.8100004196167,13.8299999237061,8037729,9.22251129150391
"2017-10-24",13.8299999237061,13.9899997711182,13.8299999237061,13.9499998092651,13186746,9.30253314971924
"2017-10-25",13.9200000762939,13.9799995422363,13.8000001907349,13.8000001907349,10830617,9.20250701904297
"2017-10-26",13.8400001525879,13.9700002670288,13.7799997329712,13.9200000762939,13304086,9.2825288772583
"2017-10-27",13.7700004577637,13.8800001144409,13.6199998855591,13.7799997329712,26342936,9.18916797637939
"2017-10-30",13.8100004196167,13.9099998474121,13.75,13.8400001525879,12832040,9.22918033599854
"2017-10-31",13.8500003814697,14.0699996948242,13.8500003814697,14.039999961853,17322332,9.36254978179932
"2017-11-01",14.1000003814697,14.2600002288818,14.0900001525879,14.2200002670288,14732490,9.48258209228516
"2017-11-02",14.2399997711182,14.3000001907349,14.1300001144409,14.3000001907349,14592689,9.53592967987061
"2017-11-03",14.3100004196167,14.4300003051758,14.2700004577637,14.3800001144409,14519798,9.58927822113037
"2017-11-06",14.4200000762939,14.539999961853,14.3900003433228,14.5,16619402,9.66929912567139
"2017-11-07",14.6099996566772,14.7600002288818,14.5799999237061,14.7200002670288,22775766,9.81600761413574
"2017-11-08",14.6599998474121,14.710000038147,14.5799999237061,14.6199998855591,12062299,9.74932098388672
"2017-11-09",14.6400003433228,14.710000038147,14.460000038147,14.5100002288818,16809718,9.6759672164917
"2017-11-10",14.5200004577637,14.5799999237061,14.3699998855591,14.4099998474121,12418562,9.60928440093994
"2017-11-13",14.4300003051758,14.4300003051758,14.2200002670288,14.3100004196167,13039708,9.5425968170166
"2017-11-14",14.3100004196167,14.3100004196167,14.0600004196167,14.1400003433228,16154100,9.42923545837402
"2017-11-15",14.0500001907349,14.0600004196167,13.8000001907349,13.8800001144409,19646956,9.25585460662842
"2017-11-16",13.8900003433228,13.9899997711182,13.7200002670288,13.7399997711182,22140562,9.16249370574951
"2017-11-17",13.7399997711182,13.8199996948242,13.6199998855591,13.7299995422363,15739357,9.15582656860352
"2017-11-20",13.75,13.8299999237061,13.6899995803833,13.7600002288818,11391140,9.17583179473877
"2017-11-21",13.7600002288818,13.9700002670288,13.7299995422363,13.8699998855591,14052619,9.24918651580811
"2017-11-22",13.9799995422363,14.0100002288818,13.9099998474121,13.9099998474121,10872875,9.27585887908936
"2017-11-23",13.8699998855591,13.9200000762939,13.8100004196167,13.8599996566772,8277591,9.24251556396484
"2017-11-24",13.8699998855591,13.960000038147,13.8199996948242,13.8199996948242,7885241,9.21584224700928
"2017-11-27",13.8299999237061,13.9200000762939,13.6899995803833,13.6899995803833,12709417,9.12915420532227
"2017-11-28",13.6899995803833,13.789999961853,13.6800003051758,13.7799997329712,9905009,9.18916797637939
"2017-11-29",13.8400001525879,13.8500003814697,13.7200002670288,13.7600002288818,11023313,9.17583179473877
"2017-11-30",13.7399997711182,13.9799995422363,13.6999998092651,13.8100004196167,17181074,9.20917415618896
"2017-12-01",13.8999996185303,13.9499998092651,13.7700004577637,13.8199996948242,14454378,9.21584224700928
"2017-12-04",13.8999996185303,13.9099998474121,13.8299999237061,13.8900003433228,10448874,9.26252174377441
"2017-12-05",13.8599996566772,13.9399995803833,13.8299999237061,13.8999996185303,9621047,9.26919078826904
"2017-12-06",13.8400001525879,13.8900003433228,13.8000001907349,13.8199996948242,10055616,9.21584224700928
"2017-12-07",13.8400001525879,13.8800001144409,13.7799997329712,13.8400001525879,8966040,9.22918033599854
"2017-12-08",13.8800001144409,13.9099998474121,13.8199996948242,13.8999996185303,10254615,9.26919078826904
"2017-12-11",13.9099998474121,13.9899997711182,13.8699998855591,13.9700002670288,12150194,9.31587028503418
"2017-12-12",14,14.289999961853,14,14.1400003433228,21077283,9.42923545837402
"2017-12-13",14.1499996185303,14.1899995803833,13.960000038147,14.0200004577637,15592440,9.34921264648438
"2017-12-14",14.0200004577637,14.1499996185303,13.9499998092651,13.9499998092651,16802180,9.30253314971924
"2017-12-15",13.9499998092651,14,13.8400001525879,13.9399995803833,21156432,9.29586315155029
"2017-12-18",13.9899997711182,14.1099996566772,13.9799995422363,14.0600004196167,12401956,9.37588787078857
"2017-12-19",14.0500001907349,14.1499996185303,13.960000038147,13.9799995422363,10032527,9.32253646850586
"2017-12-20",14.0100002288818,14.0500001907349,13.8699998855591,13.9099998474121,11431921,9.27585887908936
"2017-12-21",13.9099998474121,14.0699996948242,13.8699998855591,14.0200004577637,10590229,9.34921264648438
"2017-12-22",13.9799995422363,14.0500001907349,13.9700002670288,14.0200004577637,6828120,9.34921264648438
"2017-12-27",14.1199998855591,14.1800003051758,14.0500001907349,14.0699996948242,8699320,9.38255405426025
"2017-12-28",14.0699996948242,14.0799999237061,13.9200000762939,13.960000038147,8122848,9.30920219421387
"2017-12-29",13.960000038147,13.9799995422363,13.789999961853,13.8000001907349,9923334,9.20250701904297
"2018-01-02",13.8699998855591,13.8900003433228,13.7399997711182,13.8299999237061,11410617,9.22251129150391
"2018-01-03",13.8699998855591,13.9799995422363,13.8299999237061,13.9200000762939,11701721,9.2825288772583
"2018-01-04",14.0100002288818,14.289999961853,14,14.25,17817230,9.50258827209473
"2018-01-05",14.2399997711182,14.4499998092651,14.2299995422363,14.4300003051758,13335823,9.62262153625488
"2018-01-08",14.4700002670288,14.539999961853,14.3699998855591,14.5200004577637,10545019,9.68263626098633
"2018-01-09",14.5100002288818,14.5600004196167,14.4300003051758,14.5,11475177,9.66929912567139
"2018-01-10",14.5200004577637,14.5699996948242,14.4700002670288,14.5200004577637,11718505,9.68263626098633
"2018-01-11",14.5200004577637,14.6999998092651,14.5100002288818,14.6999998092651,14950810,9.80266666412354
"2018-01-12",14.6999998092651,14.789999961853,14.6199998855591,14.7200002670288,12066010,9.81600761413574
"2018-01-15",14.7700004577637,14.9399995803833,14.7299995422363,14.9200000762939,11763553,9.94937515258789
"2018-01-16",14.8900003433228,15,14.8599996566772,14.9099998474121,14533963,9.94270706176758
"2018-01-17",14.8599996566772,14.9300003051758,14.8000001907349,14.8599996566772,11595355,9.90936374664307
"2018-01-18",14.9399995803833,14.9899997711182,14.8699998855591,14.9499998092651,10960640,9.96938133239746
"2018-01-19",14.8999996185303,14.960000038147,14.8100004196167,14.8299999237061,14674268,9.88935947418213
"2018-01-22",14.8299999237061,14.9399995803833,14.8100004196167,14.9399995803833,8625119,9.96271228790283
"2018-01-23",14.9399995803833,14.9899997711182,14.9099998474121,14.960000038147,9387063,9.97604942321777
"2018-01-24",14.9300003051758,14.960000038147,14.8599996566772,14.9099998474121,9829778,9.94270706176758
"2018-01-25",14.9300003051758,15,14.8699998855591,14.9300003051758,10991116,9.95604515075684
"2018-01-26",14.9200000762939,14.9700002670288,14.8800001144409,14.9499998092651,8376848,9.96938133239746
"2018-01-29",14.9200000762939,14.9499998092651,14.7620000839233,14.789999961853,12832841,9.86268424987793
"2018-01-30",14.7419996261597,14.7779998779297,14.5319995880127,14.543999671936,16432621,9.69864082336426
"2018-01-31",14.5719995498657,14.6160001754761,14.4119997024536,14.4860000610352,12512209,9.65996360778809
"2018-02-01",14.6160001754761,14.7600002288818,14.5380001068115,14.5900001525879,15373298,9.72931671142578
"2018-02-02",14.6359996795654,14.6680002212524,14.3459997177124,14.3479995727539,17572073,9.56793880462646
"2018-02-05",14.289999961853,14.3059997558594,14.1020002365112,14.1540002822876,16866450,9.43857097625732
"2018-02-06",13.7799997329712,13.9379997253418,13.5319995880127,13.753999710083,27904071,9.17182922363281
"2018-02-07",13.9399995803833,14.0260000228882,13.7659997940063,13.9799995422363,17469723,9.32253646850586
"2018-02-08",13.8500003814697,13.8900003433228,13.5860004425049,13.6719999313354,22796651,9.11714935302734
"2018-02-09",13.5699996948242,13.6540002822876,13.3299999237061,13.3979997634888,21265449,8.93443202972412
"2018-02-12",13.5380001068115,13.6339998245239,13.4079999923706,13.4820003509521,14817810,8.99044799804688
"2018-02-13",13.4799995422363,13.5200004577637,13.3500003814697,13.3520002365112,12482506,8.90375900268555
"2018-02-14",13.4320001602173,13.5240001678467,13.25,13.4379997253418,19252320,8.96110534667969
"2018-02-15",13.5640001296997,13.6759996414185,13.456000328064,13.503999710083,15494973,9.00511646270752
"2018-02-16",13.7799997329712,13.8000001907349,13.5200004577637,13.6319999694824,18603883,9.09047317504883
"2018-02-19",13.6800003051758,13.6920003890991,13.6120004653931,13.6319999694824,11729743,9.09047317504883
"2018-02-20",13.6339998245239,13.753999710083,13.6059999465942,13.7080001831055,12788481,9.14115524291992
"2018-02-21",13.6820001602173,13.7600002288818,13.6099996566772,13.7119998931885,11947326,9.14382266998291
"2018-02-22",13.6639995574951,13.6800003051758,13.5200004577637,13.6800003051758,14896368,9.122483253479
"2018-02-23",13.6800003051758,13.8240003585815,13.6219997406006,13.789999961853,15539182,9.19583797454834
"2018-02-26",13.8100004196167,13.8879995346069,13.7559995651245,13.8620004653931,10659717,9.24385261535645
"2018-02-27",13.8319997787476,13.9119997024536,13.8000001907349,13.8199996948242,11878687,9.21584224700928
"2018-02-28",13.7519998550415,13.8479995727539,13.6899995803833,13.71399974823,11690102,9.14515686035156
"2018-03-01",13.6499996185303,13.6800003051758,13.5100002288818,13.5719995498657,14900769,9.05046367645264
"2018-03-02",13.5100002288818,13.53600025177,13.3179998397827,13.3780002593994,18420054,8.92109775543213
"2018-03-05",13.2700004577637,13.3979997634888,13.2200002670288,13.3979997634888,14791428,8.93443202972412
"2018-03-06",13.4359998703003,13.5299997329712,13.3299999237061,13.3299999237061,16005886,8.88908863067627
"2018-03-07",13.3120002746582,13.543999671936,13.2880001068115,13.5139999389648,15142390,9.01178646087646
"2018-03-08",13.4799995422363,13.5880002975464,13.4420003890991,13.5819997787476,11559989,9.05713176727295
"2018-03-09",13.5979995727539,13.6160001754761,13.5019998550415,13.5920000076294,10430741,9.06380081176758
"2018-03-12",13.6599998474121,13.7819995880127,13.6420001983643,13.7180004119873,13711107,9.14782524108887
"2018-03-13",13.7519998550415,13.9479999542236,13.7519998550415,13.8000001907349,18512517,9.20250701904297
"2018-03-14",13.8760004043579,13.9139995574951,13.6660003662109,13.7119998931885,14996910,9.14382266998291
"2018-03-15",13.7799997329712,13.8559999465942,13.7220001220703,13.8240003585815,15050073,9.21850967407227
"2018-03-16",13.8859996795654,14.1499996185303,13.7819995880127,14.1000003814697,36482669,9.40256118774414
"2018-03-19",14.1339998245239,14.1780004501343,13.9160003662109,13.9379997253418,15989233,9.29453086853027
"2018-03-20",13.9720001220703,14.1979999542236,13.9659996032715,14.1300001144409,15000696,9.42256641387939
"2018-03-21",14.1800003051758,14.2799997329712,14.0799999237061,14.2399997711182,17801979,9.49592113494873
"2018-03-22",14.2340002059937,14.3420000076294,14.0100002288818,14.1700000762939,19422380,9.44924068450928
"2018-03-23",14.0459995269775,14.1700000762939,13.9020004272461,14.1079998016357,15151865,9.4078950881958
"2018-03-26",14.1579999923706,14.2379999160767,13.9759998321533,14.0579996109009,14080440,9.37455177307129
"2018-03-27",14.210000038147,14.28600025177,14.1759996414185,14.1999998092651,13828966,9.46924495697021
"2018-03-28",14.1459999084473,14.2180004119873,14.0240001678467,14.1619997024536,15633522,9.44390487670898
"2018-03-29",14.1960000991821,14.3699998855591,14.1420001983643,14.2880001068115,13780962,9.52792930603027
"2018-04-03",14.2320003509521,14.5120000839233,14.1999998092651,14.4320001602173,15407280,9.62395572662354
"2018-04-04",14.4919996261597,14.6059999465942,14.4160003662109,14.5559997558594,17109092,9.70664119720459
"2018-04-05",14.673999786377,14.8859996795654,14.6540002822876,14.8620004653931,21842902,9.9106969833374
"2018-04-06",14.8380002975464,14.9680004119873,14.7880001068115,14.8879995346069,16128424,9.9280366897583
"2018-04-09",14.9259996414185,15,14.8579998016357,14.9879999160767,14521836,9.99472141265869
"2018-04-10",15.0299997329712,15.1339998245239,14.9779996871948,15.1339998245239,16248854,10.0920820236206
"2018-04-11",15.1499996185303,15.3179998397827,15.1260004043579,15.2279996871948,20626288,10.154764175415
"2018-04-12",15.2480001449585,15.4340000152588,15.2299995422363,15.3299999237061,18509237,10.2227849960327
"2018-04-13",15.3079996109009,15.4340000152588,15.2600002288818,15.4320001602173,14970246,10.2908020019531
"2018-04-16",15.3979997634888,15.5279998779297,15.3520002365112,15.4479999542236,14075455,10.3014717102051
"2018-04-17",15.496000289917,15.6879997253418,15.4820003509521,15.6800003051758,19727910,10.4561824798584
"2018-04-18",15.6759996414185,15.7959995269775,15.6099996566772,15.7959995269775,16587879,10.5335350036621
"2018-04-19",15.7980003356934,16,15.7819995880127,16,18990944,10.6695718765259
"2018-04-20",16,16.1079998016357,15.8240003585815,15.9519996643066,19231814,10.63756275177
"2018-04-23",15.9200000762939,16.0879993438721,15.8540000915527,16.0879993438721,11181861,10.728253364563
"2018-04-24",16.068000793457,16.1800003051758,15.9619998931885,16.0279998779297,17334282,10.6882448196411
"2018-04-25",15.9879999160767,16.011999130249,15.7340002059937,15.8500003814697,17341507,10.569543838501
"2018-04-26",15.9180002212524,16.1700000762939,15.8760004043579,16.1700000762939,14885375,10.7829360961914
"2018-04-27",16.0779991149902,16.1580009460449,15.9399995803833,16.1580009460449,17945436,10.7749347686768
"2018-04-30",16.1580009460449,16.2000007629395,16.0060005187988,16.2000007629395,13151507,10.8029441833496
"2018-05-02",16.1219997406006,16.3360004425049,16.1019992828369,16.32200050354,16109969,10.8842964172363
"2018-05-03",16.3020000457764,16.3500003814697,16.1100006103516,16.1280002593994,13328912,10.7549285888672
"2018-05-04",16.1860008239746,16.3500003814697,16.1560001373291,16.3500003814697,10983470,10.9029703140259
"2018-05-07",16.3799991607666,16.6639995574951,16.3560009002686,16.6639995574951,15511981,11.1123580932617
"2018-05-08",16.6480007171631,16.6499996185303,16.1700000762939,16.2360000610352,21226749,10.8269472122192
"2018-05-09",16.4300003051758,16.7000007629395,16.4120006561279,16.6860008239746,20849579,11.1270294189453
"2018-05-10",16.7900009155273,16.7999992370605,16.2999992370605,16.4080009460449,16506670,10.9416456222534
"2018-05-11",16.5,16.5860004425049,16.3439998626709,16.4400005340576,11664855,10.962986946106
"2018-05-14",16.3999996185303,16.6760005950928,16.3299999237061,16.6760005950928,12167023,11.1203651428223
"2018-05-15",16.6420001983643,16.8899993896484,16.6180000305176,16.7639999389648,16495049,11.1790437698364
"2018-05-16",16.7259998321533,16.75,16.2999992370605,16.5380001068115,20053957,11.0283355712891
"2018-05-17",16.6019992828369,16.7999992370605,16.5419998168945,16.6019992828369,21980882,11.0710153579712
"2018-05-18",16.757999420166,16.757999420166,16.4300003051758,16.5520000457764,26384104,11.037672996521
"2018-05-21",16.2399997711182,16.3099994659424,15.9160003662109,16.0240001678467,17331474,10.9502029418945
"2018-05-22",16.0480003356934,16.1940002441406,15.9280004501343,16.1019992828369,13432261,11.0035037994385
"2018-05-23",16.0160007476807,16.0480003356934,15.710000038147,15.923999786377,18049988,10.8818645477295
"2018-05-24",15.9079999923706,16.1060009002686,15.6940002441406,15.7779998779297,14678882,10.7820959091187
"2018-05-25",15.7639999389648,15.8380002975464,15.28600025177,15.3859996795654,18703081,10.514217376709
"2018-05-28",15.2620000839233,15.4899997711182,14.9139995574951,15.0740003585815,15682259,10.3010082244873
"2018-05-29",14.9680004119873,15.3339996337891,14.6199998855591,15.0939998626709,25087644,10.3146753311157
"2018-05-30",15.1300001144409,15.4899997711182,15.1020002365112,15.4899997711182,16215697,10.5852861404419
"2018-05-31",15.5139999389648,15.7279996871948,15.3819999694824,15.4899997711182,16396109,10.5852861404419
"2018-06-01",15.6920003890991,15.9499998092651,15.6239995956421,15.7320003509521,13035938,10.7506608963013
"2018-06-04",15.789999961853,15.8579998016357,15.5299997329712,15.5860004425049,8079548,10.6508893966675
"2018-06-05",15.5120000839233,15.7600002288818,15.3159999847412,15.4519996643066,11620358,10.5593194961548
"2018-06-06",15.4820003509521,15.6319999694824,15.253999710083,15.4499998092651,11207551,10.5579509735107
"2018-06-07",15.4739999771118,15.710000038147,15.4580001831055,15.6300001144409,9289540,10.6809568405151
"2018-06-08",15.5,15.5959997177124,15.1719999313354,15.2239999771118,13528010,10.4035120010376
"2018-06-11",15.3760004043579,15.6840000152588,15.3719997406006,15.6300001144409,10208893,10.6809568405151
"2018-06-12",15.7419996261597,15.7919998168945,15.6040000915527,15.6680002212524,10915489,10.7069244384766
"2018-06-13",15.6339998245239,15.7119998931885,15.4820003509521,15.5120000839233,10426728,10.6003198623657
"2018-06-14",15.5,15.8140001296997,15.4060001373291,15.8140001296997,19524909,10.8066959381104
"2018-06-15",15.8240003585815,15.8299999237061,15.4499998092651,15.4499998092651,17654687,10.5579509735107
"2018-06-18",15.3500003814697,15.5480003356934,15.2840003967285,15.5319995880127,10312849,10.6139879226685
"2018-06-19",15.4020004272461,15.539999961853,15.3240003585815,15.539999961853,10639472,10.6194543838501
"2018-06-20",15.6300001144409,15.7200002670288,15.4340000152588,15.4340000152588,10554514,10.5470199584961
"2018-06-21",15.4680004119873,15.5279998779297,15.1020002365112,15.1619997024536,10656065,10.3611440658569
"2018-06-22",15.2480001449585,15.6639995574951,15.1379995346069,15.6359996795654,13468457,10.6850566864014
"2018-06-25",15.5220003128052,15.5719995498657,15.2760000228882,15.2819995880127,8548471,10.4431467056274
"2018-06-26",15.3640003204346,15.4759998321533,15.28600025177,15.4320001602173,10200174,10.5456504821777
"2018-06-27",15.5279998779297,15.996000289917,15.4659996032715,15.8579998016357,16852544,10.8367643356323
"2018-06-28",15.8800001144409,15.9899997711182,15.7639999389648,15.9099998474121,10977574,10.8722991943359
"2018-06-29",15.9720001220703,16.0599994659424,15.8439998626709,15.9060001373291,10215830,10.8695640563965
"2018-07-02",15.8000001907349,15.9259996414185,15.6599998474121,15.7740001678467,9655478,10.7793617248535
"2018-07-03",15.8500003814697,16.2980003356934,15.8100004196167,16.1560001373291,14781542,11.0404062271118
"2018-07-04",16.2099990844727,16.3040008544922,16.1299991607666,16.1459999084473,6207841,11.0335731506348
"2018-07-05",16.1979999542236,16.4060001373291,16.1459999084473,16.2159996032715,10026817,11.0814065933228
"2018-07-06",16.246000289917,16.2759990692139,16.0259990692139,16.1800003051758,9410358,11.0568065643311
"2018-07-09",16.2779998779297,16.3540000915527,16.1919994354248,16.3159999847412,7011183,11.1497440338135
"2018-07-10",16.3799991607666,16.6280002593994,16.3700008392334,16.5300006866455,13408030,11.2959833145142
"2018-07-11",16.4500007629395,16.4799995422363,16.2000007629395,16.2520008087158,10606605,11.1060085296631
"2018-07-12",16.2520008087158,16.3500003814697,16.1420001983643,16.2600002288818,12322360,11.111475944519
"2018-07-13",16.3419990539551,16.3579998016357,16.1019992828369,16.2800006866455,9155614,11.1251449584961
"2018-07-16",16.2999992370605,16.4260005950928,15.9840002059937,16.0540008544922,9809934,10.970703125
"2018-07-17",16.0200004577637,16.1420001983643,15.9280004501343,16.1380004882812,8475189,11.0281066894531
"2018-07-18",16.1119995117188,16.246000289917,16.003999710083,16.1359996795654,7892898,11.0267372131348
"2018-07-19",16.2199993133545,16.2600002288818,16.0359992980957,16.0799999237061,10672674,10.988471031189
"2018-07-20",15.9879999160767,16.1840000152588,15.960000038147,16.0860004425049,10070901,10.9925708770752
"2018-07-23",16.0699996948242,16.1940002441406,16.0540008544922,16.1299991607666,5608124,11.0226383209229
"2018-07-24",16.1420001983643,16.3080005645752,16.0340003967285,16.238000869751,7826591,11.0964422225952
"2018-07-25",16.242000579834,16.2999992370605,16.1060009002686,16.2280006408691,7268386,11.0896072387695
"2018-07-26",16.2660007476807,16.3479995727539,16.2159996032715,16.3099994659424,8183235,11.1456441879272
"2018-07-27",16.2999992370605,16.3320007324219,16.0860004425049,16.2000007629395,11478222,11.0704765319824
"2018-07-30",16.2240009307861,16.3680000305176,16.1620006561279,16.2859992980957,8631814,11.1292419433594
"2018-07-31",16.2819995880127,16.4979991912842,16.2660007476807,16.4640007019043,11097625,11.2508811950684
"2018-08-01",16.4640007019043,16.4899997711182,16.2859992980957,16.3419990539551,9714930,11.1675100326538
"2018-08-02",16.318000793457,16.3719997406006,16.1140003204346,16.2040004730225,11319907,11.0732097625732
"2018-08-03",16.2099990844727,16.246000289917,16.0419998168945,16.2040004730225,8675937,11.0732097625732
"2018-08-06",16.1900005340576,16.2919998168945,16.0919990539551,16.2919998168945,6757097,11.1333417892456
"2018-08-07",16.2959995269775,16.6219997406006,16.2919998168945,16.6100006103516,11302249,11.3506536483765
"2018-08-08",16.5960006713867,16.7140007019043,16.4559993743896,16.5,7707648,11.2754831314087
"2018-08-09",16.4839992523193,16.5,16.3199996948242,16.3859996795654,8124622,11.1975784301758
"2018-08-10",16.2800006866455,16.2940006256104,15.9020004272461,15.956000328064,12047861,10.9037322998047
"2018-08-13",15.9479999542236,16.0659999847412,15.9079999923706,15.9580001831055,6152570,10.9051008224487
"2018-08-14",16.0200004577637,16.1679992675781,15.9759998321533,16.1140003204346,8417759,11.0117063522339
"2018-08-16",15.9320001602173,16.0659999847412,15.8100004196167,15.9119997024536,10169712,10.8736658096313
"2018-08-17",15.9079999923706,15.9540004730225,15.7200002670288,15.8240003585815,8177533,10.8135290145874
"2018-08-20",15.8500003814697,16.0939998626709,15.8159999847412,16.011999130249,6468176,10.9420022964478
"2018-08-21",15.9619998931885,16.261999130249,15.960000038147,16.173999786377,5204235,11.0527067184448
"2018-08-22",16.1119995117188,16.3400001525879,16.0879993438721,16.3199996948242,6189247,11.1524772644043
"2018-08-23",16.2840003967285,16.3880004882812,16.17799949646,16.2339992523193,5439340,11.0937070846558
"2018-08-24",16.2339992523193,16.4379997253418,16.2140007019043,16.3999996185303,6161436,11.2071447372437
"2018-08-27",16.4400005340576,16.4559993743896,16.2740001678467,16.431999206543,4127713,11.2290134429932
"2018-08-28",16.4039993286133,16.4220008850098,16.261999130249,16.3159999847412,6537846,11.1497440338135
"2018-08-29",16.3479995727539,16.4039993286133,16.257999420166,16.4039993286133,7407147,11.2098808288574
"2018-08-30",16.3500003814697,16.4200000762939,16.1299991607666,16.2000007629395,7545386,11.0704765319824
"2018-08-31",16.2099990844727,16.2299995422363,15.9340000152588,15.9799995422363,10240756,10.9201326370239
"2018-09-03",15.9739999771118,16.1399993896484,15.960000038147,16.0839996337891,5196310,10.9912014007568
"2018-09-04",16.1200008392334,16.2259998321533,16.0419998168945,16.1240005493164,8589590,11.0185375213623
"2018-09-05",16.1480007171631,16.246000289917,15.960000038147,15.960000038147,12408242,10.9064664840698
"2018-09-06",15.9720001220703,16.0400009155273,15.8039999008179,15.826000213623,8329001,10.8148956298828
"2018-09-07",15.8380002975464,15.8819999694824,15.5880002975464,15.7259998321533,7380065,10.7465581893921
"2018-09-10",15.7239999771118,15.9320001602173,15.7019996643066,15.8500003814697,8036548,10.8312959671021
"2018-09-11",15.8559999465942,15.9099998474121,15.6879997253418,15.8800001144409,8957325,10.8517990112305
"2018-09-12",15.9200000762939,16.1660003662109,15.9160003662109,16.0179996490479,10272453,10.9461011886597
"2018-09-13",16.0179996490479,16.1159992218018,15.9479999542236,15.9879999160767,7435365,10.9256000518799
"2018-09-14",16.0699996948242,16.0799999237061,15.9300003051758,15.9860000610352,6056634,10.9242343902588
"2018-09-17",15.9320001602173,16.2280006408691,15.923999786377,16.1319999694824,7955503,11.0240049362183
"2018-09-18",16.1520004272461,16.2439994812012,16.0739994049072,16.1800003051758,7444428,11.0568065643311
"2018-09-19",16.2399997711182,16.2399997711182,16.0480003356934,16.2280006408691,8640903,11.0896072387695
"2018-09-20",16.181999206543,16.3400001525879,16.1200008392334,16.3379993438721,13443701,11.1647777557373
"2018-09-21",16.3819999694824,16.4820003509521,16.3059997558594,16.3099994659424,24169306,11.1456441879272
"2018-09-24",16.1800003051758,16.2800006866455,16.0839996337891,16.1560001373291,10899587,11.3322229385376
"2018-09-25",16.0799999237061,16.576000213623,16.0799999237061,16.5480003356934,17968978,11.6071815490723
"2018-09-26",16.5480003356934,16.6639995574951,16.4519996643066,16.5960006713867,10816125,11.6408491134644
"2018-09-27",16.6100006103516,16.6100006103516,16.4640007019043,16.5319995880127,10340099,11.5959587097168
"2018-09-28",16.4300003051758,16.4619998931885,16.0499992370605,16.2819995880127,15337912,11.4206018447876
"2018-10-01",16.2859992980957,16.4559993743896,16.2740001678467,16.3199996948242,10186966,11.4472560882568
"2018-10-02",16.3159999847412,16.4459991455078,16.1580009460449,16.3419990539551,9792664,11.462685585022
"2018-10-03",16.4479999542236,16.4780006408691,16.2900009155273,16.3759994506836,7811750,11.486536026001
"2018-10-04",16.3139991760254,16.431999206543,16.2740001678467,16.2779998779297,8391570,11.4177951812744
"2018-10-05",16.4300003051758,16.6679992675781,16.253999710083,16.2679996490479,17773402,11.4107837677002
"2018-10-08",16.1919994354248,16.2000007629395,15.7819995880127,15.8459997177124,14768380,11.1147813796997
"2018-10-09",15.9980001449585,16.3719997406006,15.9499998092651,16.261999130249,17281079,11.4065713882446
"2018-10-10",16.2259998321533,16.4200000762939,16.0979995727539,16.1539993286133,11918209,11.3308191299438
"2018-10-11",15.9899997711182,16.0499992370605,15.6920003890991,15.710000038147,16427490,11.0193881988525
"2018-10-12",15.8800001144409,15.9099998474121,15.6199998855591,15.6199998855591,9311266,10.9562587738037
"2018-10-15",15.6400003433228,15.8719997406006,15.6339998245239,15.7620000839233,8458821,11.0558614730835
"2018-10-16",15.7480001449585,15.8719997406006,15.6140003204346,15.8319997787476,10369075,11.1049613952637
"2018-10-17",15.9680004119873,15.9700002670288,15.5159997940063,15.5839996337891,10868055,10.9310083389282
"2018-10-18",15.5600004196167,15.7299995422363,15.2919998168945,15.2919998168945,16119298,10.7261915206909
"2018-10-19",15.3000001907349,15.5579996109009,15.2299995422363,15.3900003433228,17117136,10.7949304580688
"2018-10-22",15.6140003204346,15.6219997406006,15.1639995574951,15.173999786377,9631717,10.6434240341187
"2018-10-23",15.0900001525879,15.1700000762939,14.8660001754761,14.9499998092651,13097187,10.4863033294678
"2018-10-24",14.9340000152588,15.0659999847412,14.7119998931885,14.7220001220703,11184164,10.3263788223267
"2018-10-25",14.7159996032715,14.9739999771118,14.6000003814697,14.9739999771118,12530608,10.5031385421753
"2018-10-26",15.1899995803833,15.3640003204346,14.7600002288818,15.1339998245239,22655608,10.6153678894043
"2018-10-29",15.3039999008179,15.496000289917,15.2040004730225,15.3620004653931,13525601,10.7752914428711
"2018-10-30",15.3780002593994,15.4980001449585,15.206000328064,15.3859996795654,11496936,10.79212474823
"2018-10-31",15.5059995651245,15.8380002975464,15.4440002441406,15.706000328064,15026354,11.0165824890137
"2018-11-01",15.6540002822876,15.6639995574951,15.3420000076294,15.4259996414185,12191497,10.820182800293
"2018-11-02",15.4479999542236,15.543999671936,15.2760000228882,15.3599996566772,12688920,10.7738885879517
"2018-11-05",15.3039999008179,15.6079998016357,15.2760000228882,15.4519996643066,9335996,10.8384199142456
"2018-11-06",15.5179996490479,15.5220003128052,15.2819995880127,15.3380002975464,9053566,10.7584552764893
"2018-11-07",15.3540000915527,15.7399997711182,15.3540000915527,15.6339998245239,11860191,10.9660787582397
"2018-11-08",15.7200002670288,15.7200002670288,15.5100002288818,15.5740003585815,8280885,10.9239950180054
"2018-11-09",15.4820003509521,15.4820003509521,15.2299995422363,15.456000328064,10262210,10.8412246704102
"2018-11-12",15.5880002975464,15.6999998092651,15.4879999160767,15.4879999160767,8908314,10.8636703491211
"2018-11-13",15.4320001602173,15.4399995803833,15.0240001678467,15.1479997634888,15020750,10.625186920166
"2018-11-14",14.8999996185303,15.0159997940063,14.6359996795654,14.9259996414185,17666907,10.4694690704346
"2018-11-15",15.0100002288818,15.0699996948242,14.8000001907349,14.9759998321533,10221309,10.5045394897461
"2018-11-16",15.1099996566772,15.1560001373291,14.8559999465942,14.8999996185303,11306235,10.4512319564819
"2018-11-19",15.0260000228882,15.03600025177,14.7180004119873,14.7200002670288,9473162,10.3249769210815
"2018-11-20",14.7180004119873,14.8299999237061,14.423999786377,14.4519996643066,12040867,10.1369943618774
"2018-11-21",14.460000038147,14.6700000762939,14.3800001144409,14.6280002593994,11548869,10.2604446411133
"2018-11-22",14.5819997787476,14.6120004653931,14.3159999847412,14.3159999847412,9168193,10.0415992736816
"2018-11-23",14.2799997329712,14.3660001754761,13.8999996185303,14.0600004196167,15627788,9.86203479766846
"2018-11-26",14.2200002670288,14.3280000686646,14.173999786377,14.2959995269775,13339524,10.0275707244873
"2018-11-27",14.2700004577637,14.3079996109009,14.1040000915527,14.1940002441406,10338031,9.95602798461914
"2018-11-28",14.2700004577637,14.3319997787476,14.1300001144409,14.1540002822876,9227586,9.92797088623047
"2018-11-29",14.1780004501343,14.3859996795654,14.0640001296997,14.2159996032715,15139899,9.97145843505859
"2018-11-30",14.3000001907349,14.3360004425049,14.2019996643066,14.246000289917,12703097,9.99250221252441
"2018-12-03",14.6499996185303,14.6979999542236,14.4379997253418,14.5120000839233,16084694,10.1790809631348
"2018-12-04",14.5579996109009,14.6359996795654,14.4139995574951,14.4139995574951,11553589,10.1103401184082
"2018-12-05",14.2600002288818,14.3360004425049,14.1780004501343,14.289999961853,13261260,10.0233631134033
"2018-12-06",14.1719999313354,14.3500003814697,13.8140001296997,13.8339996337891,17771863,9.70351409912109
"2018-12-07",13.9379997253418,14.3520002365112,13.8699998855591,14.1140003204346,16737974,9.89991283416748
"2018-12-10",13.9799995422363,14.1280002593994,13.8699998855591,13.9399995803833,11370305,9.77786350250244
"2018-12-11",13.996000289917,14.2200002670288,13.9180002212524,14.0659999847412,10085145,9.86624336242676
"2018-12-12",14.1000003814697,14.3199996948242,14.0979995727539,14.2360000610352,12258058,9.98548698425293
"2018-12-13",14.2220001220703,14.2779998779297,14.0520000457764,14.2620000839233,11732625,10.0037250518799
"2018-12-14",14.1660003662109,14.246000289917,14.1040000915527,14.1479997634888,10601154,9.92376136779785
"2018-12-17",14.1359996795654,14.1639995574951,13.8859996795654,13.960000038147,11929241,9.79189205169678
"2018-12-18",13.8719997406006,13.9820003509521,13.8140001296997,13.8140001296997,14899015,9.68948459625244
"2018-12-19",13.789999961853,13.9940004348755,13.789999961853,13.9499998092651,11799570,9.78488063812256
"2018-12-20",13.8400001525879,13.8760004043579,13.6440000534058,13.826000213623,22048543,9.69790267944336
"2018-12-21",13.7080001831055,13.7740001678467,13.6099996566772,13.7740001678467,22109964,9.66142845153809
"2018-12-27",13.8339996337891,13.8859996795654,13.4200000762939,13.5200004577637,12908623,9.4832649230957
"2018-12-28",13.6499996185303,13.8059997558594,13.6239995956421,13.7480001449585,10187383,9.64319133758545
"2019-01-02",13.6800003051758,13.9060001373291,13.4739999771118,13.7799997329712,13378630,9.6656379699707
"2019-01-03",13.6639995574951,14,13.6499996185303,13.8400001525879,11558441,9.70772171020508
"2019-01-04",13.9919996261597,14.3699998855591,13.9840002059937,14.3400001525879,16275128,10.0584344863892
"2019-01-07",14.4200000762939,14.4399995803833,14.1420001983643,14.21399974823,9920393,9.97005462646484
"2019-01-08",14.2080001831055,14.3640003204346,14.1260004043579,14.1260004043579,10760114,9.9083309173584
"2019-01-09",14.326000213623,14.3360004425049,14.210000038147,14.2559995651245,12242740,9.99951553344727
"2019-01-10",14.2259998321533,14.2700004577637,14.1160001754761,14.2419996261597,8491522,9.9896936416626
"2019-01-11",14.3400001525879,14.3699998855591,14.0920000076294,14.1700000762939,10111198,9.93919277191162
"2019-01-14",14.1040000915527,14.1879997253418,13.9119997024536,14.1199998855591,10378763,9.90412139892578
"2019-01-15",14.2480001449585,14.3140001296997,14.1180000305176,14.25,10268873,9.99530792236328
"2019-01-16",14.289999961853,14.3380002975464,14.1780004501343,14.2799997329712,8947440,10.0163478851318
"2019-01-17",14.2119998931885,14.3179998397827,14.1800003051758,14.2180004119873,8570072,9.97286224365234
"2019-01-18",14.3680000305176,14.6800003051758,14.3039999008179,14.6079998016357,16478518,10.2464170455933
"2019-01-21",14.6420001983643,14.6420001983643,14.4879999160767,14.5459995269775,5907021,10.2029275894165
"2019-01-22",14.456000328064,14.5340003967285,14.4020004272461,14.4759998321533,7528674,10.1538286209106
"2019-01-23",14.4720001220703,14.5500001907349,14.3159999847412,14.3159999847412,8707656,10.0415992736816
"2019-01-24",14.3280000686646,14.4160003662109,14.2200002670288,14.4160003662109,10195447,10.1117429733276
"2019-01-25",14.423999786377,14.5880002975464,14.4160003662109,14.5719995498657,9529847,10.2211666107178
"2019-01-28",14.5939998626709,14.6239995956421,14.3959999084473,14.4320001602173,9477124,10.1229648590088
"2019-01-29",14.4399995803833,14.5959997177124,14.3760004043579,14.5220003128052,10229634,10.1860942840576
"2019-01-30",14.5120000839233,14.6660003662109,14.4700002670288,14.6440000534058,9026310,10.2716674804688
"2019-01-31",14.7279996871948,14.8839998245239,14.6999998092651,14.8059997558594,13522637,10.3852987289429
"2019-02-01",14.8000001907349,14.8159999847412,14.6199998855591,14.7720003128052,9993758,10.3614501953125
"2019-02-04",14.789999961853,14.8699998855591,14.673999786377,14.78600025177,8053019,10.3712720870972
"2019-02-05",14.8439998626709,14.9919996261597,14.8299999237061,14.9399995803833,11374079,10.4792900085449
"2019-02-06",14.8999996185303,14.9060001373291,14.7819995880127,14.8599996566772,9549835,10.4231748580933
"2019-02-07",14.8199996948242,14.8439998626709,14.5340003967285,14.5340003967285,13165063,10.1945114135742
"2019-02-08",14.5,14.6319999694824,14.4379997253418,14.5159997940063,9227459,10.1818866729736
"2019-02-11",14.5459995269775,14.7419996261597,14.5260000228882,14.6499996185303,10121047,10.2758779525757
"2019-02-12",14.7799997329712,14.8420000076294,14.7019996643066,14.7559995651245,9369882,10.3502292633057
"2019-02-13",14.8479995727539,14.9280004501343,14.7840003967285,14.8559999465942,8909722,10.4203701019287
"2019-02-14",14.8999996185303,14.9440002441406,14.7299995422363,14.7799997329712,9702687,10.3670625686646
"2019-02-15",14.8540000915527,15.1859998703003,14.7720003128052,15.1199998855591,19614193,10.6055479049683
"2019-02-18",15.1999998092651,15.2379999160767,15.0799999237061,15.1759996414185,9208628,10.6448249816895
"2019-02-19",15.1479997634888,15.2419996261597,15.0600004196167,15.1979999542236,8998259,10.6602592468262
"2019-02-20",15.2480001449585,15.289999961853,15.1379995346069,15.2519998550415,9050852,10.6981334686279
"2019-02-21",15.246000289917,15.3159999847412,15.2019996643066,15.2700004577637,9073666,10.7107601165771
"2019-02-22",15.2379999160767,15.3360004425049,15.1999998092651,15.2880001068115,7137268,10.7233858108521
"2019-02-25",15.3079996109009,15.3979997634888,15.1520004272461,15.2119998931885,9272671,10.6700782775879
"2019-02-26",15.1560001373291,15.2340002059937,15.1180000305176,15.210000038147,7888639,10.6686754226685
"2019-02-27",15.2180004119873,15.2659997940063,15.1660003662109,15.2220001220703,8151987,10.6770925521851
"2019-02-28",15.1820001602173,15.1859998703003,15.0780000686646,15.1660003662109,10892556,10.6378126144409
"2019-03-01",15.2600002288818,15.2600002288818,15.0380001068115,15.0380001068115,9999826,10.5480298995972
"2019-03-04",15.1160001754761,15.1780004501343,14.9779996871948,15.1099996566772,7931267,10.5985326766968
"2019-03-05",15.1219997406006,15.2360000610352,15.1199998855591,15.1840000152588,8394097,10.6504383087158
"2019-03-06",15.1999998092651,15.3120002746582,15.1619997024536,15.2799997329712,8347355,10.7177743911743
"2019-03-07",15.2600002288818,15.4180002212524,15.21399974823,15.2799997329712,9711932,10.7177743911743
"2019-03-08",15.1999998092651,15.2760000228882,14.923999786377,14.9680004119873,14597183,10.4989309310913
"2019-03-11",15.03600025177,15.1339998245239,14.9499998092651,15.1219997406006,8309195,10.6069488525391
"2019-03-12",15.1999998092651,15.2019996643066,15.0159997940063,15.1639995574951,9751342,10.6364088058472
"2019-03-13",15.1859998703003,15.576000213623,15.1700000762939,15.543999671936,18098642,10.9029483795166
"2019-03-14",15.5459995269775,15.7580003738403,15.5380001068115,15.5380001068115,14663814,10.8987436294556
"2019-03-15",15.6379995346069,15.8280000686646,15.5380001068115,15.5880002975464,23395402,10.9338111877441
"2019-03-18",15.6859998703003,15.75,15.6199998855591,15.7440004348755,10036776,11.0432357788086
"2019-03-19",15.7620000839233,15.9099998474121,15.7600002288818,15.8900003433228,10624812,11.1456441879272
"2019-03-20",15.8199996948242,15.8500003814697,15.7299995422363,15.7760000228882,9422819,11.0656785964966
"2019-03-21",15.8100004196167,15.923999786377,15.793999671936,15.8299999237061,7382454,11.1035594940186
"2019-03-22",15.8819999694824,15.8839998245239,15.6420001983643,15.6999998092651,10358637,11.0123720169067
"2019-03-25",15.6420001983643,15.7440004348755,15.5340003967285,15.6239995956421,9217562,10.9590635299683
"2019-03-26",15.6999998092651,15.6999998092651,15.5799999237061,15.6160001754761,8503852,10.9534530639648
"2019-03-27",15.6160001754761,15.6920003890991,15.4540004730225,15.5900001525879,9510712,10.9352159500122
"2019-03-28",15.539999961853,15.6199998855591,15.3879995346069,15.4799995422363,7471479,10.858057975769
"2019-03-29",15.5600004196167,15.753999710083,15.5500001907349,15.753999710083,11270823,11.0502481460571
"2019-04-01",15.789999961853,15.8500003814697,15.7119998931885,15.8299999237061,8542746,11.1035594940186
"2019-04-02",15.8100004196167,15.8859996795654,15.7740001678467,15.789999961853,6571191,11.0755004882812
"2019-04-03",15.8999996185303,15.9799995422363,15.8400001525879,15.9040002822876,10282126,11.155463218689
"2019-04-04",15.8319997787476,15.8599996566772,15.6879997253418,15.7559995651245,10187698,11.0516529083252
"2019-04-05",15.7720003128052,15.8479995727539,15.710000038147,15.8479995727539,7926578,11.1161832809448
"2019-04-08",15.8120002746582,15.8640003204346,15.706000328064,15.8140001296997,9093468,11.0923347473145
"2019-04-09",15.8380002975464,16.0580005645752,15.7720003128052,15.8879995346069,13364444,11.1442394256592
"2019-04-10",15.8920001983643,15.996000289917,15.8800001144409,15.9399995803833,7824218,11.1807126998901
"2019-04-11",15.9820003509521,15.9940004348755,15.8500003814697,15.923999786377,8515203,11.1694917678833
"2019-04-12",15.9099998474121,15.960000038147,15.8059997558594,15.8159999847412,9223552,11.0937385559082
"2019-04-15",15.8120002746582,15.8339996337891,15.5740003585815,15.6700000762939,11629922,10.9913311004639
"2019-04-16",15.6000003814697,15.6339998245239,15.3559999465942,15.4259996414185,14589435,10.820182800293
"2019-04-17",15.4499998092651,15.53600025177,15.3819999694824,15.4300003051758,9082319,10.8229885101318
"2019-04-18",15.460000038147,15.5019998550415,15.3660001754761,15.4320001602173,13852439,10.8243894577026
"2019-04-23",15.6499996185303,15.8599996566772,15.6099996566772,15.7980003356934,14422092,11.081111907959
"2019-04-24",15.71399974823,15.7880001068115,15.5120000839233,15.5500001907349,12899298,10.9071588516235
"2019-04-25",15.5500001907349,15.5500001907349,15.3680000305176,15.5059995651245,8733831,10.8762969970703
"2019-04-26",15.4799995422363,15.5059995651245,15.2840003967285,15.3420000076294,13943878,10.7612628936768
"2019-04-29",15.293999671936,15.3059997558594,15.0699996948242,15.0979995727539,14205497,10.5901155471802
"2019-04-30",15.0979995727539,15.2399997711182,15.0620002746582,15.2180004119873,12623815,10.6742849349976
"2019-05-02",15.2200002670288,15.2959995269775,15.0340003967285,15.0340003967285,12562761,10.5452251434326
"2019-05-03",15.0459995269775,15.1780004501343,15.0179996490479,15.0880002975464,7852523,10.583101272583
"2019-05-06",14.8999996185303,14.9180002212524,14.6960000991821,14.8719997406006,12396804,10.4315938949585
"2019-05-07",14.8059997558594,14.8599996566772,14.4899997711182,14.4899997711182,16292034,10.163649559021
"2019-05-08",14.5500001907349,14.6440000534058,14.4619998931885,14.4799995422363,10799516,10.1566343307495
"2019-05-09",14.4980001449585,14.4980001449585,14.289999961853,14.3240003585815,13326940,10.047212600708
"2019-05-10",14.4499998092651,14.4700002670288,14.2200002670288,14.2659997940063,10120338,10.0065288543701
"2019-05-13",14.3240003585815,14.4820003509521,14.1999998092651,14.4219999313354,17074073,10.1159534454346
"2019-05-14",14.4320001602173,14.6040000915527,14.4020004272461,14.6040000915527,11003904,10.2436103820801
"2019-05-15",14.6099996566772,14.6180000305176,14.3479995727539,14.5179996490479,13215825,10.1832895278931
"2019-05-16",14.4680004119873,14.75,14.4519996643066,14.75,11170989,10.3460178375244
"2019-05-17",14.7239999771118,14.8439998626709,14.6780004501343,14.8400001525879,17148949,10.4091463088989
"2019-05-20",14.5480003356934,14.6820001602173,14.3400001525879,14.4160003662109,11720009,10.3990497589111
"2019-05-21",14.4340000152588,14.5920000076294,14.4160003662109,14.539999961853,8587606,10.4884958267212
"2019-05-22",14.4899997711182,14.5179996490479,14.3500003814697,14.4180002212524,8284308,10.4004907608032
"2019-05-23",14.3100004196167,14.3360004425049,13.9200000762939,13.9200000762939,16411648,10.0412559509277
"2019-05-24",14.0480003356934,14.1780004501343,13.9799995422363,14.0539999008179,12812417,10.1379175186157
"2019-05-27",14.0520000457764,14.1719999313354,13.9899997711182,14.0699996948242,5298327,10.1494598388672
"2019-05-28",14.0740003585815,14.1459999084473,13.9340000152588,14.0260000228882,12601796,10.1177206039429
"2019-05-29",13.8999996185303,13.9259996414185,13.7119998931885,13.7340002059937,13618956,9.90708446502686
"2019-05-30",13.8400001525879,13.9119997024536,13.6420001983643,13.6920003890991,9678399,9.87678718566895
"2019-05-31",13.6000003814697,13.6239995956421,13.460000038147,13.5799999237061,12983526,9.79599380493164
"2019-06-03",13.4160003662109,13.9160003662109,13.3879995346069,13.8199996948242,14384824,9.96911907196045
"2019-06-04",13.8020000457764,14.0179996490479,13.7220001220703,14.0179996490479,14002381,10.11194896698
"2019-06-05",13.9680004119873,13.9739999771118,13.7980003356934,13.8680000305176,11744277,10.0037460327148
"2019-06-06",13.8800001144409,14.0780000686646,13.8500003814697,13.8999996185303,13076636,10.0268287658691
"2019-06-07",13.9700002670288,14.0900001525879,13.9420003890991,13.960000038147,10731174,10.0701093673706
"2019-06-10",14.003999710083,14.0520000457764,13.9259996414185,14,5380948,10.0989646911621
"2019-06-11",13.9619998931885,14.1339998245239,13.960000038147,14.0459995269775,9338307,10.1321468353271
"2019-06-12",13.9020004272461,13.9840002059937,13.7880001068115,13.8199996948242,11083168,9.96911907196045
"2019-06-13",13.8559999465942,13.9659996032715,13.8020000457764,13.9040002822876,9031046,10.0297145843506
"2019-06-14",13.9219999313354,13.96399974823,13.8620004653931,13.9440002441406,7309317,10.0585680007935
"2019-06-17",14.0380001068115,14.0380001068115,13.8400001525879,13.8699998855591,8247113,10.0051889419556
"2019-06-18",13.8699998855591,14.2180004119873,13.8000001907349,14.1560001373291,17269705,10.2114953994751
"2019-06-19",14.1840000152588,14.2519998550415,14.1120004653931,14.2220001220703,10453605,10.2591047286987
"2019-06-20",14.3660001754761,14.5059995651245,14.326000213623,14.3579998016357,19753451,10.3572092056274
"2019-06-21",14.4040002822876,14.6300001144409,14.3900003433228,14.6059999465942,23384276,10.5361061096191
"2019-06-24",14.6440000534058,14.71399974823,14.5220003128052,14.5220003128052,8760930,10.4755125045776
"2019-06-25",14.4919996261597,14.5900001525879,14.4040002822876,14.4399995803833,8175893,10.4163608551025
"2019-06-26",14.460000038147,14.6099996566772,14.4580001831055,14.5080003738403,9356503,10.4654121398926
"2019-06-27",14.5299997329712,14.5699996948242,14.4139995574951,14.4659996032715,6957707,10.435115814209
"2019-06-28",14.4460000991821,14.6180000305176,14.4020004272461,14.6059999465942,10889381,10.5361061096191
"2019-07-01",14.789999961853,14.789999961853,14.6099996566772,14.6400003433228,8470879,10.5606327056885
"2019-07-02",14.6260004043579,14.6840000152588,14.4980001449585,14.4980001449585,8138769,10.4581995010376
"2019-07-03",14.4820003509521,14.6260004043579,14.4300003051758,14.5679998397827,9989919,10.5086946487427
"2019-07-04",14.5679998397827,14.7239999771118,14.5520000457764,14.6459999084473,7181865,10.5649614334106
"2019-07-05",14.6239995956421,14.6560001373291,14.4860000610352,14.5500001907349,9549543,10.4957103729248
"2019-07-08",14.5120000839233,14.6879997253418,14.5100002288818,14.6540002822876,9225430,10.5707302093506
"2019-07-09",14.6059999465942,14.673999786377,14.5419998168945,14.5500001907349,6739885,10.4957103729248
"2019-07-10",14.576000213623,14.78600025177,14.5640001296997,14.706000328064,10229707,10.6082401275635
"2019-07-11",14.8000001907349,14.9399995803833,14.7819995880127,14.8000001907349,10778682,10.6760492324829
"2019-07-12",14.8400001525879,14.8739995956421,14.7740001678467,14.826000213623,6477181,10.6948041915894
"2019-07-15",14.8479995727539,14.8859996795654,14.6859998703003,14.7119998931885,8898932,10.61256980896
"2019-07-16",14.6440000534058,14.710000038147,14.5900001525879,14.6660003662109,9047233,10.5793867111206
"2019-07-17",14.5900001525879,14.5979995727539,14.3719997406006,14.4139995574951,12894959,10.3976049423218
"2019-07-18",14.3520002365112,14.460000038147,14.253999710083,14.3000001907349,12822178,10.3153715133667
"2019-07-19",14.3959999084473,14.3979997634888,14.1579999923706,14.2200002670288,10497101,10.257661819458
"2019-07-22",14.2919998168945,14.3800001144409,14.2740001678467,14.3159999847412,7685849,10.3269128799438
"2019-07-23",14.3479995727539,14.4879999160767,14.3459997177124,14.3900003433228,10211045,10.3802928924561
"2019-07-24",14.3800001144409,14.4840002059937,14.326000213623,14.4139995574951,8188829,10.3976049423218
"2019-07-25",14.4060001373291,14.5780000686646,14.28600025177,14.3500003814697,11753240,10.3514375686646
"2019-07-26",14.2799997329712,14.3380002975464,14.1599998474121,14.3380002975464,14041465,10.3427820205688
"2019-07-29",14.2399997711182,14.3719997406006,14.210000038147,14.2480001449585,7234186,10.2778606414795
"2019-07-30",14.2760000228882,14.3199996948242,14.0419998168945,14.0939998626709,12635381,10.1667718887329
"2019-07-31",14.1639995574951,14.2340002059937,14.1379995346069,14.2040004730225,11565865,10.2461214065552
"2019-08-01",14.1000003814697,14.2720003128052,14.0159997940063,14.0959997177124,11055406,10.168212890625
"2019-08-02",13.9499998092651,13.9540004730225,13.6420001983643,13.6800003051758,25468984,9.86812973022461
"2019-08-05",13.6199998855591,13.6379995346069,13.4060001373291,13.4799995422363,17119130,9.7238597869873
"2019-08-06",13.5179996490479,13.6000003814697,13.3719997406006,13.3839998245239,16811164,9.65461158752441
"2019-08-07",13.4020004272461,13.4759998321533,13.1499996185303,13.1940002441406,15972729,9.51755142211914
"2019-08-08",13.3979997634888,13.4340000152588,13.2559995651245,13.4340000152588,12686438,9.69067668914795
"2019-08-09",13.3000001907349,13.3319997787476,13.1780004501343,13.1920003890991,13050354,9.51611137390137
"2019-08-12",13.1999998092651,13.3039999008179,13.1639995574951,13.1700000762939,10504636,9.50024223327637
"2019-08-13",13.1800003051758,13.5139999389648,13.1000003814697,13.4200000762939,12345957,9.68057918548584
"2019-08-14",13.4099998474121,13.4200000762939,13.0299997329712,13.1020002365112,19270139,9.45118808746338
"2019-08-16",12.9720001220703,13.1619997024536,12.923999786377,13.039999961853,14655335,9.40646266937256
"2019-08-19",13.1639995574951,13.2959995269775,13.1099996566772,13.2740001678467,9017847,9.57526206970215
"2019-08-20",13.2799997329712,13.3120002746582,13.1239995956421,13.1440000534058,8755640,9.48148536682129
"2019-08-21",13.1800003051758,13.4479999542236,13.1719999313354,13.3500003814697,11222002,9.63008213043213
"2019-08-22",13.3120002746582,13.456000328064,13.2779998779297,13.3120002746582,9836820,9.6026725769043
"2019-08-23",13.3319997787476,13.3699998855591,13.1020002365112,13.1420001983643,10620407,9.48004150390625
"2019-08-26",13.1000003814697,13.3079996109009,13.0819997787476,13.2180004119873,7800336,9.5348653793335
"2019-08-27",13.2200002670288,13.4399995803833,13.2200002670288,13.3020000457764,12244276,9.595458984375
"2019-08-28",13.3680000305176,13.4420003890991,13.2679996490479,13.3999996185303,16704849,9.66615200042725
"2019-08-29",13.4379997253418,13.6680002212524,13.3800001144409,13.6180000305176,15313145,9.82340717315674
"2019-08-30",13.6180000305176,13.7639999389648,13.6000003814697,13.6800003051758,12552318,9.86812973022461
"2019-09-02",13.71399974823,13.8280000686646,13.7019996643066,13.7119998931885,7574716,9.89121341705322
"2019-09-03",13.7119998931885,13.7580003738403,13.5279998779297,13.6020002365112,9910117,9.81186485290527
"2019-09-04",13.6999998092651,13.7180004119873,13.6239995956421,13.6700000762939,10647132,9.86091804504395
"2019-09-05",13.7200002670288,13.8680000305176,13.6920003890991,13.8680000305176,12893477,10.0037460327148
"2019-09-06",13.8420000076294,13.8540000915527,13.7259998321533,13.7700004577637,10987817,9.9330530166626
"2019-09-09",13.8559999465942,13.9460000991821,13.8500003814697,13.9219999313354,10488704,10.0426998138428
"2019-09-10",13.9399995803833,14.1599998474121,13.9340000152588,14.1020002365112,16232404,10.1725435256958
"2019-09-11",14.1300001144409,14.1840000152588,14.003999710083,14.0740003585815,12258267,10.1523447036743
"2019-09-12",14.0340003967285,14.0819997787476,13.8599996566772,13.8999996185303,16483243,10.0268287658691
"2019-09-13",13.8999996185303,14.1499996185303,13.8999996185303,14.043999671936,11699692,10.1307039260864
"2019-09-16",14.4499998092651,14.4860000610352,14.3140001296997,14.3140001296997,27573328,10.3254699707031
"2019-09-17",14.3520002365112,14.4300003051758,14.0500001907349,14.1520004272461,18790728,10.208610534668
"2019-09-18",14.1020002365112,14.3760004043579,14.0799999237061,14.3240003585815,12993851,10.3326835632324
"2019-09-19",14.3100004196167,14.4499998092651,14.2259998321533,14.4139995574951,17856583,10.3976049423218
"2019-09-20",14.4219999313354,14.5979995727539,14.3780002593994,14.5520000457764,29035322,10.4971523284912
"2019-09-23",14.2799997329712,14.289999961853,14.0819997787476,14.1400003433228,14083590,10.5105323791504
"2019-09-24",14.1840000152588,14.1940002441406,13.9499998092651,13.996000289917,13771841,10.4034938812256
"2019-09-25",13.8800001144409,13.9280004501343,13.7200002670288,13.8620004653931,14563021,10.3038902282715
"2019-09-26",13.8520002365112,14.0159997940063,13.8459997177124,13.9340000152588,11197561,10.3574085235596
"2019-09-27",13.9899997711182,14.0819997787476,13.9700002670288,14.0539999008179,11189275,10.446605682373
"2019-09-30",14.0900001525879,14.0939998626709,13.960000038147,14.0340003967285,10576812,10.4317407608032
"2019-10-01",14.0659999847412,14.1840000152588,13.9700002670288,13.9799995422363,9859248,10.3915996551514
"2019-10-02",13.9479999542236,13.9680004119873,13.5500001907349,13.5559997558594,20803042,10.076434135437
"2019-10-03",13.5539999008179,13.5740003585815,13.2819995880127,13.4079999923706,15696959,9.96642208099365
"2019-10-04",13.4680004119873,13.6099996566772,13.4139995574951,13.543999671936,10732439,10.067512512207
"2019-10-07",13.503999710083,13.7159996032715,13.4659996032715,13.6520004272461,10747403,10.1477928161621
"2019-10-08",13.6560001373291,13.6820001602173,13.4759998321533,13.5340003967285,9726145,10.0600814819336
"2019-10-09",13.5179996490479,13.673999786377,13.4779996871948,13.6000003814697,7735419,10.1091394424438
"2019-10-10",13.5600004196167,13.7399997711182,13.5240001678467,13.6820001602173,10498964,10.170090675354
"2019-10-11",13.7799997329712,13.8999996185303,13.7440004348755,13.8360004425049,14058009,10.2845630645752
"2019-10-14",13.8479995727539,13.8599996566772,13.6440000534058,13.7440004348755,8699099,10.2161779403687
"2019-10-15",13.7700004577637,13.9040002822876,13.746000289917,13.8380002975464,11076581,10.2860498428345
"2019-10-16",13.8120002746582,13.8699998855591,13.75,13.8159999847412,11054467,10.2696971893311
"2019-10-17",13.7360000610352,13.8999996185303,13.7200002670288,13.7440004348755,15637903,10.2161779403687
"2019-10-18",13.8599996566772,13.8599996566772,13.7360000610352,13.7799997329712,10153075,10.2429370880127
"2019-10-21",13.789999961853,13.9099998474121,13.753999710083,13.8380002975464,7495116,10.2860498428345
"2019-10-22",13.8699998855591,14,13.8459997177124,13.9540004730225,10012690,10.3722743988037
"2019-10-23",13.9060001373291,14.0819997787476,13.9060001373291,14.0719995498657,12201902,10.4599857330322
"2019-10-24",14.1000003814697,14.206000328064,14.1000003814697,14.1379995346069,11357571,10.5090446472168
"2019-10-25",14.1000003814697,14.1420001983643,13.9519996643066,14.039999961853,9862188,10.4362001419067
"2019-10-28",14.0100002288818,14.0620002746582,13.9259996414185,13.9379997253418,8392970,10.3603801727295
"2019-10-29",13.9479999542236,13.9680004119873,13.7700004577637,13.8280000686646,12352808,10.2786159515381
"2019-10-30",13.8079996109009,13.8280000686646,13.6180000305176,13.6979999542236,11920890,10.1819849014282
"2019-10-31",13.6960000991821,13.7080001831055,13.5240001678467,13.5699996948242,14818622,10.0868406295776
"2019-11-01",13.6300001144409,13.7220001220703,13.5459995269775,13.7040004730225,8068859,10.1864442825317
"2019-11-04",13.7840003967285,14.039999961853,13.7559995651245,13.9739999771118,18872627,10.3871412277222
"2019-11-05",14,14.28600025177,13.9940004348755,14.1979999542236,21037604,10.5536432266235
"2019-11-06",14.1800003051758,14.2620000839233,14.1099996566772,14.1639995574951,10919705,10.5283708572388
"2019-11-07",14.2200002670288,14.2399997711182,14.1219997406006,14.1759996414185,8897821,10.5372934341431
"2019-11-08",14.1820001602173,14.1979999542236,14.039999961853,14.1899995803833,9931038,10.5476970672607
"2019-11-11",14.1499996185303,14.1920003890991,14.0419998168945,14.1359996795654,8463313,10.5075588226318
"2019-11-12",14.1800003051758,14.3280000686646,14.1520004272461,14.253999710083,12619032,10.5952682495117
"2019-11-13",14.2080001831055,14.2519998550415,14.0880002975464,14.1820001602173,10304699,10.5417509078979
"2019-11-14",14.1540002822876,14.2220001220703,14.1140003204346,14.1359996795654,8418678,10.5075588226318
"2019-11-15",14.1660003662109,14.2419996261597,14.1300001144409,14.2200002670288,9150681,10.5699977874756
"2019-11-18",14.2299995422363,14.2519998550415,14.0520000457764,14.1099996566772,9021552,10.4882326126099
"2019-11-19",14.0920000076294,14.1940002441406,13.9619998931885,13.9700002670288,11204735,10.3841667175293
"2019-11-20",13.9040002822876,14.0200004577637,13.78600025177,14.0120000839233,14040968,10.4153861999512
"2019-11-21",13.9580001831055,14.1160001754761,13.8599996566772,14.0419998168945,9795002,10.4376859664917
"2019-11-22",14.1199998855591,14.2659997940063,13.9919996261597,13.996000289917,12994511,10.4034938812256
"2019-11-25",14.0819997787476,14.1140003204346,13.9940004348755,14.0480003356934,5419947,10.4421463012695
"2019-11-26",14.0299997329712,14.0620002746582,13.9300003051758,13.9320001602173,11565429,10.3559226989746
"2019-11-27",13.9399995803833,14,13.8380002975464,13.8900003433228,8556042,10.3247003555298
"2019-11-28",13.8199996948242,13.8739995956421,13.7620000839233,13.8000001907349,7613389,10.2578048706055
"2019-11-29",13.8000001907349,13.8479995727539,13.71399974823,13.71399974823,10674421,10.1938781738281
"2019-12-02",13.75,13.8439998626709,13.4899997711182,13.5719995498657,16931952,10.0883274078369
"2019-12-03",13.5920000076294,13.6339998245239,13.3900003433228,13.4799995422363,15572610,10.0199403762817
"2019-12-04",13.4980001449585,13.6940002441406,13.4899997711182,13.6520004272461,11085819,10.1477928161621
"2019-12-05",13.6660003662109,13.78600025177,13.6219997406006,13.6440000534058,7686529,10.141845703125
"2019-12-06",13.6499996185303,13.8479995727539,13.5959997177124,13.7700004577637,10046329,10.2355041503906
"2019-12-09",13.8140001296997,13.8140001296997,13.5900001525879,13.6260004043579,9535348,10.1284666061401
"2019-12-10",13.6000003814697,13.6700000762939,13.4739999771118,13.6660003662109,10093025,10.1582002639771
"2019-12-11",13.6219997406006,13.7040004730225,13.576000213623,13.5920000076294,7935597,10.1031942367554
"2019-12-12",13.6359996795654,13.7119998931885,13.5080003738403,13.6499996185303,11231992,10.1463041305542
"2019-12-13",13.793999671936,13.8400001525879,13.5799999237061,13.6040000915527,12064021,10.1121120452881
"2019-12-16",13.6459999084473,13.7440004348755,13.5900001525879,13.6239995956421,10273496,10.1269779205322
"2019-12-17",13.6199998855591,13.8360004425049,13.6199998855591,13.7019996643066,13927414,10.1849594116211
"2019-12-18",13.6920003890991,13.8579998016357,13.6840000152588,13.8179998397827,12795853,10.271183013916
"2019-12-19",13.8000001907349,13.8559999465942,13.7720003128052,13.8459997177124,14523095,10.2919960021973
"2019-12-20",13.9799995422363,13.9799995422363,13.8540000915527,13.9739999771118,22186254,10.3871412277222
"2019-12-23",13.9219999313354,14.0340003967285,13.9200000762939,14.0159997940063,6756655,10.418360710144
"2019-12-27",14.043999671936,14.0880002975464,13.9440002441406,14,7294637,10.4064674377441
"2019-12-30",14,14.003999710083,13.8459997177124,13.8459997177124,7748715,10.2919960021973
"2020-01-02",13.8760004043579,14.0539999008179,13.8699998855591,14.0080003738403,9175964,10.4124145507812
"2020-01-03",14,14.1800003051758,13.9899997711182,14.1059999465942,14319031,10.4852590560913
"2020-01-06",14.1999998092651,14.4180002212524,14.1599998474121,14.3159999847412,15677459,10.6413555145264
"2020-01-07",14.3159999847412,14.3500003814697,14.2340002059937,14.3199996948242,12574227,10.6443300247192
"2020-01-08",14.3559999465942,14.3900003433228,14.206000328064,14.206000328064,12108752,10.5595922470093
"2020-01-09",14.1999998092651,14.246000289917,14.0839996337891,14.1400003433228,11137381,10.5105323791504
"2020-01-10",14.1940002441406,14.1940002441406,14.0699996948242,14.1000003814697,8297010,10.4807987213135
"2020-01-13",14.1000003814697,14.1239995956421,13.9619998931885,14.039999961853,7512751,10.4362001419067
"2020-01-14",13.9899997711182,14.0380001068115,13.8420000076294,13.8739995956421,12823364,10.3128080368042
"2020-01-15",13.8999996185303,13.8999996185303,13.7259998321533,13.7980003356934,11063165,10.2563161849976
"2020-01-16",13.7980003356934,13.9280004501343,13.78600025177,13.8879995346069,8419328,10.3232154846191
"2020-01-17",13.9300003051758,13.960000038147,13.8640003204346,13.9160003662109,7832353,10.3440275192261
"2020-01-20",13.8900003433228,13.9799995422363,13.8559999465942,13.8819999694824,5434218,10.3187551498413
"2020-01-21",13.8140001296997,13.8199996948242,13.6199998855591,13.71399974823,13296282,10.1938781738281
"2020-01-22",13.75,13.7580003738403,13.5019998550415,13.5579996109009,13887915,10.077919960022
"2020-01-23",13.5,13.5799999237061,13.3500003814697,13.4580001831055,14382747,10.0035886764526
"2020-01-24",13.46399974823,13.6180000305176,13.4580001831055,13.4700002670288,11426886,10.0125093460083
"2020-01-27",13.3500003814697,13.4139995574951,13.1199998855591,13.1960000991821,20127256,9.80883979797363
"2020-01-28",13.25,13.4399995803833,13.1099996566772,13.3979997634888,14408505,9.95898914337158
"2020-01-29",13.4300003051758,13.4379997253418,13.2639999389648,13.2880001068115,13966157,9.87722396850586
"2020-01-30",13.1359996795654,13.1800003051758,12.8900003433228,12.9259996414185,30479038,9.6081428527832
"2020-01-31",13,13.0159997940063,12.6300001144409,12.6579999923706,24878394,9.40893268585205
"2020-02-03",12.6879997253418,12.6999998092651,12.5240001678467,12.6099996566772,14763425,9.37325382232666
"2020-02-04",12.6899995803833,12.8999996185303,12.6560001373291,12.7880001068115,18558091,9.5055627822876
"2020-02-05",12.789999961853,13.1000003814697,12.7119998931885,13.0279998779297,19666337,9.68396091461182
"2020-02-06",13.1420001983643,13.1759996414185,12.9440002441406,12.9700002670288,15527378,9.64084911346436
"2020-02-07",12.9700002670288,12.996000289917,12.8420000076294,12.9060001373291,12925694,9.59327602386475
"2020-02-10",12.8699998855591,12.8920001983643,12.7740001678467,12.7799997329712,14294704,9.49961757659912
"2020-02-11",12.8500003814697,13.0100002288818,12.78600025177,12.9259996414185,13082879,9.6081428527832
"2020-02-12",12.9899997711182,13.1199998855591,12.9619998931885,13.1000003814697,15363708,9.73748111724854
"2020-02-13",13.0699996948242,13.1520004272461,12.8380002975464,12.9879999160767,14426001,9.6542272567749
"2020-02-14",13.0100002288818,13.0579996109009,12.8920001983643,12.8920001983643,10809404,9.58287048339844
"2020-02-17",12.9320001602173,13.0500001907349,12.9200000762939,13.0279998779297,9752930,9.68396091461182
"2020-02-18",12.9060001373291,13.0100002288818,12.8540000915527,12.9099998474121,14076828,9.5962495803833
"2020-02-19",12.9899997711182,13.003999710083,12.8660001754761,12.9379997253418,13747870,9.61706161499023
"2020-02-20",12.9720001220703,12.9940004348755,12.8599996566772,12.8999996185303,12321792,9.5888147354126
"2020-02-21",12.8360004425049,12.8760004043579,12.6639995574951,12.7639999389648,20198517,9.48772525787354
"2020-02-24",12.3819999694824,12.3999996185303,12.0019998550415,12.1680002212524,39039271,9.04470443725586
"2020-02-25",12.2679996490479,12.2679996490479,11.9759998321533,11.9759998321533,23808143,8.90198802947998
"2020-02-26",11.9280004501343,12.1099996566772,11.8520002365112,12.0640001296997,25088127,8.96740055084229
"2020-02-27",11.8940000534058,11.9359998703003,11.539999961853,11.7580003738403,31366113,8.73994636535645
"2020-02-28",11.460000038147,11.503999710083,11.0520000457764,11.1579999923706,48764328,8.29395484924316
"2020-03-02",11.3699998855591,11.3940000534058,10.9040002822876,11.1180000305176,34406229,8.26422119140625
"2020-03-03",11.3579998016357,11.4119997024536,11.0340003967285,11.1199998855591,28827682,8.26570987701416
"2020-03-04",11.1180000305176,11.3400001525879,11.0059995651245,11.1520004272461,22591200,8.28949546813965
"2020-03-05",11.1700000762939,11.1700000762939,10.9420003890991,10.9680004119873,20318242,8.15272426605225
"2020-03-06",10.7959995269775,10.8000001907349,10.1899995803833,10.2340002059937,36615660,7.60712766647339
"2020-03-09",8.30000019073486,8.79899978637695,8.02000045776367,8.10000038146973,96242856,6.0208854675293
"2020-03-10",8.30000019073486,9.03400039672852,8.00100040435791,8.16499996185303,64975229,6.06920099258423
"2020-03-11",8.35000038146973,8.52600002288818,8.01200008392334,8.05000019073486,46107925,5.98371934890747
"2020-03-12",7.77899980545044,7.87599992752075,6.59200000762939,6.59200000762939,72268624,4.89995908737183
"2020-03-13",6.91800022125244,7.69999980926514,6.69600009918213,6.91099977493286,64165438,5.13707876205444
"2020-03-16",6.74300003051758,6.77699995040894,6.26000022888184,6.49200010299683,55907331,4.82562780380249
"2020-03-17",6.7519998550415,7.11999988555908,6.40199995040894,6.86600017547607,48831140,5.10362911224365
"2020-03-18",6.7480001449585,7.07800006866455,6.67000007629395,6.69399976730347,38847559,4.9757776260376
"2020-03-19",6.75,6.98999977111816,6.69999980926514,6.96500015258789,46721183,5.17721748352051
"2020-03-20",7.09999990463257,7.30000019073486,6.92399978637695,7.29300022125244,57808116,5.4210262298584
"2020-03-23",6.99200010299683,7.3600001335144,6.92700004577637,7.28700017929077,37050710,5.41656637191772
"2020-03-24",7.59999990463257,8.375,7.53900003433228,8.375,47133635,6.22529745101929
"2020-03-25",8.5,8.98900032043457,8.26200008392334,8.72299957275391,50061032,6.48397159576416
"2020-03-26",8.51599979400635,8.73600006103516,8.40999984741211,8.71100044250488,27183619,6.47505235671997
"2020-03-27",8.60200023651123,8.67399978637695,8.11999988555908,8.21700000762939,27648236,6.10785341262817
"2020-03-30",8.22700023651123,8.5930004119873,7.90000009536743,8.5930004119873,24877317,6.38734149932861
"2020-03-31",8.75,9.22000026702881,8.70199966430664,9.22000026702881,41193788,6.85340261459351
"2020-04-01",9,9.4980001449585,8.98200035095215,9.19999980926514,37482069,6.83853578567505
"2020-04-02",9.5,10.1079998016357,9.5,9.83800029754639,45989573,7.31277370452881
"2020-04-03",9.80000019073486,9.83500003814697,9.27200031280518,9.32499980926514,25712232,6.93145036697388
"2020-04-06",9.60000038146973,9.68000030517578,9.20300006866455,9.3149995803833,22904862,6.92401695251465
"2020-04-07",9.60000038146973,9.69600009918213,9.2790002822876,9.42800045013428,22303958,7.0080132484436
"2020-04-08",9.19699954986572,9.3730001449585,9.18000030517578,9.29500007629395,15443199,6.90915060043335
"2020-04-09",9.44499969482422,9.49899959564209,9.25500011444092,9.30799961090088,22767364,6.91881370544434
"2020-04-14",9.56999969482422,9.57999992370605,9.01200008392334,9.16699981689453,20078922,6.81400585174561
"2020-04-15",9.07199954986572,9.10000038146973,8.56700038909912,8.58199977874756,27660059,6.37916469573975
"2020-04-16",8.69400024414062,8.77700042724609,8.36200046539307,8.45400047302246,19343250,6.28401947021484
"2020-04-17",8.57100009918213,8.7189998626709,8.51000022888184,8.58699989318848,18845039,6.38288068771362
"2020-04-20",8.55700016021729,8.57499980926514,8.20499992370605,8.43400001525879,18902300,6.26915311813354
"2020-04-21",8.21700000762939,8.23400020599365,7.90999984741211,7.96000003814697,32421407,5.91681957244873
"2020-04-22",7.99499988555908,8.38799953460693,7.90000009536743,8.34799957275391,22692728,6.20522737503052
"2020-04-23",8.45899963378906,8.66899967193604,8.4040002822876,8.47200012207031,19700760,6.29739952087402
"2020-04-24",8.25,8.56900024414062,8.19200038909912,8.25,18194010,6.13238286972046
"2020-04-27",8.38500022888184,8.41699981689453,8.22500038146973,8.4040002822876,14169520,6.24685287475586
"2020-04-28",8.35099983215332,8.75,8.3149995803833,8.68400001525879,20026941,6.45498323440552
"2020-04-29",8.76000022888184,8.98400020599365,8.7189998626709,8.95699977874756,20941173,6.65790939331055
"2020-04-30",9.00300025939941,9.12399959564209,8.63399982452393,8.71399974822998,24875896,6.47728252410889
"2020-05-04",8.45199966430664,8.52000045776367,8.21100044250488,8.21100044250488,21694943,6.1033935546875
"2020-05-05",8.5,8.76000022888184,8.42599964141846,8.6870002746582,18886649,6.45721292495728
"2020-05-06",8.67000007629395,8.70100021362305,8.39299964904785,8.42300033569336,13901402,6.26097726821899
"2020-05-07",8.45499992370605,8.63799953460693,8.42300033569336,8.55599975585938,12673839,6.35983800888062
"2020-05-08",8.61999988555908,8.67800045013428,8.52499961853027,8.63099956512451,7473733,6.41558599472046
"2020-05-11",8.71000003814697,8.7209997177124,8.53499984741211,8.63099956512451,10281465,6.41558599472046
"2020-05-12",8.59200000762939,8.83500003814697,8.59200000762939,8.71399974822998,11944391,6.47728252410889
"2020-05-13",8.67000007629395,8.70300006866455,8.48400020599365,8.52499961853027,15500343,6.33679485321045
"2020-05-14",8.45100021362305,8.60799980163574,8.31099987030029,8.51399993896484,21118641,6.32861852645874
"2020-05-15",8.66600036621094,8.70600032806396,8.45400047302246,8.52000045776367,17786611,6.33307886123657
"2020-05-18",8.35799980163574,8.72700023651123,8.3430004119873,8.6569995880127,21938046,6.77694129943848
"2020-05-19",8.73999977111816,8.75399971008301,8.30399990081787,8.38399982452393,20711134,6.56322908401489
"2020-05-20",8.39000034332275,8.42899990081787,8.18400001525879,8.42899990081787,19442931,6.59845685958862
"2020-05-21",8.39000034332275,8.41499996185303,8.18000030517578,8.22200012207031,13721639,6.43641233444214
"2020-05-22",8.14000034332275,8.32999992370605,8.01299953460693,8.17399978637695,17312764,6.39883518218994
"2020-05-25",8.28800010681152,8.28800010681152,8.13799953460693,8.26000022888184,8367806,6.46615982055664
"2020-05-26",8.35000038146973,8.39799976348877,8.19799995422363,8.27400016784668,17229941,6.47711896896362
"2020-05-27",8.27400016784668,8.5930004119873,8.2519998550415,8.44999980926514,26603211,6.61489677429199
"2020-05-28",8.53499984741211,8.54100036621094,8.33600044250488,8.49199962615967,17043810,6.64777565002441
"2020-05-29",8.40999984741211,8.43099975585938,8.1230001449585,8.1230001449585,33784448,6.35891199111938
"2020-06-01",8.2519998550415,8.37899971008301,8.1899995803833,8.34000015258789,15493892,6.52878570556641
"2020-06-02",8.39200019836426,8.82299995422363,8.3769998550415,8.77099990844727,29863382,6.8661847114563
"2020-06-03",8.92500019073486,9.07400035858154,8.82999992370605,8.99899959564209,27173465,7.04466867446899
"2020-06-04",8.96100044250488,9.07999992370605,8.84500026702881,8.96399974822998,19962248,7.0172700881958
"2020-06-05",9.07999992370605,9.54199981689453,9.0649995803833,9.50599956512451,39009905,7.44156265258789
"2020-06-08",9.60000038146973,9.83199977874756,9.52700042724609,9.66399955749512,26360730,7.5652494430542
"2020-06-09",9.69799995422363,9.75300025939941,9.26000022888184,9.37600040435791,25962010,7.3397970199585
"2020-06-10",9.39000034332275,9.48999977111816,9.13199996948242,9.22999954223633,19576489,7.22550201416016
"2020-06-11",9,9.00300025939941,8.58100032806396,8.58100032806396,31060705,6.71744680404663
"2020-06-12",8.5,8.83399963378906,8.36600017547607,8.58699989318848,23937648,6.72214365005493
"2020-06-15",8.3149995803833,8.63199996948242,8.25100040435791,8.57999992370605,18320512,6.71666479110718
"2020-06-16",8.80000019073486,9.13700008392334,8.7209997177124,8.9350004196167,25271147,6.99456834793091
"2020-06-17",8.95400047302246,9.07499980926514,8.84899997711182,8.89599990844727,15018330,6.96403741836548
"2020-06-18",8.85000038146973,8.93000030517578,8.71500015258789,8.83500003814697,20103144,6.9162859916687
"2020-06-19",8.90200042724609,9.08199977874756,8.87399959564209,8.87399959564209,31511363,6.94681549072266
"2020-06-22",8.83600044250488,8.87100028991699,8.7189998626709,8.80300045013428,11676680,6.89123582839966
"2020-06-23",8.83899974822998,8.92399978637695,8.66199970245361,8.89599990844727,16418683,6.96403741836548
"2020-06-24",8.85400009155273,8.9370002746582,8.47200012207031,8.47200012207031,17258285,6.63211917877197
"2020-06-25",8.40999984741211,8.54500007629395,8.3100004196167,8.48099994659424,18316876,6.63916444778442
"2020-06-26",8.54899978637695,8.71399974822998,8.39700031280518,8.39700031280518,13724772,6.5734076499939
"2020-06-29",8.38099956512451,8.63799953460693,8.31999969482422,8.625,13977920,6.75189208984375
"2020-06-30",8.61999988555908,8.65200042724609,8.43299961090088,8.48999977111816,12515106,6.64620876312256
"2020-07-01",8.54199981689453,8.57999992370605,8.32999992370605,8.47500038146973,14739055,6.63446760177612
"2020-07-02",8.53800010681152,8.78999996185303,8.52200031280518,8.72000026702881,17528807,6.82625961303711
"2020-07-03",8.72200012207031,8.73999977111816,8.58100032806396,8.67399978637695,7685494,6.79024887084961
"2020-07-06",8.80300045013428,8.94099998474121,8.74199962615967,8.75800037384033,13541848,6.85600805282593
"2020-07-07",8.67399978637695,8.8439998626709,8.63300037384033,8.81999969482422,14713642,6.90454244613647
"2020-07-08",8.73999977111816,8.81999969482422,8.66399955749512,8.69799995422363,12252249,6.80903816223145
"2020-07-09",8.73200035095215,8.76900005340576,8.43400001525879,8.43400001525879,14287431,6.60237121582031
"2020-07-10",8.35000038146973,8.53699970245361,8.31999969482422,8.49199962615967,13021009,6.64777565002441
"2020-07-13",8.60000038146973,8.69400024414062,8.52799987792969,8.65999984741211,11475010,6.77929067611694
"2020-07-14",8.61999988555908,8.79899978637695,8.59000015258789,8.78299999237061,13865345,6.8755784034729
"2020-07-15",8.84200000762939,8.92700004577637,8.78400039672852,8.83600044250488,16298192,6.91706800460815
"2020-07-16",8.79199981689453,8.93200016021729,8.76700019836426,8.89500045776367,11518053,6.96325588226318
"2020-07-17",8.89500045776367,8.91300010681152,8.75500011444092,8.8129997253418,11657323,6.89906311035156
"2020-07-20",8.76000022888184,8.87399959564209,8.67000007629395,8.7810001373291,13831273,6.8740119934082
"2020-07-21",8.85000038146973,8.93900012969971,8.77799987792969,8.92899990081787,18726960,6.98987102508545
"2020-07-22",8.85299968719482,8.93099975585938,8.61499977111816,8.70699977874756,20136558,6.81608200073242
"2020-07-23",8.72999954223633,8.74899959564209,8.55300045013428,8.60099983215332,15126826,6.73310279846191
"2020-07-24",8.55000019073486,8.61499977111816,8.47000026702881,8.52000045776367,12186484,6.66969537734985
"2020-07-27",8.49499988555908,8.55599975585938,8.46199989318848,8.46300029754639,9553656,6.62507343292236
"2020-07-28",8.48099994659424,8.53800010681152,8.37199974060059,8.47700023651123,10457237,6.6360330581665
"2020-07-29",8.47700023651123,8.48799991607666,8.39000034332275,8.40999984741211,8853934,6.58358335494995
"2020-07-30",8.39000034332275,8.39900016784668,7.76100015640259,7.81799983978271,42886075,6.1201491355896
"2020-07-31",7.82100009918213,7.93499994277954,7.47900009155273,7.54099988937378,28473737,5.9033055305481
"2020-08-03",7.56099987030029,7.59999990463257,7.34299993515015,7.53399991989136,21236933,5.89782619476318
"2020-08-04",7.57800006866455,7.85900020599365,7.57000017166138,7.85900020599365,20414292,6.15224552154541
"2020-08-05",7.94000005722046,8.14700031280518,7.9060001373291,8.0959997177124,20768740,6.33777475357056
"2020-08-06",8.02999973297119,8.07100009918213,7.86600017547607,7.94199991226196,14101535,6.21721982955933
"2020-08-07",7.88600015640259,7.92899990081787,7.73199987411499,7.80600023269653,10480738,6.11075496673584
"2020-08-10",7.84499979019165,8.00800037384033,7.82200002670288,7.98600006103516,10540027,6.25166511535645
"2020-08-11",8.03800010681152,8.3100004196167,8.03800010681152,8.24400043487549,15026407,6.45363521575928
"2020-08-12",8.24400043487549,8.42500019073486,8.24400043487549,8.3730001449585,14389577,6.5546178817749
"2020-08-13",8.31999969482422,8.39799976348877,8.23999977111816,8.24499988555908,10300206,6.45441675186157
"2020-08-14",8.21000003814697,8.2180004119873,8.06900024414062,8.17899990081787,11613990,6.40275001525879
"2020-08-17",8.2189998626709,8.2519998550415,8.10000038146973,8.10000038146973,7615122,6.34090709686279
"2020-08-18",8.0600004196167,8.20899963378906,7.96099996566772,8.05399990081787,10701205,6.30489635467529
"2020-08-19",8.03999996185303,8.12800025939941,7.97300004959106,8.12800025939941,8788589,6.36282587051392
"2020-08-20",8.02000045776367,8.04399967193604,7.92999982833862,7.93499994277954,10852004,6.2117395401001
"2020-08-21",7.95599985122681,7.96999979019165,7.77099990844727,7.8730001449585,10707357,6.16320466995239
"2020-08-24",7.90899991989136,8.19799995422363,7.90000009536743,8.19099998474121,13643660,6.41214370727539
"2020-08-25",8.22000026702881,8.27200031280518,8.05500030517578,8.07800006866455,12744603,6.32368469238281
"2020-08-26",8.05500030517578,8.13399982452393,8.01000022888184,8.10000038146973,8103211,6.34090709686279
"2020-08-27",8.15999984741211,8.16399955749512,7.96299982070923,7.98600006103516,10386764,6.25166511535645
"2020-08-28",8.02000045776367,8.03600025177002,7.89900016784668,7.96199989318848,8391516,6.23287582397461
"2020-08-31",8.02299976348877,8.07800006866455,7.80000019073486,7.80000019073486,13465279,6.1060585975647
"2020-09-01",7.85099983215332,7.91099977493286,7.65000009536743,7.77600002288818,13313757,6.08727025985718
"2020-09-02",7.80499982833862,7.86299991607666,7.65999984741211,7.67600011825562,13449855,6.00898790359497
"2020-09-03",7.67700004577637,7.85699987411499,7.67600011825562,7.69600009918213,14377952,6.02464485168457
"2020-09-04",7.66400003433228,7.77600002288818,7.60300016403198,7.64499998092651,12910370,5.98471975326538
"2020-09-07",7.66499996185303,7.77699995040894,7.60099983215332,7.77299976348877,10739658,6.08492136001587
"2020-09-08",7.74399995803833,7.78700017929077,7.44999980926514,7.51900005340576,16362205,5.88608360290527
"2020-09-09",7.50600004196167,7.71000003814697,7.50600004196167,7.62799978256226,14226757,5.97141170501709
"2020-09-10",7.60900020599365,7.69399976730347,7.5149998664856,7.62599992752075,10680425,5.96984577178955
"2020-09-11",7.56099987030029,7.64799976348877,7.51900005340576,7.59899997711182,9787284,5.9487099647522
"2020-09-14",7.59999990463257,7.64200019836426,7.44099998474121,7.47599983215332,13254228,5.85242223739624
"2020-09-15",7.48999977111816,7.61199998855591,7.41400003433228,7.61199998855591,12708706,5.95888662338257
"2020-09-16",7.61700010299683,7.69999980926514,7.5310001373291,7.65100002288818,14588690,5.98941659927368
"2020-09-17",7.57800006866455,7.64300012588501,7.53700017929077,7.5939998626709,14070802,5.94479560852051
"2020-09-18",7.59000015258789,7.61399984359741,7.38800001144409,7.38800001144409,27719311,5.78353309631348
"2020-09-21",7.26000022888184,7.29899978637695,6.94999980926514,6.94999980926514,30166706,5.53048324584961
"2020-09-22",7.02299976348877,7.19299983978271,6.94999980926514,7.05600023269653,14091621,5.61483240127563
"2020-09-23",7.08199977874756,7.14900016784668,6.92799997329712,6.92799997329712,13089388,5.51297664642334
"2020-09-24",6.82800006866455,6.94099998474121,6.53200006484985,6.81199979782104,18239059,5.42066955566406
"2020-09-25",6.88000011444092,6.91599988937378,6.66800022125244,6.68900012969971,14699907,5.32279205322266
"2020-09-28",6.76000022888184,6.86999988555908,6.73199987411499,6.8600001335144,14657338,5.45886659622192
"2020-09-29",6.85500001907349,6.8600001335144,6.66200017929077,6.66499996185303,12628336,5.30369424819946
"2020-09-30",6.6269998550415,6.77699995040894,6.58400011062622,6.68800020217896,14303217,5.32199668884277
"2020-10-01",6.73000001907349,6.76599979400635,6.46000003814697,6.46199989318848,19082752,5.14215564727783
"2020-10-02",6.39200019836426,6.49700021743774,6.31699991226196,6.49700021743774,19653617,5.17000770568848
"2020-10-05",6.59999990463257,6.69000005722046,6.52099990844727,6.69000005722046,17286695,5.32358837127686
"2020-10-06",6.71999979019165,6.98999977111816,6.66599988937378,6.91800022125244,20397915,5.5050196647644
"2020-10-07",6.84299993515015,6.88000011444092,6.68300008773804,6.73000001907349,20913523,5.35541868209839
"2020-10-08",6.80800008773804,6.91900014877319,6.73999977111816,6.88500022888184,14497847,5.478759765625
"2020-10-09",6.92000007629395,6.98600006103516,6.84499979019165,6.86199998855591,15079971,5.46045780181885
"2020-10-12",6.8600001335144,6.86600017547607,6.76800012588501,6.81899976730347,11966129,5.42623996734619
"2020-10-13",6.80999994277954,6.83799982070923,6.65999984741211,6.68599987030029,12142004,5.32040500640869
"2020-10-14",6.67000007629395,6.73299980163574,6.60599994659424,6.69799995422363,11888434,5.32995414733887
"2020-10-15",6.61999988555908,6.64699983596802,6.38399982452393,6.41800022125244,22526523,5.10714387893677
"2020-10-16",6.4980001449585,6.57800006866455,6.37400007247925,6.56300020217896,18650003,5.22252798080444
"2020-10-19",6.55700016021729,6.63199996948242,6.49499988555908,6.58599996566772,10722287,5.2408299446106
"2020-10-20",6.51100015640259,6.61700010299683,6.46000003814697,6.56199979782104,13550154,5.2217321395874
"2020-10-21",6.61299991607666,6.61299991607666,6.34000015258789,6.34000015258789,18433101,5.04507446289062
"2020-10-22",6.30100011825562,6.34299993515015,6.19199991226196,6.34100008010864,21558266,5.04586982727051
"2020-10-23",6.36600017547607,6.53000020980835,6.35599994659424,6.44399976730347,16677880,5.12783288955688
"2020-10-26",6.28000020980835,6.39799976348877,6.22300004959106,6.24499988555908,16319523,4.96947717666626
"2020-10-27",6.28900003433228,6.28999996185303,6.09999990463257,6.09999990463257,23055214,4.85409355163574
"2020-10-28",6,6.01999998092651,5.80999994277954,5.88500022888184,31886958,4.68300771713257
"2020-10-29",5.95900011062622,6.03999996185303,5.72599983215332,5.91800022125244,34675762,4.70926666259766
"2020-10-30",5.8769998550415,6.01300001144409,5.85500001907349,6.01100015640259,25252640,4.78327178955078
"2020-11-02",6,6.36199998855591,5.93900012969971,6.36199998855591,25468165,5.06258010864258
"2020-11-03",6.44600009918213,6.53999996185303,6.41499996185303,6.51399993896484,26512308,5.18353605270386
"2020-11-04",6.3600001335144,6.61899995803833,6.3289999961853,6.59700012207031,24492534,5.24958324432373
"2020-11-05",6.61999988555908,6.65399980545044,6.52799987792969,6.59600019454956,19042058,5.24878787994385
"2020-11-06",6.55000019073486,6.64499998092651,6.4689998626709,6.54199981689453,17350583,5.2058162689209
"2020-11-09",6.64900016784668,7.44000005722046,6.59000015258789,7.37799978256226,53343204,5.87106609344482
"2020-11-10",7.41599988937378,7.73799991607666,7.30499982833862,7.67799997329712,40464119,6.10979127883911
"2020-11-11",7.79699993133545,7.88000011444092,7.56199979782104,7.59200000762939,26707361,6.04135704040527
"2020-11-12",7.49100017547607,7.6729998588562,7.45300006866455,7.61800003051758,21507757,6.06204700469971
"2020-11-13",7.50799989700317,7.69799995422363,7.4850001335144,7.65999984741211,18291814,6.09546852111816
"2020-11-16",7.78000020980835,8.09500026702881,7.73699998855591,7.96799993515015,34895730,6.34056091308594
"2020-11-17",7.96000003814697,8.12600040435791,7.80000019073486,8.08600044250488,22589400,6.4344596862793
"2020-11-18",8.06799983978271,8.20899963378906,7.99499988555908,8.19400024414062,22021249,6.52040004730225
"2020-11-19",8.07699966430664,8.12899971008301,7.97399997711182,8.07699966430664,21499250,6.42729663848877
"2020-11-20",8.08100032806396,8.19299983978271,8.07100009918213,8.125,18401390,6.46549320220947
"2020-11-23",8.22299957275391,8.375,8.22299957275391,8.32999992370605,22238040,6.62862300872803
"2020-11-24",8.46599960327148,8.73900032043457,8.45199966430664,8.61999988555908,34187641,6.85939121246338
"2020-11-25",8.76000022888184,8.82800006866455,8.56599998474121,8.67199993133545,26805930,6.9007716178894
"2020-11-26",8.68000030517578,8.69999980926514,8.51700019836426,8.55799961090088,16108115,6.81005334854126
"2020-11-27",8.50100040435791,8.64599990844727,8.46000003814697,8.58199977874756,16882092,6.82915258407593
"2020-11-30",8.47299957275391,8.57699966430664,8.30300045013428,8.30300045013428,26233361,6.60713863372803
"2020-12-01",8.30000019073486,8.47000026702881,8.21100044250488,8.41499996185303,15491548,6.69626140594482
"2020-12-02",8.37899971008301,8.55799961090088,8.28299999237061,8.49899959564209,17981297,6.76310443878174
"2020-12-03",8.46399974822998,8.4980001449585,8.35599994659424,8.45199966430664,14380498,6.72570466995239
"2020-12-04",8.55000019073486,8.81599998474121,8.5319995880127,8.74400043487549,29683005,6.95806455612183
"2020-12-07",8.75,8.80599975585938,8.625,8.76700019836426,17556959,6.97636747360229
"2020-12-08",8.67500019073486,8.83800029754639,8.67500019073486,8.78999996185303,11631716,6.99466991424561
"2020-12-09",8.88799953460693,9.00899982452393,8.81099987030029,8.8430004119873,23622611,7.0368447303772
"2020-12-10",8.87399959564209,8.99199962615967,8.73299980163574,8.93599987030029,17858529,7.11085033416748
"2020-12-11",8.91899967193604,8.94499969482422,8.73700046539307,8.80799961090088,15756906,7.00899314880371
"2020-12-14",8.90100002288818,8.97700023651123,8.64500045776367,8.67800045013428,18310124,6.90554523468018
"2020-12-15",8.61800003051758,8.77600002288818,8.57499980926514,8.7519998550415,12719126,6.96443128585815
"2020-12-16",8.80000019073486,8.88000011444092,8.6269998550415,8.75599956512451,14863619,6.96761274337769
"2020-12-17",8.83199977874756,8.84899997711182,8.6879997253418,8.71100044250488,15501065,6.93180513381958
"2020-12-18",8.66899967193604,8.76900005340576,8.60000038146973,8.62100028991699,20437042,6.86018800735474
"2020-12-21",8.31999969482422,8.39900016784668,8.05799961090088,8.24400043487549,28208396,6.56018877029419
"2020-12-22",8.21199989318848,8.35999965667725,8.18000030517578,8.35999965667725,13150428,6.65249443054199
"2020-12-23",8.39000034332275,8.61699962615967,8.36999988555908,8.58399963378906,12593097,6.83074426651001
"2020-12-28",8.65999984741211,8.69799995422363,8.58199977874756,8.5959997177124,8202365,6.84029340744019
"2020-12-29",8.61999988555908,8.62899971008301,8.52700042724609,8.5620002746582,9593070,6.8132381439209
"2020-12-30",8.5930004119873,8.6269998550415,8.53400039672852,8.54800033569336,9077485,6.80209732055664
"2021-01-04",8.60400009155273,8.75599956512451,8.39700031280518,8.44799995422363,19734004,6.72252130508423
"2021-01-05",8.43000030517578,8.76099967956543,8.40799999237061,8.76099967956543,23420616,6.97159194946289
"2021-01-06",8.84000015258789,9.10999965667725,8.7819995880127,9.04800033569336,31163900,7.19997406005859
"2021-01-07",9.14000034332275,9.14299964904785,8.91899967193604,9.06799983978271,19949919,7.21588754653931
"2021-01-08",9.11999988555908,9.14000034332275,8.95600032806396,9.02999973297119,15549395,7.18564796447754
"2021-01-11",8.95699977874756,9.04500007629395,8.81799983978271,8.97799968719482,13651927,7.1442699432373
"2021-01-12",9.02999973297119,9.15999984741211,8.97799968719482,9.05399990081787,17781380,7.20474815368652
"2021-01-13",9.08800029754639,9.17300033569336,9.0319995880127,9.0600004196167,16505278,7.20952224731445
"2021-01-14",9,9.11900043487549,8.96500015258789,9.00500011444092,17622586,7.16575574874878
"2021-01-15",9.04300022125244,9.07100009918213,8.66899967193604,8.83100032806396,21824347,7.02729606628418
"2021-01-18",8.72900009155273,8.88899993896484,8.6899995803833,8.85599994659424,8639442,7.0471887588501
"2021-01-19",8.85400009155273,8.92000007629395,8.78899955749512,8.82699966430664,9527202,7.02411222457886
"2021-01-20",8.84000015258789,8.90799999237061,8.8100004196167,8.90100002288818,11788460,7.08299779891968
"2021-01-21",8.93000030517578,8.9399995803833,8.66800022125244,8.66800022125244,15359794,6.89758777618408
"2021-01-22",8.57199954986572,8.58500003814697,8.40200042724609,8.54199981689453,19268162,6.79732179641724
"2021-01-25",8.60000038146973,8.61999988555908,8.30500030517578,8.35299968719482,16264214,6.64692544937134
"2021-01-26",8.30200004577637,8.5959997177124,8.22500038146973,8.52799987792969,16653629,6.78618192672729
"2021-01-27",8.45400047302246,8.5939998626709,8.38399982452393,8.54699993133545,15315602,6.8013014793396
"2021-01-28",8.45800018310547,8.58899974822998,8.33600044250488,8.54800033569336,15895158,6.80209732055664
"2021-01-29",8.41399955749512,8.49400043487549,8.35200023651123,8.35200023651123,15944415,6.6461296081543
"2021-02-01",8.40900039672852,8.40900039672852,8.15499973297119,8.19999980926514,20238144,6.52517461776733
"2021-02-02",8.27000045776367,8.36200046539307,8.22999954223633,8.31099987030029,18082114,6.61350345611572
"2021-02-03",8.51000022888184,8.51700019836426,8.32900047302246,8.48900032043457,25670622,6.75514793395996
"2021-02-04",8.51299953460693,8.64000034332275,8.47900009155273,8.56999969482422,20892231,6.81960296630859
"2021-02-05",8.6269998550415,8.72500038146973,8.48600006103516,8.61100006103516,24353360,6.85222959518433
"2021-02-08",8.68000030517578,8.73600006103516,8.57400035858154,8.68099975585938,26597496,6.90793180465698
"2021-02-09",8.78999996185303,8.89999961853027,8.71000003814697,8.77499961853027,23026374,6.98273324966431
"2021-02-10",8.80599975585938,8.85799980163574,8.70499992370605,8.8439998626709,17182170,7.03764057159424
"2021-02-11",8.85999965667725,8.86999988555908,8.70199966430664,8.77700042724609,13527705,6.98432588577271
"2021-02-12",8.75,8.87899971008301,8.63000011444092,8.87899971008301,13454133,7.06549119949341
"2021-02-15",8.98999977111816,9.16399955749512,8.9680004119873,9.1230001449585,26055946,7.2596549987793
"2021-02-16",9.14999961853027,9.22900009155273,9.07299995422363,9.07900047302246,19045368,7.22464179992676
"2021-02-17",9.07499980926514,9.22900009155273,9.06900024414062,9.16300010681152,23412497,7.29148530960083
"2021-02-18",9.22900009155273,9.3149995803833,9.04399967193604,9.09700012207031,21834325,7.23896551132202
"2021-02-19",9.05099964141846,9.38000011444092,8.89000034332275,9.19799995422363,27905794,7.31933689117432
"2021-02-22",9.24499988555908,9.39999961853027,9.16399955749512,9.35599994659424,30794040,7.44506645202637
"2021-02-23",9.46300029754639,9.55900001525879,9.27400016784668,9.42399978637695,25116819,7.49917697906494
"2021-02-24",9.44699954986572,9.58800029754639,9.38500022888184,9.57699966430664,19733036,7.62092685699463
"2021-02-25",9.63199996948242,9.78699970245361,9.61200046539307,9.68000030517578,25991256,7.70288896560669
"2021-02-26",9.5,9.58399963378906,9.36800003051758,9.48200035095215,25233091,7.54533004760742
"2021-03-01",9.61999988555908,9.66800022125244,9.50800037384033,9.56099987030029,17170666,7.60819339752197
"2021-03-02",9.42599964141846,9.51200008392334,9.36499977111816,9.49199962615967,18903579,7.55328893661499
"2021-03-03",9.55399990081787,9.65999984741211,9.54800033569336,9.65999984741211,21529591,7.68697452545166
"2021-03-04",9.64000034332275,9.95699977874756,9.56599998474121,9.87600040435791,28778572,7.85885763168335
"2021-03-05",9.92000007629395,10.1999998092651,9.88300037384033,10.0620002746582,34549142,8.00686740875244
"2021-03-08",10.2379999160767,10.2799997329712,10.0900001525879,10.1800003051758,26987693,8.1007661819458
"2021-03-09",10.1820001602173,10.3459997177124,10.0640001296997,10.1400003433228,21253778,8.06893730163574
"2021-03-10",10.1020002365112,10.28600025177,10.0699996948242,10.2200002670288,15623569,8.13259506225586
"2021-03-11",10.2819995880127,10.3599996566772,10.1979999542236,10.3000001907349,18393771,8.19625568389893
"2021-03-12",10.28600025177,10.4280004501343,10.2519998550415,10.4180002212524,13868305,8.29015445709229
"2021-03-15",10.4700002670288,10.5299997329712,10.2740001678467,10.3339996337891,14627711,8.22331237792969
"2021-03-16",10.3360004425049,10.3620004653931,10.1199998855591,10.2399997711182,18914277,8.14851093292236
"2021-03-17",10.1940002441406,10.3299999237061,10.1599998474121,10.3000001907349,15995979,8.19625568389893
"2021-03-18",10.3999996185303,10.4420003890991,10.2600002288818,10.3380002975464,23639662,8.22649478912354
"2021-03-19",10.0220003128052,10.2700004577637,10.0200004577637,10.173999786377,41296907,8.09599113464355
"2021-03-22",10.1639995574951,10.173999786377,10.0279998779297,10.1459999084473,12120985,8.07371139526367
"2021-03-23",10.0699996948242,10.0900001525879,9.95400047302246,9.97999954223633,23213391,7.94161510467529
"2021-03-24",9.94999980926514,10.2700004577637,9.90499973297119,10.246000289917,20131423,8.15328598022461
"2021-03-25",10.2200002670288,10.2299995422363,9.97500038146973,10.1120004653931,16047827,8.04665470123291
"2021-03-26",10.1999998092651,10.3039999008179,10.1759996414185,10.2320003509521,17006015,8.14214706420898
"2021-03-29",10.1719999313354,10.3540000915527,10.1400003433228,10.3479995727539,16426043,8.23445320129395
"2021-03-30",10.3800001144409,10.4680004119873,10.3599996566772,10.4119997024536,17034047,8.28538131713867
"2021-03-31",10.5200004577637,10.6599998474121,10.456000328064,10.4940004348755,20028228,8.3506326675415
"2021-04-01",10.543999671936,10.6160001754761,10.4940004348755,10.5699996948242,15858721,8.41110992431641
"2021-04-06",10.5699996948242,10.6180000305176,10.4139995574951,10.4739999771118,19947182,8.33471775054932
"2021-04-07",10.4980001449585,10.5819997787476,10.4139995574951,10.456000328064,12034489,8.32039451599121
"2021-04-08",10.4799995422363,10.4879999160767,10.1700000762939,10.2600002288818,18608692,8.16442584991455
"2021-04-09",10.2340002059937,10.3179998397827,10.1639995574951,10.1999998092651,11528097,8.1166820526123
"2021-04-12",10.2220001220703,10.2480001449585,10.1180000305176,10.1619997024536,11627185,8.08644199371338
"2021-04-13",10.1999998092651,10.2840003967285,10.1339998245239,10.2259998321533,12115293,8.13737010955811
"2021-04-14",10.25,10.5319995880127,10.1840000152588,10.4879999160767,20597362,8.34585762023926
"2021-04-15",10.4899997711182,10.5200004577637,10.3280000686646,10.3640003204346,16033186,8.24718570709229
"2021-04-16",10.3800001144409,10.423999786377,10.2799997329712,10.3500003814697,15814810,8.23604393005371
"2021-04-19",10.3299999237061,10.3839998245239,10.2700004577637,10.3240003585815,9757521,8.21535396575928
"2021-04-20",10.3599996566772,10.4079999923706,10.0139999389648,10.0740003585815,19976050,8.0164155960083
"2021-04-21",10.1239995956421,10.25,10.0260000228882,10.1499996185303,15510928,8.07689476013184
"2021-04-22",10.1619997024536,10.2040004730225,10.0860004425049,10.1680002212524,10658105,8.09121799468994
"2021-04-23",10.1239995956421,10.173999786377,10.0520000457764,10.1020002365112,8785463,8.03869819641113
"2021-04-26",10.1359996795654,10.1840000152588,10.0419998168945,10.1479997634888,7665954,8.07530307769775
"2021-04-27",10.1840000152588,10.1899995803833,10.043999671936,10.1099996566772,9910359,8.04506301879883
"2021-04-28",10.1680002212524,10.2639999389648,10.0939998626709,10.2040004730225,10963094,8.11986446380615
"2021-04-29",10.2760000228882,10.3299999237061,10.1759996414185,10.2019996643066,14754980,8.11827278137207
"2021-04-30",10.003999710083,10.1700000762939,9.90100002288818,9.93000030517578,25912124,7.90182781219482
"2021-05-03",9.86100006103516,10.1120004653931,9.61999988555908,10.1000003814697,19883219,8.03710460662842
"2021-05-04",10.1199998855591,10.3059997558594,10.0600004196167,10.1000003814697,20857969,8.03710460662842
"2021-05-05",10.21399974823,10.3380002975464,10.1800003051758,10.3079996109009,15508449,8.20262336730957
"2021-05-06",10.3199996948242,10.4320001602173,10.2200002670288,10.326000213623,18788776,8.21694469451904
"2021-05-07",10.3940000534058,10.4020004272461,10.1899995803833,10.3199996948242,11646465,8.2121696472168
"2021-05-10",10.4300003051758,10.46399974823,10.3520002365112,10.4079999923706,13104212,8.28219890594482
"2021-05-11",10.3299999237061,10.3640003204346,10.1859998703003,10.246000289917,19898882,8.15328598022461
"2021-05-12",10.25,10.4940004348755,10.173999786377,10.4580001831055,22632917,8.32198619842529
"2021-05-13",10.3400001525879,10.3479995727539,10.1140003204346,10.3039999008179,17709060,8.19944000244141
"2021-05-14",10.3000001907349,10.4580001831055,10.253999710083,10.4300003051758,16722212,8.29970550537109
"2021-05-17",10.4359998703003,10.4879999160767,10.3179998397827,10.46399974823,12647190,8.32676124572754
"2021-05-18",10.5,10.6239995956421,10.4340000152588,10.4340000152588,19456030,8.30288696289062
"2021-05-19",10.3240003585815,10.4119997024536,10.0600004196167,10.1960000991821,23222206,8.11349582672119
"2021-05-20",10.1920003890991,10.2200002670288,10.0319995880127,10.1800003051758,14357519,8.1007661819458
"2021-05-21",10.1579999923706,10.3039999008179,10.1280002593994,10.2840003967285,17574246,8.18352603912354
"2021-05-24",10.0900001525879,10.1780004501343,9.9709997177124,10.1099996566772,19922194,8.2372989654541
"2021-05-25",10.1560001373291,10.1560001373291,9.97700023651123,9.98499965667725,13875392,8.13545417785645
"2021-05-26",10.0080003738403,10.076000213623,9.96399974822998,10.0299997329712,10976163,8.172119140625
"2021-05-27",9.98999977111816,10.1120004653931,9.98200035095215,10.1000003814697,14832695,8.22915077209473
"2021-05-28",10.1479997634888,10.1540002822876,10.0380001068115,10.0939998626709,9568551,8.22426319122314
"2021-05-31",10.0900001525879,10.1059999465942,10.0419998168945,10.0559997558594,7485292,8.1933012008667
"2021-06-01",10.1140003204346,10.3240003585815,10.1040000915527,10.293999671936,18378374,8.38721466064453
"2021-06-02",10.326000213623,10.4680004119873,10.2980003356934,10.3699998855591,13321467,8.44913864135742
"2021-06-03",10.3900003433228,10.4799995422363,10.3079996109009,10.4399995803833,13544248,8.50617218017578
"2021-06-04",10.4440002441406,10.5260000228882,10.3680000305176,10.3800001144409,13688725,8.45728588104248
"2021-06-07",10.3999996185303,10.4540004730225,10.3020000457764,10.4540004730225,13482548,8.51757717132568
"2021-06-08",10.4020004272461,10.5059995651245,10.3120002746582,10.496000289917,13976631,8.55179977416992
"2021-06-09",10.5120000839233,10.5120000839233,10.3620004653931,10.4440002441406,12971988,8.50943279266357
"2021-06-10",10.4200000762939,10.5860004425049,10.3559999465942,10.5139999389648,15826289,8.56646537780762
"2021-06-11",10.5299997329712,10.6000003814697,10.5059995651245,10.5819997787476,10727146,8.62187004089355
"2021-06-14",10.6000003814697,10.7959995269775,10.6000003814697,10.7279996871948,20680214,8.74082469940186
"2021-06-15",10.7720003128052,10.7760000228882,10.6160001754761,10.7340002059937,13823570,8.74571323394775
"2021-06-16",10.7720003128052,10.8339996337891,10.6879997253418,10.7419996261597,11866253,8.75223159790039
"2021-06-17",10.6840000152588,10.7840003967285,10.6280002593994,10.6300001144409,20237446,8.66097736358643
"2021-06-18",10.5860004425049,10.6300001144409,10.2639999389648,10.3140001296997,31184874,8.40351104736328
"2021-06-21",10.2200002670288,10.4940004348755,10.1199998855591,10.4180002212524,11519148,8.48824691772461
"2021-06-22",10.4799995422363,10.4919996261597,10.3339996337891,10.4139995574951,8536850,8.48498916625977
"2021-06-23",10.460000038147,10.5699996948242,10.4079999923706,10.4219999313354,14691086,8.49150657653809
"2021-06-24",10.4440002441406,10.5659999847412,10.4040002822876,10.539999961853,9755148,8.58764839172363
"2021-06-25",10.539999961853,10.5900001525879,10.5100002288818,10.5559997558594,8157008,8.60068416595459
"2021-06-28",10.5319995880127,10.5880002975464,10.3120002746582,10.3420000076294,13006782,8.42632484436035
"2021-06-29",10.3039999008179,10.4060001373291,10.2679996490479,10.3380002975464,7923219,8.42306613922119
"2021-06-30",10.3339996337891,10.3900003433228,10.1960000991821,10.2700004577637,11809482,8.36766242980957
"2021-07-01",10.2700004577637,10.5279998779297,10.2700004577637,10.460000038147,13628215,8.52246856689453
"2021-07-02",10.4739999771118,10.503999710083,10.3640003204346,10.3979997634888,7617134,8.47195148468018
"2021-07-05",10.4379997253418,10.5179996490479,10.3360004425049,10.456000328064,6872988,8.51920890808105
"2021-07-06",10.4899997711182,10.5659999847412,10.2360000610352,10.2700004577637,15554701,8.36766242980957
"2021-07-07",10.3059997558594,10.4160003662109,10.1020002365112,10.1700000762939,16505770,8.2861852645874
"2021-07-08",10.1160001754761,10.1639995574951,9.85999965667725,9.96300029754639,24876488,8.11752891540527
"2021-07-09",9.97000026702881,10.0959997177124,9.92099952697754,10.0799999237061,12625107,8.21285533905029
"2021-07-12",10.0839996337891,10.1440000534058,9.95600032806396,10.0939998626709,8455597,8.22426319122314
"2021-07-13",10.1140003204346,10.1300001144409,9.96500015258789,10.003999710083,9359486,8.15093421936035
"2021-07-14",9.98999977111816,10.1560001373291,9.98400020599365,10.0240001678467,9436703,8.16723155975342
"2021-07-15",9.92000007629395,9.94299983978271,9.82199954986572,9.90999984741211,16002442,8.07434558868408
"2021-07-16",9.85499954223633,9.99699974060059,9.73299980163574,9.83199977874756,14896004,8.01079273223877
"2021-07-19",9.68000030517578,9.71000003814697,9.40100002288818,9.45400047302246,25531548,7.70281267166138
"2021-07-20",9.49300003051758,9.59000015258789,9.33100032806396,9.50300025939941,16657712,7.74273490905762
"2021-07-21",9.5290002822876,9.78999996185303,9.46000003814697,9.75,17552908,7.94398260116577
"2021-07-22",9.7519998550415,9.83500003814697,9.625,9.64400005340576,13741983,7.85761785507202
"2021-07-23",9.70300006866455,9.77000045776367,9.64999961853027,9.66899967193604,10031178,7.87798738479614
"2021-07-26",9.64700031280518,9.87600040435791,9.59000015258789,9.86600017547607,15009244,8.03849601745605
"2021-07-27",9.82299995422363,9.87899971008301,9.73799991607666,9.80799961090088,11342853,7.99123811721802
"2021-07-28",9.82699966430664,9.94499969482422,9.79300022125244,9.91699981689453,11211306,8.08004856109619
"2021-07-29",9.96000003814697,10.0959997177124,9.9399995803833,10.0139999389648,15200567,8.15908050537109
"2021-07-30",10.1099996566772,10.28600025177,9.9980001449585,10.0240001678467,19594569,8.16723155975342
"2021-08-02",10.1199998855591,10.1379995346069,9.95199966430664,9.97200012207031,16548939,8.12486267089844
"2021-08-03",10.0100002288818,10.2200002670288,9.98900032043457,10.1359996795654,19202622,8.25848197937012
"2021-08-04",10.1639995574951,10.2019996643066,10.0340003967285,10.1199998855591,10920089,8.24544715881348
"2021-08-05",10.0299997329712,10.2279996871948,10.0240001678467,10.1999998092651,11456540,8.31062889099121
"2021-08-06",10.2019996643066,10.3299999237061,10.1479997634888,10.3020000457764,13104562,8.3937349319458
"2021-08-09",10.2799997329712,10.289999961853,10.1899995803833,10.2840003967285,11843515,8.37907028198242
"2021-08-10",10.3100004196167,10.3640003204346,10.2600002288818,10.3500003814697,9528788,8.43284320831299
"2021-08-11",10.3599996566772,10.4219999313354,10.3479995727539,10.4160003662109,11903269,8.48661804199219
"2021-08-12",10.4200000762939,10.5459995269775,10.4119997024536,10.4779996871948,12737711,8.53713226318359
"2021-08-13",10.4700002670288,10.5520000457764,10.4259996414185,10.5179996490479,10840315,8.56972503662109
"2021-08-16",10.4479999542236,10.4479999542236,10.2799997329712,10.3719997406006,16245087,8.45076751708984
"2021-08-17",10.3020000457764,10.4460000991821,10.2279996871948,10.3760004043579,13313278,8.45402717590332
"2021-08-18",10.3760004043579,10.3839998245239,10.2980003356934,10.3660001754761,10632416,8.44587993621826
"2021-08-19",10.1800003051758,10.1979999542236,10.0459995269775,10.076000213623,31091654,8.20959663391113
"2021-08-20",10.0900001525879,10.1160001754761,9.98400020599365,10.0620002746582,14148256,8.19819068908691
"2021-08-23",10.1319999694824,10.2340002059937,10.0920000076294,10.2340002059937,15205357,8.33833026885986
"2021-08-24",10.2880001068115,10.3579998016357,10.2480001449585,10.3179998397827,13473152,8.40676879882812
"2021-08-25",10.3039999008179,10.3400001525879,10.2740001678467,10.3299999237061,8469631,8.41654777526855
"2021-08-26",10.289999961853,10.3680000305176,10.2519998550415,10.3059997558594,10300966,8.39699363708496
"2021-08-27",10.3380002975464,10.4499998092651,10.3179998397827,10.4280004501343,14166843,8.49639511108398
"2021-08-30",10.4479999542236,10.4919996261597,10.4099998474121,10.4320001602173,8640464,8.49965476989746
"2021-08-31",10.4499998092651,10.4720001220703,10.3800001144409,10.4540004730225,18640305,8.51757717132568
"2021-09-01",10.4919996261597,10.6160001754761,10.4799995422363,10.496000289917,19475031,8.55179977416992
"2021-09-02",10.53600025177,10.6800003051758,10.5019998550415,10.6319999694824,17048493,8.66260719299316
"2021-09-03",10.6300001144409,10.6599998474121,10.5120000839233,10.5299997329712,14713759,8.57950115203857
"2021-09-06",10.5719995498657,10.6780004501343,10.539999961853,10.5860004425049,10952359,8.62512969970703
"2021-09-07",10.6020002365112,10.6639995574951,10.5500001907349,10.5819997787476,11697761,8.62187004089355
"2021-09-08",10.5699996948242,10.6940002441406,10.4619998931885,10.5900001525879,18936416,8.62838935852051
"2021-09-09",10.5799999237061,10.6540002822876,10.5279998779297,10.5860004425049,13919894,8.62512969970703
"2021-09-10",10.6199998855591,10.6520004272461,10.5319995880127,10.543999671936,12568028,8.59090709686279
"2021-09-13",10.6079998016357,10.8479995727539,10.6020002365112,10.8059997558594,28029686,8.80437660217285
"2021-09-14",10.8240003585815,11.0080003738403,10.8240003585815,10.9040002822876,21974204,8.88422393798828
"2021-09-15",10.9399995803833,11.0679998397827,10.9259996414185,10.9899997711182,20646537,8.9542932510376
"2021-09-16",11.0319995880127,11.1979999542236,11.003999710083,11.0240001678467,30759090,8.9819974899292
"2021-09-17",11.1099996566772,11.1639995574951,10.923999786377,10.9420003890991,36040734,8.91518592834473
"2021-09-20",10.5500001907349,10.5839996337891,10.3299999237061,10.4139995574951,26213320,8.83207225799561
"2021-09-21",10.4580001831055,10.7080001831055,10.4519996643066,10.6059999465942,19744092,8.99490737915039
"2021-09-22",10.7379999160767,10.9280004501343,10.6999998092651,10.8859996795654,22755868,9.23237323760986
"2021-09-23",10.9799995422363,10.9980001449585,10.8319997787476,10.9020004272461,15922933,9.24594402313232
"2021-09-24",10.9200000762939,10.9779996871948,10.8599996566772,10.9320001602173,12280924,9.27138519287109
"2021-09-27",11,11.2080001831055,10.9919996261597,11.1859998703003,22930665,9.48680210113525
"2021-09-28",11.2819995880127,11.4379997253418,11.2600002288818,11.2639999389648,28629086,9.55295467376709
"2021-09-29",11.2600002288818,11.4040002822876,11.1499996185303,11.3879995346069,17341462,9.65811824798584
"2021-09-30",11.4119997024536,11.5780000686646,11.4020004272461,11.5459995269775,27298469,9.79211616516113
"2021-10-01",11.4160003662109,11.543999671936,11.3020000457764,11.4820003509521,19563954,9.7378396987915
"2021-10-04",11.4919996261597,11.7580003738403,11.4619998931885,11.6420001983643,25481124,9.87353420257568
"2021-10-05",11.6999998092651,11.9139995574951,11.6319999694824,11.8479995727539,28265202,10.0482406616211
"2021-10-06",11.8479995727539,11.8479995727539,11.5959997177124,11.6660003662109,22966517,9.89388847351074
"2021-10-07",11.75,11.7980003356934,11.3859996795654,11.5880002975464,25591317,9.82773590087891
"2021-10-08",11.6960000991821,11.8999996185303,11.6520004272461,11.8579998016357,25139901,10.0567226409912
"2021-10-11",11.9399995803833,12.0719995498657,11.8459997177124,12.0059995651245,22362197,10.182240486145
"2021-10-12",11.8999996185303,12.0120000839233,11.8280000686646,11.9739999771118,16097752,10.1551027297974
"2021-10-13",11.9739999771118,11.9919996261597,11.6899995803833,11.8219995498657,19824484,10.0261907577515
"2021-10-14",11.9440002441406,12.0459995269775,11.9320001602173,11.9799995422363,19042947,10.1601886749268
"2021-10-15",12.0780000686646,12.2259998321533,12.0600004196167,12.2080001831055,21210629,10.3535575866699
"2021-10-18",12.2159996032715,12.3039999008179,12.1859998703003,12.2360000610352,17152230,10.3773031234741
"2021-10-19",12.2580003738403,12.293999671936,12.1560001373291,12.1719999313354,16104721,10.3230257034302
"2021-10-20",12.1700000762939,12.3500003814697,12.1560001373291,12.3179998397827,13570949,10.4468460083008
"2021-10-21",12.2679996490479,12.3179998397827,12.1099996566772,12.1339998245239,15135627,10.2907972335815
"2021-10-22",12.1379995346069,12.2180004119873,12.0520000457764,12.0780000686646,13108483,10.2433052062988
"2021-10-25",12.1660003662109,12.3360004425049,12.1120004653931,12.2779998779297,14628741,10.4129238128662
"2021-10-26",12.289999961853,12.5,12.1459999084473,12.3579998016357,19923852,10.4807710647583
"2021-10-27",12.3380002975464,12.4420003890991,12.1920003890991,12.2679996490479,19233474,10.4044427871704
"2021-10-28",12.173999786377,12.2239999771118,12.0200004577637,12.1639995574951,16985428,10.3162403106689
"2021-10-29",12.1940002441406,12.4840002059937,12.1800003051758,12.4040002822876,26402029,10.5197830200195
"2021-11-01",12.4779996871948,12.7959995269775,12.4499998092651,12.746000289917,24242601,10.8098335266113
"2021-11-02",12.746000289917,12.8319997787476,12.4519996643066,12.539999961853,21518514,10.6351251602173
"2021-11-03",12.4899997711182,12.496000289917,12.2919998168945,12.3800001144409,16475518,10.4994287490845
"2021-11-04",12.4119997024536,12.6400003433228,12.4119997024536,12.5600004196167,16348057,10.6520862579346
"2021-11-05",12.4540004730225,12.7399997711182,12.4540004730225,12.6719999313354,14126171,10.7470731735229
"2021-11-08",12.7200002670288,12.8339996337891,12.6160001754761,12.6820001602173,13584199,10.7555541992188
"2021-11-09",12.6459999084473,12.753999710083,12.5679998397827,12.6199998855591,10066288,10.7029714584351
"2021-11-10",12.673999786377,12.826000213623,12.6599998474121,12.6639995574951,16042075,10.7402868270874
"2021-11-11",12.6000003814697,12.6979999542236,12.53600025177,12.6459999084473,10370345,10.725022315979
"2021-11-12",12.6000003814697,12.6199998855591,12.4460000991821,12.5120000839233,13719125,10.6113777160645
"2021-11-15",12.4399995803833,12.5860004425049,12.4119997024536,12.5459995269775,10901389,10.640212059021
"2021-11-16",12.6020002365112,12.6979999542236,12.5600004196167,12.5979995727539,12105355,10.6843137741089
"2021-11-17",12.5740003585815,12.6660003662109,12.5419998168945,12.5920000076294,10063683,10.6792259216309
"2021-11-18",12.4499998092651,12.4879999160767,12.3100004196167,12.4300003051758,18750020,10.5418348312378
"2021-11-19",12.6199998855591,12.7620000839233,12.1359996795654,12.1680002212524,27790201,10.319634437561
"2021-11-22",12.1999998092651,12.3599996566772,12.0719995498657,12.3280000686646,16066193,10.4553289413452
"2021-11-23",12.2080001831055,12.4720001220703,12.1520004272461,12.3800001144409,14566945,10.4994287490845
"2021-11-24",12.4499998092651,12.5520000457764,12.2580003738403,12.3699998855591,14142661,10.4909477233887
"2021-11-25",12.3900003433228,12.3979997634888,12.2440004348755,12.2959995269775,10793759,10.4281883239746
"2021-11-26",11.8000001907349,11.8280000686646,11.4919996261597,11.5299997329712,36240991,9.7785472869873
"2021-11-29",11.78600025177,12.0159997940063,11.6680002212524,11.8000001907349,22433835,10.0075349807739
"2021-11-30",11.5459995269775,11.6999998092651,11.4479999542236,11.6420001983643,26761672,9.87353420257568
"2021-12-01",11.8299999237061,12.0600004196167,11.7659997940063,11.9040002822876,17637484,10.0957355499268
"2021-12-02",11.789999961853,11.9860000610352,11.706000328064,11.9399995803833,18137069,10.1262655258179
"2021-12-03",12.0900001525879,12.21399974823,12.0080003738403,12.0100002288818,18439109,10.1856355667114
"2021-12-06",12.1199998855591,12.3599996566772,12.1199998855591,12.2919998168945,13925642,10.4247970581055
"2021-12-07",12.4300003051758,12.6160001754761,12.4020004272461,12.5679998397827,15369236,10.6588706970215
"2021-12-08",12.4799995422363,12.5500001907349,12.3599996566772,12.3900003433228,11415930,10.5079107284546
"2021-12-09",12.4099998474121,12.4219999313354,12.1680002212524,12.2659997940063,12442861,10.4027462005615
"2021-12-10",12.1840000152588,12.3660001754761,12.1759996414185,12.206000328064,8227832,10.351861000061
"2021-12-13",12.2600002288818,12.2779998779297,11.9779996871948,12.0200004577637,12390937,10.1941146850586
"2021-12-14",12.043999671936,12.1859998703003,12,12.1479997634888,11456932,10.3026714324951
"2021-12-15",12.076000213623,12.1199998855591,11.9139995574951,12,14308412,10.1771535873413
"2021-12-16",12.1579999923706,12.2659997940063,12.0600004196167,12.1979999542236,17590204,10.3450756072998
"2021-12-17",12.1040000915527,12.1759996414185,11.9219999313354,12.0520000457764,19831352,10.2212533950806
"2021-12-20",11.6999998092651,11.8339996337891,11.5220003128052,11.8339996337891,16531786,10.0363683700562
"2021-12-21",11.9899997711182,12.1979999542236,11.9180002212524,12.1800003051758,11864621,10.3298110961914
"2021-12-22",12.1820001602173,12.1960000991821,11.9919996261597,12.173999786377,9485605,10.3247203826904
"2021-12-23",12.1940002441406,12.3380002975464,12.1560001373291,12.2399997711182,9547017,10.3806953430176
"2021-12-27",12.1199998855591,12.3100004196167,12.1000003814697,12.293999671936,6158602,10.4264917373657
"2021-12-28",12.3039999008179,12.4700002670288,12.3020000457764,12.4040002822876,9148633,10.5197830200195
"2021-12-29",12.3999996185303,12.4759998321533,12.2239999771118,12.2799997329712,9731333,10.4146184921265
"2021-12-30",12.2600002288818,12.3000001907349,12.1899995803833,12.2200002670288,8216497,10.363733291626
"2022-01-03",12.3000001907349,12.4779996871948,12.2740001678467,12.4079999923706,9327410,10.5231742858887
"2022-01-04",12.4540004730225,12.7080001831055,12.4359998703003,12.6099996566772,15884351,10.6944904327393
"2022-01-05",12.6300001144409,12.7779998779297,12.5679998397827,12.7559995651245,16047955,10.8183135986328
"2022-01-06",12.6140003204346,12.793999671936,12.5500001907349,12.6499996185303,15643210,10.7284145355225
"2022-01-07",12.6899995803833,12.8000001907349,12.6520004272461,12.789999961853,12857361,10.8471479415894
"2022-01-10",12.8000001907349,12.8819999694824,12.6280002593994,12.6840000152588,13906778,10.7572507858276
"2022-01-11",12.7259998321533,12.8199996948242,12.6219997406006,12.8100004196167,10082884,10.8641109466553
"2022-01-12",12.8959999084473,13.0860004425049,12.8920001983643,13.0520000457764,22009160,11.0693502426147
"2022-01-13",13.0019998550415,13.0539999008179,12.9460000991821,13.0240001678467,13225765,11.0456047058105
"2022-01-14",12.996000289917,13.1840000152588,12.9720001220703,13.1599998474121,15720891,11.1609449386597
"2022-01-17",13.210000038147,13.2700004577637,13.1040000915527,13.2119998931885,12338054,11.2050457000732
"2022-01-18",13.2840003967285,13.3339996337891,13.1579999923706,13.2700004577637,18979901,11.2542362213135
"2022-01-19",13.3000001907349,13.4739999771118,13.2379999160767,13.4200000762939,19794212,11.3814496994019
"2022-01-20",13.3699998855591,13.4040002822876,13.2200002670288,13.289999961853,19821766,11.2711963653564
"2022-01-21",13.1400003433228,13.206000328064,12.9659996032715,13.1059999465942,17881760,11.1151466369629
"2022-01-24",13.1140003204346,13.1700000762939,12.5780000686646,12.6859998703003,20679442,10.7589454650879
"2022-01-25",12.8319997787476,13.1420001983643,12.6700000762939,13.0939998626709,18607939,11.1049690246582
"2022-01-26",13.21399974823,13.4879999160767,13.1999998092651,13.4840002059937,24678628,11.4357271194458
"2022-01-27",13.3000001907349,13.8400001525879,13.2799997329712,13.8120002746582,25616509,11.7139024734497
"2022-01-28",13.8000001907349,13.8020000457764,13.3999996185303,13.5740003585815,19845858,11.5120553970337
"2022-01-31",13.5900001525879,13.6400003433228,13.2340002059937,13.3079996109009,20919460,11.2864627838135
"2022-02-01",13.3240003585815,13.456000328064,13.1800003051758,13.456000328064,16676711,11.4119806289673
"2022-02-02",13.3819999694824,13.4980001449585,13.3299999237061,13.3559999465942,13493904,11.3271703720093
"2022-02-03",13.3559999465942,13.4200000762939,13.2040004730225,13.2880001068115,13518177,11.2694997787476
"2022-02-04",13.3839998245239,13.5620002746582,13.3459997177124,13.4799995422363,17295995,11.4323358535767
"2022-02-07",13.3800001144409,13.4180002212524,13.0920000076294,13.1859998703003,16200649,11.182993888855
"2022-02-08",13.1199998855591,13.3179998397827,12.9700002670288,13.03600025177,12746726,11.0557804107666
"2022-02-09",13.0659999847412,13.3299999237061,12.9779996871948,13.2519998550415,12584136,11.2389698028564
"2022-02-10",13.1520004272461,13.3660001754761,13.1520004272461,13.2980003356934,10720904,11.2779817581177
"2022-02-11",13.1800003051758,13.5559997558594,13.1420001983643,13.5279998779297,14123872,11.4730434417725
"2022-02-14",13.5,13.5920000076294,13.1999998092651,13.3240003585815,20387459,11.3000316619873
"2022-02-15",13.2819995880127,13.4320001602173,13.0740003585815,13.1719999313354,15663413,11.17112159729
"2022-02-16",13.1700000762939,13.3780002593994,13.0860004425049,13.3079996109009,13926631,11.2864627838135
"2022-02-17",13.2019996643066,13.3800001144409,13.1319999694824,13.3339996337891,14169615,11.3085126876831
"2022-02-18",13.5200004577637,13.6000003814697,13.3780002593994,13.4700002670288,19761436,11.4238529205322
"2022-02-21",13.4919996261597,13.53600025177,13.1040000915527,13.3140001296997,15944636,11.2915506362915
"2022-02-22",13.0620002746582,13.5480003356934,13.0620002746582,13.4919996261597,18850071,11.442512512207
"2022-02-23",13.4499998092651,13.6180000305176,13.3540000915527,13.4259996414185,14234323,11.3865365982056
"2022-02-24",13.25,13.7180004119873,13.0659999847412,13.3620004653931,35581182,11.3322601318359
"2022-02-25",13.4219999313354,13.8299999237061,13.3940000534058,13.7799997329712,28060530,11.6867637634277
"2022-02-28",13.6700000762939,13.9060001373291,13.3579998016357,13.8319997787476,27714174,11.730863571167
"2022-03-01",13.9200000762939,14.3979997634888,13.8839998245239,14.2519998550415,34839560,12.087064743042
"2022-03-02",14.4020004272461,14.5719995498657,14.1999998092651,14.5299997329712,29727128,12.3228349685669
"2022-03-03",14.6000003814697,14.8520002365112,13.8039999008179,13.8660001754761,27291045,11.7596998214722
"2022-03-04",13.746000289917,13.7819995880127,12.8100004196167,12.8540000915527,32874311,10.9014272689819
"2022-03-07",12.7819995880127,13.6680002212524,12.3100004196167,13.4060001373291,35013621,11.3695764541626
"2022-03-08",13.2919998168945,13.7700004577637,13.2740001678467,13.6700000762939,24350724,11.5934724807739
"2022-03-09",13.75,13.8999996185303,13.3079996109009,13.6020002365112,23835591,11.5358018875122
"2022-03-10",13.4980001449585,13.6079998016357,13.0600004196167,13.1040000915527,21272480,11.1134519577026
"2022-03-11",13.1140003204346,13.4799995422363,13.0340003967285,13.03600025177,15443864,11.0557804107666
"2022-03-14",13.0340003967285,13.1180000305176,12.8219995498657,12.9779996871948,14375697,11.0065898895264
"2022-03-15",12.7740001678467,12.923999786377,12.539999961853,12.923999786377,19719778,10.9607934951782
"2022-03-16",13.039999961853,13.1239995956421,12.6879997253418,12.7700004577637,20561605,10.8301868438721
"2022-03-17",12.7299995422363,13.173999786377,12.673999786377,13.1099996566772,23535647,11.118537902832
"2022-03-18",13.1899995803833,13.1999998092651,12.5319995880127,12.7279996871948,29960266,10.79456615448
"2022-03-21",12.7700004577637,13.2379999160767,12.6560001373291,13.0939998626709,18673723,11.1049690246582
"2022-03-22",13.1899995803833,13.4340000152588,13.0860004425049,13.1040000915527,15058029,11.1134519577026
"2022-03-23",13.0279998779297,13.3979997634888,13.0059995651245,13.2220001220703,15153328,11.2135257720947
"2022-03-24",13.2819995880127,13.4860000610352,13.1940002441406,13.3140001296997,11395491,11.2915506362915
"2022-03-25",13.25,13.543999671936,13.0880002975464,13.46399974823,11646774,11.4187650680542
"2022-03-28",13.3800001144409,13.7259998321533,13.246000289917,13.2720003128052,13570473,11.255931854248
"2022-03-29",13.3459997177124,13.5579996109009,12.9219999313354,13.0959997177124,17382862,11.1066656112671
"2022-03-30",13.1960000991821,13.3819999694824,13.1579999923706,13.3819999694824,12866099,11.3492221832275
"2022-03-31",13.2799997329712,13.4659996032715,13.2080001831055,13.293999671936,10324704,11.2745885848999
"2022-04-01",13.2200002670288,13.4580001831055,13.1540002822876,13.4139995574951,9768288,11.3763608932495
"2022-04-04",13.3760004043579,13.5059995651245,13.3319997787476,13.4420003890991,8561573,11.400107383728
"2022-04-05",13.5019998550415,13.5659999847412,13.3179998397827,13.5080003738403,8963221,11.4560832977295
"2022-04-06",13.423999786377,13.5819997787476,13.3100004196167,13.3879995346069,11734380,11.3543090820312
"2022-04-07",13.3579998016357,13.5179996490479,13.1960000991821,13.2620000839233,10932585,11.2474489212036
"2022-04-08",13.423999786377,13.8179998397827,13.423999786377,13.8179998397827,15918230,11.7189903259277
"2022-04-11",13.7779998779297,14.0839996337891,13.7279996871948,13.7959995269775,10182489,11.7003316879272
"2022-04-12",13.793999671936,13.9499998092651,13.706000328064,13.8660001754761,9330978,11.7596998214722
"2022-04-13",13.8660001754761,14.2799997329712,13.8660001754761,14.173999786377,15748581,12.0209131240845
"2022-04-14",14.1579999923706,14.2679996490479,14.003999710083,14.1999998092651,12333670,12.0429630279541
"2022-04-19",14.210000038147,14.4300003051758,14.1379995346069,14.1499996185303,11319929,12.0005588531494
"2022-04-20",14.253999710083,14.2779998779297,14.0659999847412,14.2279996871948,10261390,12.0667095184326
"2022-04-21",14.293999671936,14.2980003356934,14,14,11387400,11.873345375061
"2022-04-22",13.7299995422363,13.7700004577637,13.46399974823,13.5799999237061,15981425,11.517144203186
"2022-04-25",13.3020000457764,13.3299999237061,12.9300003051758,12.9300003051758,19172922,10.9658823013306
"2022-04-26",13.1840000152588,13.2239999771118,12.7799997329712,12.9580001831055,14584407,10.9896297454834
"2022-04-27",12.96399974823,13.0200004577637,12.8059997558594,12.9300003051758,10301442,10.9658823013306
"2022-04-28",13.0080003738403,13.3100004196167,12.9619998931885,13.1579999923706,9925222,11.1592464447021
"2022-04-29",13.4499998092651,13.46399974823,13.1700000762939,13.3900003433228,12047757,11.3560066223145
"2022-05-02",13.2779998779297,13.4879999160767,13.1099996566772,13.1999998092651,10101913,11.1948671340942
"2022-05-03",13.3059997558594,13.5500001907349,13.0659999847412,13.5279998779297,11352948,11.4730434417725
"2022-05-04",13.5240001678467,13.7320003509521,13.5240001678467,13.6000003814697,10937079,11.5341081619263
"2022-05-05",13.7399997711182,13.793999671936,13.4280004501343,13.5100002288818,9047418,11.4577789306641
"2022-05-06",13.5500001907349,13.8400001525879,13.5139999389648,13.6040000915527,11964854,11.5374984741211
"2022-05-09",13.6379995346069,13.7360000610352,13.0260000228882,13.0780000686646,12271233,11.0914001464844
"2022-05-10",13.1599998474121,13.4180002212524,13.0459995269775,13.2580003738403,11465475,11.2440576553345
"2022-05-11",13.3000001907349,13.6199998855591,13.2119998931885,13.6199998855591,10849388,11.5510683059692
"2022-05-12",13.3780002593994,13.5299997329712,13.2700004577637,13.3559999465942,10580131,11.3271703720093
"2022-05-13",13.5299997329712,13.6400003433228,13.3439998626709,13.6400003433228,9604893,11.5680303573608
"2022-05-16",13.5860004425049,13.8859996795654,13.5640001296997,13.826000213623,9820136,11.7257766723633
"2022-05-17",13.9499998092651,14.1680002212524,13.8920001983643,13.9320001602173,12180448,11.815673828125
"2022-05-18",13.8120002746582,14.1440000534058,13.8100004196167,13.8319997787476,11314162,11.730863571167
"2022-05-19",13.7880001068115,13.9499998092651,13.6239995956421,13.78600025177,15046537,11.6918525695801
"2022-05-20",13.9280004501343,14.1199998855591,13.8199996948242,13.8900003433228,17198097,11.7800531387329
"2022-05-23",13.6239995956421,13.8219995498657,13.6120004653931,13.71399974823,13271908,12.0023527145386
"2022-05-24",13.6199998855591,13.6859998703003,13.5019998550415,13.6099996566772,9516370,11.9113321304321
"2022-05-25",13.7399997711182,14.1199998855591,13.7239999771118,14.1199998855591,17831449,12.3576793670654
"2022-05-26",14.1199998855591,14.246000289917,14.0539999008179,14.246000289917,10961160,12.4679546356201
"2022-05-27",14.2600002288818,14.3360004425049,14.0780000686646,14.1920003890991,11271087,12.420693397522
"2022-05-30",14.25,14.2740001678467,14.0260000228882,14.1999998092651,8656883,12.427695274353
"2022-05-31",14.3000001907349,14.4779996871948,14.1979999542236,14.1979999542236,20843817,12.4259443283081
"2022-06-01",14.1979999542236,14.3179998397827,14.0500001907349,14.0979995727539,12269529,12.3384246826172
"2022-06-02",14.1499996185303,14.1499996185303,13.9659996032715,14.0719995498657,7555112,12.3156690597534
"2022-06-03",14.1300001144409,14.2580003738403,14.0539999008179,14.2580003738403,8852539,12.4784555435181
"2022-06-06",14.326000213623,14.5979995727539,14.3039999008179,14.4320001602173,13025445,12.6307392120361
"2022-06-07",14.4280004501343,14.5080003738403,14.2840003967285,14.4280004501343,11093002,12.6272373199463
"2022-06-08",14.5299997329712,14.5559997558594,14.3020000457764,14.3920001983643,9910104,12.5957307815552
"2022-06-09",14.3800001144409,14.4499998092651,14.0260000228882,14.0260000228882,14315519,12.2754125595093
"2022-06-10",14.0179996490479,14.0200004577637,13.2399997711182,13.2399997711182,22774413,11.5875129699707
"2022-06-13",13.0620002746582,13.1379995346069,12.7919998168945,12.9779996871948,16703779,11.3582124710083
"2022-06-14",13.1400003433228,13.3520002365112,12.7620000839233,13.1700000762939,12124965,11.5262489318848
"2022-06-15",13.2959995269775,13.3920001983643,12.9359998703003,13.253999710083,14258080,11.5997657775879
"2022-06-16",13.210000038147,13.3020000457764,12.4860000610352,12.6059999465942,25435857,11.032642364502
"2022-06-17",12.5740003585815,12.7220001220703,12.0059995651245,12.0100002288818,27990234,10.5110292434692
"2022-06-20",12.0900001525879,12.2700004577637,12.0319995880127,12.043999671936,11731385,10.5407857894897
"2022-06-21",12.1540002822876,12.2360000610352,12.0080003738403,12.0799999237061,10985501,10.5722923278809
"2022-06-22",11.7659997940063,11.8140001296997,11.5620002746582,11.6599998474121,17707302,10.2047128677368
"2022-06-23",11.5100002288818,11.8420000076294,11.3380002975464,11.4300003051758,15465466,10.0034189224243
"2022-06-24",11.2799997329712,11.7080001831055,11.210000038147,11.6660003662109,14695680,10.2099637985229
"2022-06-27",11.5880002975464,11.753999710083,11.4060001373291,11.4300003051758,16186512,10.0034189224243
"2022-06-28",11.5159997940063,11.7200002670288,11.4919996261597,11.5,11782048,10.0646820068359
"2022-06-29",11.456000328064,11.9399995803833,11.4300003051758,11.6020002365112,14245962,10.1539516448975
"2022-06-30",11.5,11.5600004196167,11.2239999771118,11.3280000686646,13465225,9.91414928436279
"2022-07-01",11.3000001907349,11.4499998092651,11.1339998245239,11.2279996871948,10140782,9.82663059234619
"2022-07-04",11.4139995574951,11.6280002593994,11.4139995574951,11.4980001449585,11895933,10.062931060791
"2022-07-05",11.5120000839233,11.5240001678467,10.753999710083,10.8319997787476,21932084,9.480055809021
"2022-07-06",10.9499998092651,11.0799999237061,10.6319999694824,10.7559995651245,16034945,9.41354084014893
"2022-07-07",10.8979997634888,11.1800003051758,10.8819999694824,11.0459995269775,17104234,9.66734600067139
"2022-07-08",11.0459995269775,11.3520002365112,10.9720001220703,11.2259998321533,12923833,9.82488059997559
"2022-07-11",11.1000003814697,11.3159999847412,11.0179996490479,11.1999998092651,10096639,9.8021240234375
"2022-07-12",11.1800003051758,11.3299999237061,11.0059995651245,11.1379995346069,10193478,9.74786281585693
"2022-07-13",11.1440000534058,11.253999710083,10.9460000991821,11.1160001754761,10229951,9.72861003875732
"2022-07-14",11.0200004577637,11.1560001373291,10.5,10.6440000534058,18198463,9.31552028656006
"2022-07-15",10.6540002822876,10.996000289917,10.5780000686646,10.8380002975464,14967921,9.48530578613281
"2022-07-18",10.8900003433228,11.1859998703003,10.8699998855591,11.0139999389648,10679802,9.6393404006958
"2022-07-19",10.9779996871948,11.3599996566772,10.956000328064,11.3039999008179,12975328,9.89314556121826
"2022-07-20",11.3999996185303,11.4099998474121,11.1000003814697,11.173999786377,9352632,9.77937030792236
"2022-07-21",10.960000038147,11.1479997634888,10.7399997711182,11,11031394,9.62708759307861
"2022-07-22",10.9980001449585,11.1420001983643,10.9259996414185,10.9700002670288,9676893,9.60083293914795
"2022-07-25",10.9200000762939,11.0880002975464,10.7980003356934,11.0620002746582,8858839,9.6813497543335
"2022-07-26",11.1420001983643,11.2279996871948,11.0139999389648,11.0200004577637,10479759,9.64459228515625
"2022-07-27",11.1300001144409,11.2880001068115,11.0679998397827,11.1999998092651,8704917,9.8021240234375
"2022-07-28",11.3299999237061,11.3540000915527,11.0279998779297,11.0920000076294,11750707,9.70760536193848
"2022-07-29",11.3159999847412,11.8439998626709,11.1840000152588,11.7159996032715,21159221,10.2537231445312
"2022-08-01",11.7299995422363,12.1180000305176,11.7019996643066,11.7019996643066,15527324,10.2414693832397
"2022-08-02",11.7200002670288,11.7760000228882,11.3819999694824,11.4440002441406,15408263,10.0156707763672
"2022-08-03",11.4899997711182,11.543999671936,11.3039999008179,11.3999996185303,14708791,9.97716331481934
"2022-08-04",11.3020000457764,11.5699996948242,11.2720003128052,11.3900003433228,13633577,9.96841049194336
"2022-08-05",11.3299999237061,11.5559997558594,11.2880001068115,11.456000328064,12122650,10.0261735916138
"2022-08-08",11.5679998397827,11.6579999923706,11.3719997406006,11.4460000991821,8746013,10.0174226760864
"2022-08-09",11.4700002670288,11.6040000915527,11.3640003204346,11.4919996261597,8793567,10.0576801300049
"2022-08-10",11.4820003509521,11.5600004196167,11.28600025177,11.423999786377,8666139,9.99816703796387
"2022-08-11",11.4899997711182,11.6199998855591,11.460000038147,11.5900001525879,8666810,10.1434478759766
"2022-08-12",11.6800003051758,11.7880001068115,11.576000213623,11.6300001144409,7423167,10.1784572601318
"2022-08-16",11.6079998016357,11.7200002670288,11.5120000839233,11.5780000686646,8205962,10.1329479217529
"2022-08-17",11.6000003814697,11.7440004348755,11.5699996948242,11.6920003890991,8577984,10.2327194213867
"2022-08-18",11.7379999160767,11.9340000152588,11.6960000991821,11.9340000152588,8843209,10.4445152282715
"2022-08-19",11.9020004272461,12.0059995651245,11.7220001220703,11.7700004577637,8503102,10.3009834289551
"2022-08-22",11.75,11.9619998931885,11.543999671936,11.960000038147,13277932,10.4672698974609
"2022-08-23",11.9700002670288,12.5459995269775,11.9700002670288,12.4079999923706,21000028,10.859354019165
"2022-08-24",12.4300003051758,12.4840002059937,12.2220001220703,12.253999710083,9321433,10.7245740890503
"2022-08-25",12.4440002441406,12.6479997634888,12.4139995574951,12.5059995651245,17108852,10.9451236724854
"2022-08-26",12.5299997329712,12.5799999237061,12.293999671936,12.3159999847412,9184902,10.7788372039795
"2022-08-29",12.2700004577637,12.5480003356934,12.1479997634888,12.5,9615152,10.9398717880249
"2022-08-30",12.5500001907349,12.6420001983643,12.2159996032715,12.2360000610352,15567537,10.7088212966919
"2022-08-31",12.246000289917,12.2600002288818,11.460000038147,11.8079996109009,32528907,10.3342409133911
"2022-09-01",11.710000038147,11.8059997558594,11.5659999847412,11.7259998321533,10128992,10.2624759674072
"2022-09-02",11.7159996032715,12.2019996643066,11.6520004272461,12.0860004425049,14710609,10.5775442123413
"2022-09-05",11.9779996871948,12.4320001602173,11.9099998474121,12.289999961853,12793436,10.75608253479
"2022-09-06",12.2580003738403,12.2819995880127,11.78600025177,11.9519996643066,17528169,10.4602689743042
"2022-09-07",11.789999961853,11.9700002670288,11.539999961853,11.6180000305176,17903241,10.1679544448853
"2022-09-08",11.6379995346069,11.7559995651245,11.4099998474121,11.5819997787476,16749834,10.1364469528198
"2022-09-09",11.6219997406006,11.8179998397827,11.5860004425049,11.6820001602173,10706661,10.2239675521851
"2022-09-12",11.7279996871948,12.0799999237061,11.7019996643066,11.9440002441406,12278934,10.4532661437988
"2022-09-13",11.996000289917,12.0319995880127,11.7279996871948,11.8360004425049,10071804,10.3587455749512
"2022-09-14",11.75,11.960000038147,11.6759996414185,11.8100004196167,12456610,10.3359909057617
"2022-09-15",11.8459997177124,11.8680000305176,11.503999710083,11.539999961853,20504166,10.0996894836426
"2022-09-16",11.460000038147,11.543999671936,11.3319997787476,11.4440002441406,20036691,10.0156707763672
"2022-09-19",11.25,11.3299999237061,11.043999671936,11.2239999771118,9760557,10.0156707763672
"2022-09-20",11.289999961853,11.3699998855591,11.1040000915527,11.1400003433228,9853051,9.94071483612061
"2022-09-21",11.1759996414185,11.539999961853,11.1560001373291,11.3400001525879,13084360,10.1191816329956
"2022-09-22",11.2019996643066,11.4499998092651,11.1619997024536,11.3400001525879,10548920,10.1191816329956
"2022-09-23",11.3059997558594,11.3059997558594,10.7040004730225,10.8020000457764,19560920,9.6391019821167
"2022-09-26",10.6300001144409,10.9060001373291,10.5,10.7340002059937,15665013,9.57842350006104
"2022-09-27",10.7600002288818,10.9460000991821,10.5459995269775,10.7519998550415,16118712,9.59448528289795
"2022-09-28",10.6759996414185,10.8940000534058,10.423999786377,10.78600025177,15935208,9.62482452392578
"2022-09-29",10.8540000915527,10.8940000534058,10.5799999237061,10.8020000457764,13014018,9.6391019821167
"2022-09-30",10.8719997406006,11.0819997787476,10.8400001525879,10.9099998474121,15778502,9.73547554016113
"2022-10-03",10.8999996185303,11.3400001525879,10.8979997634888,11.2419996261597,16567977,10.0317335128784
"2022-10-04",11.3999996185303,11.5959997177124,11.3599996566772,11.539999961853,16830922,10.2976531982422
"2022-10-05",11.5139999389648,11.7559995651245,11.3640003204346,11.7239999771118,16870222,10.4618453979492
"2022-10-06",11.7600002288818,11.8059997558594,11.5799999237061,11.7299995422363,14191151,10.4671974182129
"2022-10-07",11.71399974823,11.9200000762939,11.7119998931885,11.8400001525879,12580009,10.5653562545776
"2022-10-10",11.7620000839233,11.8760004043579,11.6719999313354,11.7819995880127,12403638,10.5136003494263
"2022-10-11",11.6199998855591,11.6239995956421,11.3800001144409,11.5699996948242,13234489,10.3244228363037
"2022-10-12",11.5500001907349,11.6219997406006,11.3240003585815,11.3959999084473,10685840,10.1691551208496
"2022-10-13",11.3299999237061,11.7519998550415,11.3299999237061,11.6879997253418,15036136,10.4297199249268
"2022-10-14",11.8079996109009,11.9820003509521,11.7040004730225,11.7819995880127,13814377,10.5136003494263
"2022-10-17",11.7679996490479,11.9399995803833,11.7220001220703,11.8640003204346,8890389,10.5867719650269
"2022-10-18",11.9399995803833,11.9779996871948,11.7200002670288,11.7299995422363,12822138,10.4671974182129
"2022-10-19",11.8059997558594,11.9219999313354,11.706000328064,11.8660001754761,9169579,10.5885572433472
"2022-10-20",11.9980001449585,12.1759996414185,11.960000038147,12.0939998626709,13917880,10.7920112609863
"2022-10-21",12.0019998550415,12.1079998016357,11.9139995574951,12.0579996109009,11861577,10.7598867416382
"2022-10-24",12.0500001907349,12.3959999084473,11.9700002670288,12.3540000915527,14993178,11.0240201950073
"2022-10-25",12.3800001144409,12.3999996185303,12.2440004348755,12.3219995498657,10103354,10.9954662322998
"2022-10-26",12.3000001907349,12.5860004425049,12.2419996261597,12.4840002059937,12013102,11.1400260925293
"2022-10-27",12.4840002059937,13.039999961853,12.4779996871948,12.9180002212524,21909520,11.5273027420044
"2022-10-28",12.9720001220703,13.3380002975464,12.7620000839233,13.1359996795654,20602778,11.7218341827393
"2022-10-31",13.0860004425049,13.3760004043579,12.8900003433228,13.253999710083,14115139,11.827130317688
"2022-11-01",13.423999786377,13.6899995803833,13.3900003433228,13.46399974823,15236311,12.0145225524902
"2022-11-02",13.5659999847412,13.706000328064,13.5139999389648,13.5299997329712,13623939,12.0734167098999
"2022-11-03",13.4700002670288,13.7379999160767,13.4119997024536,13.7200002670288,11897974,12.2429628372192
"2022-11-04",13.8120002746582,14.1000003814697,13.6879997253418,14.0100002288818,19346043,12.5017433166504
"2022-11-07",13.9499998092651,14.3100004196167,13.9160003662109,14.2679996490479,14741422,12.7319669723511
"2022-11-08",14.2200002670288,14.3179998397827,14.0839996337891,14.21399974823,13423745,12.6837797164917
"2022-11-09",14.1899995803833,14.2819995880127,13.9720001220703,14.0220003128052,15614767,12.512451171875
"2022-11-10",13.8979997634888,14.2080001831055,13.8179998397827,14.0699996948242,16288529,12.5552825927734
"2022-11-11",14.1599998474121,14.3439998626709,14.0279998779297,14.2779998779297,18731127,12.7408924102783
"2022-11-14",14.3000001907349,14.4980001449585,14.3000001907349,14.4739999771118,16435236,12.9157905578613
"2022-11-15",14.4440002441406,14.5959997177124,14.3079996109009,14.4759998321533,15076327,12.9175758361816
"2022-11-16",14.5,14.6560001373291,14.3319997787476,14.3579998016357,14968218,12.8122787475586
"2022-11-17",14.3699998855591,14.4060001373291,14.0319995880127,14.0860004425049,11633320,12.5695610046387
"2022-11-18",14.1680002212524,14.460000038147,13.960000038147,14.1879997253418,17835457,12.6605796813965
"2022-11-21",13.9680004119873,14.0100002288818,13.3660001754761,13.4440002441406,20165900,12.1856288909912
"2022-11-22",13.7399997711182,14.0740003585815,13.7299995422363,14.0520000457764,15724882,12.7367172241211
"2022-11-23",14.1499996185303,14.3739995956421,14.0319995880127,14.1199998855591,14009935,12.7983522415161
"2022-11-24",14.1599998474121,14.2320003509521,14.0200004577637,14.1840000152588,9166846,12.8563632965088
"2022-11-25",14.2360000610352,14.3900003433228,14.1619997024536,14.2980003356934,11140081,12.9596920013428
"2022-11-28",14.0480003356934,14.1040000915527,13.9139995574951,14.0179996490479,13616955,12.7059001922607
"2022-11-29",14.1520004272461,14.3380002975464,14.0459995269775,14.1960000991821,12741403,12.8672389984131
"2022-11-30",14.3000001907349,14.3299999237061,13.9460000991821,14.3240003585815,19814215,12.9832582473755
"2022-12-01",14.1479997634888,14.2259998321533,14.0539999008179,14.0900001525879,10795552,12.7711620330811
"2022-12-02",13.9499998092651,14,13.7700004577637,13.8920001983643,15827295,12.5916938781738
"2022-12-05",13.8500003814697,14.0200004577637,13.8059997558594,13.8339996337891,7572689,12.5391225814819
"2022-12-06",13.8280000686646,13.8520002365112,13.5939998626709,13.6420001983643,11236664,12.3650932312012
"2022-12-07",13.5799999237061,13.6359996795654,13.4099998474121,13.4359998703003,11490319,12.1783761978149
"2022-12-08",13.456000328064,13.7399997711182,13.4460000991821,13.5240001678467,8693578,12.2581386566162
"2022-12-09",13.5520000457764,13.6319999694824,13.3599996566772,13.5260000228882,8660177,12.2599515914917
"2022-12-12",13.4499998092651,13.6499996185303,13.4020004272461,13.6079998016357,8391389,12.3342761993408
"2022-12-13",13.7080001831055,13.9399995803833,13.6599998474121,13.8140001296997,11422412,12.5209951400757
"2022-12-14",13.7600002288818,13.8400001525879,13.5520000457764,13.6099996566772,11290448,12.336088180542
"2022-12-15",13.5480003356934,13.5939998626709,13.0500001907349,13.0500001907349,20935424,11.8285064697266
"2022-12-16",13.1440000534058,13.2760000228882,12.8900003433228,12.8999996185303,33255296,11.6925458908081
"2022-12-19",12.9899997711182,13.1879997253418,12.96399974823,12.9899997711182,7216059,11.7741222381592
"2022-12-20",12.8400001525879,13.1820001602173,12.7919998168945,13,9538170,11.7831859588623
"2022-12-21",13.0979995727539,13.503999710083,13.0719995498657,13.4619998931885,11576340,12.2019414901733
"2022-12-22",13.4799995422363,13.6160001754761,13.3339996337891,13.3760004043579,7353465,12.1239919662476
"2022-12-23",13.3800001144409,13.5319995880127,13.3199996948242,13.4759998321533,5473355,12.2146320343018
"2022-12-27",13.5979995727539,13.6719999313354,13.5279998779297,13.5459995269775,4121347,12.2780799865723
"2022-12-28",13.5740003585815,13.6800003051758,13.4280004501343,13.5080003738403,6186305,12.2436370849609
"2022-12-29",13.3999996185303,13.6140003204346,13.326000213623,13.5920000076294,5427142,12.3197727203369
"2022-12-30",13.5139999389648,13.5620002746582,13.28600025177,13.28600025177,6524929,12.0424165725708
"2023-01-02",13.3999996185303,13.7080001831055,13.3559999465942,13.7080001831055,7537051,12.424916267395
"2023-01-03",13.7080001831055,13.9399995803833,13.6239995956421,13.78600025177,14190103,12.4956159591675
"2023-01-04",13.6440000534058,13.7779998779297,13.4060001373291,13.576000213623,15750605,12.3052730560303
"2023-01-05",13.539999961853,13.6759996414185,13.4759998321533,13.6079998016357,8004295,12.3342761993408
"2023-01-06",13.706000328064,13.8479995727539,13.6020002365112,13.8380002975464,7231811,12.5427484512329
"2023-01-09",13.8559999465942,14.0819997787476,13.8540000915527,13.9440002441406,10592944,12.6388273239136
"2023-01-10",13.8900003433228,14.1099996566772,13.8360004425049,13.9739999771118,9379180,12.6660184860229
"2023-01-11",14.0699996948242,14.2399997711182,14.0559997558594,14.2399997711182,14767905,12.9071197509766
"2023-01-12",14.2600002288818,14.4320001602173,14.246000289917,14.4160003662109,10479115,13.0666475296021
"2023-01-13",14.460000038147,14.5600004196167,14.4160003662109,14.4219999313354,9081966,13.0720853805542
"2023-01-16",14.496000289917,14.5480003356934,14.3240003585815,14.3280000686646,6607161,12.9868831634521
"2023-01-17",14.3199996948242,14.4799995422363,14.1940002441406,14.3719997406006,9642979,13.0267648696899
"2023-01-18",14.3920001983643,14.5260000228882,14.3719997406006,14.460000038147,8911808,13.1065273284912
"2023-01-19",14.2799997329712,14.3459997177124,14.1960000991821,14.253999710083,9344008,12.9198093414307
"2023-01-20",14.4479999542236,14.4739999771118,14.3500003814697,14.456000328064,10658933,13.1029033660889
"2023-01-23",14.4680004119873,14.5,14.3339996337891,14.3999996185303,7090274,13.0521440505981
"2023-01-24",14.4099998474121,14.423999786377,14.1420001983643,14.1800003051758,11018762,12.8527374267578
"2023-01-25",14.1999998092651,14.2239999771118,13.9460000991821,14.076000213623,9703905,12.7584714889526
"2023-01-26",14.1400003433228,14.1979999542236,14.03600025177,14.1979999542236,7642622,12.8690528869629
"2023-01-27",14.2799997329712,14.3979997634888,14.2119998931885,14.2919998168945,9212936,12.9542531967163
"2023-01-30",14.2600002288818,14.3199996948242,14.1120004653931,14.1700000762939,9614095,12.8436727523804
"2023-01-31",14.1000003814697,14.1840000152588,13.8920001983643,14.1359996795654,12896437,12.8128547668457
"2023-02-01",14.1599998474121,14.2259998321533,13.8459997177124,13.8459997177124,10575025,12.5499982833862
"2023-02-02",13.8299999237061,13.9160003662109,13.6719999313354,13.75,13392400,12.4629859924316
"2023-02-03",13.6780004501343,13.9940004348755,13.6540002822876,13.8439998626709,11067501,12.5481872558594
"2023-02-06",13.826000213623,13.8680000305176,13.6140003204346,13.6960000991821,10602256,12.4140396118164
"2023-02-07",13.7659997940063,13.9060001373291,13.7299995422363,13.9060001373291,8947376,12.6043844223022
"2023-02-08",14,14.2919998168945,13.9899997711182,14.1599998474121,14691068,12.8346090316772
"2023-02-09",14.2639999389648,14.4340000152588,14.2299995422363,14.3439998626709,10758453,13.0013856887817
"2023-02-10",14.3000001907349,14.793999671936,14.2679996490479,14.75,23010055,13.369384765625
"2023-02-13",14.7880001068115,14.8640003204346,14.6359996795654,14.7679996490479,11545483,13.3856983184814
"2023-02-14",14.789999961853,14.9799995422363,14.7700004577637,14.826000213623,11910633,13.4382705688477
"2023-02-15",14.8000001907349,14.8760004043579,14.6680002212524,14.6899995803833,9257160,13.3150005340576
"2023-02-16",14.7799997329712,14.8620004653931,14.6219997406006,14.71399974823,11123946,13.3367538452148
"2023-02-17",14.6820001602173,14.6899995803833,14.3000001907349,14.3000001907349,16551043,12.9615049362183
"2023-02-20",14.3800001144409,14.4079999923706,14.289999961853,14.3500003814697,5119531,13.0068244934082
"2023-02-21",14.3699998855591,14.3900003433228,14.0860004425049,14.2679996490479,11800286,12.9324998855591
"2023-02-22",14.1560001373291,14.2200002670288,14.0419998168945,14.1140003204346,9695591,12.7929134368896
"2023-02-23",14.1000003814697,14.1999998092651,13.3140001296997,13.3579998016357,46610047,12.1076765060425
"2023-02-24",13.3039999008179,13.5480003356934,13.1619997024536,13.1920003890991,22263209,11.9572162628174
"2023-02-27",13.3000001907349,13.4659996032715,13.2340002059937,13.3999996185303,11399699,12.1457462310791
"2023-02-28",13.4060001373291,13.539999961853,13.2340002059937,13.3660001754761,26319701,12.1149272918701
"2023-03-01",13.3599996566772,13.4099998474121,13.1700000762939,13.1700000762939,12063148,11.937273979187
"2023-03-02",13.1680002212524,13.4139995574951,13.1479997634888,13.3439998626709,10533352,12.0949869155884
"2023-03-03",13.3839998245239,13.4680004119873,13.1499996185303,13.4340000152588,12113822,12.1765632629395
"2023-03-06",13.4720001220703,13.5939998626709,13.4680004119873,13.53600025177,8541477,12.2690162658691
"2023-03-07",13.4919996261597,13.5559997558594,13.3859996795654,13.4219999313354,8800402,12.1656866073608
"2023-03-08",13.3199996948242,13.4759998321533,13.3079996109009,13.4180002212524,8049468,12.1620616912842
"2023-03-09",13.3979997634888,13.4799995422363,13.2720003128052,13.3920001983643,7848193,12.1384944915771
"2023-03-10",13.1800003051758,13.4399995803833,13.1379995346069,13.4300003051758,10551677,12.1729383468628
"2023-03-13",13.3380002975464,13.3739995956421,12.8039999008179,12.923999786377,20578258,11.7143001556396
"2023-03-14",13,13.1400003433228,12.7819995880127,13.039999961853,13116143,11.8194427490234
"2023-03-15",12.9379997253418,12.9680004119873,12.2919998168945,12.3100004196167,27815991,11.157772064209
"2023-03-16",12.539999961853,12.5419998168945,11.9139995574951,12.1619997024536,26121315,11.0236234664917
"2023-03-17",12.3280000686646,12.7019996643066,12.0419998168945,12.1619997024536,34282785,11.0236234664917
"2023-03-20",11.9200000762939,12.293999671936,11.6859998703003,12.206000328064,20235260,11.2673225402832
"2023-03-21",12.3219995498657,12.6859998703003,12.2600002288818,12.46399974823,14228084,11.5054788589478
"2023-03-22",12.460000038147,12.6180000305176,12.3599996566772,12.4779996871948,10649345,11.518404006958
"2023-03-23",12.4399995803833,12.5620002746582,12.3360004425049,12.4540004730225,8882193,11.4962501525879
"2023-03-24",12.3999996185303,12.3999996185303,11.9799995422363,12.1719999313354,15452973,11.2359352111816
"2023-03-27",12.3780002593994,12.4200000762939,12.0839996337891,12.3079996109009,9387028,11.3614768981934
"2023-03-28",12.539999961853,12.6079998016357,12.4359998703003,12.5459995269775,8772529,11.5811738967896
"2023-03-29",12.6059999465942,12.7220001220703,12.4720001220703,12.673999786377,7632263,11.6993293762207
"2023-03-30",12.7019996643066,12.9420003890991,12.6599998474121,12.8859996795654,8606420,11.8950271606445
"2023-03-31",12.8859996795654,12.956000328064,12.7659997940063,12.9060001373291,7999054,11.9134893417358
"2023-04-03",13.2019996643066,13.5480003356934,13.1660003662109,13.4320001602173,21199321,12.3990383148193
"2023-04-04",13.4460000991821,13.5240001678467,13.3100004196167,13.3100004196167,11160380,12.2864208221436
"2023-04-05",13.3439998626709,13.4399995803833,13.3120002746582,13.4340000152588,8598385,12.4008846282959
"2023-04-06",13.5019998550415,13.5799999237061,13.4700002670288,13.539999961853,8779783,12.4987335205078
"2023-04-11",13.6700000762939,13.7840003967285,13.5880002975464,13.7840003967285,11782726,12.7239694595337
"2023-04-12",13.7840003967285,13.8940000534058,13.6619997024536,13.6660003662109,10567489,12.6150436401367
"2023-04-13",13.7080001831055,13.8640003204346,13.6599998474121,13.8640003204346,8693409,12.7978162765503
"2023-04-14",13.8520002365112,13.8640003204346,13.7340002059937,13.8020000457764,6874562,12.7405834197998
"2023-04-17",13.8800001144409,14.0240001678467,13.8420000076294,13.8800001144409,8321780,12.8125848770142
"2023-04-18",13.9219999313354,13.923999786377,13.7399997711182,13.8900003433228,8496155,12.8218173980713
"2023-04-19",13.7799997329712,13.8380002975464,13.6319999694824,13.753999710083,8637474,12.6962747573853
"2023-04-20",13.7019996643066,13.7760000228882,13.5559997558594,13.5839996337891,8540149,12.5393486022949
"2023-04-21",13.6219997406006,13.7679996490479,13.5559997558594,13.7659997940063,11027553,12.7073516845703
"2023-04-24",13.7340002059937,13.8540000915527,13.6160001754761,13.8179998397827,6551895,12.755352973938
"2023-04-25",13.8500003814697,13.8620004653931,13.5699996948242,13.6140003204346,7149081,12.567042350769
"2023-04-26",13.6000003814697,13.7639999389648,13.5539999008179,13.746000289917,8667567,12.6888904571533
"2023-04-27",13.6400003433228,13.6879997253418,13.3879995346069,13.4820003509521,12171149,12.4451932907104
"2023-04-28",13.6400003433228,13.8240003585815,13.2580003738403,13.746000289917,15872428,12.6888904571533
"2023-05-02",13.6999998092651,13.7919998168945,13.1120004653931,13.1700000762939,19141588,12.1571865081787
"2023-05-03",13.2200002670288,13.3000001907349,13,13.0380001068115,11329772,12.0353384017944
"2023-05-04",13.1099996566772,13.246000289917,12.8879995346069,12.9739999771118,10122958,11.9762601852417
"2023-05-05",13.1000003814697,13.5699996948242,13.0860004425049,13.5699996948242,11614425,12.526424407959
"2023-05-08",13.5979995727539,13.7480001449585,13.543999671936,13.6440000534058,7315884,12.5947341918945
"2023-05-09",13.5819997787476,13.6199998855591,13.4119997024536,13.5200004577637,6309311,12.4802713394165
"2023-05-10",13.5620002746582,13.6479997634888,13.3760004043579,13.4320001602173,8130237,12.3990383148193
"2023-05-11",13.4580001831055,13.4860000610352,13.0520000457764,13.1940002441406,11757303,12.1793403625488
"2023-05-12",13.1499996185303,13.4180002212524,13.1379995346069,13.3859996795654,10892660,12.3565759658813
"2023-05-15",13.4099998474121,13.4200000762939,13.2760000228882,13.3459997177124,7822032,12.3196516036987
"2023-05-16",13.3000001907349,13.3979997634888,13.206000328064,13.2299995422363,8014184,12.2125730514526
"2023-05-17",13.1479997634888,13.3979997634888,13.1339998245239,13.3959999084473,7151315,12.3658065795898
"2023-05-18",13.4399995803833,13.5319995880127,13.3179998397827,13.3400001525879,7699129,12.3141136169434
"2023-05-19",13.3800001144409,13.5719995498657,13.3640003204346,13.4499998092651,11511377,12.4156541824341
"2023-05-22",13.2799997329712,13.3240003585815,13.1879997253418,13.2700004577637,6898178,12.4531917572021
"2023-05-23",13.2700004577637,13.4479999542236,13.1940002441406,13.3640003204346,8104606,12.5414056777954
"2023-05-24",13.3299999237061,13.4420003890991,13.2080001831055,13.3680000305176,11327868,12.5451593399048
"2023-05-25",13.3839998245239,13.3839998245239,13.0080003738403,13.0459995269775,10613137,12.2429790496826
"2023-05-26",13.0819997787476,13.1920003890991,12.9420003890991,13.1920003890991,9140105,12.3799934387207
"2023-05-29",13.25,13.3120002746582,13.1440000534058,13.2159996032715,4909895,12.4025144577026
"2023-05-30",13.1599998474121,13.1879997253418,12.9020004272461,12.9060001373291,11505629,12.1115970611572
"2023-05-31",12.8500003814697,12.9759998321533,12.4499998092651,12.4499998092651,41592882,11.6836652755737
"2023-06-01",12.5419998168945,12.7959995269775,12.5340003967285,12.7880001068115,11988018,12.0008611679077
"2023-06-02",12.8900003433228,13.1579999923706,12.8520002365112,13.1420001983643,12413492,12.3330707550049
"2023-06-05",13.2600002288818,13.3800001144409,13.1020002365112,13.1020002365112,13151871,12.2955331802368
"2023-06-06",13.0600004196167,13.0959997177124,12.8100004196167,12.9840002059937,12493041,12.184796333313
"2023-06-07",12.9779996871948,13.0959997177124,12.8380002975464,13.0799999237061,11452114,12.2748870849609
"2023-06-08",13.1280002593994,13.2259998321533,13.1059999465942,13.1160001754761,10457915,12.3086709976196
"2023-06-09",13.1000003814697,13.1820001602173,12.8920001983643,12.9840002059937,11067206,12.184796333313
"2023-06-12",12.9099998474121,12.9499998092651,12.789999961853,12.8299999237061,13893319,12.0402765274048
"2023-06-13",12.8599996566772,13.0520000457764,12.8020000457764,12.960000038147,12570956,12.1622724533081
"2023-06-14",12.9280004501343,13.1700000762939,12.9139995574951,12.9860000610352,14211071,12.1866731643677
"2023-06-15",13,13.0620002746582,12.8900003433228,13.0500001907349,10123165,12.246732711792
"2023-06-16",13.0120000839233,13.1579999923706,12.9779996871948,12.9779996871948,32795628,12.1791658401489
"2023-06-19",12.9779996871948,13.0459995269775,12.8920001983643,12.9899997711182,10794116,12.1904268264771
"2023-06-20",12.9580001831055,12.9779996871948,12.7919998168945,12.8159999847412,10678688,12.0271368026733
"2023-06-21",12.8780002593994,13.1099996566772,12.8199996948242,13.0659999847412,12682786,12.2617483139038
"2023-06-22",12.960000038147,12.996000289917,12.8319997787476,12.8859996795654,10320401,12.092827796936
"2023-06-23",12.8199996948242,12.8760004043579,12.6719999313354,12.7959995269775,15037178,12.0083665847778
"2023-06-26",12.8900003433228,12.9919996261597,12.6420001983643,12.9379997253418,12081185,12.1416273117065
"2023-06-27",13.0299997329712,13.0559997558594,12.7119998931885,12.746000289917,12262716,11.961446762085
"2023-06-28",12.7679996490479,12.8540000915527,12.6579999923706,12.8020000457764,11215158,12.0139980316162
"2023-06-29",12.7799997329712,12.9860000610352,12.7679996490479,12.8879995346069,9804320,12.0947046279907
"2023-06-30",12.9899997711182,13.2399997711182,12.9720001220703,13.1820001602173,14979711,12.3706083297729
"2023-07-03",13.1999998092651,13.496000289917,13.1999998092651,13.4119997024536,14688999,12.5864515304565
"2023-07-04",13.4060001373291,13.4980001449585,13.3500003814697,13.46399974823,7861524,12.6352500915527
"2023-07-05",13.4499998092651,13.496000289917,13.3199996948242,13.3699998855591,10899774,12.5470361709595
"2023-07-06",13.28600025177,13.2980003356934,13.0019998550415,13.0340003967285,14136110,12.2317190170288
"2023-07-07",13.0900001525879,13.1219997406006,12.9399995803833,13.0520000457764,9035046,12.2486095428467
"2023-07-10",13.0520000457764,13.2639999389648,13.0520000457764,13.1199998855591,6615813,12.312424659729
"2023-07-11",13.1999998092651,13.25,13.1379995346069,13.2340002059937,9483300,12.4194087982178
"2023-07-12",13.289999961853,13.6280002593994,13.2779998779297,13.5340003967285,16899393,12.7009429931641
"2023-07-13",13.5,13.6979999542236,13.5,13.6199998855591,8880285,12.7816486358643
"2023-07-14",13.6000003814697,13.6560001373291,13.3400001525879,13.4259996414185,13610451,12.5995893478394
"2023-07-17",13.3599996566772,13.539999961853,13.2740001678467,13.293999671936,9246331,12.4757137298584
"2023-07-18",13.2639999389648,13.4379997253418,13.173999786377,13.4300003051758,8319648,12.603343963623
"2023-07-19",13.4300003051758,13.5080003738403,13.3319997787476,13.4300003051758,9142836,12.603343963623
"2023-07-20",13.3999996185303,13.6800003051758,13.3999996185303,13.539999961853,11446700,12.7065734863281
"2023-07-21",13.6300001144409,13.6840000152588,13.5860004425049,13.6400003433228,7667551,12.8004179000854
"2023-07-24",13.6280002593994,13.8479995727539,13.576000213623,13.8079996109009,10155384,12.9580755233765
"2023-07-25",13.8420000076294,13.8780002593994,13.6339998245239,13.710000038147,8386402,12.8661088943481
"2023-07-26",13.7600002288818,13.7659997940063,13.4700002670288,13.5900001525879,10377280,12.7534942626953
"2023-07-27",13.6499996185303,13.7880001068115,13.5799999237061,13.7299995422363,11777127,12.8848781585693
"2023-07-28",13.8000001907349,13.9700002670288,13.6280002593994,13.6579999923706,14123223,12.8173084259033
"2023-07-31",13.7299995422363,13.9499998092651,13.7119998931885,13.8839998245239,14601979,13.0293989181519
"2023-08-01",13.9320001602173,14.0080003738403,13.7159996032715,13.7760000228882,11107715,12.9280452728271
"2023-08-02",13.6999998092651,13.7779998779297,13.4779996871948,13.5340003967285,10870438,12.7009429931641
"2023-08-03",13.5019998550415,13.6840000152588,13.3839998245239,13.6660003662109,11616100,12.8248176574707
"2023-08-04",13.7159996032715,13.7880001068115,13.6379995346069,13.7239999771118,10348137,12.879246711731
"2023-08-07",13.7760000228882,13.7779998779297,13.5939998626709,13.6780004501343,7587924,12.8360786437988
"2023-08-08",13.6719999313354,13.6800003051758,13.3999996185303,13.6260004043579,9884716,12.7872791290283
"2023-08-09",13.7799997329712,14.1079998016357,13.7760000228882,14.0679998397827,18486271,13.2020721435547
"2023-08-10",14.0819997787476,14.2379999160767,14.0699996948242,14.1260004043579,12020615,13.2565031051636
"2023-08-11",14.0640001296997,14.1219997406006,13.9619998931885,14.0480003356934,8393627,13.1833038330078
"2023-08-14",13.9840002059937,14.0819997787476,13.8940000534058,14.0139999389648,5676416,13.1513967514038
"2023-08-16",13.8819999694824,14.0500001907349,13.8800001144409,13.9300003051758,8472308,13.072566986084
"2023-08-17",13.8500003814697,14.076000213623,13.8380002975464,13.9739999771118,7765319,13.1138591766357
"2023-08-18",13.960000038147,14.0659999847412,13.8219995498657,14.0340003967285,10870229,13.1701650619507
"2023-08-21",14.076000213623,14.25,14.0500001907349,14.0900001525879,10362439,13.2227182388306
"2023-08-22",14.1020002365112,14.210000038147,14.0740003585815,14.1140003204346,6381579,13.2452421188354
"2023-08-23",14.1719999313354,14.1859998703003,13.9580001831055,14.0740003585815,8888424,13.2077035903931
"2023-08-24",14.0939998626709,14.1999998092651,14.0819997787476,14.1280002593994,8273126,13.2583799362183
"2023-08-25",14.1639995574951,14.246000289917,14.1280002593994,14.1540002822876,6975692,13.2827787399292
"2023-08-28",14.2799997329712,14.3839998245239,14.25,14.2980003356934,8618537,13.4179153442383
"2023-08-29",14.3240003585815,14.4379997253418,14.3000001907349,14.3559999465942,6856050,13.4723443984985
"2023-08-30",14.4200000762939,14.4919996261597,14.3599996566772,14.3680000305176,7987884,13.4836072921753
"2023-08-31",14.3979997634888,14.46399974823,14.2840003967285,14.2840003967285,17146376,13.4047775268555
"2023-09-01",14.3819999694824,14.5920000076294,14.3599996566772,14.5380001068115,13222480,13.6431427001953
"2023-09-04",14.5880002975464,14.6780004501343,14.5500001907349,14.6020002365112,7776121,13.7032041549683
"2023-09-05",14.5819997787476,14.9180002212524,14.5299997329712,14.8339996337891,14266357,13.9209222793579
"2023-09-06",14.826000213623,14.9359998703003,14.78600025177,14.7919998168945,12498083,13.8815078735352
"2023-09-07",14.5,14.8079996109009,14.4359998703003,14.7399997711182,12289268,13.8327074050903
"2023-09-08",14.7399997711182,14.7980003356934,14.5139999389648,14.7980003356934,10410420,13.8871383666992
"2023-09-11",14.8299999237061,15.0600004196167,14.8100004196167,15.0520000457764,14876423,14.1255035400391
"2023-09-12",15.039999961853,15.1680002212524,14.9399995803833,15.1020002365112,12329021,14.1724271774292
"2023-09-13",15.1020002365112,15.21399974823,15.03600025177,15.1219997406006,11248277,14.1911954879761
"2023-09-14",15.2080001831055,15.423999786377,15.1540002822876,15.3699998855591,15479727,14.4239311218262
"2023-09-15",15.4399995803833,15.5,15.289999961853,15.3360004425049,21068130,14.3920230865479
"2023-09-18",15.1599998474121,15.1759996414185,14.9180002212524,14.9739999771118,12741436,14.2757129669189
"2023-09-19",14.996000289917,15.3000001907349,14.9879999160767,15.3000001907349,12312541,14.5865097045898
"2023-09-20",15.2399997711182,15.3439998626709,15.0520000457764,15.2360000610352,11423356,14.5254936218262
"2023-09-21",15.1180000305176,15.1899995803833,14.9160003662109,15.0159997940063,14002244,14.3157529830933
"2023-09-22",15.0100002288818,15.2959995269775,14.9759998321533,15.2379999160767,15175462,14.527400970459
"2023-09-25",15.2200002670288,15.3039999008179,15.0579996109009,15.2180004119873,10229391,14.5083341598511
"2023-09-26",15.1599998474121,15.2080001831055,15.0120000839233,15.1780004501343,8751878,14.4702005386353
"2023-09-27",15.2119998931885,15.4200000762939,15.1780004501343,15.3719997406006,10648236,14.6551513671875
"2023-09-28",15.4499998092651,15.6280002593994,15.2600002288818,15.4200000762939,12974025,14.7009143829346
"2023-09-29",15.3859996795654,15.4219999313354,15.2080001831055,15.2559995651245,11554277,14.5445613861084
"2023-10-02",15.2559995651245,15.2919998168945,14.8660001754761,14.8999996185303,11393713,14.2051630020142
"2023-10-03",14.8520002365112,14.9280004501343,14.5719995498657,14.7279996871948,12114702,14.041184425354
"2023-10-04",14.7159996032715,14.789999961853,14.3640003204346,14.4980001449585,12510286,13.8219108581543
"2023-10-05",14.4180002212524,14.5139999389648,14.2340002059937,14.4399995803833,9791790,13.7666149139404
"2023-10-06",14.5240001678467,14.6719999313354,14.3159999847412,14.6400003433228,11564213,13.9572887420654
"2023-10-09",14.9040002822876,15.0520000457764,14.8039999008179,14.9720001220703,12672406,14.2738056182861
"2023-10-10",15.0740003585815,15.1499996185303,14.8299999237061,15.1499996185303,9708993,14.4435043334961
"2023-10-11",15.1499996185303,15.3400001525879,15.0860004425049,15.0860004425049,10990542,14.3824901580811
"2023-10-12",15.1619997024536,15.4180002212524,15.1440000534058,15.2959995269775,13452662,14.5826959609985
"2023-10-13",15.3780002593994,15.5799999237061,15.28600025177,15.4980001449585,23298504,14.775276184082
"2023-10-16",15.5880002975464,15.6700000762939,15.4340000152588,15.4799995422363,13362029,14.7581157684326
"2023-10-17",15.4300003051758,15.6140003204346,15.4119997024536,15.5319995880127,8738187,14.8076906204224
"2023-10-18",15.6499996185303,15.7480001449585,15.5659999847412,15.6400003433228,12244167,14.9106540679932
"2023-10-19",15.576000213623,15.6219997406006,15.3400001525879,15.4519996643066,8811405,14.7314214706421
"2023-10-20",15.460000038147,15.6199998855591,15.3219995498657,15.3979997634888,10831773,14.6799392700195
"2023-10-23",15.3360004425049,15.5100002288818,15.2919998168945,15.4359998703003,15791496,14.7161674499512
"2023-10-24",15.3800001144409,15.6099996566772,15.3299999237061,15.4060001373291,8103990,14.6875667572021
"2023-10-25",15.3719997406006,15.4879999160767,15.3360004425049,15.4200000762939,6344146,14.7009143829346
"2023-10-26",15.4200000762939,15.503999710083,15.3299999237061,15.4820003509521,9745444,14.7600231170654
"2023-10-27",15.6260004043579,15.8299999237061,15.4700002670288,15.5100002288818,11998890,14.786717414856
"2023-10-30",15.5900001525879,15.7679996490479,15.3280000686646,15.3640003204346,11434408,14.6475257873535
"2023-10-31",15.3699998855591,15.4460000991821,15.2119998931885,15.4280004501343,11351272,14.7085409164429
"2023-11-01",15.3859996795654,15.6199998855591,15.293999671936,15.4799995422363,8701249,14.7581157684326
"2023-11-02",15.6000003814697,15.710000038147,15.4200000762939,15.7040004730225,11371189,14.9716701507568
"2023-11-03",15.8000001907349,15.8000001907349,15.2399997711182,15.3660001754761,14710419,14.649432182312
"2023-11-06",15.3599996566772,15.4720001220703,15.3319997787476,15.4040002822876,7918926,14.6856603622437
"2023-11-07",15.2959995269775,15.3000001907349,15.0120000839233,15.0120000839233,11470956,14.3119411468506
"2023-11-08",14.9540004730225,15.0520000457764,14.8000001907349,14.826000213623,11871574,14.134614944458
"2023-11-09",14.8420000076294,14.996000289917,14.7200002670288,14.9359998703003,8704451,14.2394847869873
"2023-11-10",14.9659996032715,15.1560001373291,14.8360004425049,14.9980001449585,10387286,14.2985925674438
"2023-11-13",15.039999961853,15.246000289917,14.9899997711182,15.2320003509521,8588535,14.5216817855835
"2023-11-14",15.2980003356934,15.3280000686646,15.1820001602173,15.25,10119207,14.5388422012329
"2023-11-15",15.2399997711182,15.3039999008179,15.1599998474121,15.1899995803833,7237621,14.4816389083862
"2023-11-16",15.1639995574951,15.1979999542236,14.8159999847412,14.8599996566772,13055589,14.167028427124
"2023-11-17",14.8999996185303,15.0640001296997,14.8999996185303,15.0120000839233,9017776,14.3119411468506
"2023-11-20",14.8999996185303,15.03600025177,14.8999996185303,15.0080003738403,6830469,14.5307540893555
"2023-11-21",14.9099998474121,14.9840002059937,14.8159999847412,14.9340000152588,6891994,14.4591064453125
"2023-11-22",14.9700002670288,15.003999710083,14.5880002975464,14.7239999771118,10782526,14.2557849884033
"2023-11-23",14.8140001296997,14.9659996032715,14.7760000228882,14.9359998703003,6501865,14.4610433578491
"2023-11-24",14.8999996185303,15.1059999465942,14.8999996185303,15.0679998397827,6739694,14.588846206665
"2023-11-27",15.0459995269775,15.1879997253418,14.9580001831055,15.0299997329712,7573557,14.5520544052124
"2023-11-28",15.0319995880127,15.1979999542236,14.996000289917,15.1979999542236,8930050,14.71471118927
"2023-11-29",15.1979999542236,15.2519998550415,15.043999671936,15.1079998016357,9206192,14.6275730133057
"2023-11-30",15.1499996185303,15.3999996185303,15.1199998855591,15.1680002212524,20213714,14.6856660842896
"2023-12-01",15.173999786377,15.28600025177,15.1280002593994,15.25,7633127,14.7650585174561
"2023-12-04",15.1140003204346,15.1639995574951,14.9139995574951,14.960000038147,15815176,14.4842796325684
"2023-12-05",14.9659996032715,15.1059999465942,14.9499998092651,15.0900001525879,10947396,14.610146522522
"2023-12-06",15.0860004425049,15.1020002365112,14.9119997024536,14.9119997024536,11144046,14.4378061294556
"2023-12-07",14.9119997024536,14.9379997253418,14.7700004577637,14.7700004577637,8907031,14.3003225326538
"2023-12-08",14.8020000457764,15.0120000839233,14.8020000457764,15.0100002288818,8888177,14.5326900482178
"2023-12-11",15.076000213623,15.0799999237061,14.9280004501343,14.9840002059937,6343566,14.5075168609619
"2023-12-12",14.9479999542236,15,14.8020000457764,14.8039999008179,10476860,14.3332414627075
"2023-12-13",14.7799997329712,14.8079996109009,14.7119998931885,14.75,11903522,14.2809581756592
"2023-12-14",14.8500003814697,14.8800001144409,14.6820001602173,14.8479995727539,10067998,14.3758411407471
"2023-12-15",14.9060001373291,15.0459995269775,14.753999710083,14.8140001296997,21410112,14.3429231643677
"2023-12-18",14.8680000305176,15.0380001068115,14.8360004425049,14.9919996261597,8666437,14.5152626037598
"2023-12-19",14.923999786377,15.0380001068115,14.9099998474121,15.0260000228882,7622134,14.5481815338135
"2023-12-20",15.0799999237061,15.2440004348755,15.0799999237061,15.2040004730225,9335325,14.7205219268799
"2023-12-21",15.1120004653931,15.2679996490479,15.0819997787476,15.1999998092651,7457337,14.7166481018066
"2023-12-22",15.2220001220703,15.3459997177124,15.21399974823,15.2880001068115,7179649,14.8018493652344
"2023-12-27",15.3140001296997,15.4540004730225,15.2919998168945,15.4359998703003,7843914,14.9451427459717
"2023-12-28",15.4580001831055,15.4899997711182,15.3459997177124,15.3579998016357,6753776,14.8696241378784
"2023-12-29",15.3540000915527,15.4700002670288,15.3020000457764,15.3479995727539,6564286,14.8599414825439
"2024-01-02",15.4799995422363,15.6599998474121,15.4460000991821,15.5559997558594,12028319,15.0613279342651
"2024-01-03",15.6000003814697,15.6099996566772,15.3240003585815,15.4379997253418,11451542,14.9470796585083
"2024-01-04",15.5740003585815,15.6400003433228,15.5200004577637,15.5200004577637,10082686,15.0264730453491
"2024-01-05",15.4619998931885,15.539999961853,15.4020004272461,15.539999961853,8745328,15.0458364486694
"2024-01-08",15.4099998474121,15.4379997253418,15.076000213623,15.0799999237061,17561631,14.6004648208618
"2024-01-09",15.1140003204346,15.1700000762939,14.923999786377,14.923999786377,9374172,14.4494247436523
"2024-01-10",14.9280004501343,15.0319995880127,14.8599996566772,14.8839998245239,7047631,14.4106960296631
"2024-01-11",14.9479999542236,15.0019998550415,14.8059997558594,14.8120002746582,8557879,14.3409862518311
"2024-01-12",14.960000038147,15.1339998245239,14.9399995803833,15.0419998168945,10379238,14.5636730194092
"2024-01-15",15.0220003128052,15.0539999008179,14.9680004119873,14.996000289917,5045569,14.5191354751587
"2024-01-16",14.9219999313354,15.0939998626709,14.8719997406006,14.9320001602173,6178552,14.4571704864502
"2024-01-17",14.8500003814697,14.8599996566772,14.5740003585815,14.6520004272461,13188476,14.1860752105713
"2024-01-18",14.6800003051758,14.78600025177,14.4580001831055,14.6079998016357,14143636,14.1434726715088
"2024-01-19",14.6999998092651,14.7379999160767,14.4440002441406,14.4499998092651,10321935,13.9904975891113
"2024-01-22",14.4499998092651,14.4899997711182,14.2259998321533,14.3400001525879,10754778,13.8839950561523
"2024-01-23",14.4020004272461,14.460000038147,14.2740001678467,14.3579998016357,6857693,13.9014234542847
"2024-01-24",14.3599996566772,14.4899997711182,14.3120002746582,14.4899997711182,7307844,14.0292263031006
"2024-01-25",14.4899997711182,14.6700000762939,14.4860000610352,14.5659999847412,6847400,14.1028099060059
"2024-01-26",14.6999998092651,14.7779998779297,14.6479997634888,14.7559995651245,8794608,14.2867660522461
"2024-01-29",14.8979997634888,15.03600025177,14.8640003204346,14.9200000762939,11675301,14.4455518722534
"2024-01-30",14.8719997406006,14.9440002441406,14.7580003738403,14.923999786377,9562560,14.4494247436523
"2024-01-31",14.9720001220703,15.03600025177,14.8140001296997,14.8140001296997,11930812,14.3429231643677
"2024-02-01",14.8500003814697,14.9700002670288,14.7580003738403,14.7980003356934,9346213,14.327431678772
"2024-02-02",14.6999998092651,14.78600025177,14.5860004425049,14.5860004425049,10476329,14.1221733093262
"2024-02-05",14.539999961853,14.5780000686646,14.3140001296997,14.3739995956421,12653626,13.9169139862061
"2024-02-06",14.4379997253418,14.6319999694824,14.4200000762939,14.6020002365112,9750065,14.1376647949219
"2024-02-07",14.53600025177,14.5860004425049,14.3699998855591,14.3699998855591,7384127,13.9130411148071
"2024-02-08",14.3800001144409,14.4720001220703,14.25,14.3660001754761,8247408,13.9091682434082
"2024-02-09",14.3660001754761,14.4119997024536,14.2819995880127,14.293999671936,7399275,13.8394584655762
"2024-02-12",14.293999671936,14.4779996871948,14.2159996032715,14.4379997253418,8059672,13.9788789749146
"2024-02-13",14.4759998321533,14.6300001144409,14.4099998474121,14.4700002670288,9795346,14.009861946106
"2024-02-14",14.4759998321533,14.5900001525879,14.4440002441406,14.5019998550415,7645046,14.0408449172974
"2024-02-15",14.4659996032715,14.6040000915527,14.4040002822876,14.6040000915527,9929652,14.1396007537842
"2024-02-16",14.4840002059937,14.5579996109009,14.1339998245239,14.1540002822876,21332877,13.7039108276367
"2024-02-19",14.1879997253418,14.1999998092651,13.996000289917,14.1700000762939,9446477,13.7194013595581
"2024-02-20",14.1800003051758,14.3000001907349,14.1140003204346,14.1319999694824,8475357,13.6826095581055
"2024-02-21",14.1379995346069,14.3199996948242,14.043999671936,14.3020000457764,8595672,13.8472032546997
"2024-02-22",14.3680000305176,14.4020004272461,14.2180004119873,14.2299995422363,8854766,13.7774934768677
"2024-02-23",14.2040004730225,14.2819995880127,14.1680002212524,14.2559995651245,7415299,13.8026666641235
"2024-02-26",14.1719999313354,14.2740001678467,14.1260004043579,14.2519998550415,6848219,13.7987937927246
"2024-02-27",14.2200002670288,14.3920001983643,14.2200002670288,14.3800001144409,7014587,13.9227237701416
"2024-02-28",14.3940000534058,14.4799995422363,14.326000213623,14.3559999465942,6710554,13.899486541748
"2024-02-29",14.289999961853,14.3500003814697,14.2159996032715,14.2480001449585,26352304,13.794921875
"2024-03-01",14.2919998168945,14.3699998855591,14.2239999771118,14.3280000686646,7544578,13.8723773956299
"2024-03-04",14.2980003356934,14.4519996643066,14.289999961853,14.3879995346069,7963998,13.9304695129395
"2024-03-05",14.3020000457764,14.5080003738403,14.2659997940063,14.5080003738403,8694866,14.0466537475586
"2024-03-06",14.5299997329712,14.710000038147,14.5179996490479,14.6280002593994,9322392,14.1628379821777
"2024-03-07",14.5600004196167,14.6660003662109,14.5459995269775,14.6319999694824,6667534,14.1667098999023
"2024-03-08",14.710000038147,14.8000001907349,14.6840000152588,14.7019996643066,7382928,14.2344846725464
"2024-03-11",14.6999998092651,14.7279996871948,14.5260000228882,14.5579996109009,7878861,14.0950632095337
"2024-03-12",14.6479997634888,14.746000289917,14.5819997787476,14.6920003890991,8466792,14.2248020172119
"2024-03-13",14.71399974823,15,14.6759996414185,14.9779996871948,13023422,14.5017080307007
"2024-03-14",15,15.206000328064,14.5220003128052,14.5220003128052,30123295,14.0602083206177
"2024-03-15",14.5100002288818,14.7320003509521,14.4899997711182,14.5059995651245,31403889,14.0447158813477
"2024-03-18",14.3800001144409,14.3800001144409,14.1359996795654,14.2159996032715,9670707,13.9954919815063
"2024-03-19",14.1979999542236,14.6199998855591,14.1899995803833,14.5559997558594,12142464,14.3302183151245
"2024-03-20",14.4099998474121,14.4460000991821,14.2480001449585,14.326000213623,8840255,14.1037864685059
"2024-03-21",14.4200000762939,14.4680004119873,14.3199996948242,14.3599996566772,6262869,14.1372585296631
"2024-03-22",14.2980003356934,14.3959999084473,14.2200002670288,14.3540000915527,6988219,14.1313524246216
"2024-03-25",14.3540000915527,14.5640001296997,14.3540000915527,14.5539999008179,7942695,14.3282499313354
"2024-03-26",14.5279998779297,14.5839996337891,14.46399974823,14.5500001907349,6333295,14.324312210083
"2024-03-27",14.5,14.6300001144409,14.4619998931885,14.5699996948242,7428372,14.3440017700195
"2024-03-28",14.6339998245239,14.7239999771118,14.5640001296997,14.6479997634888,7158424,14.4207916259766
"2024-04-02",14.7799997329712,15.1619997024536,14.7799997329712,15.0299997329712,19165902,14.7968664169312
"2024-04-03",15.0839996337891,15.1879997253418,14.9720001220703,15.1759996414185,9856556,14.940601348877
"2024-04-04",15.1999998092651,15.3959999084473,15.1579999923706,15.3479995727539,11596950,15.1099338531494
"2024-04-05",15.4899997711182,15.6680002212524,15.4720001220703,15.5080003738403,14734362,15.2674522399902
"2024-04-08",15.5100002288818,15.5600004196167,15.3599996566772,15.5139999389648,7815520,15.2733592987061
"2024-04-09",15.4379997253418,15.6499996185303,15.4020004272461,15.4460000991821,8930425,15.2064142227173
"2024-04-10",15.5380001068115,15.5939998626709,15.3079996109009,15.3760004043579,7951758,15.1374998092651
"2024-04-11",15.5059995651245,15.6859998703003,15.289999961853,15.3179998397827,12296011,15.0803995132446
"2024-04-12",15.460000038147,15.8159999847412,15.4420003890991,15.7299995422363,14869533,15.4860076904297
"2024-04-15",15.673999786377,15.6899995803833,15.5019998550415,15.5340003967285,9005648,15.2930488586426
"2024-04-16",15.4820003509521,15.4840002059937,15.1560001373291,15.1999998092651,10671359,14.9642295837402
"2024-04-17",15.1800003051758,15.3620004653931,15.173999786377,15.3299999237061,8390257,15.092212677002
"2024-04-18",15.2700004577637,15.3140001296997,15.0920000076294,15.2299995422363,7790937,14.993763923645
"2024-04-19",14.9200000762939,15.2679996490479,14.8999996185303,15.2580003738403,12106992,15.0213298797607
"2024-04-22",15.3500003814697,15.4180002212524,15.1940002441406,15.3400001525879,6841001,15.1020584106445
"2024-04-23",15.3819999694824,15.5200004577637,15.2880001068115,15.5200004577637,7356059,15.2792663574219
"2024-04-24",15.6800003051758,15.7600002288818,15.1780004501343,15.2360000610352,12647880,14.9996709823608
"2024-04-25",15.3020000457764,15.4399995803833,15.173999786377,15.253999710083,7959773,15.017391204834
"2024-04-26",15.3800001144409,15.3999996185303,15.1960000991821,15.2600002288818,8427046,15.0232992172241
"2024-04-29",15.3299999237061,15.3760004043579,15.2299995422363,15.2740001678467,6375367,15.0370817184448
"2024-04-30",15.3439998626709,15.4379997253418,15.1160001754761,15.1359996795654,8355224,14.9012222290039
"2024-05-02",15.0179996490479,15.0200004577637,14.7480001449585,14.8240003585815,16392685,14.5940618515015
"2024-05-03",14.8459997177124,14.8540000915527,14.6560001373291,14.7080001831055,8546828,14.4798612594604
"2024-05-06",14.7799997329712,14.923999786377,14.7320003509521,14.8540000915527,6136317,14.6235961914062
"2024-05-07",14.8599996566772,14.9720001220703,14.8400001525879,14.9680004119873,6014785,14.7358283996582
"2024-05-08",14.9799995422363,15.003999710083,14.75,14.9359998703003,8159458,14.70432472229
"2024-05-09",14.9499998092651,15.0579996109009,14.9099998474121,15.0319995880127,6243747,14.7988348007202
"2024-05-10",15.1000003814697,15.2880001068115,15.0920000076294,15.1800003051758,8680007,14.9445400238037
"2024-05-13",15.1820001602173,15.2700004577637,15.1260004043579,15.2379999160767,5040145,15.0016403198242
"2024-05-14",15.2320003509521,15.3100004196167,15.1759996414185,15.1759996414185,6055485,14.940601348877
"2024-05-15",15.2200002670288,15.2480001449585,15.0019998550415,15.1120004653931,8269104,14.8775949478149
"2024-05-16",14.6599998474121,14.8400001525879,14.6000003814697,14.7799997329712,28523757,14.5507440567017
"2024-05-17",14.8219995498657,14.8640003204346,14.7840003967285,14.8280000686646,11414328,14.5979995727539
"2024-05-20",14.75,14.8699998855591,14.6599998474121,14.6599998474121,15048888,14.6599998474121
"2024-05-21",14.6499996185303,14.6680002212524,14.4759998321533,14.5880002975464,9425450,14.5880002975464
"2024-05-22",14.4820003509521,14.496000289917,14.3420000076294,14.4499998092651,10594999,14.4499998092651
"2024-05-23",14.3800001144409,14.5539999008179,14.3640003204346,14.4879999160767,7444290,14.4879999160767
"2024-05-24",14.4099998474121,14.4300003051758,14.3140001296997,14.3839998245239,7718593,14.3839998245239
"2024-05-27",14.3999996185303,14.5819997787476,14.3699998855591,14.5819997787476,5901924,14.5819997787476
"2024-05-28",14.6099996566772,14.6199998855591,14.4840002059937,14.5579996109009,5978268,14.5579996109009
"2024-05-29",14.5979995727539,14.6800003051758,14.3780002593994,14.3859996795654,9381241,14.3859996795654
"2024-05-30",14.3179998397827,14.4300003051758,14.3039999008179,14.3680000305176,6410765,14.3680000305176
"2024-05-31",14.4079999923706,14.5279998779297,14.3800001144409,14.496000289917,14864320,14.496000289917
