"Index","ISP.MI.Open","ISP.MI.High","ISP.MI.Low","ISP.MI.Close","ISP.MI.Volume","ISP.MI.Adjusted"
"2000-01-03",3.64077997207642,3.6585431098938,3.44542002677917,3.46318411827087,23897648,0.771026909351349
"2000-01-04",3.43654298782349,3.48982405662537,3.33885908126831,3.48982405662537,20481528,0.776957869529724
"2000-01-05",3.32998204231262,3.49870109558105,3.32110500335693,3.43654298782349,18498408,0.765095591545105
"2000-01-06",3.45429706573486,3.45429706573486,3.29446506500244,3.30334210395813,15795128,0.735440373420715
"2000-01-07",3.3832631111145,3.42765688896179,3.32110500335693,3.42765688896179,22434802,0.76311731338501
"2000-01-10",3.43654298782349,3.44542002677917,3.31221890449524,3.37437701225281,16991643,0.75125527381897
"2000-01-11",3.33885908126831,3.3832631111145,3.26782393455505,3.32110500335693,21132995,0.739395141601562
"2000-01-12",3.32998204231262,3.33885908126831,3.29446506500244,3.33885908126831,11033842,0.743347764015198
"2000-01-13",3.32998204231262,3.36549997329712,3.27670192718506,3.28557896614075,12873379,0.731485664844513
"2000-01-14",3.30334210395813,3.35662198066711,3.23230695724487,3.32998204231262,17082861,0.741371393203735
"2000-01-17",3.33885908126831,3.36549997329712,3.19678092002869,3.23230695724487,17006846,0.719625413417816
"2000-01-18",3.24118399620056,3.25893807411194,3.09910607337952,3.1523859500885,16730381,0.701832115650177
"2000-01-19",3.17014002799988,3.19678092002869,3.06358790397644,3.06358790397644,21657772,0.68206262588501
"2000-01-20",3.10798311233521,3.1523859500885,3.04582500457764,3.12574601173401,18775436,0.695901453495026
"2000-01-21",3.08134198188782,3.27670192718506,3.07246494293213,3.24118399620056,18138609,0.721601724624634
"2000-01-24",3.24118399620056,3.27670192718506,3.11685991287231,3.12574601173401,11912788,0.695901453495026
"2000-01-25",3.12574601173401,3.14350008964539,3.06358790397644,3.10798311233521,11303550,0.691946625709534
"2000-01-26",3.1523859500885,3.17014002799988,3.02806210517883,3.17014002799988,17001779,0.705784916877747
"2000-01-27",3.17014002799988,3.19678092002869,3.01918506622314,3.04582500457764,14516405,0.678108155727386
"2000-01-28",3.03693890571594,3.07246494293213,2.97478103637695,2.99254393577576,13064821,0.666245758533478
"2000-01-31",3.01030802726746,3.01030802726746,2.9037458896637,2.93038702011108,17803584,0.652407586574554
"2000-02-01",2.94814109802246,2.97478103637695,2.88598299026489,2.93926405906677,15801322,0.654383838176727
"2000-02-02",2.97478103637695,3.04582500457764,2.8771059513092,3.03693890571594,20603712,0.676129639148712
"2000-02-03",3.06358790397644,3.09910607337952,2.99254393577576,3.06358790397644,22653836,0.68206262588501
"2000-02-04",3.04582500457764,3.09021902084351,2.93926405906677,3.09021902084351,13337908,0.687991857528687
"2000-02-07",3.01918506622314,3.04582500457764,2.9037458896637,2.92150092124939,15050192,0.650429129600525
"2000-02-08",2.93038702011108,2.95702695846558,2.88598299026489,2.93038702011108,18301898,0.652407586574554
"2000-02-09",2.93038702011108,3.02806210517883,2.89486002922058,2.98366689682007,19006295,0.664269328117371
"2000-02-10",3.01030802726746,3.25006103515625,2.99254393577576,3.25006103515625,23745058,0.723578333854675
"2000-02-11",3.27670192718506,3.45429706573486,3.25893807411194,3.26782393455505,42730519,0.727532744407654
"2000-02-14",3.25893807411194,3.32110500335693,3.01918506622314,3.04582500457764,31457937,0.678108155727386
"2000-02-15",3.10798311233521,3.12574601173401,3.01918506622314,3.03693890571594,16562024,0.676129639148712
"2000-02-16",3.05470204353333,3.187903881073,3.05470204353333,3.187903881073,23142577,0.709739804267883
"2000-02-17",3.19678092002869,3.22342109680176,3.07246494293213,3.09021902084351,21813741,0.687991857528687
"2000-02-18",3.16126298904419,3.21454405784607,3.09021902084351,3.187903881073,20687046,0.709739804267883
"2000-02-21",3.1523859500885,3.21454405784607,3.11685991287231,3.11685991287231,10817061,0.693922936916351
"2000-02-22",3.16126298904419,3.187903881073,2.98366689682007,3.01030802726746,18171830,0.670200705528259
"2000-02-23",3.05470204353333,3.09910607337952,3.00142192840576,3.04582500457764,14128452,0.678108155727386
"2000-02-24",3.02806210517883,3.09021902084351,2.97478103637695,2.99254393577576,11737674,0.666245758533478
"2000-02-25",3.00142192840576,3.17902588844299,2.99254393577576,3.17902588844299,15696029,0.707763195037842
"2000-02-28",3.16126298904419,3.17902588844299,3.05470204353333,3.14350008964539,15993890,0.699853956699371
"2000-02-29",3.11685991287231,3.41878008842468,3.08134198188782,3.3832631111145,43006985,0.753233671188354
"2000-03-01",3.39213991165161,3.45429706573486,3.29446506500244,3.39213991165161,27876274,0.755209982395172
"2000-03-02",3.41878008842468,3.59637594223022,3.37437701225281,3.59637594223022,34112230,0.80068027973175
"2000-03-03",3.48982405662537,3.70293688774109,3.47206091880798,3.64077997207642,48376943,0.810566067695618
"2000-03-06",4.12918186187744,4.28901481628418,3.68518304824829,4.24461984634399,66388866,0.945002019405365
"2000-03-07",4.08477783203125,4.11141920089722,3.76509499549866,3.84501600265503,50452970,0.856036126613617
"2000-03-08",3.73846411705017,3.9338231086731,3.6762969493866,3.8894190788269,26855434,0.865921676158905
"2000-03-09",4.06701517105103,4.08477783203125,3.73846411705017,3.81837511062622,36635329,0.850104868412018
"2000-03-10",3.85390210151672,3.8894190788269,3.68518304824829,3.72957801818848,24596414,0.830335438251495
"2000-03-13",3.72957801818848,3.73846411705017,3.46318411827087,3.50757789611816,22615547,0.780910611152649
"2000-03-14",3.52534103393555,3.60526204109192,3.46318411827087,3.56974506378174,21941558,0.794751167297363
"2000-03-15",3.50757789611816,3.64077997207642,3.46318411827087,3.59637594223022,14715731,0.80068027973175
"2000-03-16",3.61413908004761,3.72957801818848,3.50757789611816,3.68518304824829,34059301,0.820451557636261
"2000-03-17",3.84501600265503,3.84501600265503,3.36549997329712,3.37437701225281,43418021,0.75125527381897
"2000-03-20",3.43654298782349,3.50757789611816,3.34774494171143,3.3832631111145,17247275,0.753233671188354
"2000-03-21",3.4010169506073,3.50757789611816,3.37437701225281,3.41878008842468,13812573,0.761140763759613
"2000-03-22",3.43654298782349,3.48093795776367,3.26782393455505,3.45429706573486,14255142,0.76904833316803
"2000-03-23",3.50757789611816,3.50757789611816,3.32998204231262,3.48093795776367,12077203,0.774979293346405
"2000-03-24",3.46318411827087,3.53421807289124,3.41878008842468,3.53421807289124,11037783,0.786841571331024
"2000-03-27",3.46318411827087,3.53421807289124,3.45429706573486,3.48982405662537,6599696,0.776957869529724
"2000-03-28",3.46318411827087,3.48982405662537,3.36549997329712,3.3832631111145,9171782,0.753233671188354
"2000-03-29",3.35662198066711,3.40990304946899,3.29446506500244,3.31221890449524,11840152,0.737416625022888
"2000-03-30",3.30334210395813,3.30334210395813,3.20566701889038,3.23230695724487,17527119,0.719625413417816
"2000-03-31",3.19678092002869,3.24118399620056,3.16126298904419,3.20566701889038,15237692,0.713694512844086
"2000-04-03",3.20566701889038,3.33885908126831,3.16126298904419,3.28557896614075,13621693,0.731485664844513
"2000-04-04",3.29446506500244,3.6230161190033,3.29446506500244,3.61413908004761,42437725,0.804634749889374
"2000-04-05",3.56974506378174,3.64077997207642,3.46318411827087,3.57862210273743,30303087,0.796727538108826
"2000-04-06",3.53421807289124,3.56085896492004,3.42765688896179,3.46318411827087,21966894,0.771026909351349
"2000-04-07",3.46318411827087,3.46318411827087,3.36549997329712,3.44542002677917,12691508,0.767072021961212
"2000-04-10",3.39213991165161,3.43654298782349,3.32998204231262,3.39213991165161,10858165,0.755209982395172
"2000-04-11",3.37437701225281,3.56085896492004,3.34774494171143,3.55198192596436,22324442,0.790796339511871
"2000-04-12",3.66741991043091,3.80949807167053,3.64077997207642,3.66741991043091,80774076,0.816497147083282
"2000-04-13",3.6585431098938,3.74734091758728,3.60526204109192,3.6762969493866,34110540,0.818473100662231
"2000-04-14",3.6585431098938,3.68518304824829,3.53421807289124,3.57862210273743,22945503,0.796727538108826
"2000-04-17",3.32998204231262,3.56085896492004,3.32998204231262,3.45429706573486,14081718,0.76904833316803
"2000-04-18",3.51646399497986,3.51646399497986,3.37437701225281,3.37437701225281,10673479,0.75125527381897
"2000-04-19",3.47206091880798,3.49870109558105,3.41878008842468,3.48093795776367,21962391,0.774979293346405
"2000-04-20",3.40990304946899,3.76509499549866,3.4010169506073,3.71182298660278,28107692,0.82638281583786
"2000-04-21",4.00495576858521,4.00495576858521,4.00495576858521,4.00495576858521,0,0.891644358634949
"2000-04-24",4.00495576858521,4.00495576858521,4.00495576858521,4.00495576858521,0,0.891644358634949
"2000-04-25",3.6762969493866,3.84501600265503,3.64077997207642,3.79173493385315,15453910,0.844173908233643
"2000-04-26",3.73846411705017,3.76509499549866,3.63190197944641,3.68518304824829,12480359,0.820451557636261
"2000-04-27",3.64077997207642,3.73846411705017,3.59637594223022,3.72070002555847,17212929,0.828358888626099
"2000-04-28",3.72957801818848,3.72957801818848,3.59637594223022,3.59637594223022,9887439,0.80068027973175
"2000-05-01",3.88039994239807,3.88039994239807,3.88039994239807,3.88039994239807,0,0.863913834095001
"2000-05-02",3.6585431098938,3.6762969493866,3.57862210273743,3.6585431098938,12680810,0.814520657062531
"2000-05-03",3.6230161190033,3.66741991043091,3.48982405662537,3.48982405662537,13215722,0.776957869529724
"2000-05-04",3.47206091880798,3.56974506378174,3.42765688896179,3.51646399497986,17100878,0.782888770103455
"2000-05-05",3.48093795776367,3.52534103393555,3.4010169506073,3.45429706573486,19351453,0.76904833316803
"2000-05-08",3.41359305381775,3.49380803108215,3.35120296478271,3.43141794204712,11652934,0.76395457983017
"2000-05-09",3.46707010269165,3.65423798561096,3.43141794204712,3.64532494544983,28265603,0.811577975749969
"2000-05-10",3.64532494544983,3.72553992271423,3.62749910354614,3.69880199432373,29256315,0.82348370552063
"2000-05-11",3.6364119052887,3.69880199432373,3.6364119052887,3.69880199432373,29975508,0.82348370552063
"2000-05-12",3.68097591400146,3.68097591400146,3.57402300834656,3.59184789657593,24250580,0.79967188835144
"2000-05-15",3.59184789657593,3.59184789657593,3.50272107124329,3.51163291931152,28207820,0.781813204288483
"2000-05-16",3.54728388786316,3.60967397689819,3.46707010269165,3.59184789657593,36313039,0.79967188835144
"2000-05-17",3.55619692802429,3.66315102577209,3.54728388786316,3.60967397689819,26699873,0.803640604019165
"2000-05-18",3.57402300834656,3.770103931427,3.56510996818542,3.7433660030365,66800172,0.833405137062073
"2000-05-19",3.69880199432373,3.69880199432373,3.57402300834656,3.60076093673706,29486322,0.801656424999237
"2000-05-22",3.62749910354614,3.62749910354614,3.52054595947266,3.54728388786316,12232439,0.789750456809998
"2000-05-23",3.59184789657593,3.60967397689819,3.55619692802429,3.59184789657593,7690645,0.79967188835144
"2000-05-24",3.58293604850769,3.60076093673706,3.51163291931152,3.60076093673706,7299633,0.801656424999237
"2000-05-25",3.61858701705933,3.7433660030365,3.60076093673706,3.69880199432373,26955124,0.82348370552063
"2000-05-26",3.61858701705933,3.91270804405212,3.61858701705933,3.83249306678772,54290602,0.853248178958893
"2000-05-29",3.8235809803009,3.91270804405212,3.75227808952332,3.78792905807495,9809513,0.84332662820816
"2000-05-30",3.75227808952332,3.83249306678772,3.68097591400146,3.81466794013977,11607494,0.849279403686523
"2000-05-31",3.78792905807495,3.81466794013977,3.75227808952332,3.770103931427,9792683,0.839357972145081
"2000-06-01",3.7433660030365,3.77901697158813,3.7433660030365,3.76119089126587,11241727,0.837373673915863
"2000-06-02",3.76119089126587,3.770103931427,3.70771408081055,3.73445296287537,11905381,0.831420838832855
"2000-06-05",3.7166268825531,3.79684209823608,3.68097591400146,3.75227808952332,7225582,0.835389614105225
"2000-06-06",3.72553992271423,3.81466794013977,3.72553992271423,3.81466794013977,12170730,0.849279403686523
"2000-06-07",3.80575489997864,3.85031890869141,3.79684209823608,3.83249306678772,30199344,0.853248178958893
"2000-06-08",3.80575489997864,3.83249306678772,3.6898889541626,3.75227808952332,9047685,0.835389614105225
"2000-06-09",3.73445296287537,3.78792905807495,3.70771408081055,3.72553992271423,5469676,0.829436600208282
"2000-06-12",3.75227808952332,3.81466794013977,3.72553992271423,3.73445296287537,5110079,0.831420838832855
"2000-06-13",3.7166268825531,3.86814403533936,3.7166268825531,3.85031890869141,25763015,0.857216775417328
"2000-06-14",3.83249306678772,3.89488291740417,3.79684209823608,3.86814403533936,20447612,0.861185193061829
"2000-06-15",3.87705707550049,3.90379595756531,3.86814403533936,3.90379595756531,14657049,0.869122624397278
"2000-06-16",3.92162108421326,4.05531311035156,3.86814403533936,3.88597011566162,45668149,0.865154027938843
"2000-06-19",3.83249306678772,3.93944692611694,3.8235809803009,3.89488291740417,16267097,0.867138028144836
"2000-06-20",3.88597011566162,3.92162108421326,3.81466794013977,3.84140610694885,13414450,0.855232417583466
"2000-06-21",3.81466794013977,3.89488291740417,3.81466794013977,3.84140610694885,11857696,0.855232417583466
"2000-06-22",3.87705707550049,3.90379595756531,3.81466794013977,3.86814403533936,12376614,0.861185193061829
"2000-06-23",3.83249306678772,3.92162108421326,3.83249306678772,3.91270804405212,14260988,0.871106624603271
"2000-06-26",3.86814403533936,3.98401093482971,3.86814403533936,3.95727205276489,14539240,0.881028354167938
"2000-06-27",3.91270804405212,4.01074886322021,3.91270804405212,4.00183582305908,17956806,0.890949726104736
"2000-06-28",4.00183582305908,4.05531311035156,3.97509789466858,4.02857398986816,13203517,0.896902620792389
"2000-06-29",4.01966190338135,4.23356819152832,4.00183582305908,4.1177020072937,43231198,0.916745781898499
"2000-06-30",4.12661504745483,4.26921892166138,4.08205080032349,4.18009185791016,40482896,0.930635750293732
"2000-07-03",4.17117881774902,4.21574306488037,4.10878896713257,4.19791698455811,17765508,0.934604227542877
"2000-07-04",4.15335321426392,4.21574306488037,4.07313823699951,4.17117881774902,12233561,0.928651392459869
"2000-07-05",4.18900394439697,4.18900394439697,4.0642261505127,4.0642261505127,5781587,0.904840111732483
"2000-07-06",4.05531311035156,4.23356819152832,4.05531311035156,4.23356819152832,30505084,0.942541718482971
"2000-07-07",4.23356819152832,4.31378316879272,4.16226577758789,4.27813196182251,24934991,0.952463030815125
"2000-07-10",4.25139379501343,4.27813196182251,4.1177020072937,4.15335321426392,11159822,0.924683034420013
"2000-07-11",4.12661504745483,4.18900394439697,4.10878896713257,4.18009185791016,9502650,0.930635750293732
"2000-07-12",4.1444411277771,4.26030683517456,4.13552808761597,4.24248123168945,18686096,0.94452577829361
"2000-07-13",4.23356819152832,4.27813196182251,4.19791698455811,4.26030683517456,19714395,0.948494493961334
"2000-07-14",4.26030683517456,4.26030683517456,4.18009185791016,4.19791698455811,17473230,0.934604227542877
"2000-07-17",4.18009185791016,4.24248123168945,4.18009185791016,4.23356819152832,8925950,0.942541718482971
"2000-07-18",4.18900394439697,4.21574306488037,4.08205080032349,4.10878896713257,11310729,0.914761483669281
"2000-07-19",4.09987688064575,4.15335321426392,4.07313823699951,4.1444411277771,11600201,0.922698974609375
"2000-07-20",4.09987688064575,4.22465515136719,4.09987688064575,4.22465515136719,9043758,0.940557301044464
"2000-07-21",4.23356819152832,4.23356819152832,4.18009185791016,4.22465515136719,12082093,0.940557301044464
"2000-07-24",4.16226577758789,4.24248123168945,4.15335321426392,4.24248123168945,9380354,0.94452577829361
"2000-07-25",4.19791698455811,4.24248123168945,4.19791698455811,4.23356819152832,13535625,0.942541718482971
"2000-07-26",4.21574306488037,4.30487012863159,4.20683002471924,4.26030683517456,15165869,0.948494493961334
"2000-07-27",4.24248123168945,4.27813196182251,4.12661504745483,4.12661504745483,16374246,0.91873025894165
"2000-07-28",4.12661504745483,4.16226577758789,4.09096384048462,4.1177020072937,8346445,0.916745781898499
"2000-07-31",4.08205080032349,4.28704500198364,4.02857398986816,4.24248123168945,16169484,0.94452577829361
"2000-08-01",4.23356819152832,4.23356819152832,4.17117881774902,4.20683002471924,7456711,0.936588823795319
"2000-08-02",4.23356819152832,4.24248123168945,4.18900394439697,4.23356819152832,6294334,0.942541718482971
"2000-08-03",4.19791698455811,4.32269620895386,4.19791698455811,4.26921892166138,28441754,0.950478672981262
"2000-08-04",4.23356819152832,4.29595804214478,4.21574306488037,4.25139379501343,15122672,0.946510076522827
"2000-08-07",4.21574306488037,4.44747495651245,4.20683002471924,4.41004085540771,24536125,0.981830537319183
"2000-08-08",4.36725997924805,4.42073678970337,4.34943389892578,4.40915012359619,15822791,0.981632173061371
"2000-08-09",4.40291118621826,4.43856191635132,4.27813196182251,4.3253698348999,14441627,0.962979733943939
"2000-08-10",4.28704500198364,4.37617301940918,4.28704500198364,4.33606481552124,15628687,0.965360879898071
"2000-08-11",4.31378316879272,4.45638799667358,4.29595804214478,4.42340993881226,17776166,0.984807014465332
"2000-08-14",4.41182422637939,4.48312616348267,4.41182422637939,4.45906209945679,7212118,0.992744386196136
"2000-08-15",4.79061698913574,4.79061698913574,4.79061698913574,4.79061698913574,0,1.06656002998352
"2000-08-16",4.50095176696777,4.61681795120239,4.45638799667358,4.59631776809692,21057972,1.02330231666565
"2000-08-17",4.58116722106934,4.59899187088013,4.4920392036438,4.55264616012573,10351432,1.01357984542847
"2000-08-18",4.55442810058594,4.56334114074707,4.40291118621826,4.44480085372925,11269215,0.989569425582886
"2000-08-21",4.42964887619019,4.45638799667358,4.385085105896,4.45014905929565,5283987,0.990760028362274
"2000-08-22",4.45638799667358,4.50095176696777,4.41182422637939,4.49025583267212,8026118,0.999689221382141
"2000-08-23",4.44747495651245,4.53660297393799,4.40291118621826,4.51699495315552,11318022,1.00564205646515
"2000-08-24",4.50095176696777,4.51877689361572,4.42073678970337,4.46619176864624,4426791,0.994331657886505
"2000-08-25",4.42964887619019,4.45638799667358,4.385085105896,4.39845514297485,8709968,0.979251205921173
"2000-08-28",4.39399814605713,4.40291118621826,4.30487012863159,4.32804393768311,7741695,0.963575124740601
"2000-08-29",4.29595804214478,4.30487012863159,4.20683002471924,4.24604606628418,16931873,0.945319652557373
"2000-08-30",4.23356819152832,4.34943389892578,4.23356819152832,4.2505030632019,14609925,0.946312069892883
"2000-08-31",4.28704500198364,4.29595804214478,4.22465515136719,4.27813196182251,7946457,0.952463030815125
"2000-09-01",4.31378316879272,4.31378316879272,4.1177020072937,4.13909292221069,30306493,0.921508073806763
"2000-09-04",4.1444411277771,4.20683002471924,4.01074886322021,4.02322721481323,28791253,0.89571225643158
"2000-09-05",4.02857398986816,4.09096384048462,4.02857398986816,4.06244277954102,17033973,0.904443085193634
"2000-09-06",4.04640007019043,4.12661504745483,4.00183582305908,4.03213977813721,17938293,0.897696554660797
"2000-09-07",4.0642261505127,4.17117881774902,4.0374870300293,4.14265823364258,14807955,0.922301590442657
"2000-09-08",4.16226577758789,4.17117881774902,4.08205080032349,4.09096384048462,10207818,0.910792768001556
"2000-09-11",4.09987688064575,4.15335321426392,4.09096384048462,4.12839794158936,8801410,0.919126987457275
"2000-09-12",4.1177020072937,4.15335321426392,4.08205080032349,4.09809398651123,6161940,0.912380158901215
"2000-09-13",4.08205080032349,4.1177020072937,3.94835901260376,3.96618509292603,18368013,0.883012652397156
"2000-09-14",3.97509789466858,3.98401093482971,3.81466794013977,3.82625389099121,37498977,0.851859092712402
"2000-09-15",3.78792905807495,3.86814403533936,3.77901697158813,3.80486392974854,39806339,0.847096741199493
"2000-09-18",3.85031890869141,3.87705707550049,3.77901697158813,3.81377696990967,18580630,0.849081158638
"2000-09-19",3.8235809803009,3.83249306678772,3.75227808952332,3.76832103729248,11641153,0.8389613032341
"2000-09-20",3.79684209823608,3.80575489997864,3.6898889541626,3.7175190448761,16242413,0.827650725841522
"2000-09-21",3.7166268825531,3.78792905807495,3.65423798561096,3.72553992271423,12661598,0.829436600208282
"2000-09-22",3.67206311225891,3.84140610694885,3.66315102577209,3.83338499069214,17730726,0.85344672203064
"2000-09-25",3.85923194885254,3.85923194885254,3.75227808952332,3.76564788818359,9982299,0.838365972042084
"2000-09-26",3.75227808952332,3.75227808952332,3.66315102577209,3.71306204795837,14484824,0.826658546924591
"2000-09-27",3.65423798561096,3.78792905807495,3.65423798561096,3.77277803421021,14062958,0.839953362941742
"2000-09-28",3.78792905807495,3.91270804405212,3.76119089126587,3.89666509628296,17510256,0.867534935474396
"2000-09-29",3.90379595756531,3.95727205276489,3.86814403533936,3.91805601119995,12837750,0.872297346591949
"2000-10-02",3.90379595756531,4.01074886322021,3.89488291740417,4.00183582305908,14188620,0.890949726104736
"2000-10-03",3.98401093482971,4.01074886322021,3.95727205276489,3.96974992752075,8129902,0.883806586265564
"2000-10-04",3.96618509292603,3.98401093482971,3.87705707550049,3.95103311538696,9045441,0.879639208316803
"2000-10-05",3.95727205276489,4.12661504745483,3.93944692611694,4.09987688064575,28671761,0.912777304649353
"2000-10-06",4.12661504745483,4.17117881774902,3.87705707550049,3.91270804405212,55029429,0.871106624603271
"2000-10-09",3.92162108421326,3.93944692611694,3.81466794013977,3.87260103225708,24697130,0.862177431583405
"2000-10-10",4.09987688064575,4.18009185791016,4.0642261505127,4.1676139831543,54231137,0.927857756614685
"2000-10-11",4.09987688064575,4.17117881774902,4.08205080032349,4.11948490142822,58866617,0.917142570018768
"2000-10-12",4.1177020072937,4.15335321426392,4.05531311035156,4.08383417129517,22068319,0.909205555915833
"2000-10-13",4.01074886322021,4.13552808761597,4.01074886322021,4.0428352355957,24152406,0.900077641010284
"2000-10-16",4.07313823699951,4.1177020072937,4.02857398986816,4.08294200897217,17442937,0.909006774425507
"2000-10-17",4.08205080032349,4.09096384048462,4.02857398986816,4.06689882278442,12738454,0.905435025691986
"2000-10-18",4.0374870300293,4.05531311035156,3.99292302131653,4.02590084075928,12709844,0.896307289600372
"2000-10-19",4.01966190338135,4.1444411277771,3.99292302131653,4.10878896713257,20905382,0.914761483669281
"2000-10-20",4.15335321426392,4.18900394439697,4.09096384048462,4.15513610839844,24800352,0.925079822540283
"2000-10-23",4.09987688064575,4.18009185791016,4.09987688064575,4.15602684020996,14265476,0.925278186798096
"2000-10-24",4.1444411277771,4.18009185791016,4.08205080032349,4.16404914855957,20820672,0.92706423997879
"2000-10-25",4.12661504745483,4.16226577758789,4.08205080032349,4.12661504745483,12479837,0.91873025894165
"2000-10-26",4.12661504745483,4.17117881774902,4.1177020072937,4.13463592529297,11980554,0.920515954494476
"2000-10-27",4.15335321426392,4.17117881774902,4.13552808761597,4.15781021118164,7507761,0.925675332546234
"2000-10-30",4.18009185791016,4.30487012863159,4.16226577758789,4.28704500198364,26854146,0.954447627067566
"2000-10-31",4.29595804214478,4.40291118621826,4.29595804214478,4.38954210281372,31849783,0.977266669273376
"2000-11-01",4.39399814605713,4.52768993377686,4.39399814605713,4.45014905929565,27848224,0.990760028362274
"2000-11-02",4.42964887619019,4.48312616348267,4.32269620895386,4.38954210281372,19401922,0.977266669273376
"2000-11-03",4.34052181243896,4.40291118621826,4.34052181243896,4.40291118621826,9442063,0.980243384838104
"2000-11-06",4.34052181243896,4.47421312332153,4.33160877227783,4.4653000831604,23735028,0.994133055210114
"2000-11-07",4.43856191635132,4.48312616348267,4.42073678970337,4.47153902053833,16912799,0.995522320270538
"2000-11-08",4.45638799667358,4.4653000831604,4.39399814605713,4.41984510421753,7742817,0.984013497829437
"2000-11-09",4.36725997924805,4.45638799667358,4.34943389892578,4.39756298065186,10285796,0.979052543640137
"2000-11-10",4.36725997924805,4.41182422637939,4.34052181243896,4.37795495986938,9385403,0.974687039852142
"2000-11-13",4.32269620895386,4.40291118621826,4.31378316879272,4.36993408203125,9984543,0.972901523113251
"2000-11-14",4.41182422637939,4.44747495651245,4.34943389892578,4.42608404159546,14180205,0.985402643680573
"2000-11-15",4.40291118621826,4.44747495651245,4.37617301940918,4.439453125,9172226,0.988378763198853
"2000-11-16",4.41182422637939,4.47421312332153,4.34052181243896,4.4136061668396,27501531,0.982624411582947
"2000-11-17",4.42875814437866,4.42875814437866,4.42875814437866,4.42875814437866,16221656,0.985997676849365
"2000-11-20",4.39399814605713,4.43856191635132,4.36725997924805,4.38419389724731,13503087,0.976076126098633
"2000-11-21",4.32269620895386,4.4920392036438,4.32269620895386,4.46262693405151,19224649,0.99353814125061
"2000-11-22",4.50986385345459,4.60790491104126,4.50095176696777,4.5410590171814,39498915,1.01099991798401
"2000-11-23",4.50986385345459,4.56334114074707,4.43856191635132,4.49471282958984,19098426,1.00068140029907
"2000-11-24",4.45638799667358,4.48312616348267,4.43856191635132,4.4679741859436,11279313,0.994728565216064
"2000-11-27",4.45638799667358,4.4920392036438,4.42964887619019,4.46619176864624,9069003,0.994331657886505
"2000-11-28",4.44747495651245,4.5455150604248,4.42964887619019,4.52323389053345,25649695,1.00703144073486
"2000-11-29",4.4920392036438,4.56334114074707,4.48312616348267,4.5464072227478,21976878,1.01219046115875
"2000-11-30",4.50986385345459,4.5455150604248,4.45638799667358,4.4653000831604,16872969,0.994133055210114
"2000-12-01",4.5455150604248,4.55442810058594,4.4920392036438,4.53749418258667,13914295,1.01020646095276
"2000-12-04",4.50095176696777,4.51877689361572,4.37617301940918,4.39845514297485,17953440,0.979251205921173
"2000-12-05",4.4920392036438,4.50986385345459,4.42073678970337,4.4653000831604,17933805,0.994133055210114
"2000-12-06",4.4920392036438,4.52768993377686,4.45638799667358,4.5196681022644,19934304,1.00623762607574
"2000-12-07",4.53660297393799,4.55442810058594,4.45638799667358,4.47153902053833,16079725,0.995522320270538
"2000-12-08",4.52768993377686,4.56334114074707,4.4920392036438,4.52234220504761,11045379,1.00683259963989
"2000-12-11",4.5455150604248,4.58116722106934,4.50095176696777,4.52055978775024,16720940,1.00643599033356
"2000-12-12",4.51877689361572,4.5722541809082,4.47421312332153,4.493821144104,11582810,1.00048315525055
"2000-12-13",4.53660297393799,4.53660297393799,4.44747495651245,4.47867012023926,11051550,0.99711012840271
"2000-12-14",4.42073678970337,4.48312616348267,4.36725997924805,4.38241195678711,19468120,0.975679218769073
"2000-12-15",4.36725997924805,4.36725997924805,4.26921892166138,4.29506587982178,25914483,0.956233143806458
"2000-12-18",4.29595804214478,4.39399814605713,4.18900394439697,4.26030683517456,18824100,0.948494493961334
"2000-12-19",4.24248123168945,4.37617301940918,4.20683002471924,4.33160877227783,16491494,0.964368879795074
"2000-12-20",4.33160877227783,4.45638799667358,4.28704500198364,4.43856191635132,19477656,0.988180339336395
"2000-12-21",4.42073678970337,4.55442810058594,4.31378316879272,4.4920392036438,22980493,1.00008654594421
"2000-12-22",4.50986385345459,4.68811988830566,4.47421312332153,4.65246915817261,36219914,1.03580367565155
"2000-12-25",4.65246915817261,4.65246915817261,4.65246915817261,4.65246915817261,0,1.03580367565155
"2000-12-26",4.65246915817261,4.65246915817261,4.65246915817261,4.65246915817261,0,1.03580367565155
"2000-12-27",4.6702938079834,4.67920684814453,4.59007883071899,4.64801216125488,8551768,1.03481149673462
"2000-12-28",4.62573003768921,4.63464307785034,4.52768993377686,4.5981011390686,10629123,1.02369952201843
"2000-12-29",4.60790491104126,4.61681795120239,4.51877689361572,4.56334114074707,6057035,1.01596057415009
"2001-01-01",4.90559196472168,4.90559196472168,4.90559196472168,4.90559196472168,0,1.09215748310089
"2001-01-02",4.47421312332153,4.62573003768921,4.47421312332153,4.59097099304199,7204264,1.0221118927002
"2001-01-03",4.55442810058594,4.60790491104126,4.4653000831604,4.50986385345459,15238237,1.00405490398407
"2001-01-04",4.55442810058594,4.59899187088013,4.51877689361572,4.55710220336914,17393570,1.01457142829895
"2001-01-05",4.5455150604248,4.72377109527588,4.5455150604248,4.66316413879395,28809765,1.03818488121033
"2001-01-08",4.67920684814453,4.70594501495361,4.60790491104126,4.645339012146,12686843,1.03421628475189
"2001-01-09",4.63464307785034,4.73268413543701,4.5722541809082,4.66138219833374,12763138,1.03778779506683
"2001-01-10",4.64355611801147,4.75942182540894,4.60790491104126,4.7228798866272,17967465,1.05147981643677
"2001-01-11",4.70594501495361,4.73268413543701,4.66138219833374,4.71753215789795,15022255,1.05028915405273
"2001-01-12",4.70594501495361,4.70594501495361,4.62573003768921,4.64355611801147,9882442,1.03381931781769
"2001-01-15",4.6702938079834,4.75942182540894,4.66138219833374,4.72377109527588,9237862,1.05167782306671
"2001-01-16",4.6970329284668,4.76833486557007,4.68811988830566,4.74159717559814,16237364,1.05564653873444
"2001-01-17",4.71485805511475,4.81289911270142,4.6970329284668,4.76298713684082,21557255,1.0604088306427
"2001-01-18",4.73268413543701,4.79507303237915,4.64355611801147,4.73714017868042,11739888,1.05465447902679
"2001-01-19",4.73268413543701,4.73268413543701,4.64355611801147,4.6970329284668,15675811,1.04572522640228
"2001-01-22",4.67920684814453,4.78615999221802,4.64355611801147,4.76209592819214,12091069,1.06021022796631
"2001-01-23",4.75496578216553,4.75496578216553,4.75496578216553,4.75496578216553,120613,1.05862307548523
"2001-01-24",4.7505087852478,4.84854984283447,4.7505087852478,4.83518123626709,23571218,1.07648169994354
"2001-01-25",4.84854984283447,4.91985177993774,4.75942182540894,4.79507303237915,28838937,1.06755232810974
"2001-01-26",4.71485805511475,4.76833486557007,4.66138219833374,4.71753215789795,15748179,1.05028915405273
"2001-01-29",4.76833486557007,4.7772479057312,4.67920684814453,4.698814868927,7157141,1.0461220741272
"2001-01-30",4.64801216125488,4.64801216125488,4.64801216125488,4.64801216125488,159321,1.03481149673462
"2001-01-31",4.67207717895508,4.67207717895508,4.67207717895508,4.67207717895508,60587,1.04016923904419
"2001-02-01",4.67920684814453,4.67920684814453,4.55442810058594,4.60701417922974,17045754,1.02568387985229
"2001-02-02",4.61681795120239,4.63464307785034,4.51877689361572,4.53303813934326,10635294,1.00921416282654
"2001-02-05",4.50986385345459,4.53660297393799,4.40291118621826,4.43677997589111,25958802,0.98778361082077
"2001-02-06",4.43856191635132,4.52768993377686,4.42073678970337,4.46084403991699,10906253,0.993140995502472
"2001-02-07",4.42964887619019,4.45638799667358,4.385085105896,4.42073678970337,9807830,0.984212100505829
"2001-02-08",4.43856191635132,4.50986385345459,4.42964887619019,4.46440887451172,11588420,0.993934750556946
"2001-02-09",4.45638799667358,4.50095176696777,4.40291118621826,4.44034481048584,6293212,0.988577365875244
"2001-02-12",4.45638799667358,4.5455150604248,4.45638799667358,4.5455150604248,9025246,1.01199197769165
"2001-02-13",4.55442810058594,4.59007883071899,4.50095176696777,4.56244993209839,12864678,1.01576220989227
"2001-02-14",4.50986385345459,4.5722541809082,4.47421312332153,4.51342916488647,8195538,1.00484871864319
"2001-02-15",4.53660297393799,4.56334114074707,4.50986385345459,4.53749418258667,7137506,1.01020646095276
"2001-02-16",4.48312616348267,4.56334114074707,4.385085105896,4.42964887619019,20942969,0.986196160316467
"2001-02-19",4.42073678970337,4.50095176696777,4.41182422637939,4.45816993713379,7020259,0.992545962333679
"2001-02-20",4.44747495651245,4.48312616348267,4.34052181243896,4.36369514465332,13479525,0.971512496471405
"2001-02-21",4.36725997924805,4.40291118621826,4.24248123168945,4.28704500198364,20049308,0.954447627067566
"2001-02-22",4.27813196182251,4.33160877227783,4.13552808761597,4.14265823364258,26879951,0.922301590442657
"2001-02-23",4.1444411277771,4.18900394439697,4.00183582305908,4.1177020072937,21452350,0.916745781898499
"2001-02-26",4.0374870300293,4.18009185791016,4.0374870300293,4.15335321426392,14186376,0.924683034420013
"2001-02-27",4.1444411277771,4.16226577758789,4.0642261505127,4.10076808929443,15669640,0.912975668907166
"2001-02-28",4.10878896713257,4.17117881774902,4.05531311035156,4.0945291519165,19068132,0.911586761474609
"2001-03-01",4.05531311035156,4.1444411277771,4.00183582305908,4.0900731086731,26390766,0.910594642162323
"2001-03-02",4.12661504745483,4.13552808761597,3.92162108421326,3.99292302131653,18485822,0.888965487480164
"2001-03-05",3.97509789466858,4.01074886322021,3.89488291740417,3.92162108421326,9438697,0.873091220855713
"2001-03-06",3.92162108421326,3.98401093482971,3.88597011566162,3.95281600952148,8556256,0.880036234855652
"2001-03-07",3.93053388595581,3.99292302131653,3.92162108421326,3.95727205276489,9538554,0.881028354167938
"2001-03-08",3.98401093482971,3.99292302131653,3.89488291740417,3.95727205276489,13078416,0.881028354167938
"2001-03-09",3.95727205276489,4.00183582305908,3.92162108421326,3.95549011230469,9972201,0.880631685256958
"2001-03-12",3.93053388595581,3.93944692611694,3.8235809803009,3.84675407409668,14806272,0.856423079967499
"2001-03-13",3.81466794013977,3.87705707550049,3.78792905807495,3.83338499069214,10487192,0.85344672203064
"2001-03-14",3.84140610694885,3.84140610694885,3.6898889541626,3.770103931427,21385031,0.839357972145081
"2001-03-15",3.77901697158813,3.86814403533936,3.72553992271423,3.81288504600525,20376366,0.848882675170898
"2001-03-16",3.8235809803009,3.89488291740417,3.770103931427,3.78792905807495,43708041,0.84332662820816
"2001-03-19",3.73445296287537,3.85923194885254,3.73445296287537,3.75227808952332,23229293,0.835389614105225
"2001-03-20",3.81466794013977,3.81466794013977,3.68097591400146,3.69612789154053,31932810,0.822888553142548
"2001-03-21",3.66315102577209,3.76119089126587,3.64532494544983,3.69880199432373,19031387,0.82348370552063
"2001-03-22",3.69880199432373,3.70771408081055,3.57402300834656,3.59897899627686,14102508,0.801259696483612
"2001-03-23",3.6364119052887,3.6898889541626,3.57402300834656,3.66225910186768,15649725,0.815347969532013
"2001-03-26",3.69880199432373,3.770103931427,3.68097591400146,3.70771408081055,22788073,0.825467944145203
"2001-03-27",3.72553992271423,3.77901697158813,3.67206311225891,3.72553992271423,27393540,0.829436600208282
"2001-03-28",3.7166268825531,3.770103931427,3.69880199432373,3.7148449420929,26098489,0.827055335044861
"2001-03-29",3.6898889541626,3.78792905807495,3.64532494544983,3.78792905807495,21650941,0.84332662820816
"2001-03-30",3.76119089126587,3.86814403533936,3.75227808952332,3.81021094322205,34361627,0.848287463188171
"2001-04-02",3.84140610694885,3.85923194885254,3.72553992271423,3.78792905807495,32446118,0.84332662820816
"2001-04-03",3.77901697158813,3.77901697158813,3.70771408081055,3.7193009853363,25987412,0.828047573566437
"2001-04-04",3.72553992271423,3.78792905807495,3.68097591400146,3.770103931427,33896564,0.839357972145081
"2001-04-05",3.76119089126587,3.89488291740417,3.75227808952332,3.8235809803009,33613543,0.85126394033432
"2001-04-06",3.85031890869141,3.86814403533936,3.73445296287537,3.79684209823608,12184194,0.845310866832733
"2001-04-09",3.76119089126587,3.8235809803009,3.7433660030365,3.79951596260071,9276290,0.845906257629395
"2001-04-10",3.8235809803009,3.84140610694885,3.79684209823608,3.81555891036987,9629995,0.84947794675827
"2001-04-11",3.79684209823608,3.84140610694885,3.770103931427,3.84140610694885,17607027,0.855232417583466
"2001-04-12",3.78792905807495,3.85031890869141,3.78792905807495,3.84051489830017,10120022,0.855034112930298
"2001-04-13",4.13909292221069,4.13909292221069,4.13909292221069,4.13909292221069,0,0.921508073806763
"2001-04-16",4.13909292221069,4.13909292221069,4.13909292221069,4.13909292221069,0,0.921508073806763
"2001-04-17",3.8235809803009,3.86814403533936,3.79684209823608,3.8494279384613,7901578,0.857018232345581
"2001-04-18",3.90379595756531,3.95727205276489,3.85923194885254,3.93053388595581,9929004,0.87507563829422
"2001-04-19",3.94835901260376,3.95727205276489,3.88597011566162,3.91270804405212,17746714,0.871106624603271
"2001-04-20",3.92162108421326,3.94835901260376,3.84140610694885,3.86903595924377,24084246,0.861383736133575
"2001-04-23",3.81466794013977,3.8235809803009,3.72553992271423,3.72553992271423,11591786,0.829436600208282
"2001-04-24",3.72553992271423,3.79684209823608,3.7166268825531,3.77901697158813,14017237,0.841342508792877
"2001-04-25",3.7433660030365,3.80575489997864,3.73445296287537,3.78703808784485,7263449,0.843128263950348
"2001-04-26",3.81466794013977,3.88597011566162,3.80575489997864,3.87705707550049,19360970,0.86316967010498
"2001-04-27",3.85031890869141,3.86814403533936,3.79684209823608,3.85299301147461,9056100,0.857812106609344
"2001-04-30",3.8235809803009,3.8235809803009,3.770103931427,3.79149508476257,13491306,0.844120562076569
"2001-05-01",4.0528621673584,4.0528621673584,4.0528621673584,4.0528621673584,0,0.902310132980347
"2001-05-02",3.81466794013977,3.85923194885254,3.7433660030365,3.81912398338318,14661256,0.850271582603455
"2001-05-03",3.85031890869141,3.87705707550049,3.81466794013977,3.83605790138245,16967215,0.854041934013367
"2001-05-04",3.85923194885254,3.95727205276489,3.8235809803009,3.91270804405212,27536593,0.871106624603271
"2001-05-07",3.95727205276489,3.96618509292603,3.91270804405212,3.94835901260376,11033598,0.879043996334076
"2001-05-08",3.94835901260376,3.99292302131653,3.93053388595581,3.98401093482971,14738673,0.886981308460236
"2001-05-09",3.97509789466858,3.97509789466858,3.87705707550049,3.90379595756531,15256469,0.869122624397278
"2001-05-10",3.91270804405212,3.94835901260376,3.89488291740417,3.91983890533447,14590851,0.872694194316864
"2001-05-11",3.93053388595581,3.99292302131653,3.90379595756531,3.97955393791199,12302283,0.88598906993866
"2001-05-14",3.94835901260376,4.0374870300293,3.93944692611694,3.96351099014282,12687404,0.88241720199585
"2001-05-15",3.95727205276489,3.97509789466858,3.90379595756531,3.91092610359192,12521070,0.870710074901581
"2001-05-16",3.88597011566162,3.93053388595581,3.85031890869141,3.89488291740417,12698063,0.867138028144836
"2001-05-17",3.90379595756531,3.92162108421326,3.8235809803009,3.85655808448792,16266255,0.858605861663818
"2001-05-18",3.85923194885254,3.87705707550049,3.8235809803009,3.85655808448792,60326320,0.858605861663818
"2001-05-21",3.86814403533936,3.87705707550049,3.8235809803009,3.83249306678772,13304496,0.853248178958893
"2001-05-22",3.84140610694885,3.91270804405212,3.8235809803009,3.89488291740417,20099236,0.867138028144836
"2001-05-23",3.87705707550049,3.94835901260376,3.86814403533936,3.93053388595581,37554235,0.87507563829422
"2001-05-24",3.94479393959045,3.94479393959045,3.94479393959045,3.94479393959045,609518,0.878250360488892
"2001-05-25",3.93053388595581,3.98401093482971,3.92162108421326,3.95727205276489,16649133,0.881028354167938
"2001-05-28",3.96618509292603,3.99292302131653,3.96618509292603,3.97509789466858,5211619,0.884996950626373
"2001-05-29",3.97509789466858,4.02857398986816,3.96618509292603,4.01520490646362,29874248,0.89392626285553
"2001-05-30",4.00183582305908,4.04640007019043,3.95727205276489,4.00183582305908,22771243,0.890949726104736
"2001-05-31",3.97509789466858,3.99292302131653,3.86814403533936,3.88507890701294,29822637,0.864955484867096
"2001-06-01",3.87705707550049,3.92162108421326,3.84140610694885,3.86814403533936,14279501,0.861185193061829
"2001-06-04",3.89488291740417,3.89488291740417,3.8235809803009,3.83249306678772,13814718,0.853248178958893
"2001-06-05",3.83249306678772,3.83249306678772,3.78792905807495,3.81466794013977,16998631,0.849279403686523
"2001-06-06",3.80575489997864,3.81466794013977,3.7433660030365,3.770103931427,22137602,0.839357972145081
"2001-06-07",3.78792905807495,3.78792905807495,3.72553992271423,3.75673508644104,16272426,0.836381912231445
"2001-06-08",3.76119089126587,3.77901697158813,3.72553992271423,3.75406098365784,14999254,0.835786461830139
"2001-06-11",3.7433660030365,3.80575489997864,3.73445296287537,3.77455997467041,15827840,0.840350091457367
"2001-06-12",3.79684209823608,3.80575489997864,3.68097591400146,3.70771408081055,18782867,0.825467944145203
"2001-06-13",3.7166268825531,3.72553992271423,3.67206311225891,3.69701910018921,10824629,0.823086798191071
"2001-06-14",3.6898889541626,3.70771408081055,3.62749910354614,3.65423798561096,14319331,0.813562393188477
"2001-06-15",3.62749910354614,3.70771408081055,3.60967397689819,3.65423798561096,31733377,0.813562393188477
"2001-06-18",3.65423798561096,3.69880199432373,3.6364119052887,3.67206311225891,10737394,0.817530751228333
"2001-06-19",3.65423798561096,3.65423798561096,3.59184789657593,3.61858701705933,33603726,0.805625081062317
"2001-06-20",3.60967397689819,3.60967397689819,3.54728388786316,3.59986996650696,19060278,0.80145800113678
"2001-06-21",3.60967397689819,3.62749910354614,3.58293604850769,3.62749910354614,12936204,0.80760931968689
"2001-06-22",3.61858701705933,3.67206311225891,3.60967397689819,3.66315102577209,10418751,0.815546572208405
"2001-06-25",3.64532494544983,3.69880199432373,3.6364119052887,3.65423798561096,10064765,0.813562393188477
"2001-06-26",3.65423798561096,3.67206311225891,3.61858701705933,3.65423798561096,13582187,0.813562393188477
"2001-06-27",3.64532494544983,3.70771408081055,3.62749910354614,3.68810606002808,10885216,0.821102440357208
"2001-06-28",3.68097591400146,3.7433660030365,3.64532494544983,3.72553992271423,14740075,0.829436600208282
"2001-06-29",3.70771408081055,3.7433660030365,3.69880199432373,3.72643089294434,11798231,0.829634845256805
"2001-07-02",3.7433660030365,3.78792905807495,3.70771408081055,3.78792905807495,9589043,0.84332662820816
"2001-07-03",3.770103931427,3.77901697158813,3.69880199432373,3.70771408081055,10425763,0.825467944145203
"2001-07-04",3.69880199432373,3.7166268825531,3.67206311225891,3.68097591400146,11188432,0.819515109062195
"2001-07-05",3.65423798561096,3.72553992271423,3.65423798561096,3.67206311225891,17310543,0.817530751228333
"2001-07-06",3.66315102577209,3.67206311225891,3.60076093673706,3.61680388450623,13863244,0.805227994918823
"2001-07-09",3.61858701705933,3.65423798561096,3.58293604850769,3.59808707237244,8931560,0.801060974597931
"2001-07-10",3.60967397689819,3.64532494544983,3.60076093673706,3.61858701705933,17655553,0.805625081062317
"2001-07-11",3.60076093673706,3.62749910354614,3.56510996818542,3.57313203811646,13378547,0.795505285263062
"2001-07-12",3.59184789657593,3.62749910354614,3.50272107124329,3.50717711448669,17940818,0.78082138299942
"2001-07-13",3.52945899963379,3.52945899963379,3.41359305381775,3.48756909370422,21101449,0.776455938816071
"2001-07-16",3.47598195075989,3.49380803108215,3.41359305381775,3.42517900466919,14602352,0.762565493583679
"2001-07-17",3.41359305381775,3.43141794204712,3.20859909057617,3.2415759563446,46338535,0.72168892621994
"2001-07-18",3.26207590103149,3.27990102767944,3.19077301025391,3.19968605041504,29387027,0.712363004684448
"2001-07-19",3.21751189231873,3.26207590103149,3.18186092376709,3.24870610237122,19064205,0.723276495933533
"2001-07-20",3.24425005912781,3.27990102767944,3.13729691505432,3.26207590103149,16683073,0.726253151893616
"2001-07-23",3.26207590103149,3.27990102767944,3.22642493247986,3.27990102767944,4853986,0.730221509933472
"2001-07-24",3.26207590103149,3.27098798751831,3.23533701896667,3.26474905014038,8883875,0.726848363876343
"2001-07-25",3.26207590103149,3.28881406784058,3.19077301025391,3.20949006080627,14708660,0.714545607566833
"2001-07-26",3.20859909057617,3.22642493247986,3.18186092376709,3.22642493247986,8762140,0.718315839767456
"2001-07-27",3.23533701896667,3.29772710800171,3.22642493247986,3.24603295326233,10458301,0.722681403160095
"2001-07-30",3.24425005912781,3.27990102767944,3.22642493247986,3.24425005912781,12487130,0.722284436225891
"2001-07-31",3.22642493247986,3.25316309928894,3.19968605041504,3.23177194595337,12624853,0.719506502151489
"2001-08-01",3.25316309928894,3.26207590103149,3.21751189231873,3.26207590103149,9125663,0.726253151893616
"2001-08-02",3.27098798751831,3.27990102767944,3.19968605041504,3.21751189231873,20167958,0.716331601142883
"2001-08-03",3.20859909057617,3.22642493247986,3.1640350818634,3.19968605041504,12682355,0.712363004684448
"2001-08-06",3.19968605041504,3.23533701896667,3.14620995521545,3.17294788360596,13072245,0.706410050392151
"2001-08-07",3.17294788360596,3.19077301025391,3.14620995521545,3.18186092376709,8308578,0.708394229412079
"2001-08-08",3.18186092376709,3.19077301025391,3.11947107315063,3.15244889259338,8656393,0.701846301555634
"2001-08-09",3.12838411331177,3.14620995521545,3.083820104599,3.10164594650269,10518327,0.6905357837677
"2001-08-10",3.10164594650269,3.1105580329895,3.00360488891602,3.03925609588623,16586862,0.676645755767822
"2001-08-13",3.04816889762878,3.06599497795105,2.99469208717346,3.03925609588623,5080908,0.676645755767822
"2001-08-14",3.07490706443787,3.11947107315063,3.07490706443787,3.083820104599,13048122,0.686567068099976
"2001-08-15",3.31510710716248,3.31510710716248,3.31510710716248,3.31510710716248,0,0.738059759140015
"2001-08-16",3.083820104599,3.09273290634155,2.98578000068665,2.99201893806458,18079102,0.666128993034363
"2001-08-17",2.99469208717346,3.00360488891602,2.95012807846069,2.97686696052551,16642962,0.66275554895401
"2001-08-20",2.99469208717346,3.03925609588623,2.95012807846069,3.00538802146912,12835506,0.669105350971222
"2001-08-21",3.02143096923828,3.1105580329895,2.98578000068665,3.1105580329895,15556880,0.692519843578339
"2001-08-22",3.10164594650269,3.23533701896667,3.07490706443787,3.22642493247986,33838782,0.718315839767456
"2001-08-23",3.24425005912781,3.25316309928894,3.17294788360596,3.22642493247986,19530670,0.718315839767456
"2001-08-24",3.20859909057617,3.27990102767944,3.19968605041504,3.2415759563446,21280406,0.72168892621994
"2001-08-27",3.24425005912781,3.26207590103149,3.18186092376709,3.19433903694153,4898305,0.711172521114349
"2001-08-28",3.19968605041504,3.21751189231873,3.17294788360596,3.19077301025391,10285235,0.710378646850586
"2001-08-29",3.17294788360596,3.25316309928894,3.15512204170227,3.25316309928894,15013559,0.724268794059753
"2001-08-30",3.24425005912781,3.27098798751831,3.18186092376709,3.20859909057617,12556693,0.714347302913666
"2001-08-31",3.21751189231873,3.27098798751831,3.20859909057617,3.2665319442749,9781463,0.727245271205902
"2001-09-03",3.27098798751831,3.27990102767944,3.19968605041504,3.25316309928894,10046252,0.724268794059753
"2001-09-04",3.28881406784058,3.31555199623108,3.25316309928894,3.30842208862305,17762983,0.736571311950684
"2001-09-05",3.28881406784058,3.31555199623108,3.22642493247986,3.23533701896667,24469367,0.720300197601318
"2001-09-06",3.27990102767944,3.28881406784058,3.083820104599,3.15512204170227,32049777,0.702441394329071
"2001-09-07",3.11947107315063,3.13729691505432,3.00360488891602,3.03301692008972,25641000,0.675256431102753
"2001-09-10",3.02143096923828,3.06599497795105,2.95012807846069,3.0303430557251,16915324,0.674661159515381
"2001-09-11",3.04816889762878,3.06599497795105,2.72730898857117,2.8164370059967,29248181,0.627038240432739
"2001-09-12",2.72730898857117,2.93230295181274,2.71839594841003,2.80306792259216,23413299,0.624061822891235
"2001-09-13",2.80752396583557,2.80752396583557,2.6827449798584,2.77900290489197,24012439,0.618704080581665
"2001-09-14",2.75404691696167,2.80752396583557,2.60253000259399,2.6301600933075,23801505,0.585566282272339
"2001-09-17",2.59361696243286,2.70057106018066,2.54014110565186,2.59094405174255,16315342,0.576835691928864
"2001-09-18",2.58470511436462,2.59361696243286,2.37079811096191,2.41714406013489,28836973,0.538141429424286
"2001-09-19",2.42427492141724,2.44210004806519,2.22819399833679,2.25493192672729,44746721,0.502027451992035
"2001-09-20",1.99646103382111,2.24601888656616,1.98754894733429,1.99646103382111,57035538,0.444482624530792
"2001-09-21",1.9162460565567,2.10341501235962,1.87168300151825,1.96883201599121,69426456,0.438331425189972
"2001-09-24",2.04993796348572,2.1524350643158,2.04993796348572,2.12391400337219,36837286,0.472858220338821
"2001-09-25",2.10341501235962,2.18362998962402,2.02320003509521,2.16580390930176,36237585,0.482184320688248
"2001-09-26",2.1568911075592,2.31732106208801,2.06776404380798,2.2059121131897,67790324,0.491113841533661
"2001-09-27",2.23710608482361,2.3084089756012,2.16134810447693,2.26384496688843,24050586,0.504011690616608
"2001-09-28",2.39307999610901,2.39753603935242,2.37079811096191,2.38416695594788,190176,0.530799567699432
"2001-10-01",2.40644907951355,2.4153618812561,2.2861270904541,2.30306100845337,33501625,0.512742459774017
"2001-10-02",2.32623410224915,2.33960294723511,2.16580390930176,2.21838998794556,39859355,0.493891805410385
"2001-10-03",2.19254207611084,2.2059121131897,2.12569689750671,2.18808603286743,38157021,0.487145155668259
"2001-10-04",2.18808603286743,2.2593879699707,2.10787105560303,2.18362998962402,69938081,0.486153125762939
"2001-10-05",2.1568911075592,2.25493192672729,2.09450197219849,2.1524350643158,82829409,0.479207992553711
"2001-10-08",2.13015294075012,2.16580390930176,2.09004592895508,2.15510892868042,29269779,0.47980323433876
"2001-10-09",2.13906598091125,2.21928095817566,2.13460898399353,2.18630409240723,32750176,0.486748337745667
"2001-10-10",2.16580390930176,2.36188507080078,2.13906598091125,2.35029888153076,39013378,0.523259460926056
"2001-10-11",2.4153618812561,2.50003290176392,2.40644907951355,2.44210004806519,50986918,0.543697655200958
"2001-10-12",2.43764400482178,2.45546889305115,2.3084089756012,2.34049510955811,28989283,0.521076798439026
"2001-10-15",2.3084089756012,2.34405994415283,2.23710608482361,2.25225806236267,25660634,0.501432120800018
"2001-10-16",2.28167009353638,2.32623410224915,2.25047588348389,2.30306100845337,23617780,0.512742459774017
"2001-10-17",2.35297203063965,2.44210004806519,2.35297203063965,2.4153618812561,35076051,0.537744641304016
"2001-10-18",2.34405994415283,2.44655704498291,2.3351469039917,2.43496990203857,20257997,0.542110204696655
"2001-10-19",2.44210004806519,2.47329497337341,2.3351469039917,2.36188507080078,25228670,0.525838792324066
"2001-10-22",2.37079811096191,2.42427492141724,2.3351469039917,2.42427492141724,10598549,0.539729118347168
"2001-10-23",2.44210004806519,2.49557709693909,2.42427492141724,2.49557709693909,18176995,0.555603325366974
"2001-10-24",2.47329497337341,2.56242299079895,2.47329497337341,2.53122806549072,21576610,0.563540697097778
"2001-10-25",2.55350995063782,2.58470511436462,2.39307999610901,2.39753603935242,37398279,0.533776044845581
"2001-10-26",2.45101308822632,2.51785898208618,2.39753603935242,2.50894594192505,20944652,0.558579862117767
"2001-10-29",2.48220801353455,2.49112010002136,2.35297203063965,2.40644907951355,26315874,0.535760462284088
"2001-10-30",2.3886239528656,2.39307999610901,2.24601888656616,2.30306100845337,39304812,0.512742459774017
"2001-10-31",2.28167009353638,2.34405994415283,2.26384496688843,2.31643009185791,21769871,0.515718996524811
"2001-11-01",2.29949593544006,2.37971091270447,2.2593879699707,2.35921096801758,11387024,0.52524346113205
"2001-11-02",2.37079811096191,2.39307999610901,2.3084089756012,2.35653805732727,14464067,0.524648308753967
"2001-11-05",2.39753603935242,2.40644907951355,2.3351469039917,2.39129710197449,23096338,0.53238719701767
"2001-11-06",2.41090607643127,2.4153618812561,2.3128650188446,2.31732106208801,18667583,0.515917301177979
"2001-11-07",2.3351469039917,2.37525391578674,2.31732106208801,2.35921096801758,19606404,0.52524346113205
"2001-11-08",2.33960294723511,2.39753603935242,2.28167009353638,2.36723303794861,32652283,0.527029454708099
"2001-11-09",2.3351469039917,2.3351469039917,2.2861270904541,2.29682207107544,23101387,0.511353671550751
"2001-11-12",2.2861270904541,2.29058289527893,2.13906598091125,2.23710608482361,28222126,0.498058676719666
"2001-11-13",2.25047588348389,2.29503893852234,2.2059121131897,2.26830101013184,27939666,0.505003809928894
"2001-11-14",2.24601888656616,2.25047588348389,2.13906598091125,2.13906598091125,69166719,0.476231515407562
"2001-11-15",2.17026090621948,2.24601888656616,2.14352202415466,2.16402196884155,53680521,0.4817875623703
"2001-11-16",2.1568911075592,2.22819399833679,2.1524350643158,2.21928095817566,32467436,0.494090169668198
"2001-11-19",2.2326500415802,2.3886239528656,2.22819399833679,2.35297203063965,47081006,0.523854613304138
"2001-11-20",2.37525391578674,2.45546889305115,2.35297203063965,2.39753603935242,34885594,0.533776044845581
"2001-11-21",2.39753603935242,2.46883893013,2.3886239528656,2.45101308822632,21043947,0.545681834220886
"2001-11-22",2.47775101661682,2.51785898208618,2.46438193321228,2.49112010002136,24524905,0.554611206054688
"2001-11-23",2.51340198516846,2.57579207420349,2.49557709693909,2.55796599388123,39638322,0.569493591785431
"2001-11-26",2.57133507728577,2.59807395935059,2.49557709693909,2.49557709693909,23433775,0.555603325366974
"2001-11-27",2.51340198516846,2.51785898208618,2.39753603935242,2.45992588996887,29546629,0.547666192054749
"2001-11-28",2.43764400482178,2.56242299079895,2.4153618812561,2.50003290176392,22022038,0.55659544467926
"2001-11-29",2.49112010002136,2.51340198516846,2.44210004806519,2.45636105537415,22986103,0.546872675418854
"2001-11-30",2.47775101661682,2.49557709693909,2.40644907951355,2.43407893180847,28989844,0.541911721229553
"2001-12-03",2.37525391578674,2.39753603935242,2.33069109916687,2.37971091270447,20776354,0.52980762720108
"2001-12-04",2.36188507080078,2.42873096466064,2.35742902755737,2.41268801689148,25178461,0.537149369716644
"2001-12-05",2.4153618812561,2.54459691047668,2.41090607643127,2.53568410873413,28114135,0.564532816410065
"2001-12-06",2.53568410873413,2.55796599388123,2.48666405677795,2.49112010002136,24403731,0.554611206054688
"2001-12-07",2.50003290176392,2.52231502532959,2.44210004806519,2.44210004806519,14957179,0.543697655200958
"2001-12-10",2.44210004806519,2.46883893013,2.39307999610901,2.42427492141724,19537402,0.539729118347168
"2001-12-11",2.42427492141724,2.45546889305115,2.39753603935242,2.4153618812561,16214083,0.537744641304016
"2001-12-12",2.43318700790405,2.43318700790405,2.37079811096191,2.39307999610901,14910337,0.532784163951874
"2001-12-13",2.39307999610901,2.40199303627014,2.28167009353638,2.29236602783203,28250456,0.51036149263382
"2001-12-14",2.29058289527893,2.37079811096191,2.2593879699707,2.36188507080078,23628159,0.525838792324066
"2001-12-17",2.35297203063965,2.43318700790405,2.34405994415283,2.43318700790405,13687654,0.541713356971741
"2001-12-18",2.41981792449951,2.46883893013,2.38416695594788,2.38416695594788,18646827,0.530799567699432
"2001-12-19",2.41090607643127,2.42427492141724,2.35297203063965,2.36099410057068,13395377,0.525640606880188
"2001-12-20",2.34405994415283,2.37079811096191,2.32177805900574,2.34495091438293,13049805,0.522068679332733
"2001-12-21",2.32177805900574,2.44655704498291,2.29949593544006,2.42516589164734,29738208,0.53992748260498
"2001-12-24",2.58214688301086,2.58214688301086,2.58214688301086,2.58214688301086,0,0.574877083301544
"2001-12-25",2.58214688301086,2.58214688301086,2.58214688301086,2.58214688301086,0,0.574877083301544
"2001-12-26",2.58214688301086,2.58214688301086,2.58214688301086,2.58214688301086,0,0.574877083301544
"2001-12-27",2.45992588996887,2.53568410873413,2.45992588996887,2.53122806549072,13947113,0.563540697097778
"2001-12-28",2.53122806549072,2.54014110565186,2.47775101661682,2.50716304779053,10297015,0.558182835578918
"2001-12-31",2.69232606887817,2.69232606887817,2.69232606887817,2.69232606887817,0,0.599406838417053
"2002-01-01",2.69232606887817,2.69232606887817,2.69232606887817,2.69232606887817,0,0.599406838417053
"2002-01-02",2.49112010002136,2.51340198516846,2.42427492141724,2.44744801521301,19730944,0.544888257980347
"2002-01-03",2.46438193321228,2.46883893013,2.41981792449951,2.44655704498291,18862248,0.544689893722534
"2002-01-04",2.45992588996887,2.45992588996887,2.41090607643127,2.4153618812561,17118964,0.537744641304016
"2002-01-07",2.42873096466064,2.45992588996887,2.4153618812561,2.44210004806519,15874963,0.543697655200958
"2002-01-08",2.42427492141724,2.46438193321228,2.41981792449951,2.43318700790405,17437046,0.541713356971741
"2002-01-09",2.43318700790405,2.50448989868164,2.41090607643127,2.50448989868164,24569224,0.557587683200836
"2002-01-10",2.45992588996887,2.49557709693909,2.44655704498291,2.46705603599548,21827093,0.549253702163696
"2002-01-11",2.47775101661682,2.47775101661682,2.43318700790405,2.43764400482178,12893849,0.542705416679382
"2002-01-14",2.42427492141724,2.43764400482178,2.37079811096191,2.38416695594788,16408536,0.530799567699432
"2002-01-15",2.37971091270447,2.41090607643127,2.34851598739624,2.40199303627014,21398842,0.534768283367157
"2002-01-16",2.42427492141724,2.42427492141724,2.37079811096191,2.40288400650024,20877355,0.534966647624969
"2002-01-17",2.41090607643127,2.47329497337341,2.39753603935242,2.47329497337341,17505220,0.550642549991608
"2002-01-18",2.45546889305115,2.55796599388123,2.45546889305115,2.5517270565033,22078700,0.568104386329651
"2002-01-21",2.54459691047668,2.54905390739441,2.48666405677795,2.50003290176392,10539327,0.55659544467926
"2002-01-22",2.49557709693909,2.55350995063782,2.47775101661682,2.54370594024658,14596804,0.566318690776825
"2002-01-23",2.54014110565186,2.54905390739441,2.51340198516846,2.53122806549072,21266291,0.563540697097778
"2002-01-24",2.54459691047668,2.62481188774109,2.53568410873413,2.60787796974182,43745542,0.580605626106262
"2002-01-25",2.61144304275513,2.63818097114563,2.59361696243286,2.61233401298523,21160535,0.581597626209259
"2002-01-28",2.62926888465881,2.66492009162903,2.62926888465881,2.64441990852356,24485467,0.588741064071655
"2002-01-29",2.64709401130676,2.76741695404053,2.64263796806335,2.72017908096313,45199383,0.605607748031616
"2002-01-30",2.6827449798584,2.7094841003418,2.64709401130676,2.65511608123779,26617788,0.591122508049011
"2002-01-31",2.67383193969727,2.71839594841003,2.66937589645386,2.69611406326294,20484611,0.600250124931335
"2002-02-01",2.70057106018066,2.7094841003418,2.63818097114563,2.6560070514679,21529696,0.591320931911469
"2002-02-04",2.6604630947113,2.66492009162903,2.5802481174469,2.60253000259399,24261573,0.579414904117584
"2002-02-05",2.5802481174469,2.59807395935059,2.44210004806519,2.47329497337341,56752547,0.550642549991608
"2002-02-06",2.46883893013,2.47775101661682,2.34851598739624,2.37971091270447,38284483,0.52980762720108
"2002-02-07",2.37971091270447,2.40199303627014,2.3351469039917,2.3886239528656,27161902,0.531791925430298
"2002-02-08",2.36634206771851,2.39753603935242,2.34851598739624,2.36188507080078,17225242,0.525838792324066
"2002-02-11",2.39307999610901,2.4153618812561,2.33069109916687,2.37971091270447,17974852,0.52980762720108
"2002-02-12",2.3886239528656,2.42427492141724,2.37525391578674,2.39753603935242,17554071,0.533776044845581
"2002-02-13",2.40644907951355,2.46883893013,2.40199303627014,2.45546889305115,17034352,0.546673953533173
"2002-02-14",2.43764400482178,2.48666405677795,2.4153618812561,2.45992588996887,19279011,0.547666192054749
"2002-02-15",2.43318700790405,2.46883893013,2.35297203063965,2.35297203063965,27372954,0.523854613304138
"2002-02-18",2.35742902755737,2.40199303627014,2.35297203063965,2.35742902755737,9964603,0.524846792221069
"2002-02-19",2.34851598739624,2.35297203063965,2.20145511627197,2.2068030834198,35988518,0.491312205791473
"2002-02-20",2.2059121131897,2.29058289527893,2.16134810447693,2.27543091773987,41911986,0.506591200828552
"2002-02-21",2.30395197868347,2.32177805900574,2.19699907302856,2.23799800872803,27229234,0.498257249593735
"2002-02-22",2.22373700141907,2.22819399833679,2.17026090621948,2.19343400001526,17720128,0.488335698843002
"2002-02-25",2.20145511627197,2.22819399833679,2.11678409576416,2.2050199508667,35901901,0.490915209054947
"2002-02-26",2.22373700141907,2.3084089756012,2.21036791801453,2.2611711025238,42703349,0.503416299819946
"2002-02-27",2.25493192672729,2.35742902755737,2.24601888656616,2.32177805900574,40724688,0.516909658908844
"2002-02-28",2.3128650188446,2.43764400482178,2.3128650188446,2.39753603935242,32310278,0.533776044845581
"2002-03-01",2.42427492141724,2.42873096466064,2.36634206771851,2.42873096466064,22108491,0.540721118450165
"2002-03-04",2.45101308822632,2.53568410873413,2.45101308822632,2.51785898208618,24543659,0.56056410074234
"2002-03-05",2.52231502532959,2.56687903404236,2.47775101661682,2.50448989868164,21556607,0.557587683200836
"2002-03-06",2.50894594192505,2.53122806549072,2.44210004806519,2.51340198516846,28885321,0.559571862220764
"2002-03-07",2.53122806549072,2.53568410873413,2.48220801353455,2.51518511772156,35097795,0.559968829154968
"2002-03-08",2.51340198516846,2.5802481174469,2.50448989868164,2.57579207420349,16112185,0.573462247848511
"2002-03-11",2.57579207420349,2.62926888465881,2.54459691047668,2.59807395935059,28343114,0.578422963619232
"2002-03-12",2.61144304275513,2.63818097114563,2.57579207420349,2.6319420337677,33821546,0.585963129997253
"2002-03-13",2.63818097114563,2.75404691696167,2.62035608291626,2.74513506889343,42305310,0.611163973808289
"2002-03-14",2.7094841003418,2.74513506889343,2.6827449798584,2.69789695739746,22731953,0.600647151470184
"2002-03-15",2.70057106018066,2.7629599571228,2.6560070514679,2.7094841003418,44238895,0.603226780891418
"2002-03-18",2.67383193969727,2.77187299728394,2.64709401130676,2.72285294532776,26927200,0.606203079223633
"2002-03-19",2.72730898857117,2.78078603744507,2.6827449798584,2.77187299728394,21104783,0.617116689682007
"2002-03-20",2.7629599571228,2.79861092567444,2.66492009162903,2.67383193969727,28760302,0.59528923034668
"2002-03-21",2.66492009162903,2.69165802001953,2.6560070514679,2.67383193969727,22128211,0.59528923034668
"2002-03-22",2.69165802001953,2.75404691696167,2.67383193969727,2.74691700935364,15927288,0.611560642719269
"2002-03-25",2.7362220287323,2.74513506889343,2.67383193969727,2.6818540096283,22264869,0.59707510471344
"2002-03-26",2.67383193969727,2.85208797454834,2.67383193969727,2.8422839641571,52473803,0.632792890071869
"2002-03-27",2.85208797454834,2.88773894309998,2.79861092567444,2.82089304924011,57557463,0.628030359745026
"2002-03-28",2.83426189422607,3.1105580329895,2.8164370059967,3.06599497795105,105367086,0.682598531246185
"2002-03-29",3.00850701332092,3.00850701332092,3.00850701332092,3.00850701332092,0,0.6697998046875
"2002-04-01",3.00850701332092,3.00850701332092,3.00850701332092,3.00850701332092,0,0.6697998046875
"2002-04-02",3.083820104599,3.23533701896667,3.083820104599,3.10788488388062,71996295,0.691924750804901
"2002-04-03",3.083820104599,3.19968605041504,3.04816889762878,3.17116498947144,43620742,0.706013262271881
"2002-04-04",3.15512204170227,3.1640350818634,3.02143096923828,3.0303430557251,42932090,0.674661159515381
"2002-04-05",3.04816889762878,3.11947107315063,2.99469208717346,3.08203792572021,31868485,0.68617045879364
"2002-04-08",3.06599497795105,3.1105580329895,2.99469208717346,3.01162695884705,28105154,0.670494198799133
"2002-04-09",3.03925609588623,3.05708193778992,3.01251792907715,3.0303430557251,19823269,0.674661159515381
"2002-04-10",2.99469208717346,3.05708193778992,2.99469208717346,3.00271391868591,28798563,0.668509960174561
"2002-04-11",3.0303430557251,3.1105580329895,3.01251792907715,3.06599497795105,38563803,0.682598531246185
"2002-04-12",3.1105580329895,3.24425005912781,3.07490706443787,3.22375106811523,65981877,0.717720627784729
"2002-04-15",3.24425005912781,3.32446503639221,3.22642493247986,3.27277088165283,59743197,0.728634238243103
"2002-04-16",3.29772710800171,3.31555199623108,3.22642493247986,3.25316309928894,41600851,0.724268794059753
"2002-04-17",3.27990102767944,3.30663990974426,3.12838411331177,3.15512204170227,45980891,0.702441394329071
"2002-04-18",3.15512204170227,3.22642493247986,3.15512204170227,3.21751189231873,31475408,0.716331601142883
"2002-04-19",3.21751189231873,3.29772710800171,3.21751189231873,3.28881406784058,34975754,0.732205867767334
"2002-04-22",3.23533701896667,3.33337807655334,3.23533701896667,3.33070397377014,22950675,0.741532206535339
"2002-04-23",3.32446503639221,3.35120296478271,3.25316309928894,3.27544498443604,27150321,0.729229629039764
"2002-04-24",3.27098798751831,3.28881406784058,3.22642493247986,3.26207590103149,82918584,0.726253151893616
"2002-04-25",3.24425005912781,3.28881406784058,3.18186092376709,3.23266291618347,33849385,0.719704627990723
"2002-04-26",3.24425005912781,3.27098798751831,3.19968605041504,3.23088097572327,14207020,0.719308137893677
"2002-04-29",3.19968605041504,3.24425005912781,3.15512204170227,3.2112729549408,15585227,0.714942693710327
"2002-04-30",3.19077301025391,3.20859909057617,3.12838411331177,3.19968605041504,36030025,0.712363004684448
"2002-05-01",3.43966293334961,3.43966293334961,3.43966293334961,3.43966293334961,0,0.765790343284607
"2002-05-02",3.19968605041504,3.21751189231873,3.09273290634155,3.1105580329895,46805817,0.692519843578339
"2002-05-03",3.1105580329895,3.18186092376709,3.10164594650269,3.15868711471558,31755038,0.703235030174255
"2002-05-06",3.13729691505432,3.18186092376709,3.11947107315063,3.14086198806763,14588021,0.699266731739044
"2002-05-07",3.11947107315063,3.13729691505432,3.04816889762878,3.08827710151672,25504499,0.687559485435486
"2002-05-08",3.10164594650269,3.10164594650269,2.96795392036438,3.02766990661621,43775450,0.674066126346588
"2002-05-09",3.0303430557251,3.04816889762878,2.95012807846069,2.95725893974304,21198400,0.658390164375305
"2002-05-10",2.95012807846069,2.96795392036438,2.87882590293884,2.91447710990906,52451162,0.648865282535553
"2002-05-13",2.86991310119629,2.99469208717346,2.86991310119629,2.98756194114685,18007367,0.665136754512787
"2002-05-14",2.95904111862183,3.11947107315063,2.93230295181274,3.09362411499023,39684801,0.688749730587006
"2002-05-15",3.10164594650269,3.12838411331177,2.99469208717346,3.0044960975647,34568653,0.66890674829483
"2002-05-16",2.98578000068665,3.00360488891602,2.95012807846069,2.96617102622986,29843737,0.660374343395233
"2002-05-17",2.95904111862183,3.04816889762878,2.95012807846069,2.98578000068665,37658987,0.664739906787872
"2002-05-20",2.95904111862183,3.01251792907715,2.88773894309998,2.90556502342224,24145035,0.656358301639557
"2002-05-21",2.91447710990906,3.00360488891602,2.91447710990906,2.96884489059448,51561948,0.670652866363525
"2002-05-22",2.95012807846069,2.96795392036438,2.90556502342224,2.91893410682678,25427053,0.659378230571747
"2002-05-23",2.92338991165161,2.92338991165161,2.83426189422607,2.86100101470947,30199099,0.646291375160217
"2002-05-24",2.86991310119629,2.87882590293884,2.74513506889343,2.77276396751404,35469751,0.626358866691589
"2002-05-27",2.7629599571228,2.7896990776062,2.7094841003418,2.72998309135437,25488313,0.616694808006287
"2002-05-28",2.7362220287323,2.88773894309998,2.72730898857117,2.85208797454834,58461630,0.644277930259705
"2002-05-29",2.84317493438721,2.89665198326111,2.79861092567444,2.82535004615784,32038474,0.63823801279068
"2002-05-30",2.83426189422607,2.88773894309998,2.79861092567444,2.8681309223175,45113906,0.647902011871338
"2002-05-31",2.84317493438721,2.90556502342224,2.82535004615784,2.82535004615784,49028700,0.63823801279068
"2002-06-03",2.83426189422607,2.92338991165161,2.79861092567444,2.85119700431824,18822487,0.644076764583588
"2002-06-04",2.80752396583557,2.83426189422607,2.77187299728394,2.78345990180969,19035011,0.628775000572205
"2002-06-05",2.80752396583557,2.88773894309998,2.79861092567444,2.83961009979248,25457104,0.641459286212921
"2002-06-06",2.86100101470947,2.91447710990906,2.84317493438721,2.86545705795288,24431197,0.647297859191895
"2002-06-07",2.82535004615784,2.88773894309998,2.8164370059967,2.86189198493958,27695482,0.646492660045624
"2002-06-10",2.89665198326111,2.96795392036438,2.85208797454834,2.95191097259521,26919073,0.66682755947113
"2002-06-11",2.95012807846069,3.01251792907715,2.92338991165161,3.00271391868591,16987074,0.678303837776184
"2002-06-12",2.98578000068665,3.00360488891602,2.95012807846069,2.95904111862183,21335126,0.668438315391541
"2002-06-13",2.98578000068665,3.02143096923828,2.87882590293884,2.89665198326111,18630055,0.654344797134399
"2002-06-14",2.88773894309998,2.91447710990906,2.7629599571228,2.787024974823,35115966,0.629580438137054
"2002-06-17",2.80752396583557,2.91447710990906,2.79861092567444,2.88150000572205,21448714,0.650922119617462
"2002-06-18",2.88773894309998,2.96795392036438,2.86100101470947,2.95012807846069,26893766,0.666424870491028
"2002-06-19",2.92338991165161,2.92338991165161,2.82535004615784,2.83426189422607,29019706,0.640251040458679
"2002-06-20",2.80752396583557,2.87882590293884,2.7896990776062,2.79504609107971,24735740,0.631392240524292
"2002-06-21",2.75404691696167,2.7896990776062,2.71839594841003,2.77187299728394,60206797,0.626157581806183
"2002-06-24",2.75404691696167,2.80752396583557,2.62926888465881,2.6560070514679,29170474,0.599983870983124
"2002-06-25",2.70057106018066,2.7629599571228,2.69165802001953,2.75850391387939,24402308,0.623137652873993
"2002-06-26",2.64709401130676,2.7896990776062,2.59361696243286,2.76652503013611,34824854,0.624949514865875
"2002-06-27",2.79861092567444,2.79861092567444,2.67383193969727,2.68898391723633,28974201,0.607433140277863
"2002-06-28",2.71839594841003,2.75404691696167,2.6560070514679,2.7371129989624,27028394,0.618305444717407
"2002-07-01",2.69165802001953,2.7629599571228,2.6827449798584,2.7362220287323,19785025,0.61810439825058
"2002-07-02",2.69165802001953,2.71839594841003,2.58470511436462,2.58916091918945,24010807,0.584883451461792
"2002-07-03",2.5802481174469,2.58470511436462,2.36634206771851,2.37881994247437,70752404,0.53736823797226
"2002-07-04",2.4153618812561,2.42873096466064,2.28167009353638,2.30038690567017,43413121,0.519650220870972
"2002-07-05",2.34405994415283,2.46438193321228,2.34405994415283,2.45725202560425,34883756,0.5550856590271
"2002-07-08",2.45992588996887,2.46883893013,2.37079811096191,2.39218902587891,19735695,0.540388166904449
"2002-07-09",2.39307999610901,2.41981792449951,2.33069109916687,2.38327598571777,31478714,0.538374841213226
"2002-07-10",2.3128650188446,2.32623410224915,2.25047588348389,2.27543091773987,48980463,0.51401287317276
"2002-07-11",2.22819399833679,2.22819399833679,2.12123990058899,2.12123990058899,46248853,0.479181557893753
"2002-07-12",2.17026090621948,2.1791729927063,2.03211307525635,2.06241607666016,30714274,0.465893536806107
"2002-07-15",2.06330704689026,2.11232709884644,1.96972298622131,2.00537395477295,38691404,0.453007817268372
"2002-07-16",2.05439400672913,2.07222008705139,1.9385279417038,1.97150599956512,40645242,0.445357203483582
"2002-07-17",1.96080994606018,2.08113288879395,1.94298505783081,2.04191708564758,51714678,0.461262822151184
"2002-07-18",2.03211307525635,2.19254207611084,2.03211307525635,2.16669511795044,48106819,0.489449679851532
"2002-07-19",2.13460898399353,2.17026090621948,2.05439400672913,2.08024191856384,25614142,0.469920217990875
"2002-07-22",2.05439400672913,2.08558893203735,1.98754894733429,1.99467897415161,25333986,0.450591862201691
"2002-07-23",2.02320003509521,2.04102492332458,1.87168300151825,1.92961597442627,22045211,0.435894310474396
"2002-07-24",1.9385279417038,1.9385279417038,1.80037999153137,1.90287697315216,24215087,0.42985400557518
"2002-07-25",1.98754894733429,1.99646103382111,1.92515897750854,1.96170198917389,20189138,0.443142414093018
"2002-07-26",1.94298505783081,1.98754894733429,1.90287697315216,1.94922399520874,14245666,0.440323650836945
"2002-07-29",1.97417902946472,2.10341501235962,1.94298505783081,2.09271907806396,27769219,0.472738832235336
"2002-07-30",2.07667589187622,2.13906598091125,2.01428699493408,2.03478598594666,21821115,0.459651976823807
"2002-07-31",2.04993796348572,2.06776404380798,1.98309195041656,2.03656911849976,35533239,0.460054695606232
"2002-08-01",2.04548192024231,2.07667589187622,1.96080994606018,1.9670490026474,23356915,0.444350361824036
"2002-08-02",1.95635402202606,2.00983095169067,1.90733397006989,1.91535496711731,22228949,0.432672828435898
"2002-08-05",1.88950800895691,1.92070305347443,1.84048795700073,1.88950800895691,13682001,0.426833987236023
"2002-08-06",1.85385704040527,1.98754894733429,1.84048795700073,1.96794104576111,16148400,0.444551855325699
"2002-08-07",1.96972298622131,2.04102492332458,1.9162460565567,1.92337703704834,23755430,0.434484958648682
"2002-08-08",1.97863602638245,2.04102492332458,1.96080994606018,2.03567790985107,26112341,0.459853380918503
"2002-08-09",2.06330704689026,2.07667589187622,1.96080994606018,2.03300404548645,20117708,0.459249377250671
"2002-08-12",2.01428699493408,2.03656911849976,1.96972298622131,1.99824404716492,10731664,0.451397210359573
"2002-08-13",2.00983095169067,2.01428699493408,1.92961597442627,2.00537395477295,11375020,0.453007817268372
"2002-08-14",1.96972298622131,1.97417902946472,1.90287697315216,1.90733397006989,17183990,0.430860757827759
"2002-08-15",2.04559803009033,2.04559803009033,2.04559803009033,2.04559803009033,0,0.462094277143478
"2002-08-16",1.96080994606018,1.97417902946472,1.94298505783081,1.96526694297791,15061031,0.443947911262512
"2002-08-19",1.95635402202606,2.06330704689026,1.94744098186493,2.04548192024231,19848222,0.4620680809021
"2002-08-20",2.04993796348572,2.09895801544189,2.03656911849976,2.04993796348572,24040982,0.463074803352356
"2002-08-21",2.06776404380798,2.17026090621948,2.06776404380798,2.12123990058899,29815456,0.479181557893753
"2002-08-22",2.16580390930176,2.21036791801453,2.12123990058899,2.18362998962402,27227602,0.493275463581085
"2002-08-23",2.18362998962402,2.21928095817566,2.12123990058899,2.13015294075012,16413744,0.481195002794266
"2002-08-26",2.1524350643158,2.2059121131897,2.1524350643158,2.17026090621948,13676541,0.490255296230316
"2002-08-27",2.18362998962402,2.3084089756012,2.18362998962402,2.3084089756012,29775196,0.521462559700012
"2002-08-28",2.27275705337524,2.3084089756012,2.21928095817566,2.22819399833679,25279191,0.503342151641846
"2002-08-29",2.19699907302856,2.21036791801453,2.13015294075012,2.17471694946289,20684288,0.491261959075928
"2002-08-30",2.2059121131897,2.24601888656616,2.14797902107239,2.21928095817566,20972241,0.501328706741333
"2002-09-02",2.2059121131897,2.21482396125793,2.17026090621948,2.18808603286743,10957383,0.494282007217407
"2002-09-03",2.16580390930176,2.17026090621948,2.03211307525635,2.08558893203735,41356530,0.471128106117249
"2002-09-04",2.06330704689026,2.10341501235962,2.00983095169067,2.09450197219849,37975326,0.473141551017761
"2002-09-05",2.11232709884644,2.12123990058899,2.01874303817749,2.04993796348572,28754187,0.463074803352356
"2002-09-06",2.05885100364685,2.11232709884644,2.04102492332458,2.09450197219849,14954422,0.473141551017761
"2002-09-09",2.11232709884644,2.17471694946289,2.06330704689026,2.13906598091125,60734209,0.483208447694778
"2002-09-10",2.1568911075592,2.18808603286743,2.13906598091125,2.1568911075592,43163744,0.487235188484192
"2002-09-11",2.17471694946289,2.26830101013184,2.13460898399353,2.25493192672729,42928901,0.509382247924805
"2002-09-12",2.2059121131897,2.23710608482361,2.16134810447693,2.19254207611084,28124695,0.495288521051407
"2002-09-13",2.17471694946289,2.18362998962402,2.09895801544189,2.11678409576416,27357578,0.478175103664398
"2002-09-16",2.12569689750671,2.13906598091125,2.07667589187622,2.08113288879395,23450751,0.470121592283249
"2002-09-17",2.13906598091125,2.17026090621948,2.04102492332458,2.04548192024231,30823010,0.4620680809021
"2002-09-18",2.04102492332458,2.04548192024231,1.96972298622131,2.00537395477295,31619073,0.453007817268372
"2002-09-19",1.9920049905777,2.00537395477295,1.86276996135712,1.90287697315216,42824025,0.42985400557518
"2002-09-20",1.87168300151825,1.92961597442627,1.84940099716187,1.85385704040527,53699046,0.418780624866486
"2002-09-23",1.86722600460052,1.90287697315216,1.70234000682831,1.73799097537994,40434658,0.392606854438782
"2002-09-24",1.75136005878448,1.75136005878448,1.62658095359802,1.65331995487213,48830766,0.37347999215126
"2002-09-25",1.63995003700256,1.72462201118469,1.63103795051575,1.6756010055542,39399098,0.378513038158417
"2002-09-26",1.71125304698944,1.74690401554108,1.69342696666718,1.7290780544281,34610666,0.390593439340591
"2002-09-27",1.71125304698944,1.73353505134583,1.63549399375916,1.63995003700256,37876542,0.370459645986557
"2002-09-30",1.59984302520752,1.60429894924164,1.48397696018219,1.51517105102539,51593588,0.342272460460663
"2002-10-01",1.53299701213837,1.56419205665588,1.45723795890808,1.53745305538177,47381523,0.347305923700333
"2002-10-02",1.58647394180298,1.61321198940277,1.45723795890808,1.51517105102539,69654688,0.342272460460663
"2002-10-03",1.46615099906921,1.5419100522995,1.46615099906921,1.49289000034332,31907973,0.337239295244217
"2002-10-04",1.50180196762085,1.50625896453857,1.36811101436615,1.36811101436615,42315439,0.30905219912529
"2002-10-07",1.34582901000977,1.40821802616119,1.32800304889679,1.38593602180481,46911503,0.313078701496124
"2002-10-08",1.39484894275665,1.41267502307892,1.34137201309204,1.36365401744843,41543068,0.308045268058777
"2002-10-09",1.36365401744843,1.37256705760956,1.23887503147125,1.26115703582764,56536788,0.28489151597023
"2002-10-10",1.24957096576691,1.33869898319244,1.24957096576691,1.31909000873566,37396164,0.297978430986404
"2002-10-11",1.34582901000977,1.4349559545517,1.34315502643585,1.43050003051758,38825935,0.323145538568497
"2002-10-14",1.42604398727417,1.46169495582581,1.39484894275665,1.41267502307892,32609586,0.31911900639534
"2002-10-15",1.43941295146942,1.5419100522995,1.42158699035645,1.5419100522995,66094410,0.348312735557556
"2002-10-16",1.50180196762085,1.58201694488525,1.47506403923035,1.48397696018219,40153007,0.335225850343704
"2002-10-17",1.52408397197723,1.58647394180298,1.50180196762085,1.53299701213837,42118127,0.346299231052399
"2002-10-18",1.55973494052887,1.55973494052887,1.47060799598694,1.47951996326447,34625733,0.334219038486481
"2002-10-21",1.47060799598694,1.50625896453857,1.4349559545517,1.46615099906921,45384072,0.331198990345001
"2002-10-22",1.47951996326447,1.5419100522995,1.46615099906921,1.50180196762085,54951990,0.339252442121506
"2002-10-23",1.52408397197723,1.58201694488525,1.42158699035645,1.44386899471283,67820111,0.326165497303009
"2002-10-24",1.43050003051758,1.45723795890808,1.3547420501709,1.36365401744843,112014620,0.308045268058777
"2002-10-25",1.32354700565338,1.34137201309204,1.27006995677948,1.301265001297,139382026,0.293951749801636
"2002-10-28",1.32800304889679,1.39306604862213,1.31374299526215,1.3547420501709,90920219,0.306032121181488
"2002-10-29",1.47951996326447,1.51517105102539,1.35028505325317,1.41267502307892,153908944,0.31911900639534
"2002-10-30",1.47060799598694,1.50180196762085,1.41267502307892,1.49734604358673,77596790,0.338245868682861
"2002-10-31",1.47951996326447,1.55527901649475,1.46615099906921,1.52854096889496,72496265,0.345292747020721
"2002-11-01",1.50625896453857,1.52408397197723,1.44832599163055,1.47951996326447,17822701,0.334219038486481
"2002-11-04",1.53299701213837,1.63995003700256,1.52854096889496,1.6221250295639,65891812,0.366433084011078
"2002-11-05",1.63549399375916,1.68451404571533,1.59984302520752,1.61321198940277,54820529,0.36441969871521
"2002-11-06",1.66223204135895,1.66668903827667,1.51071500778198,1.53299701213837,98334818,0.346299231052399
"2002-11-07",1.5419100522995,1.55527901649475,1.39930498600006,1.39930498600006,92116020,0.316098630428314
"2002-11-08",1.39484894275665,1.4349559545517,1.34582901000977,1.37256705760956,71773489,0.310058683156967
"2002-11-11",1.37702298164368,1.40821802616119,1.35028505325317,1.36365401744843,43604663,0.308045268058777
"2002-11-12",1.39039301872253,1.48397696018219,1.31463396549225,1.47951996326447,143139103,0.334219038486481
"2002-11-13",1.47951996326447,1.5419100522995,1.45278203487396,1.47506403923035,114076753,0.333212435245514
"2002-11-14",1.4884330034256,1.54636597633362,1.45723795890808,1.54636597633362,61657832,0.349319308996201
"2002-11-15",1.55973494052887,1.57756102085114,1.51517105102539,1.52854096889496,42505641,0.345292747020721
"2002-11-18",1.53299701213837,1.61321198940277,1.53299701213837,1.61142897605896,44994594,0.364016860723495
"2002-11-19",1.59092998504639,1.63549399375916,1.57756102085114,1.61499500274658,70750766,0.364822447299957
"2002-11-20",1.63103795051575,1.63103795051575,1.55973494052887,1.60697305202484,41974269,0.363010257482529
"2002-11-21",1.64886295795441,1.72462201118469,1.61766803264618,1.71481800079346,67143522,0.387372136116028
"2002-11-22",1.71570897102356,1.81374895572662,1.68897104263306,1.77720701694489,86894755,0.401465594768524
"2002-11-25",1.8092930316925,1.89842104911804,1.76472902297974,1.88772594928741,82876756,0.4264315366745
"2002-11-26",1.89842104911804,1.92961597442627,1.79592394828796,1.80751097202301,67856548,0.408311188220978
"2002-11-27",1.80037999153137,1.96080994606018,1.80037999153137,1.92337703704834,62969774,0.434484958648682
"2002-11-28",1.94744098186493,1.97417902946472,1.9162460565567,1.94922399520874,37336125,0.440323650836945
"2002-11-29",1.96080994606018,1.98754894733429,1.90287697315216,1.95100605487823,36574529,0.440726220607758
"2002-12-02",1.96080994606018,2.02320003509521,1.9385279417038,1.95278894901276,45914541,0.441128998994827
"2002-12-03",1.96972298622131,1.96972298622131,1.80037999153137,1.8057279586792,46748548,0.407908290624619
"2002-12-04",1.79146802425385,1.84494400024414,1.7558159828186,1.81998801231384,48130573,0.411129713058472
"2002-12-05",1.83603096008301,1.95189797878265,1.81820595264435,1.83781397342682,82091071,0.41515651345253
"2002-12-06",1.85385704040527,1.90733397006989,1.79146802425385,1.8092930316925,54706392,0.408713698387146
"2002-12-09",1.85385704040527,1.87613904476166,1.76918601989746,1.78255498409271,46337659,0.402673691511154
"2002-12-10",1.77364194393158,1.81374895572662,1.74690401554108,1.77453303337097,40678718,0.400861620903015
"2002-12-11",1.79592394828796,1.82266199588776,1.77364194393158,1.81374895572662,32861723,0.409720361232758
"2002-12-12",1.81374895572662,1.84048795700073,1.72462201118469,1.79948902130127,46078248,0.406499058008194
"2002-12-13",1.81374895572662,1.81374895572662,1.69788300991058,1.70590496063232,32865983,0.385358661413193
"2002-12-16",1.87613904476166,1.90287697315216,1.67114496231079,1.87792098522186,43924517,0.424216568470001
"2002-12-17",1.88059496879578,1.90287697315216,1.83603096008301,1.84850895404816,34442876,0.417572528123856
"2002-12-18",1.84494400024414,1.94744098186493,1.79592394828796,1.81909704208374,71547173,0.410928308963776
"2002-12-19",1.84494400024414,1.87613904476166,1.76472902297974,1.7789900302887,46073136,0.401868373155594
"2002-12-20",1.79146802425385,1.81820595264435,1.7290780544281,1.77007699012756,50747311,0.399854987859726
"2002-12-23",1.78701102733612,1.82711899280548,1.77809798717499,1.80216300487518,14021863,0.407103151082993
"2002-12-24",1.93540894985199,1.93540894985199,1.93540894985199,1.93540894985199,0,0.437202870845795
"2002-12-25",1.93540894985199,1.93540894985199,1.93540894985199,1.93540894985199,0,0.437202870845795
"2002-12-26",1.93540894985199,1.93540894985199,1.93540894985199,1.93540894985199,0,0.437202870845795
"2002-12-27",1.77809798717499,1.81374895572662,1.7558159828186,1.75938200950623,11419294,0.3974389731884
"2002-12-30",1.76472902297974,1.80037999153137,1.7558159828186,1.79146802425385,8521077,0.404687106609344
"2002-12-31",1.9258279800415,1.9258279800415,1.9258279800415,1.9258279800415,0,0.435038655996323
"2003-01-01",1.9258279800415,1.9258279800415,1.9258279800415,1.9258279800415,0,0.435038655996323
"2003-01-02",1.78255498409271,1.96080994606018,1.78255498409271,1.94655001163483,30426272,0.439719647169113
"2003-01-03",1.96972298622131,2.02765607833862,1.9385279417038,1.98754894733429,37824259,0.44898122549057
"2003-01-06",2.01428699493408,2.05885100364685,1.97863602638245,2.04993796348572,22839159,0.463074803352356
"2003-01-07",2.05885100364685,2.05885100364685,1.98309195041656,1.99735295772552,41620911,0.451195985078812
"2003-01-08",1.96972298622131,1.99646103382111,1.9162460565567,1.92159402370453,39776189,0.43408215045929
"2003-01-09",1.9162460565567,1.98754894733429,1.84494400024414,1.96883201599121,57802653,0.444753080606461
"2003-01-10",1.96526694297791,1.9920049905777,1.92070305347443,1.94833195209503,41522845,0.440122216939926
"2003-01-13",1.97417902946472,2.00091791152954,1.9385279417038,1.95457100868225,36877260,0.441531538963318
"2003-01-14",1.95635402202606,1.98309195041656,1.9385279417038,1.96170198917389,33957598,0.443142414093018
"2003-01-15",1.98754894733429,2.00537395477295,1.9385279417038,1.94565904140472,47888027,0.439518481492996
"2003-01-16",1.94744098186493,1.96080994606018,1.92070305347443,1.9420930147171,31817439,0.43871283531189
"2003-01-17",1.93407201766968,1.93407201766968,1.85385704040527,1.86811697483063,38965173,0.422001898288727
"2003-01-20",1.86722600460052,1.88059496879578,1.8048369884491,1.81909704208374,21898047,0.410928308963776
"2003-01-21",1.84940099716187,1.88059496879578,1.79592394828796,1.80661904811859,43416971,0.408109724521637
"2003-01-22",1.8092930316925,1.83603096008301,1.77809798717499,1.80216300487518,33461357,0.407103151082993
"2003-01-23",1.83157503604889,1.83603096008301,1.78255498409271,1.78879404067993,26845076,0.404083102941513
"2003-01-24",1.78255498409271,1.81374895572662,1.76472902297974,1.77096796035767,41268873,0.400056213140488
"2003-01-27",1.74690401554108,1.74690401554108,1.70234000682831,1.70768702030182,28311537,0.385761290788651
"2003-01-28",1.7290780544281,1.74690401554108,1.66668903827667,1.68897104263306,34078222,0.381533324718475
"2003-01-29",1.68451404571533,1.69342696666718,1.6221250295639,1.68718802928925,40698025,0.38113060593605
"2003-01-30",1.72016501426697,1.74690401554108,1.68451404571533,1.7264039516449,38512861,0.389989405870438
"2003-01-31",1.69788300991058,1.74244701862335,1.68897104263306,1.71481800079346,25853111,0.387372136116028
"2003-02-03",1.73799097537994,1.83157503604889,1.71570897102356,1.81553196907043,56629644,0.410123020410538
"2003-02-04",1.80037999153137,1.81820595264435,1.75136005878448,1.75670802593231,47114077,0.396834850311279
"2003-02-05",1.76027297973633,1.83603096008301,1.74690401554108,1.8306839466095,37847636,0.413545817136765
"2003-02-06",1.8048369884491,1.84940099716187,1.78701102733612,1.79770600795746,38776334,0.406096339225769
"2003-02-07",1.81820595264435,1.83603096008301,1.7558159828186,1.82890105247498,44831758,0.413143128156662
"2003-02-10",1.8092930316925,1.81820595264435,1.76027297973633,1.77096796035767,29370325,0.400056213140488
"2003-02-11",1.8048369884491,1.86276996135712,1.78701102733612,1.85564005374908,33131326,0.419183313846588
"2003-02-12",1.82266199588776,1.84494400024414,1.81820595264435,1.82622694969177,20339572,0.412539035081863
"2003-02-13",1.8092930316925,1.91179001331329,1.8048369884491,1.88950800895691,50308682,0.426833987236023
"2003-02-14",1.91179001331329,1.98309195041656,1.90733397006989,1.96259295940399,43812273,0.443343639373779
"2003-02-17",1.97863602638245,1.99646103382111,1.95635402202606,1.99022197723389,23327242,0.449584990739822
"2003-02-18",1.92961597442627,1.94298505783081,1.89842104911804,1.93407201766968,65144226,0.436900943517685
"2003-02-19",1.91179001331329,1.94744098186493,1.8850519657135,1.89752995967865,28465199,0.428646206855774
"2003-02-20",1.91179001331329,1.92515897750854,1.88059496879578,1.89396405220032,51138785,0.427840709686279
"2003-02-21",1.88950800895691,1.92070305347443,1.86722600460052,1.9135730266571,24693908,0.432270258665085
"2003-02-24",1.93407201766968,1.93407201766968,1.87613904476166,1.88059496879578,19331223,0.424820631742477
"2003-02-25",1.85831296443939,1.86722600460052,1.80037999153137,1.8306839466095,27466126,0.413545817136765
"2003-02-26",1.85385704040527,1.86276996135712,1.8048369884491,1.8092930316925,32055685,0.408713698387146
"2003-02-27",1.83157503604889,1.88059496879578,1.69342696666718,1.86722600460052,67127038,0.42180061340332
"2003-02-28",1.85385704040527,1.93407201766968,1.83157503604889,1.91179001331329,28800080,0.43186742067337
"2003-03-03",1.9385279417038,1.96080994606018,1.89396405220032,1.90555095672607,32375045,0.430458188056946
"2003-03-04",1.90287697315216,1.9162460565567,1.83603096008301,1.83781397342682,25234965,0.41515651345253
"2003-03-05",1.83603096008301,1.85831296443939,1.81374895572662,1.83603096008301,17587405,0.414753764867783
"2003-03-06",1.84494400024414,1.84494400024414,1.76472902297974,1.76829397678375,21937541,0.399452120065689
"2003-03-07",1.72462201118469,1.80037999153137,1.70234000682831,1.78612005710602,38732976,0.403479039669037
"2003-03-10",1.79146802425385,1.79146802425385,1.6756010055542,1.67827498912811,50000015,0.379117131233215
"2003-03-11",1.69342696666718,1.70679605007172,1.63103795051575,1.64084196090698,55224453,0.37066113948822
"2003-03-12",1.64886295795441,1.6756010055542,1.57756102085114,1.58379995822906,37835770,0.357775568962097
"2003-03-13",1.61321198940277,1.70679605007172,1.60429894924164,1.70144903659821,35217986,0.384352087974548
"2003-03-14",1.74690401554108,1.83157503604889,1.7290780544281,1.82088005542755,48549810,0.411331206560135
"2003-03-17",1.76472902297974,1.9385279417038,1.76472902297974,1.92426800727844,47281338,0.434686213731766
"2003-03-18",1.94298505783081,1.95635402202606,1.84940099716187,1.85831296443939,50676393,0.419787287712097
"2003-03-19",1.86722600460052,1.94298505783081,1.86276996135712,1.92515897750854,38084434,0.434887558221817
"2003-03-20",1.9162460565567,1.95635402202606,1.86722600460052,1.89039897918701,37897133,0.427035391330719
"2003-03-21",1.92961597442627,1.9920049905777,1.90287697315216,1.97596204280853,55659293,0.446363717317581
"2003-03-24",1.94298505783081,1.9920049905777,1.88950800895691,1.90465998649597,28289102,0.430256694555283
"2003-03-25",1.89842104911804,2.00983095169067,1.86722600460052,2.00091791152954,53447987,0.452001184225082
"2003-03-26",1.98754894733429,2.01428699493408,1.94298505783081,1.95189797878265,41476310,0.440927773714066
"2003-03-27",1.94744098186493,1.95189797878265,1.89842104911804,1.92426800727844,21410657,0.434686213731766
"2003-03-28",1.92961597442627,1.93407201766968,1.88059496879578,1.90822505950928,27732907,0.431062132120132
"2003-03-31",1.86276996135712,1.87168300151825,1.80037999153137,1.81553196907043,32170473,0.410123020410538
"2003-04-01",1.83157503604889,1.89842104911804,1.82266199588776,1.88861703872681,32552085,0.426632881164551
"2003-04-02",1.89842104911804,1.96526694297791,1.89842104911804,1.95189797878265,37407427,0.440927773714066
"2003-04-03",1.95189797878265,1.9920049905777,1.91179001331329,1.93228900432587,37390494,0.436498254537582
"2003-04-04",1.95189797878265,1.98754894733429,1.90733397006989,1.93585503101349,23083146,0.437303721904755
"2003-04-07",1.99646103382111,2.06330704689026,1.99646103382111,2.03300404548645,38313533,0.459249377250671
"2003-04-08",2.00983095169067,2.02320003509521,1.98754894733429,2.01250410079956,36874292,0.454618602991104
"2003-04-09",1.99646103382111,2.00983095169067,1.94744098186493,1.98131000995636,40199545,0.447571784257889
"2003-04-10",1.9385279417038,1.96080994606018,1.91179001331329,1.92515897750854,31071449,0.434887558221817
"2003-04-11",1.95189797878265,1.97417902946472,1.92515897750854,1.95278894901276,25429611,0.441128998994827
"2003-04-14",1.96526694297791,1.98754894733429,1.9385279417038,1.98309195041656,23065996,0.447974443435669
"2003-04-15",1.99646103382111,2.09004592895508,1.9920049905777,2.06776404380798,85962023,0.467101693153381
"2003-04-16",2.09450197219849,2.11232709884644,2.03656911849976,2.06419897079468,51567258,0.466296195983887
"2003-04-17",2.09004592895508,2.09895801544189,2.01874303817749,2.03211307525635,42051889,0.45904815196991
"2003-04-18",2.18452095985413,2.18452095985413,2.18452095985413,2.18452095985413,0,0.493476688861847
"2003-04-21",2.18452095985413,2.18452095985413,2.18452095985413,2.18452095985413,0,0.493476688861847
"2003-04-22",1.96080994606018,2.02320003509521,1.95635402202606,2.01161289215088,27516294,0.714086413383484
"2003-04-23",2.04102492332458,2.09895801544189,2.02320003509521,2.09450197219849,42338528,0.743510663509369
"2003-04-24",2.09004592895508,2.11678409576416,2.05885100364685,2.06954598426819,26211051,0.734651923179626
"2003-04-25",2.08113288879395,2.08113288879395,2.01428699493408,2.01785206794739,17674893,0.716301441192627
"2003-04-28",2.00983095169067,2.05439400672913,2.00537395477295,2.04904699325562,24846403,0.727375030517578
"2003-04-29",2.06330704689026,2.12123990058899,2.04548192024231,2.07311105728149,29270547,0.735917270183563
"2003-04-30",2.05885100364685,2.10341501235962,2.05885100364685,2.07311105728149,25154074,0.735917270183563
"2003-05-01",2.16862988471985,2.16862988471985,2.16862988471985,2.16862988471985,0,0.769824802875519
"2003-05-02",2.08113288879395,2.08558893203735,2.03656911849976,2.08113288879395,14414496,0.738765060901642
"2003-05-05",2.09895801544189,2.13015294075012,2.08558893203735,2.09361100196838,26520512,0.743194282054901
"2003-05-06",2.09450197219849,2.11232709884644,2.07222008705139,2.09539294242859,28782633,0.743827044963837
"2003-05-07",2.09450197219849,2.11232709884644,2.06330704689026,2.10341501235962,38106644,0.746674776077271
"2003-05-08",2.09450197219849,2.10787105560303,2.00537395477295,2.01161289215088,36856861,0.714086413383484
"2003-05-09",2.01874303817749,2.04993796348572,1.97863602638245,2.04637289047241,29480757,0.726425766944885
"2003-05-12",2.05885100364685,2.06330704689026,1.9920049905777,2.03211307525635,26704133,0.721363842487335
"2003-05-13",2.04993796348572,2.13015294075012,2.03211307525635,2.09450197219849,80014573,0.743510663509369
"2003-05-14",2.09450197219849,2.1568911075592,2.07667589187622,2.14530491828918,65972951,0.76154488325119
"2003-05-15",2.1568911075592,2.26384496688843,2.14797902107239,2.2558228969574,97436305,0.800776660442352
"2003-05-16",2.27721405029297,2.27721405029297,2.21482396125793,2.22284603118896,40330378,0.789070725440979
"2003-05-19",2.21036791801453,2.21036791801453,2.13015294075012,2.13371801376343,39969242,0.75743168592453
"2003-05-20",2.13906598091125,2.18808603286743,2.12569689750671,2.16402196884155,34592780,0.768188953399658
"2003-05-21",2.16580390930176,2.18808603286743,2.10787105560303,2.11589288711548,57785046,0.751104116439819
"2003-05-22",2.13015294075012,2.19254207611084,2.13015294075012,2.18808603286743,33418695,0.776731431484222
"2003-05-23",2.21036791801453,2.25493192672729,2.17026090621948,2.24780201911926,57681240,0.797929584980011
"2003-05-26",2.24601888656616,2.26830101013184,2.21036791801453,2.21482396125793,18860340,0.786222815513611
"2003-05-27",2.21482396125793,2.24156308174133,2.17471694946289,2.22908496856689,31646720,0.791285336017609
"2003-05-28",2.26384496688843,2.33960294723511,2.25047588348389,2.32890796661377,51075016,0.826720595359802
"2003-05-29",2.31732106208801,2.4153618812561,2.3084089756012,2.41179704666138,56175819,0.856144487857819
"2003-05-30",2.40644907951355,2.47329497337341,2.37079811096191,2.43229603767395,65429084,0.863421738147736
"2003-06-02",2.44210004806519,2.46883893013,2.37971091270447,2.3886239528656,24903705,0.847918808460236
"2003-06-03",2.37971091270447,2.39753603935242,2.3351469039917,2.37168908119202,38173191,0.841907143592834
"2003-06-04",2.39753603935242,2.40199303627014,2.35742902755737,2.39040589332581,36387184,0.848551452159882
"2003-06-05",2.40644907951355,2.4153618812561,2.33960294723511,2.36990690231323,42620003,0.841274380683899
"2003-06-06",2.37971091270447,2.39307999610901,2.34405994415283,2.35297203063965,33322038,0.835263013839722
"2003-06-09",2.3351469039917,2.37079811096191,2.3084089756012,2.31643009185791,30520150,0.822291254997253
"2003-06-10",2.29949593544006,2.37525391578674,2.29949593544006,2.36990690231323,35617117,0.841274380683899
"2003-06-11",2.39753603935242,2.45992588996887,2.37525391578674,2.45368695259094,64377726,0.871014833450317
"2003-06-12",2.49112010002136,2.53122806549072,2.43318700790405,2.46259999275208,58985786,0.874178826808929
"2003-06-13",2.44655704498291,2.46883893013,2.38416695594788,2.39397096633911,29500006,0.849816858768463
"2003-06-16",2.37079811096191,2.50448989868164,2.37079811096191,2.49112010002136,36088539,0.884303152561188
"2003-06-17",2.51340198516846,2.54459691047668,2.47775101661682,2.49646806716919,49662931,0.886201500892639
"2003-06-18",2.49557709693909,2.58470511436462,2.47329497337341,2.5802481174469,64359586,0.915942072868347
"2003-06-19",2.58470511436462,2.59807395935059,2.51340198516846,2.52053308486938,57542348,0.894744038581848
"2003-06-20",2.53122806549072,2.55350995063782,2.52677202224731,2.53657603263855,35192845,0.900438964366913
"2003-06-23",2.52231502532959,2.56242299079895,2.49557709693909,2.50448989868164,34201037,0.889049053192139
"2003-06-24",2.49557709693909,2.55796599388123,2.48220801353455,2.54905390739441,34291079,0.904868543148041
"2003-06-25",2.54459691047668,2.56687903404236,2.50894594192505,2.53924894332886,24395706,0.901388108730316
"2003-06-26",2.51340198516846,2.56242299079895,2.51340198516846,2.53211903572083,24888267,0.898856818675995
"2003-06-27",2.55796599388123,2.60253000259399,2.55350995063782,2.57133507728577,32889058,0.91277801990509
"2003-06-30",2.55350995063782,2.57133507728577,2.48220801353455,2.48220801353455,26329577,0.88113933801651
"2003-07-01",2.48666405677795,2.51340198516846,2.40644907951355,2.41090607643127,45135084,0.855828642845154
"2003-07-02",2.45101308822632,2.48220801353455,2.44210004806519,2.46972990036011,29303239,0.876709938049316
"2003-07-03",2.49557709693909,2.52231502532959,2.46883893013,2.50983691215515,36935949,0.890947163105011
"2003-07-04",2.50448989868164,2.52231502532959,2.49112010002136,2.50092506408691,18723448,0.887783527374268
"2003-07-07",2.51340198516846,2.62035608291626,2.51340198516846,2.61857295036316,30510730,0.929546535015106
"2003-07-08",2.61589908599854,2.66937589645386,2.60253000259399,2.65244197845459,33555205,0.941569328308105
"2003-07-09",2.64709401130676,2.67383193969727,2.5802481174469,2.59094405174255,35601193,0.919738948345184
"2003-07-10",2.5802481174469,2.60698699951172,2.56687903404236,2.58292198181152,21147304,0.916891098022461
"2003-07-11",2.56687903404236,2.60698699951172,2.55796599388123,2.56598806381226,18010771,0.910880029201508
"2003-07-14",2.57579207420349,2.63372492790222,2.56242299079895,2.61679100990295,24450271,0.928913772106171
"2003-07-15",2.60253000259399,2.62481188774109,2.58470511436462,2.59540009498596,26978500,0.921320557594299
"2003-07-16",2.60253000259399,2.61589908599854,2.54014110565186,2.54638004302979,27766100,0.903919398784637
"2003-07-17",2.53122806549072,2.54014110565186,2.49112010002136,2.51874995231628,32266771,0.894110918045044
"2003-07-18",2.53122806549072,2.59361696243286,2.51340198516846,2.58470511436462,30370159,0.917524099349976
"2003-07-21",2.60253000259399,2.60698699951172,2.53122806549072,2.54548811912537,24273652,0.903602540493011
"2003-07-22",2.55350995063782,2.57133507728577,2.51340198516846,2.53033709526062,27793909,0.898224174976349
"2003-07-23",2.54905390739441,2.54905390739441,2.50448989868164,2.51072907447815,28425773,0.891263723373413
"2003-07-24",2.52231502532959,2.59361696243286,2.51340198516846,2.58737802505493,25863895,0.918473064899445
"2003-07-25",2.56242299079895,2.59361696243286,2.54459691047668,2.58826994895935,25248036,0.918789446353912
"2003-07-28",2.61144304275513,2.67828893661499,2.61144304275513,2.6577889919281,39175824,0.943467557430267
"2003-07-29",2.66492009162903,2.69611406326294,2.62035608291626,2.6319420337677,43731693,0.934292197227478
"2003-07-30",2.62035608291626,2.66492009162903,2.62035608291626,2.63729000091553,18075975,0.936190962791443
"2003-07-31",2.65155005455017,2.6827449798584,2.61589908599854,2.65957188606262,22796052,0.944100379943848
"2003-08-01",2.6560070514679,2.67828893661499,2.63818097114563,2.64085507392883,13290578,0.93745619058609
"2003-08-04",2.67383193969727,2.67383193969727,2.57579207420349,2.59005188941956,24426651,0.919421792030334
"2003-08-05",2.61144304275513,2.61589908599854,2.57133507728577,2.57222700119019,23861639,0.913094520568848
"2003-08-06",2.54905390739441,2.55796599388123,2.53122806549072,2.54103207588196,17748735,0.902020931243896
"2003-08-07",2.54905390739441,2.57133507728577,2.47329497337341,2.53301095962524,35061274,0.899173736572266
"2003-08-08",2.54014110565186,2.59807395935059,2.52231502532959,2.57668304443359,20920735,0.914676368236542
"2003-08-11",2.58470511436462,2.59807395935059,2.55350995063782,2.57846593856812,11589688,0.915309190750122
"2003-08-12",2.57133507728577,2.61144304275513,2.57133507728577,2.59272599220276,15019420,0.920371413230896
"2003-08-13",2.60253000259399,2.61144304275513,2.55796599388123,2.56598806381226,18952087,0.910880029201508
"2003-08-14",2.59361696243286,2.59807395935059,2.55796599388123,2.56777000427246,20476867,0.91151225566864
"2003-08-15",2.69209504127502,2.69209504127502,2.69209504127502,2.69209504127502,0,0.955645442008972
"2003-08-18",2.57579207420349,2.59361696243286,2.56687903404236,2.58470511436462,13881554,0.917524099349976
"2003-08-19",2.58916091918945,2.60253000259399,2.56687903404236,2.57846593856812,13506865,0.915309190750122
"2003-08-20",2.5802481174469,2.58916091918945,2.55796599388123,2.57044410705566,9018364,0.912461757659912
"2003-08-21",2.57579207420349,2.58916091918945,2.54459691047668,2.5517270565033,19081344,0.905817329883575
"2003-08-22",2.55350995063782,2.55796599388123,2.50448989868164,2.50894594192505,15976966,0.890630900859833
"2003-08-25",2.51785898208618,2.51785898208618,2.47329497337341,2.49557709693909,18520379,0.885885000228882
"2003-08-26",2.50448989868164,2.52231502532959,2.45101308822632,2.47329497337341,24150751,0.877975344657898
"2003-08-27",2.48666405677795,2.50894594192505,2.48220801353455,2.50448989868164,19911103,0.889049053192139
"2003-08-28",2.50448989868164,2.53568410873413,2.46438193321228,2.47329497337341,31015579,0.877975344657898
"2003-08-29",2.48220801353455,2.48220801353455,2.4153618812561,2.43764400482178,35488884,0.865319848060608
"2003-09-01",2.44210004806519,2.49112010002136,2.43764400482178,2.47775101661682,15024031,0.879557430744171
"2003-09-02",2.48666405677795,2.52231502532959,2.47329497337341,2.51785898208618,35071153,0.8937948346138
"2003-09-03",2.53568410873413,2.60698699951172,2.53122806549072,2.60253000259399,62219108,0.923851668834686
"2003-09-04",2.59361696243286,2.60253000259399,2.53568410873413,2.55796599388123,33248323,0.908032417297363
"2003-09-05",2.54905390739441,2.58916091918945,2.54014110565186,2.58470511436462,20243154,0.917524099349976
"2003-09-08",2.5802481174469,2.61589908599854,2.52231502532959,2.53568410873413,79277318,0.900122582912445
"2003-09-09",2.56242299079895,2.57579207420349,2.45101308822632,2.46883893013,127863515,0.876393616199493
"2003-09-10",2.45101308822632,2.47775101661682,2.43318700790405,2.46438193321228,38435750,0.874811470508575
"2003-09-11",2.45101308822632,2.48220801353455,2.43764400482178,2.45546889305115,31029121,0.871647357940674
"2003-09-12",2.46883893013,2.48666405677795,2.43318700790405,2.45992588996887,24910243,0.873229622840881
"2003-09-15",2.45546889305115,2.48220801353455,2.44210004806519,2.45992588996887,16177954,0.873229622840881
"2003-09-16",2.45992588996887,2.48666405677795,2.45546889305115,2.48220801353455,21347345,0.88113933801651
"2003-09-17",2.49557709693909,2.51785898208618,2.47329497337341,2.48666405677795,24686631,0.882721185684204
"2003-09-18",2.48220801353455,2.56242299079895,2.47329497337341,2.56242299079895,57407226,0.909614384174347
"2003-09-19",2.55796599388123,2.59807395935059,2.54014110565186,2.57579207420349,65041081,0.914360225200653
"2003-09-22",2.53568410873413,2.54905390739441,2.48220801353455,2.50448989868164,25897317,0.889049053192139
"2003-09-23",2.51340198516846,2.51785898208618,2.45992588996887,2.46883893013,27787960,0.876393616199493
"2003-09-24",2.47775101661682,2.49557709693909,2.44210004806519,2.45992588996887,24805377,0.873229622840881
"2003-09-25",2.43318700790405,2.45546889305115,2.40199303627014,2.42427492141724,34199125,0.860574245452881
"2003-09-26",2.41090607643127,2.42873096466064,2.37525391578674,2.40199303627014,27198664,0.852664351463318
"2003-09-29",2.3886239528656,2.41090607643127,2.36188507080078,2.37525391578674,16542148,0.843172430992126
"2003-09-30",2.3886239528656,2.39307999610901,2.3084089756012,2.31732106208801,32245056,0.822607338428497
"2003-10-01",2.32623410224915,2.41981792449951,2.3128650188446,2.41090607643127,49062177,0.855828642845154
"2003-10-02",2.42873096466064,2.43318700790405,2.37971091270447,2.39307999610901,46629471,0.84950065612793
"2003-10-03",2.39753603935242,2.46438193321228,2.38416695594788,2.45992588996887,35118946,0.873229622840881
"2003-10-06",2.46438193321228,2.49112010002136,2.44655704498291,2.45992588996887,30861020,0.873229622840881
"2003-10-07",2.45992588996887,2.47329497337341,2.4153618812561,2.45101308822632,32454724,0.870065569877625
"2003-10-08",2.43318700790405,2.48220801353455,2.42873096466064,2.44210004806519,21923562,0.866901814937592
"2003-10-09",2.44210004806519,2.48220801353455,2.43318700790405,2.47329497337341,22216083,0.877975344657898
"2003-10-10",2.48220801353455,2.50003290176392,2.45101308822632,2.45992588996887,23034148,0.873229622840881
"2003-10-13",2.46883893013,2.49112010002136,2.46438193321228,2.48666405677795,23061748,0.882721185684204
"2003-10-14",2.48666405677795,2.50003290176392,2.44210004806519,2.47775101661682,23797096,0.879557430744171
"2003-10-15",2.47775101661682,2.52231502532959,2.46883893013,2.47775101661682,39706879,0.879557430744171
"2003-10-16",2.49112010002136,2.50448989868164,2.44210004806519,2.46438193321228,24774300,0.874811470508575
"2003-10-17",2.47775101661682,2.47775101661682,2.41981792449951,2.42873096466064,22853549,0.862156093120575
"2003-10-20",2.43764400482178,2.48666405677795,2.42427492141724,2.47329497337341,31644844,0.877975344657898
"2003-10-21",2.48666405677795,2.50003290176392,2.45546889305115,2.47775101661682,29194379,0.879557430744171
"2003-10-22",2.47775101661682,2.48220801353455,2.44655704498291,2.45101308822632,27510959,0.870065569877625
"2003-10-23",2.43318700790405,2.43318700790405,2.41090607643127,2.41981792449951,29238565,0.858992099761963
"2003-10-24",2.42427492141724,2.43318700790405,2.39753603935242,2.4153618812561,11423146,0.857410132884979
"2003-10-27",2.41981792449951,2.44210004806519,2.40644907951355,2.4153618812561,16995825,0.857410132884979
"2003-10-28",2.42427492141724,2.45546889305115,2.42427492141724,2.43764400482178,19370782,0.865319848060608
"2003-10-29",2.45546889305115,2.47775101661682,2.45101308822632,2.47329497337341,24222375,0.877975344657898
"2003-10-30",2.47329497337341,2.56687903404236,2.46883893013,2.55350995063782,54193711,0.906450271606445
"2003-10-31",2.54459691047668,2.60253000259399,2.53122806549072,2.58470511436462,58592801,0.917524099349976
"2003-11-03",2.58470511436462,2.60698699951172,2.57133507728577,2.59807395935059,28030696,0.922269821166992
"2003-11-04",2.60253000259399,2.62926888465881,2.59361696243286,2.62481188774109,25543246,0.931761264801025
"2003-11-05",2.60698699951172,2.65155005455017,2.59361696243286,2.62926888465881,30348347,0.933343470096588
"2003-11-06",2.62481188774109,2.63818097114563,2.59807395935059,2.63818097114563,26312152,0.936507225036621
"2003-11-07",2.6604630947113,2.73176503181458,2.6560070514679,2.73176503181458,52632407,0.969727635383606
"2003-11-10",2.7094841003418,2.78078603744507,2.70057106018066,2.7094841003418,46472668,0.96181845664978
"2003-11-11",2.69165802001953,2.70057106018066,2.56687903404236,2.67383193969727,76034242,0.949162364006042
"2003-11-12",2.67383193969727,2.71393990516663,2.64709401130676,2.70057106018066,33270300,0.958654046058655
"2003-11-13",2.78078603744507,2.78078603744507,2.6827449798584,2.7629599571228,67870696,0.980801284313202
"2003-11-14",2.75404691696167,2.8164370059967,2.74513506889343,2.78078603744507,48370213,0.987129390239716
"2003-11-17",2.75404691696167,2.75404691696167,2.7094841003418,2.71839594841003,28896467,0.964981734752655
"2003-11-18",2.72730898857117,2.75404691696167,2.71839594841003,2.7362220287323,17138818,0.971310138702393
"2003-11-19",2.7094841003418,2.7094841003418,2.66492009162903,2.70057106018066,27981049,0.958654046058655
"2003-11-20",2.7094841003418,2.71839594841003,2.63818097114563,2.67383193969727,30839262,0.949162364006042
"2003-11-21",2.65155005455017,2.66492009162903,2.63818097114563,2.66492009162903,17629568,0.945998907089233
"2003-11-24",2.64709401130676,2.75850391387939,2.64709401130676,2.74513506889343,31073948,0.974474012851715
"2003-11-25",2.7629599571228,2.83426189422607,2.75404691696167,2.8164370059967,45059797,0.999784827232361
"2003-11-26",2.83426189422607,2.87882590293884,2.80752396583557,2.83426189422607,45626763,1.00611233711243
"2003-11-27",2.84317493438721,2.84317493438721,2.7896990776062,2.80752396583557,25051353,0.996620714664459
"2003-11-28",2.80752396583557,2.85208797454834,2.7896990776062,2.79861092567444,26413464,0.993456602096558
"2003-12-01",2.80752396583557,2.85208797454834,2.80752396583557,2.84317493438721,20628641,1.0092761516571
"2003-12-02",2.84317493438721,2.86100101470947,2.80752396583557,2.85208797454834,25270752,1.01244032382965
"2003-12-03",2.85208797454834,2.86991310119629,2.82535004615784,2.83426189422607,31020997,1.00611233711243
"2003-12-04",2.82535004615784,2.98578000068665,2.8164370059967,2.96795392036438,58435462,1.05357038974762
"2003-12-05",2.95012807846069,2.98578000068665,2.87882590293884,2.89665198326111,44995861,1.02825963497162
"2003-12-08",2.84317493438721,2.90556502342224,2.83426189422607,2.88773894309998,15031340,1.02509570121765
"2003-12-09",2.89665198326111,2.89665198326111,2.7896990776062,2.80752396583557,62264674,0.996620714664459
"2003-12-10",2.77187299728394,2.8164370059967,2.71839594841003,2.7362220287323,49810530,0.971310138702393
"2003-12-11",2.7362220287323,2.78078603744507,2.7362220287323,2.78078603744507,31339757,0.987129390239716
"2003-12-12",2.7896990776062,2.84317493438721,2.71839594841003,2.77187299728394,51384001,0.983965396881104
"2003-12-15",2.84317493438721,2.86991310119629,2.80752396583557,2.84317493438721,29944230,1.0092761516571
"2003-12-16",2.8164370059967,2.87882590293884,2.80752396583557,2.86100101470947,19959982,1.01560413837433
"2003-12-17",2.87882590293884,2.93230295181274,2.86100101470947,2.93230295181274,38961648,1.04091513156891
"2003-12-18",2.92338991165161,2.96795392036438,2.91447710990906,2.95904111862183,42351428,1.05040669441223
"2003-12-19",2.94121599197388,2.95904111862183,2.75404691696167,2.83426189422607,156072750,1.00611233711243
"2003-12-22",2.7896990776062,2.80752396583557,2.71839594841003,2.72730898857117,45463725,0.968145906925201
"2003-12-23",2.71839594841003,2.82535004615784,2.7094841003418,2.82535004615784,45806404,1.00294888019562
"2003-12-24",2.82535004615784,2.82535004615784,2.82535004615784,2.82535004615784,45806404,1.00294888019562
"2003-12-25",2.9631679058075,2.9631679058075,2.9631679058075,2.9631679058075,0,1.05187165737152
"2003-12-26",2.9631679058075,2.9631679058075,2.9631679058075,2.9631679058075,0,1.05187165737152
"2003-12-29",2.80752396583557,2.83426189422607,2.7629599571228,2.7896990776062,19115273,0.990293145179749
"2003-12-30",2.79861092567444,2.84317493438721,2.7629599571228,2.7629599571228,18631242,0.980801284313202
"2003-12-31",2.89773893356323,2.89773893356323,2.89773893356323,2.89773893356323,0,1.02864527702332
"2004-01-01",2.89773893356323,2.89773893356323,2.89773893356323,2.89773893356323,0,1.02864527702332
"2004-01-02",2.77187299728394,2.80752396583557,2.7629599571228,2.7896990776062,11469688,0.990293145179749
"2004-01-05",2.78078603744507,2.79861092567444,2.7362220287323,2.74513506889343,23102203,0.974474012851715
"2004-01-06",2.75404691696167,2.77187299728394,2.7094841003418,2.75404691696167,22853148,0.97763729095459
"2004-01-07",2.7362220287323,2.74513506889343,2.54905390739441,2.56687903404236,116157218,0.911195993423462
"2004-01-08",2.54014110565186,2.71839594841003,2.54014110565186,2.71839594841003,167707516,0.964981734752655
"2004-01-09",2.7094841003418,2.79861092567444,2.7094841003418,2.79861092567444,63831221,0.993456602096558
"2004-01-12",2.75404691696167,2.78078603744507,2.70057106018066,2.71839594841003,33798586,0.964981734752655
"2004-01-13",2.71839594841003,2.74513506889343,2.54905390739441,2.56687903404236,96163985,0.911195993423462
"2004-01-14",2.58470511436462,2.69611406326294,2.58470511436462,2.69165802001953,96264549,0.955490350723267
"2004-01-15",2.67383193969727,2.7362220287323,2.6560070514679,2.71839594841003,51206039,0.964981734752655
"2004-01-16",2.7362220287323,2.80752396583557,2.71839594841003,2.78078603744507,76087454,0.987129390239716
"2004-01-19",2.78078603744507,2.85208797454834,2.78078603744507,2.84317493438721,57184001,1.0092761516571
"2004-01-20",2.86100101470947,2.86100101470947,2.80752396583557,2.8164370059967,43945656,0.999784827232361
"2004-01-21",2.8164370059967,2.84317493438721,2.7629599571228,2.83426189422607,50238177,1.00611233711243
"2004-01-22",2.83426189422607,2.84317493438721,2.75404691696167,2.82535004615784,43809090,1.00294888019562
"2004-01-23",2.79861092567444,2.86100101470947,2.7896990776062,2.79861092567444,28120797,0.993456602096558
"2004-01-26",2.80752396583557,2.82535004615784,2.78078603744507,2.79861092567444,23892474,0.993456602096558
"2004-01-27",2.8164370059967,2.87882590293884,2.80752396583557,2.87882590293884,50377708,1.02193164825439
"2004-01-28",2.86100101470947,2.87882590293884,2.83426189422607,2.84317493438721,20400974,1.0092761516571
"2004-01-29",2.82535004615784,2.84317493438721,2.79861092567444,2.83426189422607,21319200,1.00611233711243
"2004-01-30",2.83426189422607,2.84317493438721,2.7629599571228,2.7896990776062,30004217,0.990293145179749
"2004-02-02",2.7896990776062,2.7896990776062,2.71839594841003,2.74513506889343,35186060,0.974474012851715
"2004-02-03",2.74513506889343,2.74513506889343,2.70057106018066,2.7362220287323,21001762,0.971310138702393
"2004-02-04",2.71839594841003,2.79861092567444,2.7094841003418,2.78078603744507,35231450,0.987129390239716
"2004-02-05",2.75404691696167,2.7896990776062,2.6827449798584,2.7094841003418,45511434,0.96181845664978
"2004-02-06",2.7094841003418,2.72730898857117,2.66492009162903,2.66492009162903,41492495,0.945998907089233
"2004-02-09",2.69165802001953,2.72730898857117,2.68720197677612,2.70057106018066,36066335,0.958654046058655
"2004-02-10",2.69165802001953,2.74513506889343,2.6827449798584,2.7094841003418,26709045,0.96181845664978
"2004-02-11",2.71839594841003,2.72730898857117,2.69165802001953,2.71839594841003,14815321,0.964981734752655
"2004-02-12",2.72730898857117,2.79861092567444,2.7094841003418,2.78078603744507,45501822,0.987129390239716
"2004-02-13",2.7896990776062,2.79861092567444,2.71839594841003,2.72730898857117,34983439,0.968145906925201
"2004-02-16",2.72730898857117,2.7629599571228,2.71839594841003,2.7629599571228,12143257,0.980801284313202
"2004-02-17",2.77187299728394,2.78078603744507,2.7362220287323,2.77187299728394,30538386,0.983965396881104
"2004-02-18",2.7629599571228,2.78078603744507,2.7362220287323,2.74513506889343,12273783,0.974474012851715
"2004-02-19",2.7362220287323,2.7629599571228,2.7094841003418,2.7362220287323,22371289,0.971310138702393
"2004-02-20",2.71839594841003,2.71839594841003,2.63818097114563,2.6560070514679,81522990,0.942835032939911
"2004-02-23",2.66492009162903,2.68720197677612,2.64263796806335,2.67828893661499,29907397,0.95074450969696
"2004-02-24",2.6560070514679,2.67383193969727,2.61144304275513,2.64709401130676,24966018,0.939670920372009
"2004-02-25",2.64263796806335,2.67383193969727,2.63372492790222,2.64263796806335,20125255,0.938089191913605
"2004-02-26",2.6560070514679,2.66492009162903,2.62035608291626,2.64263796806335,20524335,0.938089191913605
"2004-02-27",2.65155005455017,2.69165802001953,2.64263796806335,2.66492009162903,36640882,0.945998907089233
"2004-03-01",2.68720197677612,2.69165802001953,2.62926888465881,2.64263796806335,28688195,0.938089191913605
"2004-03-02",2.6560070514679,2.6604630947113,2.58916091918945,2.61144304275513,46476590,0.927015423774719
"2004-03-03",2.59807395935059,2.61589908599854,2.56242299079895,2.56687903404236,38105723,0.911195993423462
"2004-03-04",2.57579207420349,2.57579207420349,2.53122806549072,2.56242299079895,55817815,0.909614384174347
"2004-03-05",2.56687903404236,2.6604630947113,2.56242299079895,2.63818097114563,90496372,0.936507225036621
"2004-03-08",2.64709401130676,2.69611406326294,2.58470511436462,2.59361696243286,120863922,0.920687556266785
"2004-03-09",2.59361696243286,2.61144304275513,2.5802481174469,2.59807395935059,51646652,0.922269821166992
"2004-03-10",2.59361696243286,2.66492009162903,2.58470511436462,2.6560070514679,42498527,0.942835032939911
"2004-03-11",2.63818097114563,2.63818097114563,2.59361696243286,2.62035608291626,51022457,0.93017965555191
"2004-03-12",2.58470511436462,2.59361696243286,2.54905390739441,2.57579207420349,50401054,0.914360225200653
"2004-03-15",2.57579207420349,2.5802481174469,2.46883893013,2.47329497337341,47311467,0.877975344657898
"2004-03-16",2.48220801353455,2.51785898208618,2.44210004806519,2.45101308822632,81536010,0.870065569877625
"2004-03-17",2.46883893013,2.48666405677795,2.42873096466064,2.45992588996887,52189458,0.873229622840881
"2004-03-18",2.47329497337341,2.47329497337341,2.40199303627014,2.4153618812561,43770722,0.857410132884979
"2004-03-19",2.44210004806519,2.45546889305115,2.37525391578674,2.41981792449951,80201919,0.858992099761963
"2004-03-22",2.3886239528656,2.42427492141724,2.36634206771851,2.42427492141724,36760549,0.860574245452881
"2004-03-23",2.4153618812561,2.46438193321228,2.4153618812561,2.43764400482178,29535446,0.865319848060608
"2004-03-24",2.44655704498291,2.46438193321228,2.38416695594788,2.40644907951355,42313117,0.854246437549591
"2004-03-25",2.41981792449951,2.47775101661682,2.4153618812561,2.47775101661682,30601925,0.879557430744171
"2004-03-26",2.48666405677795,2.49557709693909,2.43764400482178,2.45546889305115,23993337,0.871647357940674
"2004-03-29",2.45546889305115,2.46883893013,2.42427492141724,2.45546889305115,78363397,0.871647357940674
"2004-03-30",2.47775101661682,2.48220801353455,2.42427492141724,2.43764400482178,45166476,0.865319848060608
"2004-03-31",2.45101308822632,2.45992588996887,2.39753603935242,2.39753603935242,57129555,0.851082265377045
"2004-04-01",2.41090607643127,2.44655704498291,2.41090607643127,2.44655704498291,45878230,0.868484079837799
"2004-04-02",2.43764400482178,2.51785898208618,2.43764400482178,2.50894594192505,42950276,0.890630900859833
"2004-04-05",2.51340198516846,2.55350995063782,2.51340198516846,2.54905390739441,43810706,0.904868543148041
"2004-04-06",2.55796599388123,2.56687903404236,2.51340198516846,2.53122806549072,42208416,0.898540735244751
"2004-04-07",2.52677202224731,2.56687903404236,2.52677202224731,2.56687903404236,28460436,0.911195993423462
"2004-04-08",2.56242299079895,2.59807395935059,2.54459691047668,2.55796599388123,69878506,0.908032417297363
"2004-04-09",2.6827449798584,2.6827449798584,2.6827449798584,2.6827449798584,0,0.952326476573944
"2004-04-12",2.6827449798584,2.6827449798584,2.6827449798584,2.6827449798584,0,0.952326476573944
"2004-04-13",2.57133507728577,2.62481188774109,2.57133507728577,2.60698699951172,57554662,0.925433814525604
"2004-04-14",2.58470511436462,2.60253000259399,2.55350995063782,2.57133507728577,27169068,0.91277801990509
"2004-04-15",2.56242299079895,2.57579207420349,2.53122806549072,2.54014110565186,31596631,0.901704668998718
"2004-04-16",2.52677202224731,2.54014110565186,2.49557709693909,2.51785898208618,97892145,0.8937948346138
"2004-04-19",2.46775007247925,2.52383589744568,2.46307706832886,2.50981402397156,48810985,0.90562242269516
"2004-04-20",2.51916193962097,2.59861588478088,2.51916193962097,2.57057309150696,46733481,0.927546560764313
"2004-04-21",2.55655193328857,2.60329008102417,2.54720497131348,2.55655193328857,33284391,0.922487139701843
"2004-04-22",2.56122589111328,2.59394192695618,2.55187797546387,2.57992100715637,24607262,0.930919528007507
"2004-04-23",2.58926892280579,2.61263704299927,2.57524704933167,2.57992100715637,18823528,0.930919528007507
"2004-04-26",2.58926892280579,2.63600611686707,2.57524704933167,2.61263704299927,25541652,0.942724347114563
"2004-04-27",2.61731100082397,2.64535403251648,2.59394192695618,2.62665891647339,32765421,0.947784185409546
"2004-04-28",2.62665891647339,2.64068007469177,2.60796403884888,2.61731100082397,22676408,0.944411098957062
"2004-04-29",2.61263704299927,2.62665891647339,2.59394192695618,2.60796403884888,25898842,0.941038548946381
"2004-04-30",2.59394192695618,2.60796403884888,2.57524704933167,2.57992100715637,22996891,0.930919528007507
"2004-05-03",2.57057309150696,2.58926892280579,2.55187797546387,2.58459496498108,18914164,0.932606279850006
"2004-05-04",2.58926892280579,2.61731100082397,2.57057309150696,2.59861588478088,50499825,0.937665164470673
"2004-05-05",2.58926892280579,2.60329008102417,2.56590008735657,2.60329008102417,34404657,0.939351677894592
"2004-05-06",2.60329008102417,2.60329008102417,2.50981402397156,2.50981402397156,57410351,0.90562242269516
"2004-05-07",2.52383589744568,2.55187797546387,2.51448798179626,2.53785705566406,40586118,0.915741443634033
"2004-05-10",2.49579310417175,2.52851009368896,2.46775007247925,2.50981402397156,33584097,0.90562242269516
"2004-05-11",2.54253101348877,2.62665891647339,2.53318309783936,2.62665891647339,72542605,0.947784185409546
"2004-05-12",2.67807006835938,2.74817705154419,2.67807006835938,2.70143890380859,161456328,0.97476714849472
"2004-05-13",2.70143890380859,2.7902410030365,2.70143890380859,2.76219797134399,64702800,0.996690988540649
"2004-05-14",2.74817705154419,2.75752401351929,2.68274402618408,2.71546006202698,60597185,0.979826390743256
"2004-05-17",2.67807006835938,2.69676494598389,2.65002799034119,2.67807006835938,29881932,0.966334760189056
"2004-05-18",2.71078705787659,2.72013401985168,2.66872310638428,2.70611310005188,19404132,0.97645378112793
"2004-05-19",2.72480797767639,2.7668719291687,2.71546006202698,2.76219797134399,24121009,0.996690988540649
"2004-05-20",2.7388288974762,2.78556704521179,2.72013401985168,2.77154588699341,55883369,1.00006377696991
"2004-05-21",2.79491400718689,2.7995879650116,2.76219797134399,2.7762188911438,108172932,1.00175023078918
"2004-05-24",2.75752401351929,2.8369779586792,2.75752401351929,2.83230495452881,26306919,1.02198803424835
"2004-05-25",2.8136100769043,2.8136100769043,2.75752401351929,2.78556704521179,21539153,1.00512325763702
"2004-05-26",2.8276309967041,2.84165191650391,2.8042619228363,2.81828308105469,26996048,1.01692819595337
"2004-05-27",2.8136100769043,2.8510000705719,2.7762188911438,2.78556704521179,38061469,1.00512325763702
"2004-05-28",2.7995879650116,2.80893611907959,2.74817705154419,2.74817705154419,37013737,0.991631984710693
"2004-05-31",2.74817705154419,2.78089308738708,2.7388288974762,2.78089308738708,10391550,1.00343692302704
"2004-06-01",2.78556704521179,2.78556704521179,2.7388288974762,2.75752401351929,17353070,0.995004534721375
"2004-06-02",2.7762188911438,2.78089308738708,2.74817705154419,2.75752401351929,8818526,0.995004534721375
"2004-06-03",2.75752401351929,2.7668719291687,2.73415493965149,2.74817705154419,16865616,0.991631984710693
"2004-06-04",2.7528510093689,2.82295703887939,2.7528510093689,2.8136100769043,23229537,1.01524221897125
"2004-06-07",2.83230495452881,2.860347032547,2.8042619228363,2.83230495452881,18371802,1.02198803424835
"2004-06-08",2.8510000705719,2.8510000705719,2.78556704521179,2.84165191650391,28192465,1.02536058425903
"2004-06-09",2.860347032547,2.86969494819641,2.82295703887939,2.86969494819641,26861314,1.03547930717468
"2004-06-10",2.8510000705719,2.86969494819641,2.83230495452881,2.860347032547,20605024,1.03210639953613
"2004-06-11",2.860347032547,2.860347032547,2.82295703887939,2.84165191650391,7329290,1.02536058425903
"2004-06-14",2.8510000705719,2.8883900642395,2.82295703887939,2.86969494819641,29374050,1.03547930717468
"2004-06-15",2.86969494819641,2.90708494186401,2.8510000705719,2.8977370262146,27616225,1.04559779167175
"2004-06-16",2.90708494186401,2.9257800579071,2.8510000705719,2.87904191017151,36874819,1.03885197639465
"2004-06-17",2.86969494819641,2.8977370262146,2.82295703887939,2.84165191650391,35012634,1.02536058425903
"2004-06-18",2.8510000705719,2.86969494819641,2.82295703887939,2.860347032547,24262243,1.03210639953613
"2004-06-21",2.86969494819641,2.8977370262146,2.8510000705719,2.8883900642395,20633345,1.04222536087036
"2004-06-22",2.87904191017151,2.8883900642395,2.84165191650391,2.8510000705719,17138741,1.02873349189758
"2004-06-23",2.8510000705719,2.8883900642395,2.8510000705719,2.86969494819641,22455722,1.03547930717468
"2004-06-24",2.8883900642395,2.91643190383911,2.87904191017151,2.8883900642395,34257929,1.04222536087036
"2004-06-25",2.8883900642395,2.93512797355652,2.8883900642395,2.93512797355652,27123147,1.05908954143524
"2004-06-28",2.93512797355652,2.98186492919922,2.91643190383911,2.97251796722412,27308180,1.07258129119873
"2004-06-29",2.98186492919922,3.00990796089172,2.96317005157471,2.99121308326721,52205077,1.07932710647583
"2004-06-30",3.00056004524231,3.01925492286682,2.98186492919922,3.00056004524231,36756123,1.08269965648651
"2004-07-01",3.01925492286682,3.02860307693481,2.93512797355652,2.94447493553162,38385463,1.06246256828308
"2004-07-02",2.93512797355652,2.95382308959961,2.8977370262146,2.9257800579071,34658709,1.05571687221527
"2004-07-05",2.9257800579071,2.97251796722412,2.9257800579071,2.95382308959961,35774773,1.0658358335495
"2004-07-06",2.96317005157471,2.98186492919922,2.8977370262146,2.91643190383911,56053616,1.05234372615814
"2004-07-07",2.91643190383911,2.94447493553162,2.8977370262146,2.9257800579071,46671585,1.05571687221527
"2004-07-08",2.91643190383911,2.94447493553162,2.8977370262146,2.94447493553162,24523025,1.06246256828308
"2004-07-09",2.93512797355652,2.95382308959961,2.91643190383911,2.95382308959961,19518299,1.0658358335495
"2004-07-12",2.94447493553162,2.98186492919922,2.94447493553162,2.94447493553162,23508606,1.06246256828308
"2004-07-13",2.96317005157471,2.99121308326721,2.93512797355652,2.94447493553162,36390536,1.06246256828308
"2004-07-14",2.90708494186401,2.90708494186401,2.86969494819641,2.8977370262146,42628251,1.04559779167175
"2004-07-15",2.90708494186401,2.90708494186401,2.86969494819641,2.8883900642395,23385532,1.04222536087036
"2004-07-16",2.90708494186401,2.90708494186401,2.83230495452881,2.83230495452881,41815586,1.02198803424835
"2004-07-19",2.83230495452881,2.86969494819641,2.8136100769043,2.8510000705719,31408548,1.02873349189758
"2004-07-20",2.84165191650391,2.8977370262146,2.8136100769043,2.8977370262146,36436451,1.04559779167175
"2004-07-21",2.90708494186401,2.9257800579071,2.8883900642395,2.90708494186401,30629522,1.04897093772888
"2004-07-22",2.87904191017151,2.87904191017151,2.84165191650391,2.8510000705719,26421710,1.02873349189758
"2004-07-23",2.84165191650391,2.86969494819641,2.82295703887939,2.84165191650391,31055873,1.02536058425903
"2004-07-26",2.83230495452881,2.860347032547,2.82295703887939,2.82295703887939,19284657,1.01861464977264
"2004-07-27",2.84165191650391,2.87904191017151,2.8136100769043,2.86969494819641,27805555,1.03547930717468
"2004-07-28",2.87904191017151,2.90708494186401,2.8510000705719,2.860347032547,31220745,1.03210639953613
"2004-07-29",2.86969494819641,2.90708494186401,2.8510000705719,2.8883900642395,25580863,1.04222536087036
"2004-07-30",2.87904191017151,2.90708494186401,2.860347032547,2.87904191017151,26771982,1.03885197639465
"2004-08-02",2.8883900642395,2.91643190383911,2.860347032547,2.90708494186401,28826102,1.04897093772888
"2004-08-03",2.90708494186401,2.9257800579071,2.8883900642395,2.91643190383911,28350608,1.05234372615814
"2004-08-04",2.87904191017151,2.8977370262146,2.8510000705719,2.8977370262146,28152733,1.04559779167175
"2004-08-05",2.8977370262146,2.91643190383911,2.87904191017151,2.8977370262146,12262634,1.04559779167175
"2004-08-06",2.87904191017151,2.8977370262146,2.84165191650391,2.860347032547,25463391,1.03210639953613
"2004-08-09",2.860347032547,2.860347032547,2.8136100769043,2.82295703887939,19609867,1.01861464977264
"2004-08-10",2.82295703887939,2.860347032547,2.8136100769043,2.82295703887939,16946749,1.01861464977264
"2004-08-11",2.83230495452881,2.83230495452881,2.74817705154419,2.7762188911438,38829236,1.00175023078918
"2004-08-12",2.7762188911438,2.79491400718689,2.68274402618408,2.69676494598389,46733900,0.973080456256866
"2004-08-13",2.68741798400879,2.72013401985168,2.65002799034119,2.66872310638428,27431282,0.962961971759796
"2004-08-16",2.65937495231628,2.7294819355011,2.63600611686707,2.71546006202698,28465990,0.979826390743256
"2004-08-17",2.72013401985168,2.78089308738708,2.70611310005188,2.7528510093689,33371579,0.993318200111389
"2004-08-18",2.74817705154419,2.75752401351929,2.70143890380859,2.74817705154419,25812812,0.991631984710693
"2004-08-19",2.7668719291687,2.77154588699341,2.72480797767639,2.7388288974762,17982989,0.98825877904892
"2004-08-20",2.7388288974762,2.7388288974762,2.69676494598389,2.71078705787659,21373585,0.978140115737915
"2004-08-23",2.72013401985168,2.7762188911438,2.72013401985168,2.76219797134399,19107350,0.996690988540649
"2004-08-24",2.7668719291687,2.7902410030365,2.75752401351929,2.76219797134399,12153320,0.996690988540649
"2004-08-25",2.77154588699341,2.78089308738708,2.74817705154419,2.78089308738708,21455862,1.00343692302704
"2004-08-26",2.78089308738708,2.8276309967041,2.78089308738708,2.8136100769043,21599128,1.01524221897125
"2004-08-27",2.8136100769043,2.8510000705719,2.8136100769043,2.84165191650391,12386852,1.02536058425903
"2004-08-30",2.83230495452881,2.84165191650391,2.8136100769043,2.83230495452881,12261973,1.02198803424835
"2004-08-31",2.8136100769043,2.8510000705719,2.79491400718689,2.8136100769043,24751648,1.01524221897125
"2004-09-01",2.82295703887939,2.860347032547,2.82295703887939,2.84165191650391,21887956,1.02536058425903
"2004-09-02",2.84165191650391,2.91643190383911,2.82295703887939,2.91643190383911,34102356,1.05234372615814
"2004-09-03",2.90708494186401,2.95382308959961,2.8977370262146,2.93512797355652,27502609,1.05908954143524
"2004-09-06",2.93512797355652,2.97251796722412,2.8510000705719,2.86969494819641,64231477,1.03547930717468
"2004-09-07",2.8510000705719,2.860347032547,2.78556704521179,2.8042619228363,68929420,1.01186895370483
"2004-09-08",2.79491400718689,2.84165191650391,2.78556704521179,2.82295703887939,38295415,1.01861464977264
"2004-09-09",2.82295703887939,2.860347032547,2.8042619228363,2.8510000705719,36506896,1.02873349189758
"2004-09-10",2.8510000705719,2.86969494819641,2.83230495452881,2.860347032547,25317978,1.03210639953613
"2004-09-13",2.87904191017151,2.87904191017151,2.8510000705719,2.860347032547,19005361,1.03210639953613
"2004-09-14",2.8510000705719,2.860347032547,2.8136100769043,2.83230495452881,37565305,1.02198803424835
"2004-09-15",2.83230495452881,2.87904191017151,2.82295703887939,2.84165191650391,25100544,1.02536058425903
"2004-09-16",2.83230495452881,2.87904191017151,2.83230495452881,2.86969494819641,24867757,1.03547930717468
"2004-09-17",2.87904191017151,2.8977370262146,2.860347032547,2.860347032547,42311660,1.03210639953613
"2004-09-20",2.860347032547,2.87904191017151,2.84165191650391,2.860347032547,17071323,1.03210639953613
"2004-09-21",2.860347032547,2.91643190383911,2.8510000705719,2.90708494186401,30183535,1.04897093772888
"2004-09-22",2.90708494186401,2.93512797355652,2.87904191017151,2.87904191017151,32701375,1.03885197639465
"2004-09-23",2.87904191017151,2.8977370262146,2.8510000705719,2.8977370262146,29264744,1.04559779167175
"2004-09-24",2.87904191017151,2.8883900642395,2.83230495452881,2.83230495452881,47452635,1.02198803424835
"2004-09-27",2.82295703887939,2.8510000705719,2.8136100769043,2.8136100769043,24735318,1.01524221897125
"2004-09-28",2.8136100769043,2.8510000705719,2.78556704521179,2.83230495452881,34638831,1.02198803424835
"2004-09-29",2.84165191650391,2.86969494819641,2.83230495452881,2.8510000705719,20306793,1.02873349189758
"2004-09-30",2.860347032547,2.87904191017151,2.84165191650391,2.860347032547,26055737,1.03210639953613
"2004-10-01",2.860347032547,2.86969494819641,2.82295703887939,2.86969494819641,27811832,1.03547930717468
"2004-10-04",2.87904191017151,2.90708494186401,2.86969494819641,2.8883900642395,23895240,1.04222536087036
"2004-10-05",2.860347032547,2.93512797355652,2.8510000705719,2.9257800579071,32836264,1.05571687221527
"2004-10-06",2.9257800579071,2.93512797355652,2.86969494819641,2.8883900642395,23066690,1.04222536087036
"2004-10-07",2.8883900642395,2.91643190383911,2.8883900642395,2.8977370262146,19310220,1.04559779167175
"2004-10-08",2.8883900642395,2.94447493553162,2.8883900642395,2.93512797355652,35813708,1.05908954143524
"2004-10-11",2.91643190383911,2.99121308326721,2.91643190383911,2.97251796722412,39988062,1.07258129119873
"2004-10-12",2.97251796722412,2.99121308326721,2.93512797355652,2.97251796722412,40079512,1.07258129119873
"2004-10-13",2.99121308326721,3.04729795455933,2.98186492919922,3.02860307693481,62816229,1.09281861782074
"2004-10-14",3.00056004524231,3.00990796089172,2.98186492919922,2.98186492919922,31623402,1.07595407962799
"2004-10-15",2.98186492919922,2.98186492919922,2.93512797355652,2.95382308959961,41159925,1.0658358335495
"2004-10-18",2.95382308959961,2.96317005157471,2.9257800579071,2.93512797355652,25581117,1.05908954143524
"2004-10-19",2.95382308959961,2.99121308326721,2.95382308959961,2.97251796722412,23086226,1.07258129119873
"2004-10-20",2.96317005157471,2.96317005157471,2.93512797355652,2.95382308959961,22033104,1.0658358335495
"2004-10-21",2.95382308959961,2.98186492919922,2.95382308959961,2.97251796722412,29113833,1.07258129119873
"2004-10-22",2.98186492919922,3.03795099258423,2.97251796722412,3.02860307693481,38272619,1.09281861782074
"2004-10-25",2.98186492919922,2.99121308326721,2.94447493553162,2.95382308959961,25417785,1.0658358335495
"2004-10-26",2.95382308959961,2.97251796722412,2.93512797355652,2.95382308959961,30139697,1.0658358335495
"2004-10-27",2.97251796722412,2.99121308326721,2.94447493553162,2.98186492919922,27750434,1.07595407962799
"2004-10-28",2.99121308326721,3.02860307693481,2.99121308326721,3.00990796089172,38028867,1.08607316017151
"2004-10-29",3.00990796089172,3.02860307693481,3.00056004524231,3.00056004524231,24191419,1.08269965648651
"2004-11-01",2.99121308326721,3.01925492286682,2.99121308326721,3.01925492286682,0,1.08944535255432
"2004-11-02",3.02860307693481,3.07534098625183,3.01925492286682,3.05664610862732,23182891,1.1029372215271
"2004-11-03",3.08468794822693,3.09403610229492,3.04729795455933,3.05664610862732,33271899,1.1029372215271
"2004-11-04",3.06599307060242,3.07534098625183,3.01925492286682,3.04729795455933,28386557,1.09956455230713
"2004-11-05",3.05664610862732,3.08468794822693,3.03795099258423,3.05664610862732,50241003,1.1029372215271
"2004-11-08",3.05664610862732,3.22490096092224,3.00056004524231,3.17816400527954,158552885,1.14678478240967
"2004-11-09",3.17816400527954,3.22490096092224,3.16881608963013,3.21555399894714,76575450,1.16027641296387
"2004-11-10",3.24359607696533,3.27163910865784,3.18751096725464,3.19685888290405,60383217,1.15353059768677
"2004-11-11",3.19685888290405,3.20620608329773,3.15012097358704,3.16881608963013,55126657,1.1434121131897
"2004-11-12",3.18751096725464,3.22490096092224,3.16881608963013,3.20620608329773,42300490,1.15690350532532
"2004-11-15",3.20620608329773,3.22490096092224,3.17816400527954,3.19685888290405,35348350,1.15353059768677
"2004-11-16",3.19685888290405,3.20620608329773,3.15012097358704,3.15946888923645,36949872,1.14003932476044
"2004-11-17",3.15946888923645,3.28098702430725,3.15946888923645,3.27163910865784,62892686,1.18051385879517
"2004-11-18",3.26229190826416,3.29968190193176,3.24359607696533,3.25294399261475,62632681,1.17376780509949
"2004-11-19",3.25294399261475,3.31837701797485,3.24359607696533,3.24359607696533,54826714,1.17039477825165
"2004-11-22",3.23424911499023,3.24359607696533,3.15946888923645,3.16881608963013,52458520,1.1434121131897
"2004-11-23",3.17816400527954,3.18751096725464,3.14077305793762,3.15012097358704,46070100,1.13666641712189
"2004-11-24",3.15946888923645,3.17816400527954,3.11273097991943,3.13142609596252,39988416,1.12992024421692
"2004-11-25",3.13142609596252,3.18751096725464,3.12207794189453,3.18751096725464,23287213,1.15015780925751
"2004-11-26",3.17816400527954,3.18751096725464,3.14077305793762,3.15012097358704,19694254,1.13666641712189
"2004-11-29",3.15946888923645,3.18751096725464,3.13142609596252,3.13142609596252,24485651,1.12992024421692
"2004-11-30",3.14077305793762,3.15012097358704,3.08468794822693,3.11273097991943,42048600,1.12317454814911
"2004-12-01",3.12207794189453,3.17816400527954,3.11273097991943,3.15012097358704,27069929,1.13666641712189
"2004-12-02",3.16881608963013,3.20620608329773,3.15946888923645,3.16881608963013,27859003,1.1434121131897
"2004-12-03",3.18751096725464,3.19685888290405,3.14077305793762,3.18751096725464,27694754,1.15015780925751
"2004-12-06",3.17816400527954,3.20620608329773,3.16881608963013,3.17816400527954,19877162,1.14678478240967
"2004-12-07",3.17816400527954,3.20620608329773,3.15946888923645,3.18751096725464,24956926,1.15015780925751
"2004-12-08",3.18751096725464,3.20620608329773,3.17816400527954,3.20620608329773,0,1.15690350532532
"2004-12-09",3.19685888290405,3.22490096092224,3.16881608963013,3.17816400527954,24949849,1.14678478240967
"2004-12-10",3.19685888290405,3.21555399894714,3.17816400527954,3.19685888290405,15361687,1.15353059768677
"2004-12-13",3.19685888290405,3.24359607696533,3.19685888290405,3.23424911499023,22926763,1.16702234745026
"2004-12-14",3.24359607696533,3.26229190826416,3.21555399894714,3.23424911499023,27870965,1.16702234745026
"2004-12-15",3.23424911499023,3.24359607696533,3.19685888290405,3.21555399894714,23390453,1.16027641296387
"2004-12-16",3.21555399894714,3.27163910865784,3.20620608329773,3.27163910865784,23001824,1.18051385879517
"2004-12-17",3.29968190193176,3.29968190193176,3.26229190826416,3.28098702430725,67111412,1.18388700485229
"2004-12-20",3.29033398628235,3.30902910232544,3.27163910865784,3.28098702430725,25631119,1.18388700485229
"2004-12-21",3.28098702430725,3.29968190193176,3.24359607696533,3.25294399261475,25189367,1.17376780509949
"2004-12-22",3.26229190826416,3.30902910232544,3.23424911499023,3.29033398628235,26508518,1.18725967407227
"2004-12-23",3.29033398628235,3.33707189559937,3.27163910865784,3.30902910232544,26719479,1.19400548934937
"2004-12-24",3.30902910232544,3.30902910232544,3.30902910232544,3.30902910232544,0,1.19400548934937
"2004-12-27",3.30902910232544,3.31837701797485,3.29033398628235,3.29033398628235,6187588,1.18725967407227
"2004-12-28",3.29968190193176,3.29968190193176,3.28098702430725,3.29968190193176,5313027,1.19063258171082
"2004-12-29",3.29968190193176,3.30902910232544,3.27163910865784,3.27163910865784,7255754,1.18051385879517
"2004-12-30",3.29033398628235,3.30902910232544,3.28098702430725,3.30902910232544,9982556,1.19400548934937
"2004-12-31",3.30902910232544,3.30902910232544,3.30902910232544,3.30902910232544,0,1.19400548934937
"2005-01-03",3.30902910232544,3.32772397994995,3.28098702430725,3.29033398628235,14207682,1.18725967407227
"2005-01-04",3.28098702430725,3.32772397994995,3.28098702430725,3.29968190193176,20430932,1.19063258171082
"2005-01-05",3.28098702430725,3.36511397361755,3.27163910865784,3.32772397994995,43207850,1.20075106620789
"2005-01-06",3.33707189559937,3.38381004333496,3.32772397994995,3.38381004333496,0,1.22098898887634
"2005-01-07",3.37446188926697,3.43054699897766,3.36511397361755,3.40250492095947,31859246,1.22773468494415
"2005-01-10",3.39315700531006,3.42120003700256,3.37446188926697,3.40250492095947,28164298,1.22773468494415
"2005-01-11",3.41185188293457,3.42120003700256,3.33707189559937,3.36511397361755,41610200,1.2142425775528
"2005-01-12",3.35576701164246,3.40250492095947,3.33707189559937,3.36511397361755,34032070,1.2142425775528
"2005-01-13",3.37446188926697,3.38381004333496,3.33707189559937,3.34641909599304,33955715,1.20749700069427
"2005-01-14",3.33707189559937,3.35576701164246,3.30902910232544,3.34641909599304,30971958,1.20749700069427
"2005-01-17",3.35576701164246,3.38381004333496,3.32772397994995,3.37446188926697,23026836,1.21761560440063
"2005-01-18",3.38381004333496,3.39315700531006,3.34641909599304,3.36511397361755,28878647,1.2142425775528
"2005-01-19",3.37446188926697,3.42120003700256,3.35576701164246,3.40250492095947,33792755,1.22773468494415
"2005-01-20",3.37446188926697,3.39315700531006,3.36511397361755,3.38381004333496,16117861,1.22098898887634
"2005-01-21",3.37446188926697,3.39315700531006,3.37446188926697,3.37446188926697,19073541,1.21761560440063
"2005-01-24",3.37446188926697,3.37446188926697,3.32772397994995,3.35576701164246,27900946,1.21087002754211
"2005-01-25",3.35576701164246,3.37446188926697,3.33707189559937,3.35576701164246,24586324,1.21087002754211
"2005-01-26",3.35576701164246,3.36511397361755,3.29968190193176,3.32772397994995,35182275,1.20075106620789
"2005-01-27",3.33707189559937,3.34641909599304,3.26229190826416,3.31837701797485,47106132,1.19737839698792
"2005-01-28",3.31837701797485,3.33707189559937,3.30902910232544,3.32772397994995,18816891,1.20075106620789
"2005-01-31",3.33239793777466,3.33707189559937,3.30902910232544,3.3300609588623,24230629,1.20159435272217
"2005-02-01",3.344083070755,3.36044096946716,3.32305097579956,3.34174609184265,27059239,1.20581090450287
"2005-02-02",3.33707189559937,3.34641909599304,3.29968190193176,3.29968190193176,33821792,1.19063258171082
"2005-02-03",3.29734492301941,3.3300609588623,3.29734492301941,3.32071399688721,31655093,1.19822180271149
"2005-02-04",3.31837701797485,3.38848304748535,3.31837701797485,3.38147306442261,30279081,1.22014558315277
"2005-02-07",3.39082002639771,3.39783096313477,3.36745095252991,3.37913608551025,21476186,1.2193021774292
"2005-02-08",3.37446188926697,3.42120003700256,3.37446188926697,3.41886305809021,27889608,1.23363733291626
"2005-02-09",3.42821002006531,3.51934909820557,3.42120003700256,3.49598002433777,44151712,1.26146340370178
"2005-02-10",3.48429608345032,3.54739189147949,3.48429608345032,3.51000094413757,29437668,1.26652276515961
"2005-02-11",3.52636003494263,3.53103303909302,3.50065398216248,3.52168607711792,16062238,1.27073907852173
"2005-02-14",3.54271793365479,3.55206489562988,3.50299096107483,3.51467490196228,15565897,1.26820921897888
"2005-02-15",3.51000094413757,3.59646606445312,3.51000094413757,3.58945488929749,19801652,1.29519200325012
"2005-02-16",3.57076001167297,3.58945488929749,3.51000094413757,3.53570699691772,20832415,1.27579808235168
"2005-02-17",3.52636003494263,3.53337001800537,3.48663306236267,3.48896908760071,16023913,1.25893366336823
"2005-02-18",3.51233792304993,3.51233792304993,3.44924211502075,3.46793699264526,17271921,1.25134468078613
"2005-02-21",3.47728490829468,3.49831700325012,3.40016794204712,3.41886305809021,18127858,1.23363733291626
"2005-02-22",3.42353701591492,3.47962188720703,3.37913608551025,3.46092700958252,19510392,1.24881529808044
"2005-02-23",3.42587304115295,3.48195910453796,3.42353701591492,3.46560096740723,15657680,1.25050175189972
"2005-02-24",3.45391607284546,3.45391607284546,3.4141891002655,3.42120003700256,14576534,1.23448026180267
"2005-02-25",3.43755793571472,3.48195910453796,3.42120003700256,3.47261095046997,15941725,1.25303113460541
"2005-02-28",3.46793699264526,3.50532793998718,3.44456911087036,3.45859003067017,12795826,1.24797189235687
"2005-03-01",3.44223189353943,3.48663306236267,3.43054699897766,3.46793699264526,12583879,1.25134468078613
"2005-03-02",3.47728490829468,3.49364304542542,3.44223189353943,3.47728490829468,16741918,1.25471782684326
"2005-03-03",3.45859003067017,3.48663306236267,3.43989491462708,3.46326398849487,13084429,1.24965858459473
"2005-03-04",3.45391607284546,3.49364304542542,3.44456911087036,3.49364304542542,14787265,1.26062023639679
"2005-03-07",3.51000094413757,3.58010792732239,3.40717792510986,3.41886305809021,67031528,1.23363733291626
"2005-03-08",3.43755793571472,3.44223189353943,3.35109305381775,3.36511397361755,56044318,1.2142425775528
"2005-03-09",3.38381004333496,3.43755793571472,3.37913608551025,3.39082002639771,28049958,1.22351825237274
"2005-03-10",3.38381004333496,3.44223189353943,3.37212491035461,3.41886305809021,22542864,1.23363733291626
"2005-03-11",3.43989491462708,3.45625305175781,3.40717792510986,3.41185188293457,20803751,1.23110747337341
"2005-03-14",3.40484189987183,3.47494792938232,3.40484189987183,3.46793699264526,21189573,1.25134468078613
"2005-03-15",3.48195910453796,3.53804397583008,3.45859003067017,3.49831700325012,35217576,1.26230657100677
"2005-03-16",3.49598002433777,3.52402305603027,3.40250492095947,3.42353701591492,51381229,1.23532366752625
"2005-03-17",3.43054699897766,3.43989491462708,3.39315700531006,3.41652607917786,14845900,1.23279368877411
"2005-03-18",3.39783096313477,3.48195910453796,3.39783096313477,3.47962188720703,30823257,1.25556099414825
"2005-03-21",3.48663306236267,3.52869606018066,3.48429608345032,3.49130606651306,26026812,1.25977671146393
"2005-03-22",3.50065398216248,3.56141304969788,3.49364304542542,3.54972791671753,29506827,1.28085744380951
"2005-03-23",3.50532793998718,3.58244490623474,3.50532793998718,3.56608700752258,24393019,1.2867603302002
"2005-03-24",3.56608700752258,3.65021395683289,3.56141304969788,3.64787793159485,43592681,1.31627285480499
"2005-03-25",3.64787793159485,3.64787793159485,3.64787793159485,3.64787793159485,0,1.31627285480499
"2005-03-28",3.64787793159485,3.64787793159485,3.64787793159485,3.64787793159485,0,1.31627285480499
"2005-03-29",3.65488791465759,3.66423606872559,3.60815095901489,3.60815095901489,18459304,1.30193829536438
"2005-03-30",3.59412908554077,3.63151907920837,3.58478188514709,3.58945488929749,26209238,1.29519200325012
"2005-03-31",3.63853001594543,3.67358303070068,3.61749792098999,3.66423606872559,78364299,1.32217574119568
"2005-04-01",3.65956211090088,3.72733211517334,3.65722489356995,3.66423606872559,85799744,1.32217574119568
"2005-04-04",3.66423606872559,3.67358303070068,3.62450909614563,3.62684607505798,58314549,1.3086838722229
"2005-04-05",3.63853001594543,3.65255093574524,3.62217211723328,3.62684607505798,37633095,1.3086838722229
"2005-04-06",3.6455409526825,3.69695210456848,3.64320397377014,3.66423606872559,83188347,1.32217574119568
"2005-04-07",3.67358303070068,3.67825698852539,3.63853001594543,3.66423606872559,24868386,1.32217574119568
"2005-04-08",3.6829309463501,3.71798396110535,3.67124605178833,3.67825698852539,133701374,1.32723462581635
"2005-04-11",3.65488791465759,3.70162606239319,3.65488791465759,3.6829309463501,136163148,1.32892143726349
"2005-04-12",3.6876049041748,3.71564698219299,3.67358303070068,3.6922779083252,48587717,1.33229434490204
"2005-04-13",3.7203209400177,3.73901605606079,3.65956211090088,3.66891002655029,65866050,1.32386207580566
"2005-04-14",3.67358303070068,3.6876049041748,3.65956211090088,3.67124605178833,113333608,1.32470512390137
"2005-04-15",3.67592000961304,3.67592000961304,3.53103303909302,3.53337001800537,131810419,1.2749547958374
"2005-04-18",3.37913608551025,3.37913608551025,3.24827003479004,3.35109305381775,45225798,1.24373185634613
"2005-04-19",3.40016794204712,3.43755793571472,3.35810399055481,3.36978793144226,114181388,1.25066995620728
"2005-04-20",3.42821002006531,3.42821002006531,3.38381004333496,3.4141891002655,29703113,1.26714897155762
"2005-04-21",3.38848304748535,3.43989491462708,3.36978793144226,3.38848304748535,51180169,1.25760841369629
"2005-04-22",3.42120003700256,3.42821002006531,3.38848304748535,3.39082002639771,17442578,1.25847566127777
"2005-04-25",3.37446188926697,3.40484189987183,3.3487560749054,3.39082002639771,13607348,1.25847566127777
"2005-04-26",3.39082002639771,3.49831700325012,3.37446188926697,3.49598002433777,167441159,1.29750490188599
"2005-04-27",3.49598002433777,3.53103303909302,3.38381004333496,3.40484189987183,39508351,1.26367998123169
"2005-04-28",3.40484189987183,3.47261095046997,3.40484189987183,3.45157909393311,33788858,1.28102588653564
"2005-04-29",3.45157909393311,3.48429608345032,3.41185188293457,3.44690489768982,17549586,1.27929151058197
"2005-05-02",3.47728490829468,3.51934909820557,3.47261095046997,3.50532793998718,13063891,1.30097472667694
"2005-05-03",3.50532793998718,3.51701188087463,3.47728490829468,3.51701188087463,12135181,1.30531084537506
"2005-05-04",3.51701188087463,3.54972791671753,3.50299096107483,3.54739189147949,28772151,1.31658625602722
"2005-05-05",3.56375002861023,3.58010792732239,3.51934909820557,3.52636003494263,26808834,1.30878019332886
"2005-05-06",3.52636003494263,3.55907607078552,3.46326398849487,3.47728490829468,42000615,1.29056692123413
"2005-05-09",3.49598002433777,3.50766396522522,3.46092700958252,3.48663306236267,21030094,1.29403591156006
"2005-05-10",3.48195910453796,3.50299096107483,3.46092700958252,3.46092700958252,13015742,1.28449559211731
"2005-05-11",3.46092700958252,3.49598002433777,3.44924211502075,3.48429608345032,35151581,1.29316878318787
"2005-05-12",3.49598002433777,3.50065398216248,3.44456911087036,3.47261095046997,18367877,1.28883218765259
"2005-05-13",3.47027397155762,3.48429608345032,3.44456911087036,3.46092700958252,16813943,1.28449559211731
"2005-05-16",3.44223189353943,3.46326398849487,3.44223189353943,3.45859003067017,14094948,1.28362810611725
"2005-05-17",3.47261095046997,3.47261095046997,3.386146068573,3.38848304748535,19404270,1.25760841369629
"2005-05-18",3.40016794204712,3.41652607917786,3.37212491035461,3.40484189987183,24016280,1.26367998123169
"2005-05-19",3.41185188293457,3.45157909393311,3.39783096313477,3.41185188293457,24425384,1.26628184318542
"2005-05-20",3.39549398422241,3.40717792510986,3.38147306442261,3.39549398422241,40830525,1.2602105140686
"2005-05-23",3.36978793144226,3.42587304115295,3.36745095252991,3.42120003700256,16006165,1.26975119113922
"2005-05-24",3.41185188293457,3.41886305809021,3.36745095252991,3.38848304748535,21570041,1.25760841369629
"2005-05-25",3.36978793144226,3.41652607917786,3.36978793144226,3.41185188293457,16334069,1.26628184318542
"2005-05-26",3.40484189987183,3.46793699264526,3.40484189987183,3.45859003067017,24599249,1.28362810611725
"2005-05-27",3.47494792938232,3.48195910453796,3.4141891002655,3.42587304115295,25402489,1.27148568630219
"2005-05-30",3.43288397789001,3.51467490196228,3.42821002006531,3.50532793998718,34883305,1.30097472667694
"2005-05-31",3.53103303909302,3.57777094841003,3.50065398216248,3.54972791671753,52864254,1.3174535036087
"2005-06-01",3.55440211296082,3.59880304336548,3.55440211296082,3.59880304336548,27997667,1.3356671333313
"2005-06-02",3.59646606445312,3.60815095901489,3.58010792732239,3.59646606445312,9808912,1.33479988574982
"2005-06-03",3.59179210662842,3.63151907920837,3.53804397583008,3.54739189147949,22370186,1.31658625602722
"2005-06-06",3.54739189147949,3.59646606445312,3.51934909820557,3.54739189147949,11128071,1.31658625602722
"2005-06-07",3.55907607078552,3.60347700119019,3.55673909187317,3.58478188514709,13889714,1.33046305179596
"2005-06-08",3.57309699058533,3.57543396949768,3.54038095474243,3.55206489562988,13053804,1.31832051277161
"2005-06-09",3.55206489562988,3.55206489562988,3.50766396522522,3.52168607711792,19138445,1.30704605579376
"2005-06-10",3.52402305603027,3.60347700119019,3.51934909820557,3.59646606445312,26883559,1.33479988574982
"2005-06-13",3.58945488929749,3.59179210662842,3.54739189147949,3.56608700752258,15395360,1.32352483272552
"2005-06-14",3.56608700752258,3.58244490623474,3.53103303909302,3.55206489562988,15933165,1.31832051277161
"2005-06-15",3.56608700752258,3.56608700752258,3.50532793998718,3.50532793998718,26518268,1.30097472667694
"2005-06-16",3.52636003494263,3.54038095474243,3.50299096107483,3.51934909820557,22725415,1.30617833137512
"2005-06-17",3.54739189147949,3.54739189147949,3.51934909820557,3.53337001800537,27655967,1.31138181686401
"2005-06-20",3.53337001800537,3.53337001800537,3.48195910453796,3.50532793998718,13846002,1.30097472667694
"2005-06-21",3.52168607711792,3.52636003494263,3.48663306236267,3.49598002433777,15670173,1.29750490188599
"2005-06-22",3.50532793998718,3.55907607078552,3.50065398216248,3.53337001800537,22842158,1.31138181686401
"2005-06-23",3.54271793365479,3.59412908554077,3.53337001800537,3.53570699691772,28274208,1.31224942207336
"2005-06-24",3.52168607711792,3.52869606018066,3.49364304542542,3.49831700325012,12417048,1.29837238788605
"2005-06-27",3.49130606651306,3.49364304542542,3.42120003700256,3.45859003067017,14933297,1.28362810611725
"2005-06-28",3.46793699264526,3.48663306236267,3.45859003067017,3.47728490829468,13304755,1.29056692123413
"2005-06-29",3.48663306236267,3.49831700325012,3.46326398849487,3.49598002433777,12537981,1.29750490188599
"2005-06-30",3.50532793998718,3.56608700752258,3.49598002433777,3.53804397583008,21237184,1.31311690807343
"2005-07-01",3.54038095474243,3.58010792732239,3.50532793998718,3.55206489562988,19961892,1.31832051277161
"2005-07-04",3.56608700752258,3.56608700752258,3.53103303909302,3.53804397583008,11602681,1.31311690807343
"2005-07-05",3.52636003494263,3.55440211296082,3.50766396522522,3.55440211296082,18068391,1.31918799877167
"2005-07-06",3.57076001167297,3.64320397377014,3.56141304969788,3.62684607505798,34427917,1.34607481956482
"2005-07-07",3.60815095901489,3.63385605812073,3.41185188293457,3.54271793365479,49645374,1.31485152244568
"2005-07-08",3.58478188514709,3.62684607505798,3.54739189147949,3.62684607505798,19569494,1.34607481956482
"2005-07-11",3.63619303703308,3.6829309463501,3.63619303703308,3.67358303070068,21418186,1.36342132091522
"2005-07-12",3.6922779083252,3.69928908348083,3.61516094207764,3.64320397377014,28709046,1.35214626789093
"2005-07-13",3.7063000202179,3.82314395904541,3.70396304130554,3.80912303924561,92431664,1.41372537612915
"2005-07-14",3.84885001182556,3.85585999488831,3.7577109336853,3.82314395904541,42174398,1.41892945766449
"2005-07-15",3.82314395904541,3.83950209617615,3.76472210884094,3.77874302864075,26425165,1.40245079994202
"2005-07-18",3.78575396537781,3.81613302230835,3.76004791259766,3.78575396537781,13273654,1.40505254268646
"2005-07-19",3.80678606033325,3.84885001182556,3.80211210250854,3.82781791687012,26265727,1.42066395282745
"2005-07-20",3.8324921131134,3.8324921131134,3.7577109336853,3.79510092735291,32510732,1.40852165222168
"2005-07-21",3.78809094429016,3.8324921131134,3.76238489151001,3.76238489151001,32060847,1.39637911319733
"2005-07-22",3.771733045578,3.79042792320251,3.75537395477295,3.78575396537781,12168810,1.40505254268646
"2005-07-25",3.79510092735291,3.80211210250854,3.7670590877533,3.78809094429016,12929179,1.40591990947723
"2005-07-26",3.79042792320251,3.79276490211487,3.76004791259766,3.771733045578,14827904,1.39984881877899
"2005-07-27",3.78341698646545,3.79276490211487,3.76238489151001,3.76238489151001,16294833,1.39637911319733
"2005-07-28",3.771733045578,3.771733045578,3.72966909408569,3.75537395477295,15668923,1.3937771320343
"2005-07-29",3.75537395477295,3.771733045578,3.73667907714844,3.74836397171021,11186358,1.39117562770844
"2005-08-01",3.75070095062256,3.79977488517761,3.74836397171021,3.78575396537781,17122660,1.40505254268646
"2005-08-02",3.79510092735291,3.81146001815796,3.76939606666565,3.79276490211487,14590599,1.40765428543091
"2005-08-03",3.78575396537781,3.8324921131134,3.7670590877533,3.77640604972839,14587768,1.40158295631409
"2005-08-04",3.77406907081604,3.78341698646545,3.74135303497314,3.74135303497314,12068796,1.38857340812683
"2005-08-05",3.71564698219299,3.7530369758606,3.67358303070068,3.72966909408569,17651315,1.38423693180084
"2005-08-08",3.73200488090515,3.77874302864075,3.73200488090515,3.75070095062256,9271556,1.39204299449921
"2005-08-09",3.7530369758606,3.75537395477295,3.71331000328064,3.75537395477295,13811049,1.3937771320343
"2005-08-10",3.73901605606079,3.80211210250854,3.72265791893005,3.78809094429016,17695701,1.40591990947723
"2005-08-11",3.78341698646545,3.78809094429016,3.74836397171021,3.76238489151001,9664503,1.39637911319733
"2005-08-12",3.76238489151001,3.76238489151001,3.71564698219299,3.71564698219299,10316388,1.37903261184692
"2005-08-15",3.71564698219299,3.71564698219299,3.71564698219299,3.71564698219299,0,1.37903261184692
"2005-08-16",3.73434209823608,3.74836397171021,3.69695210456848,3.70396304130554,13090664,1.37469625473022
"2005-08-17",3.70162606239319,3.70396304130554,3.65255093574524,3.67124605178833,11743350,1.36255359649658
"2005-08-18",3.67124605178833,3.68526792526245,3.63619303703308,3.66423606872559,10564729,1.35995209217072
"2005-08-19",3.67825698852539,3.73434209823608,3.65488791465759,3.7203209400177,12876736,1.38076746463776
"2005-08-22",3.7063000202179,3.7109739780426,3.67124605178833,3.67358303070068,12461378,1.36342132091522
"2005-08-23",3.67124605178833,3.69695210456848,3.65722489356995,3.67825698852539,13389598,1.36515557765961
"2005-08-24",3.66891002655029,3.7109739780426,3.6455409526825,3.6829309463501,14168727,1.36689043045044
"2005-08-25",3.65488791465759,3.65956211090088,3.62684607505798,3.64320397377014,12037700,1.35214626789093
"2005-08-26",3.63619303703308,3.65255093574524,3.58478188514709,3.60114002227783,12563155,1.33653438091278
"2005-08-29",3.57777094841003,3.6455409526825,3.56375002861023,3.6455409526825,11570381,1.35301351547241
"2005-08-30",3.66189908981323,3.66189908981323,3.60815095901489,3.61282396316528,11186253,1.34087085723877
"2005-08-31",3.60815095901489,3.65488791465759,3.60114002227783,3.65021395683289,18459243,1.3547477722168
"2005-09-01",3.66423606872559,3.73434209823608,3.66423606872559,3.70162606239319,24128762,1.37382936477661
"2005-09-02",3.72966909408569,3.74836397171021,3.69461488723755,3.7109739780426,16365494,1.37729835510254
"2005-09-05",3.73200488090515,3.7530369758606,3.67124605178833,3.6922779083252,22461842,1.37035965919495
"2005-09-06",3.69928908348083,3.70396304130554,3.62918305397034,3.6829309463501,27805195,1.36689043045044
"2005-09-07",3.67592000961304,3.6829309463501,3.62684607505798,3.64086699485779,34208091,1.35127878189087
"2005-09-08",3.64787793159485,3.66657304763794,3.62217211723328,3.65021395683289,24997603,1.3547477722168
"2005-09-09",3.64787793159485,3.65255093574524,3.62450909614563,3.64086699485779,13683348,1.35127878189087
"2005-09-12",3.6455409526825,3.65255093574524,3.62918305397034,3.63853001594543,11735287,1.35041153430939
"2005-09-13",3.63853001594543,3.65488791465759,3.60815095901489,3.61749792098999,20489851,1.34260594844818
"2005-09-14",3.61282396316528,3.6829309463501,3.61282396316528,3.66423606872559,21833522,1.35995209217072
"2005-09-15",3.65255093574524,3.67124605178833,3.63619303703308,3.65722489356995,11861243,1.35735011100769
"2005-09-16",3.67124605178833,3.71564698219299,3.66657304763794,3.6922779083252,56504771,1.37035965919495
"2005-09-19",3.6829309463501,3.6922779083252,3.66657304763794,3.68994188308716,18002196,1.36949241161346
"2005-09-20",3.69928908348083,3.69928908348083,3.66423606872559,3.68994188308716,14384094,1.36949241161346
"2005-09-21",3.66891002655029,3.67825698852539,3.6455409526825,3.65255093574524,15264505,1.35561537742615
"2005-09-22",3.63619303703308,3.65956211090088,3.61983489990234,3.6455409526825,14651856,1.35301351547241
"2005-09-23",3.65722489356995,3.65956211090088,3.61749792098999,3.64787793159485,9895203,1.35388076305389
"2005-09-26",3.67358303070068,3.6922779083252,3.65956211090088,3.6829309463501,19240652,1.36689043045044
"2005-09-27",3.66189908981323,3.66423606872559,3.61282396316528,3.62450909614563,39811881,1.34520792961121
"2005-09-28",3.61983489990234,3.65021395683289,3.60815095901489,3.63853001594543,59099526,1.35041153430939
"2005-09-29",3.65255093574524,3.65255093574524,3.61749792098999,3.62217211723328,24173431,1.34434032440186
"2005-09-30",3.63385605812073,3.66189908981323,3.61048698425293,3.62450909614563,26440196,1.34520792961121
"2005-10-03",3.63151907920837,3.65021395683289,3.62217211723328,3.6455409526825,40935141,1.35301351547241
"2005-10-04",3.64086699485779,3.65488791465759,3.62918305397034,3.63385605812073,24893583,1.34867680072784
"2005-10-05",3.62450909614563,3.63151907920837,3.58478188514709,3.61282396316528,23334742,1.34087085723877
"2005-10-06",3.58945488929749,3.61282396316528,3.56141304969788,3.61048698425293,15341993,1.340003490448
"2005-10-07",3.59179210662842,3.60581398010254,3.56608700752258,3.57543396949768,16509281,1.32699406147003
"2005-10-10",3.58010792732239,3.59179210662842,3.54505491256714,3.55206489562988,14540302,1.31832051277161
"2005-10-11",3.54271793365479,3.59179210662842,3.54271793365479,3.56375002861023,15781923,1.32265722751617
"2005-10-12",3.54505491256714,3.55206489562988,3.50065398216248,3.52636003494263,27360700,1.30878019332886
"2005-10-13",3.52869606018066,3.57309699058533,3.51934909820557,3.56141304969788,32174008,1.32179021835327
"2005-10-14",3.59880304336548,3.62684607505798,3.57543396949768,3.62217211723328,37826437,1.34434032440186
"2005-10-17",3.61048698425293,3.63619303703308,3.59412908554077,3.59880304336548,19342755,1.3356671333313
"2005-10-18",3.59880304336548,3.61048698425293,3.55673909187317,3.57543396949768,21392629,1.32699406147003
"2005-10-19",3.57076001167297,3.57309699058533,3.47027397155762,3.50065398216248,30248958,1.29923987388611
"2005-10-20",3.53103303909302,3.57076001167297,3.50766396522522,3.53804397583008,19523630,1.31311690807343
"2005-10-21",3.51467490196228,3.59412908554077,3.51467490196228,3.54271793365479,25929472,1.31485152244568
"2005-10-24",3.55440211296082,3.58010792732239,3.51701188087463,3.57309699058533,22176920,1.32612633705139
"2005-10-25",3.56608700752258,3.58244490623474,3.54038095474243,3.54271793365479,21456388,1.31485152244568
"2005-10-26",3.58010792732239,3.61983489990234,3.55206489562988,3.61749792098999,30960645,1.34260594844818
"2005-10-27",3.61282396316528,3.62450909614563,3.58010792732239,3.59880304336548,29555032,1.3356671333313
"2005-10-28",3.61282396316528,3.61749792098999,3.55440211296082,3.58478188514709,24202092,1.33046305179596
"2005-10-31",3.66891002655029,3.66891002655029,3.58945488929749,3.64086699485779,19824583,1.35127878189087
"2005-11-01",3.63619303703308,3.66423606872559,3.61983489990234,3.63385605812073,0,1.34867680072784
"2005-11-02",3.61749792098999,3.64086699485779,3.61749792098999,3.63619303703308,17728929,1.34954380989075
"2005-11-03",3.64320397377014,3.6829309463501,3.63385605812073,3.67358303070068,27221500,1.36342132091522
"2005-11-04",3.67592000961304,3.6922779083252,3.63385605812073,3.6455409526825,27123841,1.35301351547241
"2005-11-07",3.64787793159485,3.73901605606079,3.63853001594543,3.72265791893005,37574742,1.38163495063782
"2005-11-08",3.72499489784241,3.7670590877533,3.69695210456848,3.7063000202179,18562894,1.37556409835815
"2005-11-09",3.69928908348083,3.70863699913025,3.66657304763794,3.70396304130554,28379953,1.37469625473022
"2005-11-10",3.6922779083252,3.73667907714844,3.6829309463501,3.72499489784241,25941313,1.3825021982193
"2005-11-11",3.7670590877533,3.82314395904541,3.75070095062256,3.7670590877533,57499382,1.39811408519745
"2005-11-14",3.78575396537781,3.84417605400085,3.7670590877533,3.82314395904541,45876541,1.41892945766449
"2005-11-15",3.79276490211487,3.79276490211487,3.7530369758606,3.76238489151001,42187705,1.39637911319733
"2005-11-16",3.76238489151001,3.79042792320251,3.73901605606079,3.76004791259766,19571298,1.39551174640656
"2005-11-17",3.75537395477295,3.80678606033325,3.75537395477295,3.76238489151001,23516530,1.39637911319733
"2005-11-18",3.81146001815796,3.81146001815796,3.76939606666565,3.79510092735291,26916596,1.40852165222168
"2005-11-21",3.7810800075531,3.79743790626526,3.771733045578,3.78809094429016,15522589,1.40591990947723
"2005-11-22",3.79510092735291,3.80912303924561,3.7810800075531,3.8044490814209,25720521,1.41199111938477
"2005-11-23",3.80912303924561,3.83015489578247,3.79977488517761,3.82781791687012,25632035,1.42066395282745
"2005-11-24",3.8324921131134,3.91428303718567,3.83015489578247,3.88156604766846,43970054,1.4406121969223
"2005-11-25",3.88156604766846,3.91895604133606,3.8792290687561,3.90259790420532,21507067,1.44841814041138
"2005-11-28",3.90960907936096,3.93531489372253,3.88390302658081,3.88857698440552,21998443,1.44321405887604
"2005-11-29",3.87221908569336,3.90727210044861,3.84885001182556,3.86988210678101,26018564,1.43627595901489
"2005-11-30",3.86988210678101,3.87689208984375,3.82548093795776,3.8324921131134,25360008,1.42239880561829
"2005-12-01",3.82314395904541,3.88390302658081,3.82314395904541,3.88390302658081,16771537,1.44147956371307
"2005-12-02",3.89792394638062,3.90259790420532,3.85585999488831,3.86754488945007,17597895,1.43540859222412
"2005-12-05",3.86988210678101,3.90960907936096,3.86754488945007,3.88624000549316,24160906,1.44234704971313
"2005-12-06",3.89091396331787,3.91194605827332,3.86520791053772,3.8792290687561,16967831,1.43974483013153
"2005-12-07",3.88624000549316,3.88857698440552,3.84651303291321,3.86754488945007,20516563,1.43540859222412
"2005-12-08",3.85819697380066,3.88156604766846,3.84885001182556,3.88156604766846,0,1.4406121969223
"2005-12-09",3.88390302658081,3.89325094223022,3.85819697380066,3.88390302658081,13547028,1.44147956371307
"2005-12-12",3.90259790420532,3.91428303718567,3.88390302658081,3.89558696746826,18347012,1.44581615924835
"2005-12-13",3.88857698440552,3.90259790420532,3.8792290687561,3.88156604766846,11217725,1.4406121969223
"2005-12-14",3.89325094223022,3.92129302024841,3.87221908569336,3.91194605827332,19618651,1.45188772678375
"2005-12-15",3.92129302024841,3.93064093589783,3.90960907936096,3.92129302024841,16864246,1.45535635948181
"2005-12-16",3.91661906242371,3.99373698234558,3.90960907936096,3.99140000343323,64192349,1.48137617111206
"2005-12-19",3.99373698234558,4.10590696334839,3.98205208778381,4.09656000137329,48988092,1.52040576934814
"2005-12-20",4.08954906463623,4.20639276504517,4.08487510681152,4.15030813217163,63332684,1.5403538942337
"2005-12-21",4.16666603088379,4.18769788742065,4.10123300552368,4.1713399887085,37912552,1.5481595993042
"2005-12-22",4.15965604782104,4.19237184524536,4.12226486206055,4.12226486206055,19418937,1.52994573116302
"2005-12-23",4.13628721237183,4.15030813217163,4.10123300552368,4.13161277770996,14801200,1.53341519832611
"2005-12-26",4.13161277770996,4.13161277770996,4.13161277770996,4.13161277770996,0,1.53341519832611
"2005-12-27",4.14096021652222,4.14797115325928,4.1152548789978,4.14096021652222,6415707,1.53688454627991
"2005-12-28",4.12693881988525,4.19938278198242,4.12693881988525,4.19704580307007,14206278,1.55770015716553
"2005-12-29",4.20639276504517,4.25079393386841,4.20171880722046,4.21574115753174,12119584,1.56463885307312
"2005-12-30",4.21106719970703,4.24378299713135,4.16432905197144,4.18302392959595,12211473,1.55249583721161
"2006-01-02",4.19003486633301,4.2320990562439,4.1853609085083,4.21574115753174,8582965,1.56463885307312
"2006-01-03",4.21807813644409,4.26014184951782,4.16199207305908,4.19938278198242,20378208,1.5585675239563
"2006-01-04",4.21807813644409,4.26014184951782,4.21807813644409,4.26014184951782,23735830,1.58111786842346
"2006-01-05",4.25546789169312,4.25780487060547,4.18068695068359,4.18302392959595,21136387,1.55249583721161
"2006-01-06",4.18302392959595,4.20171880722046,4.15731906890869,4.19938278198242,0,1.5585675239563
"2006-01-09",4.20639276504517,4.21106719970703,4.11992788314819,4.15264511108398,20277920,1.54122090339661
"2006-01-10",4.13395023345947,4.15264511108398,4.10590696334839,4.14096021652222,19127667,1.53688454627991
"2006-01-11",4.13862419128418,4.22041511535645,4.13161277770996,4.21807813644409,23750920,1.56550621986389
"2006-01-12",4.20639276504517,4.27182579040527,4.18769788742065,4.25313091278076,26279666,1.57851552963257
"2006-01-13",4.23443603515625,4.27416276931763,4.17835092544556,4.22275114059448,19089045,1.56724047660828
"2006-01-16",4.20873022079468,4.27650022506714,4.20873022079468,4.27650022506714,15900118,1.5871889591217
"2006-01-17",4.25313091278076,4.32323694229126,4.21340417861938,4.22508811950684,30737151,1.56810784339905
"2006-01-18",4.17835092544556,4.24144601821899,4.12693881988525,4.21106719970703,23947651,1.562903881073
"2006-01-19",4.22508811950684,4.25313091278076,4.17367696762085,4.20639276504517,25502278,1.56116926670074
"2006-01-20",4.20639276504517,4.2320990562439,4.1246018409729,4.13628721237183,17250843,1.53515005111694
"2006-01-23",4.10590696334839,4.15731906890869,4.10356998443604,4.14797115325928,15462885,1.53948652744293
"2006-01-24",4.13395023345947,4.13862419128418,4.10356998443604,4.12226486206055,18324553,1.52994573116302
"2006-01-25",4.1246018409729,4.22041511535645,4.1246018409729,4.20171880722046,18741503,1.5594345331192
"2006-01-26",4.23443603515625,4.31856393814087,4.21574115753174,4.30921602249146,27860163,1.59933125972748
"2006-01-27",4.35128021240234,4.37231206893921,4.28818416595459,4.30220603942871,21750736,1.59672915935516
"2006-01-30",4.30220603942871,4.34426879882812,4.28351020812988,4.33725881576538,12566054,1.60973942279816
"2006-01-31",4.32090091705322,4.38399696350098,4.32090091705322,4.37698602676392,19158501,1.62448346614838
"2006-02-01",4.37231206893921,4.49149322509766,4.37231206893921,4.47279787063599,34770855,1.66004323959351
"2006-02-02",4.50551509857178,4.51486206054688,4.42372417449951,4.42372417449951,21921617,1.64183032512665
"2006-02-03",4.43307113647461,4.45410299301147,4.38633298873901,4.43073415756226,24946826,1.64443147182465
"2006-02-06",4.51486206054688,4.6036639213562,4.49149322509766,4.57562112808228,47003616,1.69820535182953
"2006-02-07",4.57562112808228,4.57562112808228,4.46812391281128,4.50551509857178,32273917,1.67218565940857
"2006-02-08",4.49383020401001,4.51719903945923,4.44241905212402,4.47279787063599,19407353,1.66004323959351
"2006-02-09",4.48681879043579,4.52654695510864,4.45643997192383,4.50785112380981,21688782,1.67305326461792
"2006-02-10",4.49616718292236,4.50785112380981,4.40269184112549,4.40269184112549,29098917,1.63402414321899
"2006-02-13",4.42138719558716,4.46578693389893,4.38165998458862,4.46578693389893,22458181,1.65744137763977
"2006-02-14",4.46578693389893,4.49149322509766,4.42372417449951,4.46111392974854,16745069,1.6557070016861
"2006-02-15",4.46345090866089,4.46345090866089,4.37932300567627,4.39801788330078,27228185,1.63228929042816
"2006-02-16",4.41203880310059,4.43540811538696,4.37932300567627,4.42372417449951,20157326,1.64183032512665
"2006-02-17",4.46345090866089,4.49616718292236,4.4283971786499,4.47747182846069,23330974,1.66177797317505
"2006-02-20",4.47046089172363,4.55458879470825,4.46812391281128,4.49149322509766,22484239,1.66698181629181
"2006-02-21",4.51486206054688,4.6737699508667,4.49850416183472,4.60833787918091,63097369,1.71034812927246
"2006-02-22",4.59665298461914,4.71583414077759,4.58964204788208,4.68078088760376,36554499,1.73723447322845
"2006-02-23",4.68311786651611,4.70181322097778,4.61768484115601,4.63170623779297,27931887,1.71902096271515
"2006-02-24",4.65974903106689,4.69246482849121,4.62936878204346,4.64105415344238,23425858,1.72249007225037
"2006-02-27",4.64572811126709,4.72985601425171,4.64572811126709,4.72985601425171,25117784,1.75544846057892
"2006-02-28",4.71116018295288,4.75789785385132,4.6130108833313,4.63638019561768,56008430,1.72075569629669
"2006-03-01",4.64572811126709,4.65974903106689,4.61067390441895,4.63404321670532,33047450,1.71988797187805
"2006-03-02",4.60833787918091,4.64339113235474,4.56627416610718,4.60833787918091,24322306,1.71034812927246
"2006-03-03",4.58964204788208,4.6737699508667,4.56160020828247,4.57094717025757,25495642,1.69647097587585
"2006-03-06",4.63170623779297,4.67143297195435,4.52888298034668,4.55926322937012,41109488,1.69213449954987
"2006-03-07",4.58029508590698,4.59665298461914,4.51252508163452,4.52888298034668,29862009,1.68085896968842
"2006-03-08",4.58029508590698,4.59898996353149,4.47980880737305,4.50551509857178,28778500,1.67218565940857
"2006-03-09",4.51486206054688,4.6737699508667,4.51486206054688,4.64572811126709,37507531,1.72422480583191
"2006-03-10",4.67143297195435,4.76490879058838,4.65507507324219,4.73920297622681,57207026,1.75891721248627
"2006-03-13",4.68311786651611,4.7345290184021,4.63170623779297,4.725182056427,67531779,1.75371396541595
"2006-03-14",4.71116018295288,4.76257181167603,4.66909694671631,4.76257181167603,26805018,1.76759111881256
"2006-03-15",4.7812671661377,4.88876390457153,4.7812671661377,4.8560471534729,46707887,1.80228328704834
"2006-03-16",4.86072111129761,4.87941598892212,4.77659320831299,4.79996204376221,21125097,1.78146755695343
"2006-03-17",4.81865692138672,4.83267879486084,4.72985601425171,4.74387693405151,30431960,1.76065218448639
"2006-03-20",4.7812671661377,4.79996204376221,4.74855089187622,4.76724576950073,24119756,1.76932537555695
"2006-03-21",4.80463600158691,4.81398296356201,4.73920297622681,4.79061508178711,15884880,1.7779985666275
"2006-03-22",4.76724576950073,4.7859411239624,4.70648717880249,4.72985601425171,36771466,1.75544846057892
"2006-03-23",4.7345290184021,4.7345290184021,4.64105415344238,4.68779182434082,36495459,1.73983657360077
"2006-03-24",4.68311786651611,4.70648717880249,4.58029508590698,4.6130108833313,37940203,1.71208250522614
"2006-03-27",4.58496904373169,4.62002182006836,4.57094717025757,4.57094717025757,18393294,1.69647097587585
"2006-03-28",4.5522518157959,4.70181322097778,4.5522518157959,4.63638019561768,44315984,1.72075569629669
"2006-03-29",4.63638019561768,4.65273809432983,4.55458879470825,4.58964204788208,29061858,1.70340895652771
"2006-03-30",4.60833787918091,4.65974903106689,4.59197902679443,4.65507507324219,21680867,1.72769379615784
"2006-03-31",4.64572811126709,4.6737699508667,4.59431600570679,4.60833787918091,15439998,1.71034812927246
"2006-04-03",4.65507507324219,4.68311786651611,4.62235879898071,4.68311786651611,23860123,1.73810184001923
"2006-04-04",4.6737699508667,4.71116018295288,4.64572811126709,4.65974903106689,26634352,1.72942900657654
"2006-04-05",4.69246482849121,4.76490879058838,4.65974903106689,4.74855089187622,44418205,1.76238691806793
"2006-04-06",4.72985601425171,4.73920297622681,4.65974903106689,4.6737699508667,44097023,1.73463249206543
"2006-04-07",4.70181322097778,4.70648717880249,4.6036639213562,4.62703323364258,59290239,1.71728658676147
"2006-04-10",4.58964204788208,4.69246482849121,4.57094717025757,4.68311786651611,80823538,1.73810184001923
"2006-04-11",4.62703323364258,4.64572811126709,4.49149322509766,4.52888298034668,126954279,1.68085896968842
"2006-04-12",4.47279787063599,4.56393718719482,4.47046089172363,4.5429048538208,135226083,1.68606317043304
"2006-04-13",4.57094717025757,4.58730602264404,4.49149322509766,4.52888298034668,129819833,1.68085896968842
"2006-04-18",4.52420997619629,4.52420997619629,4.43307113647461,4.44942903518677,62328744,1.65137016773224
"2006-04-19",4.53121995925903,4.58964204788208,4.51953601837158,4.57562112808228,146578501,1.69820535182953
"2006-04-20",4.59898996353149,4.71349716186523,4.59431600570679,4.68078088760376,97494691,1.73723447322845
"2006-04-21",4.69246482849121,4.7345290184021,4.6737699508667,4.68311786651611,50639635,1.73810184001923
"2006-04-24",4.53823089599609,4.53823089599609,4.42138719558716,4.43307113647461,45655765,1.7208663225174
"2006-04-25",4.42372417449951,4.45877695083618,4.4190502166748,4.4190502166748,0,1.7154233455658
"2006-04-26",4.42138719558716,4.52420997619629,4.42138719558716,4.50551509857178,60111748,1.74898755550385
"2006-04-27",4.53121995925903,4.54757785797119,4.40502786636353,4.44008207321167,134765941,1.72358751296997
"2006-04-28",4.44008207321167,4.44008207321167,4.32791090011597,4.39334392547607,89830129,1.70544409751892
"2006-05-02",4.47747182846069,4.47747182846069,4.40269184112549,4.44008207321167,39560951,1.72358751296997
"2006-05-03",4.46578693389893,4.46578693389893,4.33725881576538,4.3536171913147,83522310,1.69002294540405
"2006-05-04",4.33959579467773,4.40736484527588,4.33959579467773,4.38633298873901,44435429,1.70272278785706
"2006-05-05",4.42606019973755,4.4821457862854,4.39568090438843,4.4821457862854,42456863,1.73991620540619
"2006-05-08",4.39334392547607,4.5429048538208,4.39334392547607,4.53589391708374,53609677,1.76078045368195
"2006-05-09",4.53355693817139,4.57328414916992,4.49149322509766,4.54757785797119,21105491,1.76531600952148
"2006-05-10",4.5429048538208,4.58730602264404,4.53355693817139,4.5522518157959,20060676,1.76713049411774
"2006-05-11",4.5429048538208,4.59197902679443,4.52420997619629,4.57328414916992,17774898,1.7752947807312
"2006-05-12",4.5522518157959,4.6130108833313,4.40736484527588,4.46578693389893,76898430,1.73356604576111
"2006-05-15",4.43073415756226,4.45877695083618,4.36530113220215,4.41437578201294,29231925,1.71360886096954
"2006-05-16",4.40970182418823,4.46345090866089,4.36296510696411,4.39100694656372,25427641,1.70453715324402
"2006-05-17",4.41671323776245,4.41671323776245,4.22275114059448,4.22508811950684,29226401,1.64012956619263
"2006-05-18",4.21807813644409,4.297532081604,4.16900300979614,4.21340417861938,32033424,1.63559424877167
"2006-05-19",4.21340417861938,4.26715183258057,4.1853609085083,4.2320990562439,32390102,1.64285123348236
"2006-05-22",4.21574115753174,4.24378299713135,4.12226486206055,4.16666603088379,32063210,1.61745059490204
"2006-05-23",4.15731906890869,4.22508811950684,4.11291790008545,4.18769788742065,27203699,1.62561500072479
"2006-05-24",4.18302392959595,4.24845695495605,4.11291790008545,4.15731906890869,25556025,1.61382269859314
"2006-05-25",4.19237184524536,4.24845695495605,4.14096021652222,4.2320990562439,21290272,1.64285123348236
"2006-05-26",4.28117418289185,4.28818416595459,4.20873022079468,4.24378299713135,28945500,1.64738667011261
"2006-05-29",4.24378299713135,4.24845695495605,4.19003486633301,4.20171880722046,10136869,1.63105762004852
"2006-05-30",4.18302392959595,4.22508811950684,4.1152548789978,4.13395023345947,21922146,1.60475087165833
"2006-05-31",4.09188604354858,4.24144601821899,4.08487510681152,4.22275114059448,27802692,1.63922214508057
"2006-06-01",4.22742509841919,4.29986906051636,4.18769788742065,4.26014184951782,22403863,1.65373706817627
"2006-06-02",4.30921602249146,4.33492183685303,4.2461199760437,4.25313091278076,0,1.65101552009583
"2006-06-05",4.25780487060547,4.29052114486694,4.23910999298096,4.26247787475586,17747370,1.65464389324188
"2006-06-06",4.20639276504517,4.24845695495605,4.16199207305908,4.16666603088379,36516370,1.61745059490204
"2006-06-07",4.16900300979614,4.28818416595459,4.16900300979614,4.25780487060547,24536554,1.65283012390137
"2006-06-08",4.19704580307007,4.22508811950684,4.1713399887085,4.17367696762085,34815678,1.62017226219177
"2006-06-09",4.21574115753174,4.24378299713135,4.18769788742065,4.22041511535645,25230162,1.63831532001495
"2006-06-12",4.19938278198242,4.22508811950684,4.15731906890869,4.15965604782104,17338099,1.61472940444946
"2006-06-13",4.1105809211731,4.14096021652222,4.05916881561279,4.08487510681152,32447874,1.58570039272308
"2006-06-14",4.07552814483643,4.13395023345947,4.07085418701172,4.10356998443604,19572139,1.59295761585236
"2006-06-15",4.14563417434692,4.21106719970703,4.1152548789978,4.17835092544556,23169944,1.62198650836945
"2006-06-16",4.23443603515625,4.23443603515625,4.08954906463623,4.08954906463623,80013072,1.58751487731934
"2006-06-19",4.09889602661133,4.15731906890869,4.09889602661133,4.13862419128418,12578515,1.60656487941742
"2006-06-20",4.10824394226074,4.13862419128418,4.06618022918701,4.12226486206055,23900100,1.60021460056305
"2006-06-21",4.11291790008545,4.14563417434692,4.09656000137329,4.14096021652222,20555119,1.60747218132019
"2006-06-22",4.16900300979614,4.1853609085083,4.11291790008545,4.16432905197144,14333408,1.61654376983643
"2006-06-23",4.15965604782104,4.20405578613281,4.15030813217163,4.19237184524536,12960910,1.62742936611176
"2006-06-26",4.21340417861938,4.22508811950684,4.18068695068359,4.19470882415771,18822562,1.62833654880524
"2006-06-27",4.22508811950684,4.22508811950684,4.15498208999634,4.16199207305908,16418341,1.61563622951508
"2006-06-28",4.15731906890869,4.20405578613281,4.13161277770996,4.16199207305908,19580938,1.61563622951508
"2006-06-29",4.19237184524536,4.26014184951782,4.17835092544556,4.2461199760437,26572784,1.64829385280609
"2006-06-30",4.25313091278076,4.29986906051636,4.22041511535645,4.28117418289185,24241469,1.66190147399902
"2006-07-03",4.29986906051636,4.32791090011597,4.27416276931763,4.32791090011597,17461284,1.68004405498505
"2006-07-04",4.32791090011597,4.34660577774048,4.29986906051636,4.32090091705322,10592940,1.67732298374176
"2006-07-05",4.32090091705322,4.33024787902832,4.27650022506714,4.28351020812988,17487948,1.66280817985535
"2006-07-06",4.30220603942871,4.31856393814087,4.24378299713135,4.2461199760437,23795368,1.64829385280609
"2006-07-07",4.2367730140686,4.2367730140686,4.16199207305908,4.19237184524536,29146801,1.62742936611176
"2006-07-10",4.20405578613281,4.22508811950684,4.16199207305908,4.20639276504517,17518459,1.63287222385406
"2006-07-11",4.17835092544556,4.18769788742065,4.13628721237183,4.15965604782104,22632060,1.61472940444946
"2006-07-12",4.17367696762085,4.18302392959595,4.12693881988525,4.14096021652222,22191655,1.60747218132019
"2006-07-13",4.12226486206055,4.12226486206055,4.0498218536377,4.06618022918701,28747350,1.57844316959381
"2006-07-14",4.02878999710083,4.08954906463623,4.0007472038269,4.03580093383789,15425915,1.56665003299713
"2006-07-17",4.04047393798828,4.04281091690063,3.95401000976562,4.01243209838867,22330034,1.55757868289948
"2006-07-18",3.99607396125793,4.03580093383789,3.96335697174072,3.97504210472107,12926375,1.54306435585022
"2006-07-19",3.98906302452087,4.1105809211731,3.98906302452087,4.1105809211731,21994364,1.59567928314209
"2006-07-20",4.11759185791016,4.12693881988525,4.05916881561279,4.08020114898682,16549323,1.58388602733612
"2006-07-21",4.05215883255005,4.08020114898682,4.01944208145142,4.04514789581299,12182425,1.57027900218964
"2006-07-24",4.03813695907593,4.17367696762085,4.03813695907593,4.15965604782104,15935596,1.61472940444946
"2006-07-25",4.16666603088379,4.16900300979614,4.09889602661133,4.11759185791016,23050722,1.59840059280396
"2006-07-26",4.13161277770996,4.15498208999634,4.10123300552368,4.14563417434692,9819374,1.60928618907928
"2006-07-27",4.15030813217163,4.22508811950684,4.15030813217163,4.21340417861938,17632163,1.63559424877167
"2006-07-28",4.19704580307007,4.26481485366821,4.18302392959595,4.26247787475586,14210534,1.65464389324188
"2006-07-31",4.27182579040527,4.28117418289185,4.21574115753174,4.2320990562439,13326101,1.64285123348236
"2006-08-01",4.21807813644409,4.25313091278076,4.18068695068359,4.18769788742065,13883195,1.62561500072479
"2006-08-02",4.21807813644409,4.25313091278076,4.17367696762085,4.23443603515625,17674145,1.64375829696655
"2006-08-03",4.24378299713135,4.24378299713135,4.1760139465332,4.19470882415771,13496214,1.62833654880524
"2006-08-04",4.20639276504517,4.2367730140686,4.18068695068359,4.22508811950684,23063265,1.64012956619263
"2006-08-07",4.19470882415771,4.20405578613281,4.16432905197144,4.19704580307007,12627582,1.62924408912659
"2006-08-08",4.21340417861938,4.24845695495605,4.20405578613281,4.22508811950684,11732130,1.64012956619263
"2006-08-09",4.22508811950684,4.31856393814087,4.20639276504517,4.31856393814087,28360558,1.67641603946686
"2006-08-10",4.29052114486694,4.29052114486694,4.22508811950684,4.25546789169312,17267633,1.65192270278931
"2006-08-11",4.24845695495605,4.27883720397949,4.21340417861938,4.2367730140686,17846955,1.64466512203217
"2006-08-14",4.26247787475586,4.297532081604,4.2367730140686,4.27182579040527,11671481,1.65827238559723
"2006-08-16",4.28584718704224,4.36530113220215,4.28117418289185,4.36062812805176,24278717,1.69274485111237
"2006-08-17",4.36062812805176,4.46578693389893,4.34894323348999,4.45877695083618,31507953,1.73084449768066
"2006-08-18",4.46812391281128,4.47046089172363,4.42138719558716,4.45410299301147,15901152,1.72903037071228
"2006-08-21",4.44942903518677,4.45410299301147,4.37932300567627,4.39334392547607,20820026,1.70544409751892
"2006-08-22",4.40269184112549,4.41671323776245,4.33258485794067,4.41203880310059,22312330,1.71270191669464
"2006-08-23",4.41203880310059,4.41203880310059,4.3536171913147,4.36530113220215,12898088,1.69455873966217
"2006-08-24",4.38633298873901,4.80463600158691,4.36530113220215,4.68311786651611,184815909,1.81793105602264
"2006-08-25",4.75789785385132,4.90745878219604,4.70648717880249,4.72050809860229,135286608,1.83244550228119
"2006-08-28",4.76724576950073,4.7952880859375,4.62703323364258,4.65974903106689,103794060,1.80885970592499
"2006-08-29",4.65974903106689,4.75556087493896,4.65507507324219,4.73920297622681,62097255,1.83970284461975
"2006-08-30",4.75322389602661,4.88876390457153,4.69713878631592,4.83267879486084,113058967,1.87598884105682
"2006-08-31",4.83267879486084,4.9168062210083,4.82800483703613,4.88876390457153,112804905,1.89776027202606
"2006-09-01",4.9168062210083,4.99626016616821,4.89811086654663,4.95419692993164,87779365,1.92316091060638
"2006-09-04",4.96354389190674,4.99158716201782,4.8467001914978,4.87941598892212,54340817,1.89413201808929
"2006-09-05",4.86539506912231,4.88876390457153,4.81865692138672,4.88876390457153,38189609,1.89776027202606
"2006-09-06",4.87941598892212,4.94017505645752,4.8560471534729,4.92615413665771,58172727,1.91227531433105
"2006-09-07",4.88876390457153,4.96821784973145,4.86072111129761,4.91213321685791,44326675,1.90683269500732
"2006-09-08",4.92148017883301,4.94952297210693,4.8560471534729,4.86539506912231,40574612,1.88868916034698
"2006-09-11",4.82333087921143,4.8420262336731,4.77191877365112,4.7859411239624,32394580,1.85784602165222
"2006-09-12",4.80930995941162,4.80930995941162,4.75322389602661,4.77191877365112,26458237,1.85240268707275
"2006-09-13",4.81398296356201,4.82333087921143,4.77659320831299,4.7952880859375,28424604,1.86147427558899
"2006-09-14",4.79061508178711,4.82800483703613,4.7859411239624,4.80463600158691,21283161,1.8651031255722
"2006-09-15",4.79061508178711,4.81398296356201,4.72985601425171,4.79996204376221,51796713,1.86328887939453
"2006-09-18",4.82333087921143,4.82333087921143,4.73920297622681,4.73920297622681,18950195,1.83970284461975
"2006-09-19",4.75322389602661,4.75789785385132,4.68311786651611,4.74855089187622,24453760,1.84333181381226
"2006-09-20",4.74387693405151,4.79061508178711,4.72985601425171,4.75789785385132,33032553,1.84696018695831
"2006-09-21",4.77191877365112,4.85137414932251,4.75322389602661,4.82333087921143,33694038,1.87235975265503
"2006-09-22",4.79996204376221,4.82333087921143,4.76257181167603,4.76257181167603,32663042,1.84877467155457
"2006-09-25",4.76724576950073,4.81865692138672,4.7345290184021,4.76724576950073,32458451,1.85058844089508
"2006-09-26",4.7812671661377,4.80930995941162,4.75322389602661,4.77191877365112,47384712,1.85240268707275
"2006-09-27",4.80463600158691,4.81398296356201,4.76724576950073,4.7812671661377,35002176,1.8560311794281
"2006-09-28",4.7952880859375,4.86539506912231,4.76724576950073,4.83735179901123,43255642,1.87780272960663
"2006-09-29",4.83267879486084,4.86539506912231,4.83267879486084,4.85137414932251,22265277,1.88324642181396
"2006-10-02",4.86072111129761,4.87474203109741,4.81865692138672,4.83267879486084,26906524,1.87598884105682
"2006-10-03",4.83267879486084,4.86072111129761,4.7952880859375,4.86072111129761,19436717,1.88687467575073
"2006-10-04",4.87006902694702,4.94484901428223,4.86072111129761,4.93082809448242,35602042,1.91408908367157
"2006-10-05",4.94484901428223,4.95886993408203,4.90745878219604,4.92148017883301,25149507,1.91046071052551
"2006-10-06",4.93550109863281,4.94017505645752,4.9168062210083,4.92615413665771,18883345,1.91227531433105
"2006-10-09",4.91213321685791,5.04299783706665,4.90745878219604,5.03832387924194,35293369,1.95581758022308
"2006-10-10",5.05234622955322,5.20190620422363,5.04767179489136,5.16451597213745,71805685,2.0048041343689
"2006-10-11",5.15049505233765,5.26733922958374,5.09440994262695,5.24396991729736,102586394,2.03564691543579
"2006-10-12",5.22994899749756,5.25799179077148,5.15049505233765,5.22527503967285,60841070,2.0283899307251
"2006-10-13",5.23462295532227,5.23929691314697,5.05702018737793,5.08506202697754,84308539,1.97396111488342
"2006-10-16",5.08506202697754,5.14114713668823,5.08506202697754,5.11310482025146,33104942,1.98484706878662
"2006-10-17",5.07571506500244,5.08973598480225,5.02897691726685,5.06636714935303,53832269,1.96670424938202
"2006-10-18",5.08506202697754,5.11310482025146,5.05234622955322,5.07571506500244,53290635,1.97033333778381
"2006-10-19",5.05234622955322,5.08038806915283,4.99158716201782,5.00093412399292,65106895,1.94130396842957
"2006-10-20",5.04299783706665,5.04299783706665,4.94017505645752,4.99158716201782,74889891,1.93767511844635
"2006-10-23",5.00560808181763,5.01028203964233,4.94484901428223,4.97289180755615,33998659,1.93041825294495
"2006-10-24",5.00093412399292,5.00560808181763,4.95886993408203,4.99158716201782,45440718,1.93767511844635
"2006-10-25",4.97289180755615,4.99626016616821,4.94017505645752,4.98223876953125,30365234,1.93404650688171
"2006-10-26",4.99626016616821,5.01028203964233,4.9168062210083,4.92615413665771,49412454,1.91227531433105
"2006-10-27",4.92615413665771,4.96354389190674,4.88876390457153,4.9168062210083,35084668,1.90864622592926
"2006-10-30",4.90745878219604,4.95886993408203,4.87006902694702,4.95419692993164,36455434,1.92316091060638
"2006-10-31",4.94017505645752,5.04299783706665,4.94017505645752,5.00560808181763,41115335,1.94311797618866
"2006-11-01",5.01495599746704,5.05702018737793,4.98691320419312,5.01962900161743,0,1.94856095314026
"2006-11-02",5.00093412399292,5.04767179489136,4.97289180755615,5.00093412399292,31719978,1.94130396842957
"2006-11-03",5.01028203964233,5.05234622955322,4.96821784973145,4.99626016616821,37063210,1.93948888778687
"2006-11-06",5.02897691726685,5.06169319152832,5.00560808181763,5.03832387924194,41629552,1.95581758022308
"2006-11-07",5.03365087509155,5.03832387924194,4.99626016616821,5.01962900161743,30809574,1.94856095314026
"2006-11-08",4.99158716201782,5.00560808181763,4.95419692993164,4.98691320419312,44288083,1.93586111068726
"2006-11-09",4.97756481170654,5.02430295944214,4.97289180755615,4.99626016616821,34507068,1.93948888778687
"2006-11-10",4.98223876953125,5.04299783706665,4.97756481170654,5.02897691726685,43110282,1.95218980312347
"2006-11-13",5.02897691726685,5.10375690460205,5.01962900161743,5.06169319152832,46761438,1.96488976478577
"2006-11-14",5.07104110717773,5.10843086242676,5.03365087509155,5.06636714935303,51545415,1.96670424938202
"2006-11-15",5.09440994262695,5.16918992996216,5.08973598480225,5.15516901016235,66645090,2.00117611885071
"2006-11-16",5.16451597213745,5.18321084976196,5.10375690460205,5.11310482025146,38914469,1.98484706878662
"2006-11-17",5.13180017471313,5.15984201431274,5.11310482025146,5.13180017471313,39498203,1.99210441112518
"2006-11-20",5.16451597213745,5.18321084976196,5.13180017471313,5.15049505233765,53639861,1.99936139583588
"2006-11-21",5.15516901016235,5.23462295532227,5.15049505233765,5.17386388778687,55681481,2.00843286514282
"2006-11-22",5.19255876541138,5.23462295532227,5.18788480758667,5.20658016204834,31602264,2.0211329460144
"2006-11-23",5.21125411987305,5.21592807769775,5.18321084976196,5.19723320007324,25746233,2.01750493049622
"2006-11-24",5.17386388778687,5.18788480758667,5.12712621688843,5.15516901016235,42981181,2.00117611885071
"2006-11-27",5.13647413253784,5.15984201431274,5.05234622955322,5.05234622955322,57980285,1.96126115322113
"2006-11-28",5.04767179489136,5.08506202697754,5.00560808181763,5.04767179489136,54507514,1.95944666862488
"2006-11-29",5.07571506500244,5.09908294677734,5.04299783706665,5.05702018737793,39226002,1.96307575702667
"2006-11-30",5.07104110717773,5.07104110717773,4.98691320419312,4.98691320419312,50613446,1.93586111068726
"2006-12-01",5.01028203964233,5.05234622955322,4.91213321685791,4.94017505645752,116670385,1.91771805286407
"2006-12-04",4.94484901428223,5.02430295944214,4.94017505645752,4.98223876953125,95751533,1.93404650688171
"2006-12-05",4.98691320419312,5.04767179489136,4.95886993408203,4.98223876953125,63708342,1.93404650688171
"2006-12-06",5.00560808181763,5.07571506500244,4.96821784973145,5.04767179489136,88802361,1.95944666862488
"2006-12-07",5.06636714935303,5.07104110717773,4.99626016616821,5.02430295944214,53502851,1.95037496089935
"2006-12-08",5.00093412399292,5.01962900161743,4.94952297210693,4.96354389190674,0,1.92678916454315
"2006-12-11",4.98223876953125,5.01495599746704,4.94017505645752,4.96821784973145,58777916,1.92860352993011
"2006-12-12",4.96821784973145,4.98223876953125,4.94952297210693,4.96354389190674,33524151,1.92678916454315
"2006-12-13",4.97289180755615,5.01962900161743,4.96354389190674,4.99158716201782,26510785,1.93767511844635
"2006-12-14",5.02430295944214,5.02430295944214,4.98223876953125,4.98223876953125,39765312,1.93404650688171
"2006-12-15",5.00560808181763,5.02897691726685,4.97756481170654,5.01495599746704,52784791,1.94674706459045
"2006-12-18",4.99626016616821,5.05234622955322,4.99158716201782,5.03832387924194,50807405,1.95581758022308
"2006-12-19",5.01962900161743,5.05234622955322,4.98691320419312,5.02897691726685,39603220,1.95218980312347
"2006-12-20",5.06636714935303,5.09440994262695,5.03832387924194,5.03832387924194,57202427,1.95581758022308
"2006-12-21",5.03365087509155,5.12712621688843,5.03365087509155,5.09908294677734,52689650,1.97940397262573
"2006-12-22",5.08506202697754,5.09440994262695,5.03365087509155,5.03365087509155,29532638,1.95400440692902
"2006-12-27",5.05702018737793,5.09908294677734,5.05234622955322,5.09908294677734,15546664,1.97940397262573
"2006-12-28",5.11777877807617,5.24396991729736,5.10375690460205,5.22994899749756,79693273,2.03020429611206
"2006-12-29",5.26266479492188,5.46831083297729,5.25799179077148,5.46831083297729,285584947,2.12273383140564
"2007-01-02",5.46831083297729,5.47765922546387,5.40755176544189,5.4589638710022,119453416,2.11910533905029
"2007-01-03",5.46831083297729,5.56178712844849,5.4589638710022,5.46831083297729,157076250,2.12273383140564
"2007-01-04",5.44494199752808,5.4589638710022,5.37950992584229,5.38885688781738,109614724,2.09189081192017
"2007-01-05",5.37950992584229,5.40755176544189,5.33744621276855,5.34212017059326,99404013,2.07374835014343
"2007-01-08",5.34212017059326,5.37016201019287,5.28603410720825,5.30940294265747,96982844,2.06104803085327
"2007-01-09",5.32809782028198,5.3982048034668,5.31407690048218,5.31875085830688,124455421,2.06467628479004
"2007-01-10",5.28136110305786,5.30472898483276,5.24396991729736,5.24396991729736,108616845,2.03564691543579
"2007-01-11",5.26266479492188,5.37016201019287,5.26266479492188,5.36548805236816,98850670,2.08281946182251
"2007-01-12",5.38885688781738,5.44961595535278,5.36548805236816,5.40287923812866,84967052,2.09733438491821
"2007-01-15",5.43092107772827,5.46831083297729,5.41222620010376,5.44494199752808,66638421,2.1136622428894
"2007-01-16",5.44026899337769,5.49635410308838,5.40287923812866,5.41690015792847,85662106,2.10277724266052
"2007-01-17",5.4589638710022,5.46831083297729,5.34212017059326,5.38418292999268,73439183,2.0900764465332
"2007-01-18",5.41222620010376,5.42624711990356,5.31875085830688,5.32809782028198,69357820,2.06830501556396
"2007-01-19",5.32342386245728,5.42157411575317,5.29538202285767,5.39353084564209,109424282,2.09370470046997
"2007-01-22",5.51504898071289,5.54776477813721,5.44961595535278,5.46831083297729,105377932,2.12273383140564
"2007-01-23",5.46831083297729,5.55711317062378,5.46831083297729,5.5290699005127,93518599,2.146320104599
"2007-01-24",5.54309177398682,5.55243921279907,5.48233318328857,5.53841781616211,73961357,2.14994859695435
"2007-01-25",5.5290699005127,5.62722015380859,5.47765922546387,5.5243968963623,116406757,2.14450573921204
"2007-01-26",5.47765922546387,5.50570201873779,5.40755176544189,5.44961595535278,99936153,2.11547660827637
"2007-01-29",5.43092107772827,5.48233318328857,5.41690015792847,5.46831083297729,48832086,2.12273383140564
"2007-01-30",5.44961595535278,5.45428991317749,5.38418292999268,5.40755176544189,80974308,2.09914803504944
"2007-01-31",5.3982048034668,5.44026899337769,5.38885688781738,5.40755176544189,68039352,2.09914803504944
"2007-02-01",5.4589638710022,5.4636378288269,5.42624711990356,5.42624711990356,54876163,2.10640501976013
"2007-02-02",5.45428991317749,5.45428991317749,5.40755176544189,5.41222620010376,49760064,2.10096216201782
"2007-02-05",5.41222620010376,5.42157411575317,5.34212017059326,5.37016201019287,77142256,2.08463382720947
"2007-02-06",5.35614109039307,5.41690015792847,5.35146713256836,5.36548805236816,85030068,2.08281946182251
"2007-02-07",5.36548805236816,5.38885688781738,5.31875085830688,5.37950992584229,65025633,2.08826208114624
"2007-02-08",5.37950992584229,5.41690015792847,5.31875085830688,5.33744621276855,67533614,2.07193303108215
"2007-02-09",5.35614109039307,5.40755176544189,5.35146713256836,5.39353084564209,64533395,2.09370470046997
"2007-02-12",5.36548805236816,5.37483596801758,5.29538202285767,5.29538202285767,68137978,2.05560517311096
"2007-02-13",5.32809782028198,5.33277177810669,5.26266479492188,5.29538202285767,65976626,2.05560517311096
"2007-02-14",5.30940294265747,5.35614109039307,5.28603410720825,5.35146713256836,75902983,2.07737636566162
"2007-02-15",5.35614109039307,5.35614109039307,5.29538202285767,5.32809782028198,63227110,2.06830501556396
"2007-02-16",5.33277177810669,5.33744621276855,5.28603410720825,5.31875085830688,65300907,2.06467628479004
"2007-02-19",5.31407690048218,5.34679317474365,5.30005598068237,5.31875085830688,37251280,2.06467628479004
"2007-02-20",5.32809782028198,5.33277177810669,5.25799179077148,5.29070806503296,48046659,2.05379056930542
"2007-02-21",5.30940294265747,5.35146713256836,5.20658016204834,5.22527503967285,93108652,2.0283899307251
"2007-02-22",5.22994899749756,5.26733922958374,5.21592807769775,5.24396991729736,66663763,2.03564691543579
"2007-02-23",5.24864387512207,5.33744621276855,5.24396991729736,5.31875085830688,97909009,2.06467628479004
"2007-02-26",5.33277177810669,5.36548805236816,5.31875085830688,5.33744621276855,62525129,2.07193303108215
"2007-02-27",5.27668714523315,5.29538202285767,5.21592807769775,5.21592807769775,88980693,2.02476191520691
"2007-02-28",5.14114713668823,5.22060108184814,5.14114713668823,5.14582109451294,120678059,1.9975471496582
"2007-03-01",5.15049505233765,5.18321084976196,5.04299783706665,5.14114713668823,161307019,1.99573290348053
"2007-03-02",5.17853784561157,5.21592807769775,5.10843086242676,5.15516901016235,90335154,2.00117611885071
"2007-03-05",5.08506202697754,5.09908294677734,5.03832387924194,5.06636714935303,90148557,1.96670424938202
"2007-03-06",5.10375690460205,5.13180017471313,5.05702018737793,5.08506202697754,67344617,1.97396111488342
"2007-03-07",5.09440994262695,5.09440994262695,5.02897691726685,5.02897691726685,67867983,1.95218980312347
"2007-03-08",5.04767179489136,5.11310482025146,5.01495599746704,5.09440994262695,91582094,1.97759020328522
"2007-03-09",5.08973598480225,5.12245178222656,5.04767179489136,5.08973598480225,68179231,1.97577559947968
"2007-03-12",5.10375690460205,5.11777877807617,5.02430295944214,5.02897691726685,66545642,1.95218980312347
"2007-03-13",5.03365087509155,5.04767179489136,4.98223876953125,4.99626016616821,82295719,1.93948888778687
"2007-03-14",4.94952297210693,4.95419692993164,4.87941598892212,4.89811086654663,136144356,1.9013888835907
"2007-03-15",4.99158716201782,5.00093412399292,4.9168062210083,5.00093412399292,110671456,1.94130396842957
"2007-03-16",5.00560808181763,5.01028203964233,4.92148017883301,4.97289180755615,124187295,1.93041825294495
"2007-03-19",4.99158716201782,5.05702018737793,4.97289180755615,5.04299783706665,79074603,1.95763218402863
"2007-03-20",5.02897691726685,5.05234622955322,4.99158716201782,5.05234622955322,61480839,1.96126115322113
"2007-03-21",5.10843086242676,5.22060108184814,5.06169319152832,5.21125411987305,144526847,2.02294731140137
"2007-03-22",5.30472898483276,5.36548805236816,5.27201318740845,5.35146713256836,158613702,2.07737636566162
"2007-03-23",5.34212017059326,5.42157411575317,5.26266479492188,5.40287923812866,123194510,2.09733438491821
"2007-03-26",5.3982048034668,5.51037502288818,5.32342386245728,5.34679317474365,143838461,2.07556247711182
"2007-03-27",5.39353084564209,5.3982048034668,5.27201318740845,5.29070806503296,109444661,2.05379056930542
"2007-03-28",5.26266479492188,5.27201318740845,5.20190620422363,5.22527503967285,87238378,2.0283899307251
"2007-03-29",5.24864387512207,5.32342386245728,5.23462295532227,5.32342386245728,57571525,2.066490650177
"2007-03-30",5.30940294265747,5.35614109039307,5.26733922958374,5.31407690048218,66366348,2.06286215782166
"2007-04-02",5.30005598068237,5.32342386245728,5.26266479492188,5.29070806503296,39504598,2.05379056930542
"2007-04-03",5.30472898483276,5.38418292999268,5.29070806503296,5.37483596801758,64550194,2.08644795417786
"2007-04-04",5.38418292999268,5.39353084564209,5.35614109039307,5.38418292999268,50951220,2.0900764465332
"2007-04-05",5.37483596801758,5.40755176544189,5.36081504821777,5.37950992584229,47195915,2.08826208114624
"2007-04-10",5.37950992584229,5.5197229385376,5.37950992584229,5.50570201873779,87164831,2.13724899291992
"2007-04-11",5.50570201873779,5.5945029258728,5.49168014526367,5.55243921279907,119038994,2.15539169311523
"2007-04-12",5.55243921279907,5.55243921279907,5.43092107772827,5.46831083297729,82327012,2.12273383140564
"2007-04-13",5.49635410308838,5.50570201873779,5.40287923812866,5.50102806091309,97623293,2.13543438911438
"2007-04-16",5.50570201873779,5.63656711578369,5.48700618743896,5.58515596389771,175625187,2.16809177398682
"2007-04-17",5.580482006073,5.62254619598389,5.5337438583374,5.58515596389771,140658820,2.16809177398682
"2007-04-18",5.61787223815918,5.61787223815918,5.49635410308838,5.55711317062378,100217357,2.1572060585022
"2007-04-19",5.49168014526367,5.51504898071289,5.45428991317749,5.48700618743896,84259113,2.12999105453491
"2007-04-20",5.5290699005127,5.59917688369751,5.5243968963623,5.58515596389771,88664182,2.16809177398682
"2007-04-23",5.59917688369751,5.63656711578369,5.580482006073,5.63189315795898,81413845,2.18623495101929
"2007-04-24",5.63189315795898,5.66928291320801,5.580482006073,5.6552619934082,76478002,2.19530630111694
"2007-04-25",5.67395687103271,5.76743316650391,5.65993595123291,5.76743316650391,0,2.23884916305542
"2007-04-26",5.80482292175293,5.80482292175293,5.75341081619263,5.75808477401733,167697330,2.23522067070007
"2007-04-27",5.76743316650391,5.78612804412842,5.7113471031189,5.75808477401733,115472906,2.23522067070007
"2007-04-30",5.74873781204224,5.78145408630371,5.73938989639282,5.776780128479,52917010,2.2424783706665
"2007-05-02",5.776780128479,5.81416988372803,5.776780128479,5.78612804412842,158029481,2.24610662460327
"2007-05-03",5.81884384155273,5.81884384155273,5.73004198074341,5.76743316650391,202283631,2.23884916305542
"2007-05-04",5.776780128479,5.81416988372803,5.7627592086792,5.80482292175293,147315861,2.25336408615112
"2007-05-07",5.80482292175293,5.86090803146362,5.80014896392822,5.85156106948853,77067281,2.27150726318359
"2007-05-08",5.84221315383911,5.84221315383911,5.776780128479,5.80482292175293,170013797,2.25336408615112
"2007-05-09",5.8328652381897,5.86558198928833,5.78145408630371,5.81884384155273,115008917,2.25880670547485
"2007-05-10",5.82351779937744,5.85623407363892,5.75808477401733,5.76743316650391,136432018,2.23884916305542
"2007-05-11",5.73938989639282,5.74873781204224,5.66460990905762,5.7160210609436,210095547,2.21889185905457
"2007-05-14",5.73004198074341,5.73938989639282,5.68330478668213,5.70667409896851,214481020,2.21526336669922
"2007-05-15",5.69732618331909,5.73471593856812,5.5945029258728,5.67395687103271,440168997,2.20256304740906
"2007-05-16",5.65993595123291,5.73471593856812,5.64591503143311,5.66928291320801,465862377,2.20074844360352
"2007-05-17",5.7113471031189,5.7160210609436,5.63656711578369,5.6505880355835,380088768,2.19349193572998
"2007-05-18",5.6552619934082,5.7020001411438,5.6412410736084,5.69265222549438,115741426,2.20982074737549
"2007-05-21",5.41222620010376,5.4589638710022,5.35146713256836,5.36081504821777,119836552,2.21949648857117
"2007-05-22",5.37483596801758,5.44026899337769,5.34212017059326,5.36548805236816,125927391,2.221431016922
"2007-05-23",5.36548805236816,5.43559503555298,5.36548805236816,5.40755176544189,147431389,2.23884630203247
"2007-05-24",5.38418292999268,5.40287923812866,5.30005598068237,5.30472898483276,294612010,2.19627499580383
"2007-05-25",5.29538202285767,5.30472898483276,5.23462295532227,5.29070806503296,297435984,2.19047045707703
"2007-05-28",5.30940294265747,5.32342386245728,5.28136110305786,5.30005598068237,93158925,2.194340467453
"2007-05-29",5.30940294265747,5.33744621276855,5.28136110305786,5.29070806503296,106367312,2.19047045707703
"2007-05-30",5.25331783294678,5.33277177810669,5.22527503967285,5.32809782028198,133516938,2.20595073699951
"2007-05-31",5.37950992584229,5.38885688781738,5.27668714523315,5.30005598068237,141334065,2.194340467453
"2007-06-01",5.30940294265747,5.31875085830688,5.22994899749756,5.27201318740845,80488317,2.18273043632507
"2007-06-04",5.25331783294678,5.30472898483276,5.17853784561157,5.22994899749756,123138419,2.16531467437744
"2007-06-05",5.23462295532227,5.30472898483276,5.22060108184814,5.27201318740845,105644453,2.18273043632507
"2007-06-06",5.28136110305786,5.30005598068237,5.21592807769775,5.22527503967285,76231301,2.16337966918945
"2007-06-07",5.25799179077148,5.25799179077148,5.14582109451294,5.16451597213745,93051699,2.13822388648987
"2007-06-08",5.13180017471313,5.18321084976196,5.08038806915283,5.15984201431274,164704381,2.13628911972046
"2007-06-11",5.20190620422363,5.20190620422363,5.10843086242676,5.14582109451294,77468333,2.13048386573792
"2007-06-12",5.13647413253784,5.17386388778687,5.07104110717773,5.10375690460205,91468494,2.11306834220886
"2007-06-13",5.08973598480225,5.17386388778687,5.06636714935303,5.15516901016235,78799528,2.13435435295105
"2007-06-14",5.20658016204834,5.24396991729736,5.18321084976196,5.22527503967285,67418073,2.16337966918945
"2007-06-15",5.24396991729736,5.35614109039307,5.23462295532227,5.34679317474365,149029273,2.21369123458862
"2007-06-18",5.33744621276855,5.34679317474365,5.30005598068237,5.32809782028198,63029324,2.20595073699951
"2007-06-19",5.35146713256836,5.37016201019287,5.29538202285767,5.33744621276855,63946665,2.20982050895691
"2007-06-20",5.35614109039307,5.37483596801758,5.28136110305786,5.30005598068237,75625905,2.194340467453
"2007-06-21",5.25331783294678,5.29070806503296,5.19255876541138,5.24864387512207,77380694,2.17305469512939
"2007-06-22",5.24864387512207,5.26266479492188,5.21125411987305,5.22527503967285,48137655,2.16337966918945
"2007-06-25",5.16918992996216,5.21592807769775,5.16918992996216,5.19723320007324,65777579,2.15177011489868
"2007-06-26",5.16918992996216,5.23462295532227,5.15516901016235,5.16918992996216,77363877,2.14015960693359
"2007-06-27",5.14582109451294,5.17386388778687,5.08038806915283,5.10843086242676,80608486,2.11500382423401
"2007-06-28",5.15049505233765,5.16918992996216,5.10375690460205,5.12245178222656,60259361,2.12080907821655
"2007-06-29",5.12245178222656,5.18321084976196,5.07104110717773,5.16918992996216,70659104,2.14015960693359
"2007-07-02",5.15516901016235,5.18788480758667,5.11310482025146,5.16451597213745,51673461,2.13822388648987
"2007-07-03",5.17853784561157,5.22527503967285,5.17853784561157,5.19723320007324,39123455,2.15177011489868
"2007-07-04",5.21592807769775,5.22060108184814,5.17853784561157,5.18788480758667,28774193,2.14789915084839
"2007-07-05",5.19723320007324,5.19723320007324,5.10375690460205,5.13647413253784,58885280,2.12661409378052
"2007-07-06",5.15049505233765,5.15516901016235,5.08973598480225,5.09908294677734,60374945,2.11113333702087
"2007-07-09",5.12245178222656,5.13647413253784,5.08506202697754,5.09908294677734,37435705,2.11113333702087
"2007-07-10",5.09908294677734,5.10375690460205,4.99158716201782,5.01028203964233,79835055,2.07436752319336
"2007-07-11",4.98223876953125,5.01028203964233,4.93082809448242,5.00093412399292,73022429,2.07049775123596
"2007-07-12",5.01495599746704,5.03832387924194,4.98223876953125,5.01028203964233,69268289,2.07436752319336
"2007-07-13",5.06169319152832,5.12712621688843,5.04299783706665,5.10375690460205,59467713,2.11306834220886
"2007-07-16",5.10375690460205,5.13647413253784,5.09908294677734,5.13180017471313,51417176,2.12467908859253
"2007-07-17",5.12245178222656,5.13180017471313,5.07104110717773,5.09440994262695,59601057,2.10919880867004
"2007-07-18",5.06636714935303,5.13647413253784,5.01962900161743,5.05702018737793,66655000,2.09371852874756
"2007-07-19",5.07571506500244,5.12712621688843,5.05234622955322,5.12712621688843,63842364,2.12274408340454
"2007-07-20",5.11777877807617,5.15984201431274,5.02430295944214,5.03365087509155,86503264,2.08404350280762
"2007-07-23",5.04299783706665,5.07104110717773,4.98691320419312,5.07104110717773,61938865,2.09952354431152
"2007-07-24",5.05702018737793,5.11310482025146,4.97756481170654,4.98223876953125,71547958,2.06275725364685
"2007-07-25",4.95886993408203,5.11310482025146,4.94484901428223,5.01028203964233,97092374,2.07436752319336
"2007-07-26",5.08038806915283,5.14582109451294,4.99158716201782,5.00093412399292,162503544,2.07049775123596
"2007-07-27",4.97756481170654,5.15516901016235,4.97289180755615,5.11310482025146,118845724,2.116938829422
"2007-07-30",5.10843086242676,5.13180017471313,5.04767179489136,5.09440994262695,99266050,2.10919880867004
"2007-07-31",5.13180017471313,5.28136110305786,5.12712621688843,5.22060108184814,157351614,2.16144442558289
"2007-08-01",5.10843086242676,5.18788480758667,5.05234622955322,5.11777877807617,115068873,2.11887359619141
"2007-08-02",5.15984201431274,5.19723320007324,5.13647413253784,5.16451597213745,64636952,2.13822388648987
"2007-08-03",5.17853784561157,5.22527503967285,5.13180017471313,5.15049505233765,50594461,2.13241910934448
"2007-08-06",5.09440994262695,5.12245178222656,5.06636714935303,5.11310482025146,62401228,2.116938829422
"2007-08-07",5.16918992996216,5.25799179077148,5.15516901016235,5.25331783294678,81355345,2.17499017715454
"2007-08-08",5.26733922958374,5.37016201019287,5.25331783294678,5.35614109039307,95856960,2.21756052970886
"2007-08-09",5.32809782028198,5.40755176544189,5.24864387512207,5.28136110305786,136858670,2.18660092353821
"2007-08-10",5.21125411987305,5.27668714523315,5.04299783706665,5.16918992996216,135271862,2.14015960693359
"2007-08-13",5.21592807769775,5.29070806503296,5.21125411987305,5.26733922958374,57411944,2.18079495429993
"2007-08-14",5.21592807769775,5.31407690048218,5.19723320007324,5.22527503967285,60913592,2.16337966918945
"2007-08-16",5.09440994262695,5.14114713668823,5.04767179489136,5.07571506500244,130905521,2.10145902633667
"2007-08-17",5.03832387924194,5.40287923812866,5.01028203964233,5.24396991729736,165412407,2.17111945152283
"2007-08-20",5.27668714523315,5.32809782028198,5.22527503967285,5.24864387512207,105080916,2.17305469512939
"2007-08-21",5.26733922958374,5.29070806503296,5.22060108184814,5.26266479492188,80850485,2.17885971069336
"2007-08-22",5.27668714523315,5.30940294265747,5.22060108184814,5.25331783294678,105552801,2.17499017715454
"2007-08-23",5.28136110305786,5.29538202285767,5.26266479492188,5.26733922958374,82042876,2.18079495429993
"2007-08-24",5.24396991729736,5.27668714523315,5.22527503967285,5.25799179077148,53329854,2.17692542076111
"2007-08-27",5.26733922958374,5.27668714523315,5.23462295532227,5.24864387512207,36015192,2.17305469512939
"2007-08-28",5.23929691314697,5.26733922958374,5.12712621688843,5.15049505233765,64977995,2.13241910934448
"2007-08-29",5.13180017471313,5.20658016204834,5.10843086242676,5.14582109451294,91531025,2.13048386573792
"2007-08-30",5.16918992996216,5.19723320007324,5.08038806915283,5.14114713668823,103915622,2.12854886054993
"2007-08-31",5.17853784561157,5.18321084976196,5.12712621688843,5.16918992996216,62171343,2.14015960693359
"2007-09-03",5.19723320007324,5.19723320007324,5.15516901016235,5.18788480758667,33161629,2.14789915084839
"2007-09-04",5.17386388778687,5.20658016204834,5.13180017471313,5.18321084976196,67352185,2.14596438407898
"2007-09-05",5.15984201431274,5.16451597213745,5.01495599746704,5.03365087509155,96424146,2.08404350280762
"2007-09-06",5.05702018737793,5.07104110717773,4.94484901428223,5.02897691726685,76211533,2.08210802078247
"2007-09-07",5.01028203964233,5.02430295944214,4.8560471534729,4.87006902694702,84258475,2.01631665229797
"2007-09-10",4.87941598892212,4.91213321685791,4.79996204376221,4.85137414932251,71829427,2.00857663154602
"2007-09-11",4.88408994674683,4.99158716201782,4.83735179901123,4.94017505645752,94277050,2.04534220695496
"2007-09-12",4.93550109863281,4.95886993408203,4.85137414932251,4.93550109863281,82608732,2.04340672492981
"2007-09-13",4.93082809448242,4.97289180755615,4.8560471534729,4.94952297210693,77042057,2.04921197891235
"2007-09-14",4.92148017883301,4.94952297210693,4.87941598892212,4.94017505645752,59863996,2.04534220695496
"2007-09-17",4.92148017883301,5.00560808181763,4.86539506912231,4.96821784973145,79304286,2.05695247650146
"2007-09-18",4.93550109863281,5.08506202697754,4.92148017883301,5.05702018737793,90307030,2.09371852874756
"2007-09-19",5.19723320007324,5.23462295532227,5.13647413253784,5.15516901016235,120791888,2.13435435295105
"2007-09-20",5.10375690460205,5.15984201431274,5.09440994262695,5.14582109451294,64171713,2.13048386573792
"2007-09-21",5.10843086242676,5.15984201431274,5.06169319152832,5.07104110717773,116980098,2.09952354431152
"2007-09-24",5.00093412399292,5.09908294677734,5.00093412399292,5.08038806915283,52044265,2.10339307785034
"2007-09-25",5.04767179489136,5.06636714935303,5.00560808181763,5.03832387924194,68537642,2.08597707748413
"2007-09-26",5.06169319152832,5.07571506500244,5.02897691726685,5.04767179489136,63159361,2.08984780311584
"2007-09-27",5.07571506500244,5.08038806915283,4.99626016616821,5.03832387924194,83171061,2.08597707748413
"2007-09-28",5.04299783706665,5.08506202697754,5.02897691726685,5.06169319152832,65859972,2.09565305709839
"2007-10-01",5.03832387924194,5.19723320007324,4.99158716201782,5.16918992996216,81149043,2.14015960693359
"2007-10-02",5.16451597213745,5.23462295532227,5.11777877807617,5.14114713668823,116072163,2.12854886054993
"2007-10-03",5.15049505233765,5.21592807769775,5.14114713668823,5.18788480758667,88615607,2.14789915084839
"2007-10-04",5.17386388778687,5.28603410720825,5.16918992996216,5.26266479492188,107215116,2.17885971069336
"2007-10-05",5.28136110305786,5.30005598068237,5.22060108184814,5.26733922958374,63938032,2.18079495429993
"2007-10-08",5.27201318740845,5.28603410720825,5.18788480758667,5.22060108184814,76812899,2.16144442558289
"2007-10-09",5.22060108184814,5.24864387512207,5.18321084976196,5.22527503967285,108543491,2.16337966918945
"2007-10-10",5.22527503967285,5.22527503967285,5.15049505233765,5.17853784561157,92788986,2.14402985572815
"2007-10-11",5.18321084976196,5.19723320007324,5.14114713668823,5.15516901016235,73167435,2.13435435295105
"2007-10-12",5.10375690460205,5.14114713668823,5.06636714935303,5.14114713668823,102635572,2.12854886054993
"2007-10-15",5.12245178222656,5.13647413253784,5.02897691726685,5.03365087509155,84788954,2.08404350280762
"2007-10-16",5.01495599746704,5.04767179489136,4.95886993408203,5.04767179489136,68868939,2.08984780311584
"2007-10-17",5.04767179489136,5.09440994262695,4.99158716201782,5.01962900161743,98998294,2.07823777198792
"2007-10-18",5.01028203964233,5.03832387924194,4.96354389190674,4.99158716201782,75823888,2.06662750244141
"2007-10-19",4.96354389190674,5.06169319152832,4.9168062210083,5.03832387924194,138330614,2.08597707748413
"2007-10-22",4.98691320419312,5.01495599746704,4.90745878219604,4.97756481170654,149232277,2.06082224845886
"2007-10-23",5.00093412399292,5.04767179489136,4.99158716201782,5.01028203964233,116960203,2.07436752319336
"2007-10-24",4.97289180755615,5.00560808181763,4.93082809448242,4.95419692993164,89746595,2.0511474609375
"2007-10-25",4.97289180755615,4.98691320419312,4.90745878219604,4.94484901428223,92605481,2.04727721214294
"2007-10-26",4.95419692993164,5.02897691726685,4.85137414932251,4.99626016616821,130861967,2.06856203079224
"2007-10-29",5.03832387924194,5.08506202697754,5.02897691726685,5.04767179489136,87099000,2.08984780311584
"2007-10-30",5.04299783706665,5.10375690460205,5.03365087509155,5.08506202697754,83778944,2.10532832145691
"2007-10-31",5.08973598480225,5.13647413253784,5.07571506500244,5.10375690460205,80512349,2.11306834220886
"2007-11-01",5.12712621688843,5.12712621688843,4.98223876953125,5.01028203964233,0,2.07436752319336
"2007-11-02",4.96354389190674,5.00560808181763,4.90745878219604,4.94952297210693,99826739,2.04921197891235
"2007-11-05",4.93082809448242,4.95886993408203,4.88408994674683,4.93082809448242,99324254,2.04147171974182
"2007-11-06",4.95886993408203,5.00560808181763,4.93550109863281,4.95886993408203,113116501,2.05308198928833
"2007-11-07",4.97289180755615,4.99158716201782,4.88876390457153,4.94484901428223,86449702,2.04727721214294
"2007-11-08",4.8560471534729,4.89811086654663,4.82333087921143,4.83267879486084,100472911,2.00083589553833
"2007-11-09",4.8467001914978,4.88876390457153,4.75789785385132,4.80463600158691,88681541,1.98922562599182
"2007-11-12",4.7859411239624,4.90278482437134,4.74387693405151,4.87474203109741,104410668,2.0182511806488
"2007-11-13",4.86072111129761,4.96354389190674,4.81865692138672,4.94484901428223,72000030,2.04727721214294
"2007-11-14",5.01028203964233,5.03365087509155,4.79996204376221,4.8560471534729,148159922,2.01051115989685
"2007-11-15",4.8467001914978,4.86072111129761,4.73920297622681,4.80930995941162,103976985,1.99116063117981
"2007-11-16",4.7952880859375,4.8467001914978,4.76257181167603,4.83735179901123,68221231,2.00277042388916
"2007-11-19",4.83735179901123,4.85137414932251,4.75322389602661,4.77659320831299,68031680,1.97761559486389
"2007-11-20",4.82333087921143,4.86539506912231,4.7952880859375,4.83735179901123,73442078,2.00277042388916
"2007-11-21",4.76724576950073,4.80463600158691,4.725182056427,4.77191877365112,74504719,1.97567999362946
"2007-11-22",4.77659320831299,4.83267879486084,4.75789785385132,4.77659320831299,47229106,1.97761559486389
"2007-11-23",4.7859411239624,4.90278482437134,4.7812671661377,4.87941598892212,71022926,2.02018642425537
"2007-11-26",4.9168062210083,4.93550109863281,4.79061508178711,4.87474203109741,58636687,2.0182511806488
"2007-11-27",4.8420262336731,4.90278482437134,4.82333087921143,4.87006902694702,51833175,2.01631665229797
"2007-11-28",4.89811086654663,5.01962900161743,4.83735179901123,4.99158716201782,87659031,2.06662750244141
"2007-11-29",5.02897691726685,5.06169319152832,4.95886993408203,5.03365087509155,59313695,2.08404350280762
"2007-11-30",5.03365087509155,5.13180017471313,5.02897691726685,5.09440994262695,67842479,2.10919880867004
"2007-12-03",5.07104110717773,5.10843086242676,5.03365087509155,5.06169319152832,46666430,2.09565305709839
"2007-12-04",5.06636714935303,5.06636714935303,4.98691320419312,5.02430295944214,65801485,2.08017253875732
"2007-12-05",5.03832387924194,5.11310482025146,5.02430295944214,5.08973598480225,51428002,2.10726356506348
"2007-12-06",5.11310482025146,5.15984201431274,5.07571506500244,5.11777877807617,78111737,2.11887359619141
"2007-12-07",5.12712621688843,5.15049505233765,5.10843086242676,5.12712621688843,45745137,2.12274408340454
"2007-12-10",5.10843086242676,5.16451597213745,5.08973598480225,5.13180017471313,55513996,2.12467908859253
"2007-12-11",5.13647413253784,5.13647413253784,5.08038806915283,5.11777877807617,50041047,2.11887359619141
"2007-12-12",5.07571506500244,5.14114713668823,5.01028203964233,5.08506202697754,102099486,2.10532832145691
"2007-12-13",5.03832387924194,5.08973598480225,5.01495599746704,5.05234622955322,79290199,2.09178328514099
"2007-12-14",5.08506202697754,5.09908294677734,5.04767179489136,5.08038806915283,57598893,2.10339307785034
"2007-12-17",5.02430295944214,5.05702018737793,5.00093412399292,5.03832387924194,61460292,2.08597707748413
"2007-12-18",5.03365087509155,5.10375690460205,5.02430295944214,5.04767179489136,50230627,2.08984780311584
"2007-12-19",5.01962900161743,5.06636714935303,5.00560808181763,5.01962900161743,80345180,2.07823777198792
"2007-12-20",5.02897691726685,5.02897691726685,4.9168062210083,4.9168062210083,72226579,2.03566670417786
"2007-12-21",4.96821784973145,5.06169319152832,4.94952297210693,4.99626016616821,101566440,2.06856203079224
"2007-12-27",5.02430295944214,5.04767179489136,5.00560808181763,5.02430295944214,23422068,2.08017253875732
"2007-12-28",5.01962900161743,5.06636714935303,5.00560808181763,5.05702018737793,21229617,2.09371852874756
"2008-01-02",5.04767179489136,5.06169319152832,4.94017505645752,4.95419692993164,49468698,2.0511474609375
"2008-01-03",4.94952297210693,4.96821784973145,4.89343786239624,4.96821784973145,37388787,2.05695247650146
"2008-01-04",4.97756481170654,5.00093412399292,4.88876390457153,4.93082809448242,46618858,2.04147171974182
"2008-01-07",4.93550109863281,4.94952297210693,4.88408994674683,4.92148017883301,50351609,2.03760194778442
"2008-01-08",4.92615413665771,4.92615413665771,4.83735179901123,4.8467001914978,93640073,2.00664091110229
"2008-01-09",4.82800483703613,4.87474203109741,4.77191877365112,4.7859411239624,102904207,1.98148548603058
"2008-01-10",4.80463600158691,4.88876390457153,4.80463600158691,4.86072111129761,84319154,2.01244640350342
"2008-01-11",4.86072111129761,4.97756481170654,4.8560471534729,4.93082809448242,85845869,2.04147171974182
"2008-01-14",4.93082809448242,5.02430295944214,4.92148017883301,4.94952297210693,80410007,2.04921197891235
"2008-01-15",4.94484901428223,4.94952297210693,4.76724576950073,4.77659320831299,110628274,1.97761559486389
"2008-01-16",4.77659320831299,4.81865692138672,4.71583414077759,4.74855089187622,122538529,1.96600556373596
"2008-01-17",4.7812671661377,4.79996204376221,4.6644229888916,4.69713878631592,84374561,1.94471919536591
"2008-01-18",4.69246482849121,4.7859411239624,4.58496904373169,4.62703323364258,106688440,1.91569435596466
"2008-01-21",4.57328414916992,4.57328414916992,4.37464904785156,4.38866996765137,138680133,1.81700670719147
"2008-01-22",4.21106719970703,4.56627416610718,4.16199207305908,4.47513484954834,141116736,1.85280525684357
"2008-01-23",4.52420997619629,4.52420997619629,4.14096021652222,4.297532081604,146107916,1.77927350997925
"2008-01-24",4.4283971786499,4.49850416183472,4.37698602676392,4.41671323776245,116054046,1.82861721515656
"2008-01-25",4.45643997192383,4.47980880737305,4.35595417022705,4.36296510696411,63648730,1.8063645362854
"2008-01-28",4.27416276931763,4.43774509429932,4.27416276931763,4.43073415756226,58720736,1.83442234992981
"2008-01-29",4.44241905212402,4.52420997619629,4.42138719558716,4.45410299301147,60542338,1.84409737586975
"2008-01-30",4.44008207321167,4.45877695083618,4.40035486221313,4.43307113647461,49606116,1.83539009094238
"2008-01-31",4.43540811538696,4.44942903518677,4.32557392120361,4.44241905212402,65395276,1.8392596244812
"2008-02-01",4.47279787063599,4.53121995925903,4.41671323776245,4.45410299301147,63672655,1.84409737586975
"2008-02-04",4.47747182846069,4.50084114074707,4.44008207321167,4.47513484954834,42313564,1.85280525684357
"2008-02-05",4.46812391281128,4.46812391281128,4.25780487060547,4.27650022506714,88409316,1.77056622505188
"2008-02-06",4.2461199760437,4.34660577774048,4.2461199760437,4.28818416595459,81416238,1.7754031419754
"2008-02-07",4.27650022506714,4.28117418289185,4.19003486633301,4.23910999298096,80355048,1.75508570671082
"2008-02-08",4.26481485366821,4.28818416595459,4.14329719543457,4.15965604782104,61899295,1.72218978404999
"2008-02-11",4.10824394226074,4.16900300979614,4.08487510681152,4.11992788314819,70859649,1.70574140548706
"2008-02-12",4.15030813217163,4.25313091278076,4.08954906463623,4.24144601821899,90262355,1.75605273246765
"2008-02-13",4.22275114059448,4.30454206466675,4.19237184524536,4.26715183258057,74192341,1.76669549942017
"2008-02-14",4.3068790435791,4.32557392120361,4.24378299713135,4.26014184951782,50848372,1.76379334926605
"2008-02-15",4.27416276931763,4.27416276931763,4.15030813217163,4.16900300979614,80587629,1.72605979442596
"2008-02-18",4.19704580307007,4.26948881149292,4.1713399887085,4.24845695495605,33954441,1.75895524024963
"2008-02-19",4.22508811950684,4.29519510269165,4.16900300979614,4.23910999298096,48473177,1.75508570671082
"2008-02-20",4.18302392959595,4.2320990562439,4.16199207305908,4.22976207733154,45824604,1.75121533870697
"2008-02-21",4.24845695495605,4.33024787902832,4.21106719970703,4.24144601821899,65582834,1.75605273246765
"2008-02-22",4.21807813644409,4.24845695495605,4.07085418701172,4.10590696334839,82133817,1.6999363899231
"2008-02-25",4.14797115325928,4.21340417861938,4.11759185791016,4.18769788742065,60018013,1.73379969596863
"2008-02-26",4.20171880722046,4.31856393814087,4.18769788742065,4.29986906051636,71310839,1.78024101257324
"2008-02-27",4.30921602249146,4.34660577774048,4.26247787475586,4.32557392120361,47104863,1.79088342189789
"2008-02-28",4.29052114486694,4.31155300140381,4.18769788742065,4.21106719970703,57816754,1.74347519874573
"2008-02-29",4.16432905197144,4.19470882415771,4.1246018409729,4.15965604782104,61839111,1.72218978404999
"2008-03-03",4.1246018409729,4.16432905197144,4.06618022918701,4.11759185791016,66890751,1.70477426052094
"2008-03-04",4.12226486206055,4.15965604782104,4.01944208145142,4.04281091690063,57299146,1.67381346225739
"2008-03-05",4.06150579452515,4.11992788314819,4.0498218536377,4.10824394226074,40591395,1.70090425014496
"2008-03-06",4.07085418701172,4.07085418701172,3.99373698234558,4.00775814056396,46815939,1.65930068492889
"2008-03-07",3.99140000343323,4.05683279037476,3.94699907302856,3.97270488739014,63716474,1.6447879076004
"2008-03-10",3.96569395065308,4.01476907730103,3.91194605827332,3.93998789787292,43204022,1.63124251365662
"2008-03-11",3.95401000976562,4.13628721237183,3.93297791481018,4.10356998443604,80064918,1.69896900653839
"2008-03-12",4.17367696762085,4.21807813644409,4.12226486206055,4.17367696762085,69792160,1.72799479961395
"2008-03-13",4.09656000137329,4.12693881988525,4.03346395492554,4.12693881988525,104263664,1.70864415168762
"2008-03-14",4.1152548789978,4.23443603515625,4.03346395492554,4.13395023345947,107032514,1.71154713630676
"2008-03-17",3.98906302452087,4.11291790008545,3.94699907302856,4.00542116165161,97146381,1.6583331823349
"2008-03-18",4.07786512374878,4.15965604782104,4.0498218536377,4.13862419128418,76808713,1.71348178386688
"2008-03-19",4.1760139465332,4.17835092544556,3.90727210044861,3.97270488739014,138681616,1.6447879076004
"2008-03-20",3.93297791481018,4.11291790008545,3.70162606239319,4.0638427734375,215336224,1.68252086639404
"2008-03-25",4.25780487060547,4.25780487060547,4.1760139465332,4.20873022079468,95724574,1.74250781536102
"2008-03-26",4.19704580307007,4.19704580307007,4.1152548789978,4.13862419128418,62877982,1.71348178386688
"2008-03-27",4.12927579879761,4.23443603515625,4.1246018409729,4.19938278198242,66523591,1.73863768577576
"2008-03-28",4.19938278198242,4.20405578613281,4.14096021652222,4.20405578613281,39048489,1.74057233333588
"2008-03-31",4.15965604782104,4.19704580307007,4.14329719543457,4.17367696762085,44278166,1.72799479961395
"2008-04-01",4.13862419128418,4.36997509002686,4.13628721237183,4.34193277359009,89519237,1.79765641689301
"2008-04-02",4.34660577774048,4.52654695510864,4.33959579467773,4.46812391281128,111763392,1.84990274906158
"2008-04-03",4.46812391281128,4.46812391281128,4.3676381111145,4.43774509429932,56434149,1.83732485771179
"2008-04-04",4.43073415756226,4.4821457862854,4.39568090438843,4.43540811538696,41830549,1.83635711669922
"2008-04-07",4.46578693389893,4.51719903945923,4.43073415756226,4.49383020401001,50450539,1.8605455160141
"2008-04-08",4.45410299301147,4.50551509857178,4.44241905212402,4.49383020401001,34225871,1.8605455160141
"2008-04-09",4.45877695083618,4.4821457862854,4.4283971786499,4.44942903518677,37696598,1.84216225147247
"2008-04-10",4.43307113647461,4.44008207321167,4.34193277359009,4.39801788330078,43192267,1.82087671756744
"2008-04-11",4.42372417449951,4.44709205627441,4.33024787902832,4.39100694656372,44002489,1.81797409057617
"2008-04-14",4.33492183685303,4.37464904785156,4.32323694229126,4.34193277359009,35682390,1.79765641689301
"2008-04-15",4.37231206893921,4.38399696350098,4.27182579040527,4.3536171913147,49857755,1.80249404907227
"2008-04-16",4.38399696350098,4.43774509429932,4.33024787902832,4.42606019973755,49432762,1.83248722553253
"2008-04-17",4.42606019973755,4.46111392974854,4.39334392547607,4.43540811538696,39762966,1.83635711669922
"2008-04-18",4.47980880737305,4.5522518157959,4.45176601409912,4.52420997619629,69087543,1.87312304973602
"2008-04-21",4.52888298034668,4.55926322937012,4.47046089172363,4.51018810272217,61931519,1.86731791496277
"2008-04-22",4.47980880737305,4.52888298034668,4.46345090866089,4.48681879043579,62022278,1.85764241218567
"2008-04-23",4.48448276519775,4.50084114074707,4.39334392547607,4.48681879043579,43051571,1.85764241218567
"2008-04-24",4.47279787063599,4.51486206054688,4.41437578201294,4.49616718292236,38034828,1.86151278018951
"2008-04-25",4.47747182846069,4.58029508590698,4.46812391281128,4.50084114074707,41693965,1.8634477853775
"2008-04-28",4.51719903945923,4.54056787490845,4.43307113647461,4.48448276519775,58678003,1.85667514801025
"2008-04-29",4.44008207321167,4.49616718292236,4.4283971786499,4.45410299301147,39385387,1.84409737586975
"2008-04-30",4.45176601409912,4.51018810272217,4.45176601409912,4.48915576934814,116502666,1.85861015319824
"2008-05-02",4.53355693817139,4.57094717025757,4.52187299728394,4.54056787490845,124029912,1.87989568710327
"2008-05-05",4.5429048538208,4.54524183273315,4.48448276519775,4.49616718292236,62926864,1.86151278018951
"2008-05-06",4.49383020401001,4.51486206054688,4.45643997192383,4.47513484954834,131017336,1.85280525684357
"2008-05-07",4.48681879043579,4.50317811965942,4.44709205627441,4.46578693389893,89408757,1.84893488883972
"2008-05-08",4.38399696350098,4.44008207321167,4.30921602249146,4.34660577774048,246952304,1.79959106445312
"2008-05-09",4.31388998031616,4.31622695922852,4.19704580307007,4.26715183258057,302630124,1.76669549942017
"2008-05-12",4.26715183258057,4.28818416595459,4.20171880722046,4.21574115753174,369324674,1.74541032314301
"2008-05-13",4.23443603515625,4.23910999298096,4.10590696334839,4.22742509841919,339322963,1.75024747848511
"2008-05-14",4.25780487060547,4.34894323348999,4.25313091278076,4.33492183685303,444216289,1.79475378990173
"2008-05-15",4.33725881576538,4.37464904785156,4.30921602249146,4.3582911491394,227212904,1.80442905426025
"2008-05-16",4.36997509002686,4.43774509429932,4.32323694229126,4.32791090011597,188894380,1.79185104370117
"2008-05-19",4.03346395492554,4.03346395492554,3.95401000976562,3.99140000343323,77366138,1.8002837896347
"2008-05-20",3.95634603500366,3.96803092956543,3.90727210044861,3.95167303085327,169649346,1.78236520290375
"2008-05-21",3.93531489372253,3.93765091896057,3.8745551109314,3.90026092529297,249378519,1.75917601585388
"2008-05-22",3.86754488945007,3.94466209411621,3.82080698013306,3.90259790420532,192614519,1.76023066043854
"2008-05-23",3.90960907936096,3.93297791481018,3.86754488945007,3.88857698440552,221427897,1.75390625
"2008-05-26",3.86988210678101,3.90026092529297,3.83482789993286,3.87689208984375,72234778,1.74863612651825
"2008-05-27",3.95868301391602,3.97270488739014,3.88390302658081,3.90960907936096,254493523,1.76339256763458
"2008-05-28",3.91661906242371,3.94466209411621,3.8792290687561,3.88857698440552,69615103,1.75390625
"2008-05-29",3.90026092529297,3.90727210044861,3.83482789993286,3.86053395271301,55535286,1.74125790596008
"2008-05-30",3.8745551109314,3.96335697174072,3.8745551109314,3.93998789787292,79189334,1.77709484100342
"2008-06-02",3.92830395698547,3.93064093589783,3.84417605400085,3.86053395271301,60658293,1.74125790596008
"2008-06-03",3.84651303291321,3.89325094223022,3.82314395904541,3.85819697380066,107539976,1.74020385742188
"2008-06-04",3.83482789993286,3.86754488945007,3.79977488517761,3.85819697380066,62305314,1.74020385742188
"2008-06-05",3.85352396965027,3.85585999488831,3.77874302864075,3.78809094429016,51064639,1.70858323574066
"2008-06-06",3.80678606033325,3.813796043396,3.63385605812073,3.66189908981323,93273356,1.65166532993317
"2008-06-09",3.65488791465759,3.70162606239319,3.61048698425293,3.6455409526825,60744988,1.64428734779358
"2008-06-10",3.62217211723328,3.66891002655029,3.56141304969788,3.6455409526825,66443461,1.64428734779358
"2008-06-11",3.65956211090088,3.70396304130554,3.53570699691772,3.53804397583008,77666504,1.59580183029175
"2008-06-12",3.54505491256714,3.60581398010254,3.50065398216248,3.57309699058533,72934417,1.61161196231842
"2008-06-13",3.53804397583008,3.59880304336548,3.49130606651306,3.59179210662842,60536258,1.62004435062408
"2008-06-16",3.59880304336548,3.61516094207764,3.46326398849487,3.50532793998718,77126477,1.58104562759399
"2008-06-17",3.51467490196228,3.57076001167297,3.49364304542542,3.52636003494263,63069373,1.59053182601929
"2008-06-18",3.49831700325012,3.53570699691772,3.47962188720703,3.48663306236267,68916421,1.57261347770691
"2008-06-19",3.46560096740723,3.49130606651306,3.44223189353943,3.44690489768982,66470927,1.55469453334808
"2008-06-20",3.44456911087036,3.45859003067017,3.33239793777466,3.39082002639771,133181242,1.52939772605896
"2008-06-23",3.38848304748535,3.41886305809021,3.344083070755,3.36044096946716,49273011,1.51569581031799
"2008-06-24",3.36044096946716,3.37212491035461,3.29968190193176,3.35810399055481,57830461,1.51464152336121
"2008-06-25",3.38848304748535,3.47728490829468,3.3767991065979,3.45625305175781,65330000,1.55891084671021
"2008-06-26",3.43054699897766,3.45859003067017,3.38848304748535,3.41185188293457,65180081,1.53888428211212
"2008-06-27",3.40484189987183,3.41185188293457,3.344083070755,3.38381004333496,62457315,1.52623617649078
"2008-06-30",3.38381004333496,3.40484189987183,3.33473491668701,3.39082002639771,60475875,1.52939772605896
"2008-07-01",3.35576701164246,3.40250492095947,3.31837701797485,3.39082002639771,61737002,1.52939772605896
"2008-07-02",3.42353701591492,3.50532793998718,3.36511397361755,3.44690489768982,82499330,1.55469453334808
"2008-07-03",3.40717792510986,3.51934909820557,3.40717792510986,3.51233792304993,76572389,1.58420753479004
"2008-07-04",3.52402305603027,3.52402305603027,3.39549398422241,3.41886305809021,50953599,1.54204630851746
"2008-07-07",3.43755793571472,3.45859003067017,3.39082002639771,3.43054699897766,38369822,1.54731619358063
"2008-07-08",3.36511397361755,3.39315700531006,3.33473491668701,3.37913608551025,59871048,1.52412784099579
"2008-07-09",3.4141891002655,3.45859003067017,3.39549398422241,3.43288397789001,50309587,1.54837036132812
"2008-07-10",3.38381004333496,3.51233792304993,3.38381004333496,3.44690489768982,80116585,1.55469453334808
"2008-07-11",3.45391607284546,3.46793699264526,3.27163910865784,3.28098702430725,108393710,1.47985827922821
"2008-07-14",3.30902910232544,3.33707189559937,3.2552809715271,3.27397608757019,71581618,1.47669637203217
"2008-07-15",3.25294399261475,3.25294399261475,3.09403610229492,3.16414189338684,129033489,1.42715656757355
"2008-07-16",3.17349004745483,3.21555399894714,3.07066702842712,3.20386910438538,72148527,1.4450751543045
"2008-07-17",3.23424911499023,3.30435490608215,3.1945219039917,3.2319118976593,123595055,1.457723736763
"2008-07-18",3.21555399894714,3.29500794410706,3.20153188705444,3.24827003479004,116199125,1.46510231494904
"2008-07-21",3.2693018913269,3.2693018913269,3.18984794616699,3.24126005172729,86650727,1.46194016933441
"2008-07-22",3.21088004112244,3.23658609390259,3.15012097358704,3.18984794616699,84455301,1.43875122070312
"2008-07-23",3.24827003479004,3.39315700531006,3.24359607696533,3.36277794837952,177162491,1.51674973964691
"2008-07-24",3.41185188293457,3.50532793998718,3.39783096313477,3.47728490829468,141827399,1.56839680671692
"2008-07-25",3.42120003700256,3.47728490829468,3.40016794204712,3.44690489768982,94958593,1.55469453334808
"2008-07-28",3.43989491462708,3.44690489768982,3.38848304748535,3.42821002006531,50824315,1.54626226425171
"2008-07-29",3.33239793777466,3.38848304748535,3.30201888084412,3.36511397361755,69722122,1.51780331134796
"2008-07-30",3.42120003700256,3.42120003700256,3.3534300327301,3.38147306442261,60814655,1.525181889534
"2008-07-31",3.386146068573,3.44924211502075,3.36511397361755,3.386146068573,53771403,1.52728950977325
"2008-08-01",3.36044096946716,3.44456911087036,3.344083070755,3.40484189987183,49902746,1.53572225570679
"2008-08-04",3.39315700531006,3.41886305809021,3.36044096946716,3.3767991065979,42136067,1.52307367324829
"2008-08-05",3.39783096313477,3.60347700119019,3.39783096313477,3.58010792732239,100136215,1.61477422714233
"2008-08-06",3.61749792098999,3.65722489356995,3.53804397583008,3.59880304336548,73910453,1.62320673465729
"2008-08-07",3.58010792732239,3.65021395683289,3.57543396949768,3.60114002227783,58833514,1.62426054477692
"2008-08-08",3.58244490623474,3.61282396316528,3.52869606018066,3.58945488929749,61937232,1.61898994445801
"2008-08-11",3.61282396316528,3.7109739780426,3.59646606445312,3.68059396743774,60414935,1.66009771823883
"2008-08-12",3.67592000961304,3.71331000328064,3.62684607505798,3.6455409526825,66316252,1.64428734779358
"2008-08-13",3.62217211723328,3.62918305397034,3.50299096107483,3.51467490196228,72691424,1.58526122570038
"2008-08-14",3.52402305603027,3.53804397583008,3.46092700958252,3.51467490196228,34478383,1.58526122570038
"2008-08-18",3.48896908760071,3.52869606018066,3.43989491462708,3.49831700325012,38577114,1.57788336277008
"2008-08-19",3.43989491462708,3.44690489768982,3.36978793144226,3.38381004333496,59472764,1.52623617649078
"2008-08-20",3.39082002639771,3.40484189987183,3.2786500453949,3.32071399688721,59746387,1.49777710437775
"2008-08-21",3.29500794410706,3.30902910232544,3.18283700942993,3.19685888290405,81061638,1.44191312789917
"2008-08-22",3.20620608329773,3.2552809715271,3.15012097358704,3.24126005172729,60701932,1.46194016933441
"2008-08-25",3.23424911499023,3.23892307281494,3.17115306854248,3.19218492507935,42512414,1.43980538845062
"2008-08-26",3.17582702636719,3.23424911499023,3.13376307487488,3.2178909778595,57152879,1.45139968395233
"2008-08-27",3.22022795677185,3.23658609390259,3.18517398834229,3.20153188705444,52391084,1.44402134418488
"2008-08-28",3.19685888290405,3.44223189353943,3.19685888290405,3.40250492095947,132193371,1.53466808795929
"2008-08-29",3.44924211502075,3.49364304542542,3.42587304115295,3.43288397789001,112088081,1.54837036132812
"2008-09-01",3.41185188293457,3.50766396522522,3.39783096313477,3.47494792938232,57750975,1.56734299659729
"2008-09-02",3.49130606651306,3.7109739780426,3.47261095046997,3.63151907920837,171258804,1.63796281814575
"2008-09-03",3.61516094207764,3.6876049041748,3.58711910247803,3.65956211090088,91066176,1.65061140060425
"2008-09-04",3.67124605178833,3.68994188308716,3.51000094413757,3.52402305603027,86548457,1.58947765827179
"2008-09-05",3.49130606651306,3.54739189147949,3.45625305175781,3.48896908760071,96533412,1.57366704940796
"2008-09-08",3.6455409526825,3.71798396110535,3.61749792098999,3.62217211723328,116507390,1.63374698162079
"2008-09-09",3.62684607505798,3.7670590877533,3.60114002227783,3.70162606239319,114887798,1.66958391666412
"2008-09-10",3.68526792526245,3.72499489784241,3.61749792098999,3.62684607505798,90416952,1.6358550786972
"2008-09-11",3.61282396316528,3.61516094207764,3.50766396522522,3.56842398643494,82160246,1.60950446128845
"2008-09-12",3.62684607505798,3.66189908981323,3.57076001167297,3.65255093574524,79302294,1.64744913578033
"2008-09-15",3.55206489562988,3.56608700752258,3.44456911087036,3.54505491256714,136843148,1.59896385669708
"2008-09-16",3.47494792938232,3.49598002433777,3.29500794410706,3.3767991065979,164967952,1.52307367324829
"2008-09-17",3.44690489768982,3.46560096740723,3.23424911499023,3.25060701370239,183117409,1.46615612506866
"2008-09-18",3.18751096725464,3.42587304115295,3.18751096725464,3.31370306015015,149136699,1.49461507797241
"2008-09-19",3.51000094413757,3.7670590877533,3.50532793998718,3.6829309463501,257272693,1.66115152835846
"2008-09-22",3.71331000328064,3.8184700012207,3.58945488929749,3.59880304336548,123562113,1.62320673465729
"2008-09-23",3.60815095901489,3.63619303703308,3.48663306236267,3.55673909187317,84306663,1.60423421859741
"2008-09-24",3.56608700752258,3.62918305397034,3.55206489562988,3.60815095901489,48574795,1.62742280960083
"2008-09-25",3.57777094841003,3.77406907081604,3.56842398643494,3.72966909408569,78490395,1.68223249912262
"2008-09-26",3.71564698219299,3.82781791687012,3.65488791465759,3.73901605606079,102243738,1.68644845485687
"2008-09-29",3.7063000202179,3.7063000202179,3.55907607078552,3.56842398643494,89444060,1.60950446128845
"2008-09-30",3.45625305175781,3.62217211723328,3.44223189353943,3.59412908554077,95248419,1.62109804153442
"2008-10-01",3.66657304763794,3.66657304763794,3.40016794204712,3.57543396949768,99623764,1.61266648769379
"2008-10-02",3.57543396949768,3.69695210456848,3.50532793998718,3.52402305603027,61741870,1.58947765827179
"2008-10-03",3.52869606018066,3.70396304130554,3.47728490829468,3.6455409526825,64715976,1.64428734779358
"2008-10-06",3.44924211502075,3.53804397583008,3.19919610023499,3.23424911499023,91443243,1.45877802371979
"2008-10-07",3.36044096946716,3.48663306236267,3.16647911071777,3.27631306648254,79889446,1.47775065898895
"2008-10-08",3.11273097991943,3.27163910865784,2.94447493553162,3.08468794822693,136555108,1.39131963253021
"2008-10-09",3.15012097358704,3.16881608963013,2.83931493759155,2.8510000705719,141565084,1.28591704368591
"2008-10-10",2.66404891014099,2.82295703887939,2.45840311050415,2.71078705787659,206977235,1.22267532348633
"2008-10-13",2.86969494819641,3.13843703269958,2.81828308105469,3.13843703269958,135887040,1.41556298732758
"2008-10-14",3.2646279335022,3.44690489768982,3.15946888923645,3.2319118976593,134093764,1.457723736763
"2008-10-15",3.19685888290405,3.19685888290405,3.03561401367188,3.05664610862732,107080022,1.37867152690887
"2008-10-16",2.87670493125916,2.91409611701965,2.65937495231628,2.67339611053467,163746514,1.20581042766571
"2008-10-17",2.8042619228363,2.8977370262146,2.62198495864868,2.8136100769043,132705053,1.26905286312103
"2008-10-20",2.93512797355652,2.94213795661926,2.76453495025635,2.86735796928406,65384733,1.29329514503479
"2008-10-21",2.87904191017151,2.90708494186401,2.78089308738708,2.90708494186401,47921994,1.31121349334717
"2008-10-22",2.82062005996704,2.88371610641479,2.79491400718689,2.8136100769043,47214775,1.26905286312103
"2008-10-23",2.8136100769043,2.84866309165955,2.70143890380859,2.75986099243164,63371768,1.24480938911438
"2008-10-24",2.56122589111328,2.58459496498108,2.37894892692566,2.46307706832886,127372202,1.1109482049942
"2008-10-27",2.29715800285339,2.30884194374084,2.18265008926392,2.21303009986877,110401494,0.998166680335999
"2008-10-28",2.29949498176575,2.31819009780884,2.005047082901,2.02841591835022,133956966,0.914898276329041
"2008-10-29",2.16862893104553,2.38362288475037,2.13123893737793,2.38362288475037,126596987,1.07511079311371
"2008-10-30",2.4607400894165,2.65937495231628,2.35791707038879,2.60796403884888,148735235,1.17629790306091
"2008-10-31",2.56590008735657,2.67106008529663,2.40231800079346,2.65703797340393,107786954,1.19843220710754
"2008-11-03",2.70845007896423,2.73415493965149,2.60796403884888,2.72013401985168,47672975,1.226891040802
"2008-11-04",2.74350309371948,3.02626609802246,2.72013401985168,2.97251796722412,111573473,1.34072649478912
"2008-11-05",2.99121308326721,3.00990796089172,2.8510000705719,2.8977370262146,87673866,1.30699741840363
"2008-11-06",2.8042619228363,2.97251796722412,2.75752401351929,2.83230495452881,62142821,1.27748489379883
"2008-11-07",2.81828308105469,2.84632611274719,2.68274402618408,2.83230495452881,74782460,1.27748489379883
"2008-11-10",2.93045401573181,2.96784400939941,2.75752401351929,2.8276309967041,62842713,1.27537655830383
"2008-11-11",2.77855610847473,2.77855610847473,2.35090589523315,2.35090589523315,179401548,1.06035435199738
"2008-11-12",2.43970799446106,2.43970799446106,2.16161799430847,2.18966102600098,204562858,0.987626373767853
"2008-11-13",2.19199800491333,2.35324311256409,2.17797708511353,2.23406195640564,118428102,1.007652759552
"2008-11-14",2.334547996521,2.334547996521,2.24808311462402,2.25509405136108,89582157,1.01713907718658
"2008-11-17",2.22471404075623,2.26210498809814,2.02607893943787,2.07048010826111,105496622,0.933870792388916
"2008-11-18",2.07048010826111,2.12189102172852,1.9209189414978,2.12189102172852,117122782,0.95705908536911
"2008-11-19",2.10085892677307,2.12189102172852,1.99102604389191,2.00037288665771,86640354,0.90224951505661
"2008-11-20",1.9209189414978,2.07048010826111,1.8835289478302,2.01906800270081,98994987,0.910681784152985
"2008-11-21",2.03776407241821,2.09151196479797,1.9255930185318,1.99803698062897,76397445,0.90119606256485
"2008-11-24",2.04711103439331,2.23406195640564,1.99570000171661,2.23406195640564,102954367,1.007652759552
"2008-11-25",2.18732404708862,2.29715800285339,2.14292311668396,2.19667196273804,85279329,0.990788519382477
"2008-11-26",2.16862893104553,2.29715800285339,2.11721801757812,2.23873591423035,64058722,1.00976097583771
"2008-11-27",2.32286405563354,2.32987403869629,2.27145195007324,2.27145195007324,41849974,1.02451729774475
"2008-11-28",2.27145195007324,2.28313708305359,2.15928196907043,2.20601892471313,74620881,0.995004296302795
"2008-12-01",2.16629195213318,2.16629195213318,2.01205801963806,2.01673197746277,94369291,0.90962815284729
"2008-12-02",1.97700500488281,2.13123893737793,1.9629830121994,2.10553288459778,69186399,0.949680984020233
"2008-12-03",2.09384894371033,2.15928196907043,2.02374196052551,2.14993405342102,58894015,0.969707608222961
"2008-12-04",2.16862893104553,2.25275707244873,2.05645895004272,2.08683800697327,92579043,0.941248595714569
"2008-12-05",2.07515406608582,2.13591289520264,1.96765697002411,2.005047082901,71699455,0.904357671737671
"2008-12-08",2.19199800491333,2.20835590362549,2.06814289093018,2.20835590362549,0,0.996058285236359
"2008-12-09",2.27145195007324,2.27145195007324,2.14058709144592,2.25275707244873,97808971,1.01608502864838
"2008-12-10",2.25275707244873,2.29482102394104,2.20601892471313,2.29482102394104,56053174,1.03505778312683
"2008-12-11",2.2784628868103,2.28080010414124,2.18966102600098,2.19433498382568,76782985,0.989734292030334
"2008-12-12",2.08683800697327,2.12656497955322,1.97700500488281,2.09151196479797,124894442,0.943356990814209
"2008-12-15",2.11254405975342,2.14526009559631,2.03309011459351,2.03542709350586,60417079,0.918060541152954
"2008-12-16",2.06580591201782,2.13123893737793,2.04010009765625,2.13123893737793,66470804,0.961275517940521
"2008-12-17",2.18265008926392,2.20368194580078,2.11254405975342,2.15460801124573,66557234,0.971815884113312
"2008-12-18",2.17564010620117,2.28080010414124,2.11488103866577,2.28080010414124,69668622,1.02873349189758
"2008-12-19",2.21536707878113,2.3999810218811,2.21536707878113,2.3999810218811,97995209,1.08248913288116
"2008-12-22",2.39297008514404,2.39297008514404,2.32753705978394,2.33688497543335,53710384,1.05403017997742
"2008-12-23",2.32286405563354,2.40699100494385,2.31351590156555,2.33688497543335,31150754,1.05403017997742
"2008-12-29",2.3485689163208,2.39297008514404,2.3111789226532,2.34623193740845,21447154,1.05824601650238
"2008-12-30",2.35791707038879,2.38362288475037,2.29949498176575,2.3719379901886,28198712,1.06984055042267
"2009-01-02",2.3953070640564,2.4093279838562,2.34623193740845,2.37427496910095,37523055,1.07089471817017
"2009-01-05",2.40231800079346,2.4233500957489,2.37427496910095,2.40465497970581,39444236,1.08459687232971
"2009-01-06",2.41633892059326,2.57291007041931,2.39063310623169,2.53318309783936,64942965,1.14256858825684
"2009-01-07",2.51448798179626,2.57057309150696,2.50747799873352,2.55187797546387,49836971,1.1510009765625
"2009-01-08",2.50981402397156,2.60329008102417,2.50046706199646,2.57992100715637,50440347,1.16364920139313
"2009-01-09",2.58459496498108,2.60796403884888,2.45372891426086,2.45840311050415,76629179,1.10883975028992
"2009-01-12",2.44905495643616,2.52383589744568,2.43970799446106,2.47943496704102,30624424,1.11832618713379
"2009-01-13",2.45606589317322,2.46307706832886,2.35558009147644,2.37894892692566,89283920,1.07300281524658
"2009-01-14",2.41166496276855,2.41166496276855,2.22705101966858,2.37894892692566,80958450,1.07300281524658
"2009-01-15",2.29949498176575,2.3485689163208,2.22471404075623,2.25976800918579,77643179,1.01924753189087
"2009-01-16",2.3485689163208,2.36492800712585,2.28547310829163,2.31351590156555,66643659,1.04348993301392
"2009-01-19",2.33221101760864,2.38128590583801,2.10085892677307,2.22471404075623,96481519,1.00343668460846
"2009-01-20",2.23406195640564,2.25275707244873,2.08450102806091,2.13123893737793,76444430,0.961275517940521
"2009-01-21",2.13123893737793,2.13123893737793,1.97233104705811,2.01906800270081,159526515,0.910681784152985
"2009-01-22",2.07749104499817,2.11955499649048,1.96765697002411,2.02374196052551,82652622,0.912790060043335
"2009-01-23",2.00037288665771,2.05645895004272,1.93260395526886,2.05645895004272,56139374,0.927546799182892
"2009-01-26",2.02607893943787,2.19900894165039,2.01906800270081,2.16629195213318,90246605,0.977085709571838
"2009-01-27",2.16629195213318,2.20368194580078,2.13123893737793,2.19667196273804,60264338,0.990788519382477
"2009-01-28",2.24340891838074,2.41633892059326,2.23873591423035,2.35090589523315,127730171,1.06035435199738
"2009-01-29",2.32286405563354,2.37894892692566,2.26677799224854,2.31819009780884,68015301,1.04559791088104
"2009-01-30",2.28313708305359,2.35090589523315,2.25275707244873,2.3111789226532,66544118,1.04243576526642
"2009-02-02",2.26677799224854,2.26911497116089,2.17096590995789,2.23639893531799,63977751,1.00870680809021
"2009-02-03",2.25743103027344,2.25743103027344,2.13123893737793,2.17797708511353,63830388,0.982356250286102
"2009-02-04",2.19667196273804,2.24340891838074,2.15227103233337,2.18732404708862,62666740,0.986571907997131
"2009-02-05",2.12189102172852,2.17564010620117,2.10319590568542,2.16395497322083,68311387,0.976031601428986
"2009-02-06",2.19667196273804,2.26210498809814,2.18265008926392,2.25275707244873,65503800,1.01608502864838
"2009-02-09",2.21536707878113,2.334547996521,2.20835590362549,2.30650496482849,59261066,1.04032754898071
"2009-02-10",2.28080010414124,2.35090589523315,2.24340891838074,2.26677799224854,59601803,1.02240908145905
"2009-02-11",2.22237801551819,2.26210498809814,2.20835590362549,2.22938799858093,48135422,1.00554466247559
"2009-02-12",2.20134592056274,2.22004103660583,2.12189102172852,2.14759707450867,75067287,0.968653738498688
"2009-02-13",2.18966102600098,2.2410728931427,2.13123893737793,2.19667196273804,60134536,0.990788519382477
"2009-02-16",2.15460801124573,2.16862893104553,2.11488103866577,2.12189102172852,30030649,0.95705908536911
"2009-02-17",2.11955499649048,2.11955499649048,1.94896197319031,1.96064603328705,94263902,0.884331166744232
"2009-02-18",1.97934103012085,2.02374196052551,1.8741819858551,1.99570000171661,77109875,0.900141894817352
"2009-02-19",1.99570000171661,2.00037288665771,1.91858196258545,1.96531999111176,48887161,0.886439383029938
"2009-02-20",1.89521396160126,1.90456104278564,1.66386198997498,1.66386198997498,157047529,0.750469267368317
"2009-02-23",1.72929501533508,1.808748960495,1.63581895828247,1.63955795764923,103395783,0.739507436752319
"2009-02-24",1.60029900074005,1.78070604801178,1.59095096588135,1.74425101280212,73845001,0.786728203296661
"2009-02-25",1.80407500267029,1.84146499633789,1.72088205814362,1.75172901153564,71212152,0.790100991725922
"2009-02-26",1.80314004421234,1.8695080280304,1.78724896907806,1.86015999317169,68845180,0.839007914066315
"2009-02-27",1.8068790435791,1.84800803661346,1.76761996746063,1.80968403816223,54163953,0.816241264343262
"2009-03-02",1.73396801948547,1.74331605434418,1.66479694843292,1.66479694843292,49950386,0.750891089439392
"2009-03-03",1.66760098934174,1.67788302898407,1.57038605213165,1.58253800868988,72527881,0.713789045810699
"2009-03-04",1.61712396144867,1.65357995033264,1.54234397411346,1.61712396144867,62226242,0.72938859462738
"2009-03-05",1.59375500679016,1.59562504291534,1.46569395065308,1.46569395065308,66101328,0.661087572574615
"2009-03-06",1.45821595191956,1.46756398677826,1.2170490026474,1.35726296901703,144796933,0.612180829048157
"2009-03-09",1.36474096775055,1.36474096775055,1.25350499153137,1.30865502357483,75272116,0.590256571769714
"2009-03-10",1.33669805526733,1.52364897727966,1.32267701625824,1.51430094242096,110614788,0.6830113530159
"2009-03-11",1.51430094242096,1.69657802581787,1.47878098487854,1.59095096588135,113419807,0.71758359670639
"2009-03-12",1.54701805114746,1.63768899440765,1.50682294368744,1.58908200263977,84240938,0.716740548610687
"2009-03-13",1.64236295223236,1.68255698680878,1.54795205593109,1.58908200263977,60659752,0.716740548610687
"2009-03-16",1.67507898807526,1.73303401470184,1.62927603721619,1.67881798744202,75796066,0.75721538066864
"2009-03-17",1.68629598617554,1.68629598617554,1.59562504291534,1.66386198997498,82449545,0.750469267368317
"2009-03-18",1.72275102138519,1.79472696781158,1.70592594146729,1.78538000583649,102184207,0.805278956890106
"2009-03-19",1.83211803436279,1.96765697002411,1.70312201976776,1.71994698047638,178499372,0.775766134262085
"2009-03-20",1.69844794273376,1.80407500267029,1.60310304164886,1.74985897541046,207323322,0.789257526397705
"2009-03-23",1.79472696781158,1.9255930185318,1.79005396366119,1.91390895843506,135273875,0.863250732421875
"2009-03-24",1.97934103012085,2.00972104072571,1.82276999950409,1.9162460565567,108252527,0.864304840564728
"2009-03-25",1.8695080280304,1.9629830121994,1.8461389541626,1.9442880153656,81597621,0.87695300579071
"2009-03-26",1.9349410533905,2.05645895004272,1.9255930185318,2.05645895004272,66729119,0.927546799182892
"2009-03-27",2.06580591201782,2.09384894371033,1.97233104705811,2.03776407241821,51060494,0.919114291667938
"2009-03-30",1.95830905437469,1.97466802597046,1.82464003562927,1.84146499633789,68483340,0.830575466156006
"2009-03-31",1.8274439573288,1.93727695941925,1.82464003562927,1.93727695941925,72698695,0.873790800571442
"2009-04-01",1.89754998683929,1.95129895210266,1.84146499633789,1.91858196258545,82310883,0.865358650684357
"2009-04-02",1.99102604389191,2.00738406181335,1.9162460565567,1.99102604389191,110088105,0.898033738136292
"2009-04-03",1.95597302913666,2.05178499221802,1.9255930185318,2.02374196052551,89494094,0.912790060043335
"2009-04-06",2.01906800270081,2.07048010826111,1.89521396160126,1.97700500488281,82934300,0.891709625720978
"2009-04-07",1.9816780090332,1.98401498794556,1.8554869890213,1.89754998683929,75204389,0.85587215423584
"2009-04-08",1.84146499633789,1.96531999111176,1.82650899887085,1.95129895210266,61835513,0.880115330219269
"2009-04-09",1.99102604389191,2.08683800697327,1.95597302913666,2.08450102806091,79116816,0.940194725990295
"2009-04-14",2.10319590568542,2.21303009986877,2.07515406608582,2.17797708511353,94331869,0.982356250286102
"2009-04-15",2.12189102172852,2.17564010620117,2.08216404914856,2.14058709144592,67605172,0.965491890907288
"2009-04-16",2.16862893104553,2.22004103660583,2.12189102172852,2.16395497322083,80428488,0.976031601428986
"2009-04-17",2.19667196273804,2.25743103027344,2.14759707450867,2.20601892471313,81477980,0.995004296302795
"2009-04-20",2.18265008926392,2.22705101966858,2.04944801330566,2.09384894371033,78655598,0.944410920143127
"2009-04-21",2.08450102806091,2.12189102172852,1.97700500488281,2.08216404914856,76229225,0.939140677452087
"2009-04-22",2.07048010826111,2.14993405342102,2.04477405548096,2.13357591629028,66963126,0.96232944726944
"2009-04-23",2.10553288459778,2.16395497322083,2.08450102806091,2.13357591629028,52375003,0.96232944726944
"2009-04-24",2.11721801757812,2.15694499015808,2.08683800697327,2.15460801124573,58996948,0.971815884113312
"2009-04-27",2.10553288459778,2.17797708511353,2.09384894371033,2.17330288887024,49177640,0.980247974395752
"2009-04-28",2.11955499649048,2.14292311668396,2.06580591201782,2.09852290153503,66584513,0.946519255638123
"2009-04-29",2.16629195213318,2.16629195213318,2.08917498588562,2.14993405342102,63493760,0.969707608222961
"2009-04-30",2.17330288887024,2.28313708305359,2.16862893104553,2.2784628868103,99885759,1.02767944335938
"2009-05-04",2.28547310829163,2.32987403869629,2.27145195007324,2.31351590156555,51105414,1.04348993301392
"2009-05-05",2.334547996521,2.35791707038879,2.25275707244873,2.28547310829163,65746213,1.03084135055542
"2009-05-06",2.26444101333618,2.39764404296875,2.26444101333618,2.36492800712585,90446851,1.0666788816452
"2009-05-07",2.3953070640564,2.44204497337341,2.27145195007324,2.31351590156555,94242500,1.04348993301392
"2009-05-08",2.34389591217041,2.40699100494385,2.32286405563354,2.39297008514404,76595279,1.07932698726654
"2009-05-11",2.42568707466125,2.432697057724,2.29949498176575,2.38362288475037,70345464,1.07511079311371
"2009-05-12",2.3392219543457,2.38829588890076,2.32753705978394,2.38362288475037,50368001,1.07511079311371
"2009-05-13",2.38362288475037,2.38829588890076,2.15227103233337,2.18732404708862,90148531,0.986571907997131
"2009-05-14",2.15227103233337,2.24340891838074,2.08216404914856,2.15928196907043,85055654,0.973924160003662
"2009-05-15",2.20601892471313,2.31819009780884,2.18966102600098,2.31819009780884,101797497,1.04559791088104
"2009-05-18",2.2784628868103,2.4233500957489,2.24574589729309,2.42101311683655,72416472,1.09197533130646
"2009-05-19",2.43970799446106,2.45840311050415,2.37427496910095,2.44438195228577,69241865,1.10251581668854
"2009-05-20",2.43036007881165,2.50280404090881,2.43036007881165,2.49111890792847,58218673,1.12359583377838
"2009-05-21",2.45372891426086,2.47242403030396,2.39063310623169,2.4093279838562,44724777,1.08670508861542
"2009-05-22",2.39063310623169,2.4700870513916,2.39063310623169,2.43036007881165,42302243,1.09619104862213
"2009-05-25",2.4233500957489,2.44905495643616,2.35090589523315,2.41633892059326,22092248,1.08986735343933
"2009-05-26",2.4233500957489,2.43036007881165,2.33221101760864,2.42802309989929,57198286,1.0951372385025
"2009-05-27",2.43036007881165,2.44671893119812,2.3859589099884,2.4093279838562,47263640,1.08670508861542
"2009-05-28",2.37427496910095,2.41166496276855,2.34155893325806,2.36492800712585,56003457,1.0666788816452
"2009-05-29",2.39297008514404,2.39764404296875,2.33221101760864,2.34389591217041,41487687,1.05719244480133
"2009-06-01",2.38362288475037,2.4700870513916,2.38362288475037,2.45606589317322,58680895,1.10778558254242
"2009-06-02",2.41633892059326,2.42802309989929,2.38829588890076,2.41166496276855,47535584,1.08775889873505
"2009-06-03",2.40699100494385,2.40699100494385,2.3392219543457,2.3485689163208,58572414,1.05930018424988
"2009-06-04",2.35558009147644,2.36492800712585,2.30416893959045,2.32753705978394,52977872,1.0498138666153
"2009-06-05",2.34623193740845,2.37427496910095,2.30416893959045,2.3111789226532,53946319,1.04243576526642
"2009-06-08",2.29014706611633,2.3111789226532,2.20601892471313,2.24340891838074,60251572,1.01186871528625
"2009-06-09",2.25042009353638,2.29014706611633,2.24808311462402,2.27612590789795,43659552,1.02662551403046
"2009-06-10",2.31351590156555,2.34155893325806,2.29014706611633,2.33688497543335,52974360,1.05403017997742
"2009-06-11",2.34155893325806,2.36726403236389,2.31585311889648,2.35558009147644,47373244,1.06246221065521
"2009-06-12",2.33221101760864,2.34155893325806,2.3111789226532,2.31819009780884,32740454,1.04559791088104
"2009-06-15",2.3018319606781,2.30416893959045,2.2410728931427,2.2410728931427,50040982,1.01081502437592
"2009-06-16",2.22237801551819,2.23639893531799,2.16395497322083,2.18498706817627,48811016,0.985518038272858
"2009-06-17",2.16629195213318,2.17564010620117,2.11721801757812,2.15694499015808,67179575,0.972869873046875
"2009-06-18",2.15928196907043,2.18498706817627,2.10319590568542,2.18498706817627,53009433,0.985518038272858
"2009-06-19",2.19667196273804,2.22004103660583,2.09384894371033,2.13123893737793,136182134,0.961275517940521
"2009-06-22",2.13123893737793,2.15227103233337,2.10319590568542,2.13123893737793,55575331,0.961275517940521
"2009-06-23",2.08450102806091,2.13591289520264,2.06814289093018,2.08917498588562,66871331,0.942302703857422
"2009-06-24",2.11955499649048,2.15460801124573,2.08216404914856,2.15460801124573,44756483,0.971815884113312
"2009-06-25",2.13591289520264,2.14993405342102,2.08917498588562,2.13591289520264,45537977,0.963383495807648
"2009-06-26",2.14526009559631,2.18498706817627,2.11488103866577,2.12422800064087,39086397,0.958113372325897
"2009-06-29",2.11488103866577,2.16862893104553,2.09852290153503,2.16395497322083,33227163,0.976031601428986
"2009-06-30",2.15460801124573,2.17096590995789,2.12189102172852,2.14526009559631,46547148,0.967599511146545
"2009-07-01",2.14993405342102,2.22004103660583,2.14292311668396,2.21536707878113,55295682,0.999220669269562
"2009-07-02",2.20601892471313,2.20601892471313,2.10787010192871,2.10787010192871,55010693,0.950735092163086
"2009-07-03",2.11955499649048,2.13123893737793,2.07749104499817,2.13123893737793,33534913,0.961275517940521
"2009-07-06",2.08683800697327,2.10085892677307,2.05178499221802,2.07515406608582,51774186,0.935979068279266
"2009-07-07",2.09384894371033,2.14526009559631,2.07048010826111,2.07515406608582,49734022,0.935979068279266
"2009-07-08",2.05412197113037,2.06346893310547,1.98868894577026,1.99803698062897,56044381,0.90119606256485
"2009-07-09",2.02140498161316,2.07515406608582,2.00972104072571,2.05178499221802,42372569,0.925438582897186
"2009-07-10",2.0424370765686,2.08216404914856,2.02140498161316,2.02841591835022,42278343,0.914898276329041
"2009-07-13",1.99803698062897,2.06113195419312,1.96531999111176,2.04944801330566,60945808,0.924384415149689
"2009-07-14",2.06346893310547,2.15460801124573,2.04711103439331,2.14058709144592,68703319,0.965491890907288
"2009-07-15",2.15227103233337,2.21536707878113,2.15227103233337,2.20368194580078,53731398,0.993950366973877
"2009-07-16",2.19199800491333,2.24340891838074,2.16395497322083,2.22705101966858,56918045,1.00449073314667
"2009-07-17",2.21536707878113,2.22237801551819,2.17330288887024,2.22004103660583,75723829,1.00132858753204
"2009-07-20",2.22938799858093,2.25275707244873,2.21069288253784,2.22938799858093,42483595,1.00554466247559
"2009-07-21",2.23639893531799,2.31819009780884,2.22938799858093,2.29014706611633,64885249,1.03294932842255
"2009-07-22",2.29949498176575,2.30650496482849,2.25509405136108,2.29482102394104,35540073,1.03505778312683
"2009-07-23",2.30884194374084,2.34389591217041,2.25976800918579,2.34389591217041,56666670,1.05719244480133
"2009-07-24",2.34389591217041,2.3859589099884,2.32286405563354,2.35090589523315,57664237,1.06035435199738
"2009-07-27",2.3625910282135,2.36726403236389,2.30650496482849,2.33221101760864,46981192,1.05192220211029
"2009-07-28",2.33221101760864,2.34623193740845,2.29949498176575,2.30884194374084,47712467,1.04138147830963
"2009-07-29",2.29949498176575,2.35558009147644,2.29949498176575,2.32753705978394,46145012,1.0498138666153
"2009-07-30",2.35090589523315,2.45840311050415,2.32987403869629,2.44671893119812,78166528,1.10356962680817
"2009-07-31",2.44438195228577,2.46541404724121,2.4233500957489,2.44204497337341,52757144,1.10146152973175
"2009-08-03",2.44905495643616,2.50280404090881,2.42568707466125,2.45606589317322,61498475,1.10778558254242
"2009-08-04",2.46775007247925,2.48878192901611,2.43503403663635,2.45840311050415,61559152,1.10883975028992
"2009-08-05",2.44905495643616,2.48644590377808,2.4233500957489,2.44905495643616,76721973,1.10462331771851
"2009-08-06",2.44905495643616,2.54720497131348,2.44438195228577,2.53552007675171,75300154,1.14362251758575
"2009-08-07",2.52617311477661,2.66404891014099,2.46541404724121,2.65002799034119,100166356,1.19527018070221
"2009-08-10",2.64535403251648,2.7388288974762,2.61964797973633,2.7294819355011,81722130,1.23110747337341
"2009-08-11",2.7294819355011,2.78323006629944,2.66638588905334,2.68274402618408,98689106,1.21002662181854
"2009-08-12",2.66171193122864,2.69442796707153,2.59160494804382,2.69209098815918,78039499,1.21424245834351
"2009-08-13",2.71078705787659,2.76920890808105,2.70143890380859,2.73181891441345,72085814,1.23216164112091
"2009-08-14",2.74350309371948,2.75752401351929,2.65937495231628,2.68040704727173,45308504,1.20897257328033
"2009-08-17",2.64068007469177,2.68040704727173,2.56122589111328,2.57057309150696,71446413,1.15943312644958
"2009-08-18",2.59394192695618,2.60796403884888,2.51215100288391,2.57758402824402,73062186,1.16259527206421
"2009-08-19",2.54253101348877,2.56823706626892,2.50514101982117,2.51448798179626,70523717,1.13413643836975
"2009-08-20",2.55187797546387,2.56122589111328,2.52617311477661,2.53785705566406,54098633,1.14467692375183
"2009-08-21",2.54019403457642,2.59160494804382,2.51916193962097,2.58459496498108,90666357,1.16575765609741
"2009-08-24",2.59861588478088,2.68040704727173,2.59394192695618,2.65470099449158,63236297,1.19737827777863
"2009-08-25",2.62432193756104,2.72480797767639,2.61263704299927,2.71312308311462,89110294,1.22372853755951
"2009-08-26",2.71312308311462,2.81127309799194,2.71312308311462,2.77855610847473,110828883,1.25324177742004
"2009-08-27",2.77855610847473,2.85567307472229,2.75051403045654,2.78790402412415,98964348,1.25745797157288
"2009-08-28",2.8276309967041,2.93512797355652,2.81594610214233,2.85567307472229,162720987,1.28802478313446
"2009-08-31",2.81828308105469,2.83464097976685,2.78790402412415,2.82529401779175,56941335,1.27432262897491
"2009-09-01",2.85801005363464,2.86735796928406,2.71779704093933,2.71779704093933,127997734,1.22583699226379
"2009-09-02",2.69676494598389,2.69676494598389,2.61030006408691,2.65937495231628,106886433,1.19948625564575
"2009-09-03",2.66872310638428,2.71312308311462,2.63133192062378,2.67339611053467,76411160,1.20581042766571
"2009-09-04",2.69442796707153,2.76219797134399,2.69442796707153,2.74817705154419,68521100,1.23953986167908
"2009-09-07",2.78790402412415,2.8136100769043,2.77154588699341,2.80192494392395,42545315,1.26378202438354
"2009-09-08",2.80192494392395,2.8042619228363,2.72013401985168,2.75051403045654,85703687,1.240593791008
"2009-09-09",2.7294819355011,2.77855610847473,2.72013401985168,2.7762188911438,67071553,1.25218784809113
"2009-09-10",2.80192494392395,2.8136100769043,2.73181891441345,2.7762188911438,75327694,1.25218784809113
"2009-09-11",2.82295703887939,2.87904191017151,2.81127309799194,2.82996797561646,114829249,1.27643084526062
"2009-09-14",2.8042619228363,2.80893611907959,2.75752401351929,2.80192494392395,52487411,1.26378202438354
"2009-09-15",2.81127309799194,2.82062005996704,2.77855610847473,2.8136100769043,50209841,1.26905286312103
"2009-09-16",2.83230495452881,2.87904191017151,2.8276309967041,2.86969494819641,61489903,1.29434883594513
"2009-09-17",2.89306402206421,2.90241098403931,2.84398889541626,2.86969494819641,62648705,1.29434883594513
"2009-09-18",2.86969494819641,2.9211061000824,2.84165191650391,2.87904191017151,127298277,1.29856503009796
"2009-09-21",2.88605308532715,2.90474796295166,2.80893611907959,2.8276309967041,61191077,1.27537655830383
"2009-09-22",2.8369779586792,2.87203192710876,2.80893611907959,2.83230495452881,59425768,1.27748489379883
"2009-09-23",2.84398889541626,2.91643190383911,2.8369779586792,2.90474796295166,66616505,1.31015944480896
"2009-09-24",2.86735796928406,2.86735796928406,2.8042619228363,2.8042619228363,118618422,1.26483619213104
"2009-09-25",2.79257798194885,2.8042619228363,2.74116611480713,2.75986099243164,82077793,1.24480938911438
"2009-09-28",2.74350309371948,2.8276309967041,2.70143890380859,2.8276309967041,70762811,1.27537655830383
"2009-09-29",2.8369779586792,2.85333704948425,2.80659890174866,2.8276309967041,52826118,1.27537655830383
"2009-09-30",2.84632611274719,2.88371610641479,2.77154588699341,2.82529401779175,107334385,1.27432262897491
"2009-10-01",2.80893611907959,2.84866309165955,2.75051403045654,2.7668719291687,66053260,1.24797177314758
"2009-10-02",2.74116611480713,2.7528510093689,2.68040704727173,2.70845007896423,84788850,1.22162139415741
"2009-10-05",2.70143890380859,2.70845007896423,2.66638588905334,2.68975496292114,67402001,1.21318888664246
"2009-10-06",2.71078705787659,2.8276309967041,2.71078705787659,2.8276309967041,104591866,1.27537655830383
"2009-10-07",2.82062005996704,2.8510000705719,2.78323006629944,2.82062005996704,91451635,1.27221417427063
"2009-10-08",2.85567307472229,2.86969494819641,2.83931493759155,2.85333704948425,75417636,1.28697097301483
"2009-10-09",2.85567307472229,2.89072704315186,2.8510000705719,2.88605308532715,72998690,1.30172729492188
"2009-10-12",2.90708494186401,2.94447493553162,2.89306402206421,2.93746399879456,65896633,1.324915766716
"2009-10-13",2.93512797355652,2.94447493553162,2.87436890602112,2.8883900642395,83086452,1.30278170108795
"2009-10-14",2.92344307899475,2.95616006851196,2.91643190383911,2.95616006851196,79537785,1.33334827423096
"2009-10-15",2.98653888702393,3.00056004524231,2.93512797355652,2.94447493553162,79129337,1.32807791233063
"2009-10-16",2.96083307266235,2.96317005157471,2.87904191017151,2.90007400512695,77023299,1.30805158615112
"2009-10-19",2.94914889335632,2.98653888702393,2.94213795661926,2.98420190811157,75480243,1.34599649906158
"2009-10-20",2.99121308326721,3.00289702415466,2.94681191444397,2.95849609375,68177145,1.3344019651413
"2009-10-21",2.97018098831177,2.99588704109192,2.88605308532715,2.99121308326721,95451325,1.34915864467621
"2009-10-22",2.93512797355652,2.94914889335632,2.87904191017151,2.89540100097656,85965432,1.30594348907471
"2009-10-23",2.93512797355652,2.94447493553162,2.8136100769043,2.84632611274719,88618640,1.2838089466095
"2009-10-26",2.8650209903717,2.86969494819641,2.74116611480713,2.75752401351929,94281102,1.24375545978546
"2009-10-27",2.74116611480713,2.75752401351929,2.66872310638428,2.72714495658875,110031544,1.23005330562592
"2009-10-28",2.70377588272095,2.7294819355011,2.65937495231628,2.69442796707153,79386719,1.21529650688171
"2009-10-29",2.68975496292114,2.77855610847473,2.66638588905334,2.7528510093689,77809601,1.2416478395462
"2009-10-30",2.79257798194885,2.7995879650116,2.67573308944702,2.68741798400879,93611734,1.21213495731354
"2009-11-02",2.69676494598389,2.73181891441345,2.65236401557922,2.69209098815918,73453187,1.21424245834351
"2009-11-03",2.66404891014099,2.67106008529663,2.59861588478088,2.62432193756104,78980660,1.1836758852005
"2009-11-04",2.65236401557922,2.66404891014099,2.61964797973633,2.63133192062378,65527876,1.18683755397797
"2009-11-05",2.60095310211182,2.68741798400879,2.56122589111328,2.67573308944702,80285607,1.20686435699463
"2009-11-06",2.67807006835938,2.70845007896423,2.62899589538574,2.67106008529663,72461277,1.20475673675537
"2009-11-09",2.69209098815918,2.73181891441345,2.68741798400879,2.71078705787659,65249347,1.22267532348633
"2009-11-10",2.74584007263184,2.78790402412415,2.73181891441345,2.7528510093689,97953985,1.2416478395462
"2009-11-11",2.79257798194885,2.8650209903717,2.78089308738708,2.83464097976685,118100202,1.2785382270813
"2009-11-12",2.83230495452881,2.87203192710876,2.7995879650116,2.84398889541626,73237949,1.282754778862
"2009-11-13",2.82062005996704,2.86969494819641,2.80893611907959,2.86268401145935,62063732,1.29118704795837
"2009-11-16",2.88605308532715,2.94681191444397,2.88605308532715,2.93279099464417,70760634,1.32280826568604
"2009-11-17",2.91643190383911,2.93746399879456,2.88137888908386,2.88137888908386,57381507,1.29961907863617
"2009-11-18",2.90474796295166,2.90708494186401,2.87436890602112,2.88137888908386,61189205,1.29961907863617
"2009-11-19",2.86969494819641,2.87904191017151,2.78556704521179,2.78790402412415,78578068,1.25745797157288
"2009-11-20",2.78323006629944,2.7995879650116,2.73181891441345,2.73415493965149,80695516,1.23321521282196
"2009-11-23",2.77154588699341,2.78790402412415,2.7528510093689,2.77388191223145,47579734,1.25113344192505
"2009-11-24",2.74817705154419,2.81127309799194,2.73649191856384,2.78790402412415,58090045,1.25745797157288
"2009-11-25",2.8042619228363,2.82062005996704,2.76219797134399,2.79257798194885,50811150,1.25956618785858
"2009-11-26",2.7762188911438,2.77855610847473,2.66638588905334,2.67807006835938,69914367,1.20791840553284
"2009-11-27",2.60329008102417,2.73181891441345,2.58926892280579,2.71546006202698,102417623,1.22478318214417
"2009-11-30",2.7294819355011,2.7388288974762,2.67573308944702,2.69676494598389,67724863,1.21635043621063
"2009-12-01",2.70845007896423,2.75986099243164,2.70845007896423,2.75986099243164,51850894,1.24480938911438
"2009-12-02",2.74817705154419,2.78089308738708,2.73415493965149,2.75986099243164,51144570,1.24480938911438
"2009-12-03",2.78790402412415,2.8369779586792,2.7762188911438,2.7995879650116,65192854,1.26272809505463
"2009-12-04",2.78556704521179,2.89306402206421,2.7668719291687,2.87904191017151,97858973,1.29856503009796
"2009-12-07",2.86969494819641,2.87904191017151,2.84398889541626,2.84398889541626,37669575,1.282754778862
"2009-12-08",2.85567307472229,2.88605308532715,2.7902410030365,2.82062005996704,67039842,1.27221417427063
"2009-12-09",2.8136100769043,2.83230495452881,2.76453495025635,2.8042619228363,75233484,1.26483619213104
"2009-12-10",2.79491400718689,2.8369779586792,2.78556704521179,2.81127309799194,57644713,1.26799857616425
"2009-12-11",2.81828308105469,2.85333704948425,2.8136100769043,2.81594610214233,59613604,1.27010631561279
"2009-12-14",2.8510000705719,2.860347032547,2.83931493759155,2.84632611274719,45403424,1.2838089466095
"2009-12-15",2.860347032547,2.86969494819641,2.82062005996704,2.84866309165955,49750877,1.28486287593842
"2009-12-16",2.85567307472229,2.89306402206421,2.8510000705719,2.89306402206421,49461702,1.3048894405365
"2009-12-17",2.86969494819641,2.88371610641479,2.83464097976685,2.84398889541626,60394570,1.282754778862
"2009-12-18",2.83230495452881,2.86268401145935,2.7995879650116,2.81127309799194,103878861,1.26799857616425
"2009-12-21",2.8276309967041,2.8510000705719,2.80192494392395,2.84398889541626,39969823,1.282754778862
"2009-12-22",2.85801005363464,2.90241098403931,2.8510000705719,2.88371610641479,49526990,1.30067312717438
"2009-12-23",2.90474796295166,2.93512797355652,2.89072704315186,2.91409611701965,36128235,1.31437599658966
"2009-12-28",2.93746399879456,2.96317005157471,2.93746399879456,2.96317005157471,31847778,1.33651030063629
"2009-12-29",2.97018098831177,2.98887610435486,2.96550703048706,2.98653888702393,33290310,1.34705054759979
"2009-12-30",2.97952795028687,2.99355006217957,2.93980097770691,2.94447493553162,35299694,1.32807791233063
"2010-01-04",2.94213795661926,2.96550703048706,2.91175889968872,2.95849609375,56266333,1.3344019651413
"2010-01-05",2.96317005157471,2.97018098831177,2.92811703681946,2.93746399879456,48336764,1.324915766716
"2010-01-06",2.95148611068726,2.98420190811157,2.93980097770691,2.97485494613647,41122752,1.34178066253662
"2010-01-07",2.96550703048706,2.96550703048706,2.92344307899475,2.93279099464417,67227361,1.32280826568604
"2010-01-08",2.95148611068726,2.97719097137451,2.92811703681946,2.97251796722412,67902692,1.34072649478912
"2010-01-11",2.98887610435486,2.99822306632996,2.95849609375,2.95849609375,42366758,1.3344019651413
"2010-01-12",2.97719097137451,2.98186492919922,2.9257800579071,2.94447493553162,44994625,1.32807791233063
"2010-01-13",2.93746399879456,2.97719097137451,2.92811703681946,2.97251796722412,45876930,1.34072649478912
"2010-01-14",2.99822306632996,2.99822306632996,2.97018098831177,2.99355006217957,48025624,1.350212931633
"2010-01-15",3.00523400306702,3.01691889762878,2.91409611701965,2.91409611701965,82622755,1.31437599658966
"2010-01-18",2.93279099464417,2.93746399879456,2.88605308532715,2.8977370262146,37994503,1.30699741840363
"2010-01-19",2.8883900642395,2.93512797355652,2.84866309165955,2.93045401573181,58863820,1.32175397872925
"2010-01-20",2.92344307899475,2.93980097770691,2.83230495452881,2.83230495452881,84528543,1.27748489379883
"2010-01-21",2.85567307472229,2.88371610641479,2.7902410030365,2.7902410030365,88944158,1.25851225852966
"2010-01-22",2.75986099243164,2.77388191223145,2.66404891014099,2.70611310005188,115315171,1.22056710720062
"2010-01-25",2.67106008529663,2.73649191856384,2.63600611686707,2.69209098815918,72196190,1.21424245834351
"2010-01-26",2.65470099449158,2.70377588272095,2.63133192062378,2.70143890380859,61563307,1.21845889091492
"2010-01-27",2.65937495231628,2.67106008529663,2.59861588478088,2.62198495864868,88564814,1.18262159824371
"2010-01-28",2.66404891014099,2.68040704727173,2.55888891220093,2.55888891220093,91563313,1.15416300296783
"2010-01-29",2.55888891220093,2.63133192062378,2.54486799240112,2.59627890586853,80285015,1.17102718353271
"2010-02-01",2.56590008735657,2.64769101142883,2.56356310844421,2.63600611686707,60484044,1.18894612789154
"2010-02-02",2.63133192062378,2.68040704727173,2.60095310211182,2.67573308944702,61132029,1.20686435699463
"2010-02-03",2.68508100509644,2.69442796707153,2.62665891647339,2.63133192062378,53987148,1.18683755397797
"2010-02-04",2.62665891647339,2.64769101142883,2.48644590377808,2.49111890792847,95853412,1.12359583377838
"2010-02-05",2.47476100921631,2.48177194595337,2.38829588890076,2.39063310623169,159386352,1.07827281951904
"2010-02-08",2.4093279838562,2.47943496704102,2.35090589523315,2.47242403030396,115394430,1.11516392230988
"2010-02-09",2.45840311050415,2.50280404090881,2.41166496276855,2.41867589950562,78104752,1.09092128276825
"2010-02-10",2.46541404724121,2.53318309783936,2.4607400894165,2.52617311477661,93976286,1.13940668106079
"2010-02-11",2.54954099655151,2.56823706626892,2.4233500957489,2.45139193534851,98140082,1.10567736625671
"2010-02-12",2.49345588684082,2.50514101982117,2.41400194168091,2.4607400894165,69504750,1.10989391803741
"2010-02-15",2.48410892486572,2.49579310417175,2.432697057724,2.44905495643616,32657798,1.10462331771851
"2010-02-16",2.47709798812866,2.49111890792847,2.38128590583801,2.42101311683655,120107061,1.09197533130646
"2010-02-17",2.46307706832886,2.54253101348877,2.45139193534851,2.52383589744568,78261997,1.13835263252258
"2010-02-18",2.52149891853333,2.52851009368896,2.47709798812866,2.50046706199646,63820054,1.12781262397766
"2010-02-19",2.46307706832886,2.52851009368896,2.45139193534851,2.52617311477661,65364535,1.13940668106079
"2010-02-22",2.54720497131348,2.55187797546387,2.50747799873352,2.52149891853333,41022603,1.13729858398438
"2010-02-23",2.530846118927,2.55421495437622,2.432697057724,2.45372891426086,73945734,1.1067316532135
"2010-02-24",2.46775007247925,2.4700870513916,2.38362288475037,2.43970799446106,76094556,1.10040736198425
"2010-02-25",2.4233500957489,2.49813008308411,2.40231800079346,2.41867589950562,83432555,1.09092128276825
"2010-02-26",2.44204497337341,2.45606589317322,2.37894892692566,2.41400194168091,69802581,1.08881306648254
"2010-03-01",2.44671893119812,2.46307706832886,2.41166496276855,2.44905495643616,51794675,1.10462331771851
"2010-03-02",2.44438195228577,2.47242403030396,2.42568707466125,2.44671893119812,54781706,1.10356962680817
"2010-03-03",2.43036007881165,2.50280404090881,2.4093279838562,2.48878192901611,81495117,1.12254202365875
"2010-03-04",2.46775007247925,2.56590008735657,2.45372891426086,2.53785705566406,81495747,1.14467692375183
"2010-03-05",2.56590008735657,2.65703797340393,2.54720497131348,2.65236401557922,106454565,1.19632411003113
"2010-03-08",2.67339611053467,2.68274402618408,2.64769101142883,2.66171193122864,44551850,1.20054054260254
"2010-03-09",2.66171193122864,2.66171193122864,2.59394192695618,2.63600611686707,55565440,1.18894612789154
"2010-03-10",2.63366889953613,2.66404891014099,2.61964797973633,2.66171193122864,52812597,1.20054054260254
"2010-03-11",2.63600611686707,2.65470099449158,2.61030006408691,2.62432193756104,54518805,1.1836758852005
"2010-03-12",2.63366889953613,2.68508100509644,2.63133192062378,2.66171193122864,53900236,1.20054054260254
"2010-03-15",2.66171193122864,2.66638588905334,2.63133192062378,2.63600611686707,40176826,1.18894612789154
"2010-03-16",2.63834309577942,2.68508100509644,2.63600611686707,2.67339611053467,43974448,1.20581042766571
"2010-03-17",2.70845007896423,2.7388288974762,2.69209098815918,2.72247099876404,71433740,1.2279452085495
"2010-03-18",2.72247099876404,2.74584007263184,2.70611310005188,2.71779704093933,66496586,1.22583699226379
"2010-03-19",2.73415493965149,2.79257798194885,2.63133192062378,2.65236401557922,193324259,1.19632411003113
"2010-03-22",2.63600611686707,2.64535403251648,2.54253101348877,2.61964797973633,107154766,1.18156790733337
"2010-03-23",2.61964797973633,2.63133192062378,2.57291007041931,2.59861588478088,95551146,1.1720814704895
"2010-03-24",2.61263704299927,2.61263704299927,2.56122589111328,2.60095310211182,68588239,1.17313551902771
"2010-03-25",2.59861588478088,2.64068007469177,2.58926892280579,2.63366889953613,57513579,1.18789184093475
"2010-03-26",2.63366889953613,2.64301705360413,2.60796403884888,2.63366889953613,48653788,1.18789184093475
"2010-03-29",2.64535403251648,2.67339611053467,2.62198495864868,2.64068007469177,54040071,1.19105422496796
"2010-03-30",2.66171193122864,2.66404891014099,2.60095310211182,2.60562705993652,43749432,1.17524373531342
"2010-03-31",2.60329008102417,2.62665891647339,2.55187797546387,2.57758402824402,61403902,1.16259527206421
"2010-04-01",2.59160494804382,2.63133192062378,2.58225798606873,2.63133192062378,43524144,1.18683755397797
"2010-04-06",2.65236401557922,2.65236401557922,2.61263704299927,2.63133192062378,40275516,1.18683755397797
"2010-04-07",2.62198495864868,2.62665891647339,2.58459496498108,2.58459496498108,60629988,1.16575765609741
"2010-04-08",2.57524704933167,2.58225798606873,2.51682496070862,2.52617311477661,75504434,1.13940668106079
"2010-04-09",2.55421495437622,2.56356310844421,2.530846118927,2.56356310844421,51407775,1.15627133846283
"2010-04-12",2.57992100715637,2.61263704299927,2.57524704933167,2.61030006408691,59011682,1.17735147476196
"2010-04-13",2.59394192695618,2.62198495864868,2.58459496498108,2.61731100082397,49201217,1.18051373958588
"2010-04-14",2.63600611686707,2.71078705787659,2.63366889953613,2.71078705787659,106398079,1.22267532348633
"2010-04-15",2.7294819355011,2.73415493965149,2.67339611053467,2.69676494598389,72880108,1.21635043621063
"2010-04-16",2.68975496292114,2.70611310005188,2.60796403884888,2.61497402191162,106315470,1.17945981025696
"2010-04-19",2.58926892280579,2.62198495864868,2.54720497131348,2.58459496498108,82975211,1.16575765609741
"2010-04-20",2.60796403884888,2.62899589538574,2.57291007041931,2.62899589538574,76588813,1.18578386306763
"2010-04-21",2.64301705360413,2.64301705360413,2.57992100715637,2.58225798606873,63674718,1.16470348834991
"2010-04-22",2.59627890586853,2.61731100082397,2.51916193962097,2.53785705566406,89099987,1.14467692375183
"2010-04-23",2.53785705566406,2.54954099655151,2.48878192901611,2.52149891853333,77053112,1.13729858398438
"2010-04-26",2.54720497131348,2.56356310844421,2.50747799873352,2.51916193962097,49361947,1.13624441623688
"2010-04-27",2.50747799873352,2.51448798179626,2.37661194801331,2.37661194801331,115690906,1.07194852828979
"2010-04-28",2.35090589523315,2.39764404296875,2.28547310829163,2.34155893325806,158809072,1.05613827705383
"2010-04-29",2.35324311256409,2.36025404930115,2.3018319606781,2.32753705978394,141404934,1.0498138666153
"2010-04-30",2.33688497543335,2.39764404296875,2.3018319606781,2.334547996521,158012729,1.05297601222992
"2010-05-03",2.32520008087158,2.3485689163208,2.30416893959045,2.334547996521,63994141,1.05297601222992
"2010-05-04",2.32286405563354,2.34155893325806,2.14993405342102,2.16629195213318,167628386,0.977085709571838
"2010-05-05",2.17797708511353,2.18732404708862,2.06113195419312,2.11721801757812,204857104,0.954951465129852
"2010-05-06",2.08450102806091,2.15694499015808,1.81435704231262,1.9536360502243,293875771,0.881169199943542
"2010-05-07",1.902223944664,2.04711103439331,1.82370495796204,1.87651801109314,308727335,0.846385836601257
"2010-05-10",2.10319590568542,2.24808311462402,2.07515406608582,2.24574589729309,391341719,1.01292264461517
"2010-05-11",2.20368194580078,2.21303009986877,2.11020708084106,2.18966102600098,290340442,0.987626373767853
"2010-05-12",2.17564010620117,2.25976800918579,2.14058709144592,2.22471404075623,229868354,1.00343668460846
"2010-05-13",2.26210498809814,2.26210498809814,2.10553288459778,2.14759707450867,256282453,0.968653738498688
"2010-05-14",2.14526009559631,2.14526009559631,1.9536360502243,2.03309011459351,473003932,0.917006313800812
"2010-05-17",2.005047082901,2.09384894371033,1.97700500488281,2.05645895004272,275382318,0.927546799182892
"2010-05-18",2.10085892677307,2.13123893737793,2.05879592895508,2.10787010192871,265622245,0.950735092163086
"2010-05-19",2.06113195419312,2.06580591201782,1.96765697002411,2.00738406181335,366390273,0.905411958694458
"2010-05-20",2.03542709350586,2.05879592895508,1.9209189414978,1.97934103012085,233047498,0.892763376235962
"2010-05-21",1.98868894577026,2.04477405548096,1.95597302913666,2.04477405548096,232771679,0.922276198863983
"2010-05-24",2.01439499855042,2.03309011459351,1.9442880153656,1.9629830121994,107234012,0.918993949890137
"2010-05-25",1.89988696575165,1.906898021698,1.81716203689575,1.89754998683929,291596487,0.888360619544983
"2010-05-26",1.94195103645325,1.95830905437469,1.90456104278564,1.90456104278564,291972486,0.891642868518829
"2010-05-27",1.92325603961945,2.0424370765686,1.9162460565567,2.03776407241821,273876117,0.954003393650055
"2010-05-28",2.05645895004272,2.06346893310547,1.99336302280426,2.00738406181335,343683581,0.939780950546265
"2010-05-31",1.99336302280426,2.04010009765625,1.98635196685791,2.03075289726257,100351839,0.950721323490143
"2010-06-01",2.01906800270081,2.01906800270081,1.902223944664,1.96531999111176,175167848,0.920088171958923
"2010-06-02",1.9536360502243,1.99570000171661,1.91157197952271,1.95129895210266,146932175,0.913524091243744
"2010-06-03",2.01205801963806,2.02841591835022,1.97934103012085,1.98401498794556,96101094,0.928840398788452
"2010-06-04",1.98635196685791,2.00037288665771,1.83866095542908,1.86296498775482,170476471,0.872169494628906
"2010-06-07",1.82931303977966,1.902223944664,1.79472696781158,1.8554869890213,143533422,0.868668496608734
"2010-06-08",1.8695080280304,1.8882030248642,1.77696704864502,1.83959603309631,173103911,0.861228883266449
"2010-06-09",1.86389899253845,1.8928769826889,1.84146499633789,1.89054000377655,150092690,0.885078907012939
"2010-06-10",1.88119196891785,1.98635196685791,1.86015999317169,1.97700500488281,161063241,0.925558507442474
"2010-06-11",1.99102604389191,2.0424370765686,1.97700500488281,2.03542709350586,128061021,0.952909588813782
"2010-06-14",2.06580591201782,2.10085892677307,2.05879592895508,2.09384894371033,113115214,0.98026031255722
"2010-06-15",2.06113195419312,2.16395497322083,2.04477405548096,2.15928196907043,120206848,1.01089382171631
"2010-06-16",2.17797708511353,2.19900894165039,2.10319590568542,2.15460801124573,131033494,1.00870549678802
"2010-06-17",2.15460801124573,2.18732404708862,2.13357591629028,2.15227103233337,115400070,1.00761151313782
"2010-06-18",2.16395497322083,2.2410728931427,2.15227103233337,2.23873591423035,174830258,1.04809105396271
"2010-06-21",2.29014706611633,2.32286405563354,2.21770405769348,2.23172497749329,101666936,1.04480850696564
"2010-06-22",2.20134592056274,2.20835590362549,2.13591289520264,2.17330288887024,149006194,1.01745760440826
"2010-06-23",2.13357591629028,2.21069288253784,2.12189102172852,2.16862893104553,113722850,1.01526963710785
"2010-06-24",2.18966102600098,2.18966102600098,2.09151196479797,2.10319590568542,113864334,0.984636425971985
"2010-06-25",2.11955499649048,2.19199800491333,2.08917498588562,2.17797708511353,146853406,1.01964592933655
"2010-06-28",2.18732404708862,2.19900894165039,2.11955499649048,2.16862893104553,130015400,1.01526963710785
"2010-06-29",2.11488103866577,2.12656497955322,2.00037288665771,2.00037288665771,189022588,0.936498463153839
"2010-06-30",2.01673197746277,2.08683800697327,1.9816780090332,2.0424370765686,169674627,0.956191301345825
"2010-07-01",2.00037288665771,2.04944801330566,1.97466802597046,1.99803698062897,129504887,0.935405015945435
"2010-07-02",2.02607893943787,2.03309011459351,1.98635196685791,2.005047082901,89399214,0.938686609268188
"2010-07-05",2.00972104072571,2.01439499855042,1.94896197319031,1.96531999111176,75168752,0.920088171958923
"2010-07-06",1.97700500488281,2.06113195419312,1.96765697002411,2.03542709350586,118562510,0.952909588813782
"2010-07-07",2.00738406181335,2.19667196273804,1.99570000171661,2.19433498382568,194029882,1.02730405330658
"2010-07-08",2.21536707878113,2.24340891838074,2.19433498382568,2.23639893531799,156984246,1.04699683189392
"2010-07-09",2.24574589729309,2.28080010414124,2.23873591423035,2.26677799224854,97387950,1.06121933460236
"2010-07-12",2.26677799224854,2.29715800285339,2.23873591423035,2.2737889289856,70459732,1.06450128555298
"2010-07-13",2.2784628868103,2.32753705978394,2.26444101333618,2.32286405563354,75044131,1.0874764919281
"2010-07-14",2.3392219543457,2.35090589523315,2.28080010414124,2.30650496482849,67537882,1.07981789112091
"2010-07-15",2.29014706611633,2.31819009780884,2.22705101966858,2.24574589729309,87278893,1.05137264728546
"2010-07-16",2.25275707244873,2.29248404502869,2.19900894165039,2.23639893531799,102173996,1.04699683189392
"2010-07-19",2.20368194580078,2.23639893531799,2.16161799430847,2.19900894165039,104923128,1.02949213981628
"2010-07-20",2.22004103660583,2.23172497749329,2.14526009559631,2.19667196273804,92706113,1.02839839458466
"2010-07-21",2.21770405769348,2.23406195640564,2.15227103233337,2.16629195213318,108565169,1.01417541503906
"2010-07-22",2.15694499015808,2.26911497116089,2.15227103233337,2.26911497116089,112736054,1.06231331825256
"2010-07-23",2.26911497116089,2.29248404502869,2.21069288253784,2.24574589729309,83883121,1.05137264728546
"2010-07-26",2.28781008720398,2.33688497543335,2.26911497116089,2.33688497543335,106390691,1.09404063224792
"2010-07-27",2.35090589523315,2.432697057724,2.3485689163208,2.43036007881165,163736082,1.13780188560486
"2010-07-28",2.44204497337341,2.4607400894165,2.38829588890076,2.3999810218811,114027506,1.12357985973358
"2010-07-29",2.41166496276855,2.43503403663635,2.38128590583801,2.3859589099884,79230121,1.1170152425766
"2010-07-30",2.38128590583801,2.3999810218811,2.33688497543335,2.37427496910095,85365097,1.11154532432556
"2010-08-02",2.38362288475037,2.46775007247925,2.37661194801331,2.4607400894165,67577973,1.15202486515045
"2010-08-03",2.45372891426086,2.47709798812866,2.43036007881165,2.46775007247925,72250901,1.15530669689178
"2010-08-04",2.45372891426086,2.46307706832886,2.36960101127625,2.432697057724,91532712,1.13889622688293
"2010-08-05",2.44204497337341,2.45606589317322,2.38362288475037,2.3999810218811,67620660,1.12357985973358
"2010-08-06",2.41633892059326,2.44438195228577,2.3392219543457,2.3485689163208,83635670,1.09951055049896
"2010-08-09",2.38829588890076,2.41166496276855,2.37894892692566,2.40231800079346,51023748,1.1246737241745
"2010-08-10",2.39063310623169,2.42568707466125,2.36726403236389,2.4093279838562,56284559,1.1279559135437
"2010-08-11",2.37661194801331,2.39063310623169,2.25743103027344,2.26444101333618,101308682,1.06012499332428
"2010-08-12",2.25743103027344,2.2784628868103,2.18966102600098,2.23639893531799,94060948,1.04699683189392
"2010-08-13",2.25509405136108,2.26444101333618,2.17797708511353,2.20835590362549,91534759,1.0338681936264
"2010-08-16",2.21303009986877,2.22471404075623,2.15928196907043,2.19433498382568,64253681,1.02730405330658
"2010-08-17",2.20368194580078,2.23406195640564,2.17797708511353,2.23172497749329,57296844,1.04480850696564
"2010-08-18",2.21770405769348,2.23873591423035,2.18966102600098,2.20601892471313,59244899,1.0327742099762
"2010-08-19",2.22471404075623,2.23172497749329,2.12656497955322,2.14058709144592,105405528,1.00214147567749
"2010-08-20",2.12890195846558,2.14526009559631,2.08917498588562,2.09151196479797,98199826,0.979166328907013
"2010-08-23",2.10553288459778,2.16629195213318,2.08917498588562,2.13357591629028,73796889,0.998858988285065
"2010-08-24",2.11254405975342,2.13123893737793,2.08917498588562,2.11955499649048,100291747,0.992295145988464
"2010-08-25",2.11020708084106,2.12656497955322,2.0424370765686,2.06814289093018,116750248,0.96822589635849
"2010-08-26",2.09384894371033,2.17564010620117,2.08216404914856,2.15227103233337,113696769,1.00761151313782
"2010-08-27",2.13123893737793,2.14526009559631,2.05879592895508,2.11020708084106,136089851,0.987918555736542
"2010-08-30",2.12422800064087,2.13357591629028,2.07281708717346,2.08683800697327,46869431,0.976977944374084
"2010-08-31",2.04477405548096,2.08450102806091,2.02140498161316,2.07048010826111,123691779,0.969319999217987
"2010-09-01",2.07982802391052,2.18031406402588,2.05412197113037,2.16629195213318,118896938,1.01417541503906
"2010-09-02",2.15928196907043,2.18732404708862,2.14759707450867,2.17330288887024,76586374,1.01745760440826
"2010-09-03",2.17797708511353,2.25743103027344,2.17564010620117,2.23639893531799,112380790,1.04699683189392
"2010-09-06",2.25275707244873,2.26210498809814,2.23406195640564,2.24574589729309,61735086,1.05137264728546
"2010-09-07",2.23406195640564,2.23406195640564,2.18031406402588,2.20134592056274,102533851,1.03058648109436
"2010-09-08",2.18031406402588,2.23406195640564,2.15694499015808,2.22237801551819,82883761,1.04043292999268
"2010-09-09",2.21069288253784,2.32286405563354,2.19900894165039,2.29248404502869,116792232,1.07325375080109
"2010-09-10",2.26444101333618,2.29482102394104,2.24340891838074,2.27612590789795,83714062,1.06559574604034
"2010-09-13",2.30650496482849,2.33688497543335,2.29014706611633,2.27612590789795,97414824,1.06559574604034
"2010-09-14",2.29248404502869,2.3111789226532,2.25275707244873,2.29248404502869,72334508,1.07325375080109
"2010-09-15",2.30416893959045,2.30884194374084,2.24574589729309,2.27612590789795,60656087,1.06559574604034
"2010-09-16",2.27145195007324,2.28781008720398,2.23639893531799,2.25275707244873,67086443,1.05465507507324
"2010-09-17",2.29014706611633,2.32286405563354,2.20835590362549,2.24574589729309,178257436,1.05137264728546
"2010-09-20",2.24808311462402,2.28781008720398,2.22471404075623,2.27145195007324,82098761,1.06340742111206
"2010-09-21",2.25275707244873,2.32753705978394,2.24808311462402,2.30650496482849,89165339,1.07981789112091
"2010-09-22",2.30884194374084,2.30884194374084,2.25275707244873,2.25976800918579,91694107,1.05793762207031
"2010-09-23",2.28080010414124,2.28781008720398,2.18265008926392,2.20835590362549,98846643,1.0338681936264
"2010-09-24",2.19667196273804,2.29014706611633,2.17797708511353,2.28080010414124,120237860,1.06778371334076
"2010-09-27",2.28547310829163,2.29014706611633,2.26210498809814,2.27612590789795,71471944,1.06559574604034
"2010-09-28",2.25743103027344,2.28080010414124,2.22471404075623,2.24808311462402,115006468,1.05246698856354
"2010-09-29",2.25976800918579,2.2737889289856,2.20368194580078,2.21303009986877,100471633,1.03605663776398
"2010-09-30",2.18966102600098,2.26444101333618,2.17564010620117,2.22705101966858,124272221,1.04262065887451
"2010-10-01",2.23639893531799,2.25275707244873,2.19433498382568,2.21536707878113,104893948,1.03715062141418
"2010-10-04",2.22004103660583,2.22237801551819,2.15694499015808,2.16395497322083,85392628,1.01308131217957
"2010-10-05",2.15694499015808,2.25042009353638,2.14292311668396,2.24340891838074,100721919,1.05027878284454
"2010-10-06",2.26210498809814,2.2784628868103,2.24808311462402,2.26911497116089,88778501,1.06231331825256
"2010-10-07",2.2737889289856,2.29248404502869,2.25042009353638,2.2784628868103,81496200,1.06668961048126
"2010-10-08",2.27145195007324,2.29482102394104,2.25976800918579,2.28080010414124,72525890,1.06778371334076
"2010-10-11",2.28547310829163,2.29248404502869,2.2737889289856,2.29014706611633,37230062,1.0721595287323
"2010-10-12",2.27612590789795,2.33221101760864,2.25509405136108,2.31819009780884,79468173,1.0852884054184
"2010-10-13",2.32753705978394,2.3859589099884,2.31819009780884,2.36960101127625,101494536,1.10935711860657
"2010-10-14",2.37661194801331,2.39297008514404,2.34155893325806,2.3485689163208,62345662,1.09951055049896
"2010-10-15",2.3625910282135,2.38829588890076,2.34623193740845,2.35791707038879,77498759,1.10388696193695
"2010-10-18",2.35324311256409,2.41633892059326,2.3485689163208,2.41400194168091,71945647,1.13014388084412
"2010-10-19",2.41633892059326,2.47709798812866,2.4093279838562,2.432697057724,98215958,1.13889622688293
"2010-10-20",2.41633892059326,2.49345588684082,2.41166496276855,2.47476100921631,99834544,1.15858888626099
"2010-10-21",2.47476100921631,2.52149891853333,2.46307706832886,2.50280404090881,98966759,1.1717175245285
"2010-10-22",2.49345588684082,2.50747799873352,2.47242403030396,2.48644590377808,59489970,1.16405928134918
"2010-10-25",2.50046706199646,2.50514101982117,2.40231800079346,2.42101311683655,95783717,1.13342618942261
"2010-10-26",2.39764404296875,2.43503403663635,2.3953070640564,2.42568707466125,74415413,1.1356143951416
"2010-10-27",2.4093279838562,2.46775007247925,2.39764404296875,2.42101311683655,86453127,1.13342618942261
"2010-10-28",2.43737101554871,2.44905495643616,2.3953070640564,2.41867589950562,93897305,1.13233208656311
"2010-10-29",2.3999810218811,2.40465497970581,2.3392219543457,2.3625910282135,103483604,1.10607528686523
"2010-11-01",2.3719379901886,2.37661194801331,2.30650496482849,2.32753705978394,79533482,1.08966422080994
"2010-11-02",2.31819009780884,2.3625910282135,2.3111789226532,2.35324311256409,64961307,1.10169899463654
"2010-11-03",2.36025404930115,2.3625910282135,2.28313708305359,2.29482102394104,80876564,1.07434797286987
"2010-11-04",2.33688497543335,2.36492800712585,2.32286405563354,2.32987403869629,88288707,1.09075820446014
"2010-11-05",2.3392219543457,2.35090589523315,2.24340891838074,2.25976800918579,124457064,1.05793762207031
"2010-11-08",2.26677799224854,2.31351590156555,2.24574589729309,2.30416893959045,77673631,1.07872426509857
"2010-11-09",2.32286405563354,2.35090589523315,2.28313708305359,2.32753705978394,123465036,1.08966422080994
"2010-11-10",2.30650496482849,2.32520008087158,2.18732404708862,2.20601892471313,188012918,1.0327742099762
"2010-11-11",2.22471404075623,2.22938799858093,2.13357591629028,2.17564010620117,145341030,1.01855206489563
"2010-11-12",2.13123893737793,2.22004103660583,2.08450102806091,2.18498706817627,155321352,1.02292788028717
"2010-11-15",2.16862893104553,2.22004103660583,2.14993405342102,2.21303009986877,105903187,1.03605663776398
"2010-11-16",2.19900894165039,2.22471404075623,2.17330288887024,2.18732404708862,101321126,1.02402174472809
"2010-11-17",2.17797708511353,2.21303009986877,2.16862893104553,2.18265008926392,72507066,1.02183365821838
"2010-11-18",2.20601892471313,2.21303009986877,2.18031406402588,2.19199800491333,89613055,1.02620995044708
"2010-11-19",2.20368194580078,2.20368194580078,2.11020708084106,2.15227103233337,111388395,1.00761151313782
"2010-11-22",2.18966102600098,2.19199800491333,2.07048010826111,2.09384894371033,131119797,0.98026031255722
"2010-11-23",2.07281708717346,2.08216404914856,2.01205801963806,2.02140498161316,138645054,0.946344971656799
"2010-11-24",2.02140498161316,2.04010009765625,1.96765697002411,2.02607893943787,128105358,0.948532938957214
"2010-11-25",2.01673197746277,2.03542709350586,1.97934103012085,2.00271010398865,88359677,0.937592625617981
"2010-11-26",1.9816780090332,1.99102604389191,1.9442880153656,1.99102604389191,133099319,0.932122647762299
"2010-11-29",2.01673197746277,2.03075289726257,1.906898021698,1.90923500061035,169161796,0.893831253051758
"2010-11-30",1.9162460565567,1.9255930185318,1.85081303119659,1.8741819858551,198706159,0.877420842647552
"2010-12-01",1.89054000377655,1.93961405754089,1.8835289478302,1.9255930185318,174232124,0.901489317417145
"2010-12-02",1.9442880153656,2.00037288665771,1.8695080280304,1.99803698062897,321392685,0.935405015945435
"2010-12-03",1.99803698062897,2.01205801963806,1.9629830121994,2.00271010398865,157609322,0.937592625617981
"2010-12-06",2.00972104072571,2.02607893943787,1.93727695941925,1.94662499427795,116840912,0.911335706710815
"2010-12-07",1.94896197319031,1.99803698062897,1.92792999744415,1.97466802597046,108287155,0.924464404582977
"2010-12-08",1.9536360502243,2.01906800270081,1.94896197319031,2.01439499855042,111443904,0.943062961101532
"2010-12-09",2.03776407241821,2.07982802391052,2.03075289726257,2.06113195419312,144506427,0.964943468570709
"2010-12-10",2.07281708717346,2.07281708717346,2.02374196052551,2.02841591835022,85595103,0.949627339839935
"2010-12-13",2.04711103439331,2.07515406608582,2.01439499855042,2.05178499221802,90308384,0.960567772388458
"2010-12-14",2.05879592895508,2.08216404914856,2.02140498161316,2.06580591201782,102133712,0.967131614685059
"2010-12-15",2.05645895004272,2.05645895004272,2.005047082901,2.00738406181335,125369226,0.939780950546265
"2010-12-16",2.005047082901,2.03075289726257,1.98401498794556,2.01205801963806,83436423,0.941968977451324
"2010-12-17",2.01205801963806,2.01439499855042,1.9349410533905,1.9442880153656,134206974,0.910241723060608
"2010-12-20",1.93961405754089,1.99803698062897,1.91157197952271,1.97700500488281,102780281,0.925558507442474
"2010-12-21",1.99102604389191,2.03075289726257,1.98635196685791,2.02374196052551,75866790,0.947439074516296
"2010-12-22",2.02607893943787,2.04711103439331,2.005047082901,2.005047082901,55949881,0.938686609268188
"2010-12-23",2.01673197746277,2.02140498161316,1.98635196685791,1.99803698062897,35478915,0.935405015945435
"2010-12-27",2.00271010398865,2.01205801963806,1.95830905437469,1.9629830121994,38587773,0.918993949890137
"2010-12-28",1.96765697002411,1.97700500488281,1.93961405754089,1.9442880153656,31648010,0.910241723060608
"2010-12-29",1.95129895210266,1.96531999111176,1.9349410533905,1.94195103645325,36941986,0.909147500991821
"2010-12-30",1.9442880153656,1.94896197319031,1.89054000377655,1.89754998683929,69906876,0.888360619544983
"2011-01-03",1.91390895843506,1.96765697002411,1.91390895843506,1.9209189414978,78710278,0.899301052093506
"2011-01-04",1.91858196258545,1.96765697002411,1.90456104278564,1.95830905437469,101848913,0.916805803775787
"2011-01-05",1.94896197319031,1.95597302913666,1.89521396160126,1.92325603961945,121059030,0.900395452976227
"2011-01-06",1.92792999744415,1.95597302913666,1.9162460565567,1.91858196258545,87136014,0.898207247257233
"2011-01-07",1.91858196258545,1.9209189414978,1.8741819858551,1.8741819858551,140469198,0.877420842647552
"2011-01-10",1.8695080280304,1.87184500694275,1.76761996746063,1.76761996746063,226631806,0.827532291412354
"2011-01-11",1.78631496429443,1.81342303752899,1.75920701026917,1.81155300140381,147681405,0.848100244998932
"2011-01-12",1.80968403816223,1.99803698062897,1.808748960495,1.99803698062897,391442866,0.935405015945435
"2011-01-13",2.00271010398865,2.06113195419312,1.9816780090332,2.04711103439331,207664937,0.958379566669464
"2011-01-14",2.03776407241821,2.10787010192871,2.02374196052551,2.09852290153503,157594925,0.982448697090149
"2011-01-17",2.09618592262268,2.14993405342102,2.05412197113037,2.08216404914856,149304968,0.974789977073669
"2011-01-18",2.08917498588562,2.14993405342102,2.08917498588562,2.13357591629028,141636804,0.998858988285065
"2011-01-19",2.14526009559631,2.17797708511353,2.10085892677307,2.14058709144592,190368941,1.00214147567749
"2011-01-20",2.12890195846558,2.24340891838074,2.12189102172852,2.21536707878113,242058339,1.03715062141418
"2011-01-21",2.23639893531799,2.33221101760864,2.22004103660583,2.24808311462402,262444363,1.05246698856354
"2011-01-24",2.25509405136108,2.28547310829163,2.21770405769348,2.25976800918579,138732091,1.05793762207031
"2011-01-25",2.26911497116089,2.28547310829163,2.16862893104553,2.21069288253784,214490689,1.03496217727661
"2011-01-26",2.22938799858093,2.23639893531799,2.16629195213318,2.18265008926392,134949373,1.02183365821838
"2011-01-27",2.17564010620117,2.30884194374084,2.13591289520264,2.29014706611633,241438112,1.0721595287323
"2011-01-28",2.29248404502869,2.35324311256409,2.23873591423035,2.25042009353638,211562535,1.05356121063232
"2011-01-31",2.23406195640564,2.30884194374084,2.18265008926392,2.27145195007324,179441251,1.06340742111206
"2011-02-01",2.29715800285339,2.32520008087158,2.23639893531799,2.32520008087158,140217111,1.08857035636902
"2011-02-02",2.33221101760864,2.40465497970581,2.32286405563354,2.3859589099884,184307728,1.1170152425766
"2011-02-03",2.3719379901886,2.42568707466125,2.29482102394104,2.31585311889648,223583321,1.08419454097748
"2011-02-04",2.33688497543335,2.36025404930115,2.32052707672119,2.34389591217041,125289361,1.09732294082642
"2011-02-07",2.35090589523315,2.39063310623169,2.34389591217041,2.35324311256409,113031173,1.10169899463654
"2011-02-08",2.3392219543457,2.3485689163208,2.29482102394104,2.32753705978394,152653664,1.08966422080994
"2011-02-09",2.31819009780884,2.32987403869629,2.28313708305359,2.30416893959045,128842090,1.07872426509857
"2011-02-10",2.28313708305359,2.29482102394104,2.22004103660583,2.27145195007324,173252740,1.06340742111206
"2011-02-11",2.24340891838074,2.30416893959045,2.22705101966858,2.29014706611633,136415743,1.0721595287323
"2011-02-14",2.29949498176575,2.30884194374084,2.25275707244873,2.26444101333618,116478137,1.06012499332428
"2011-02-15",2.24808311462402,2.334547996521,2.24574589729309,2.334547996521,147309953,1.09294641017914
"2011-02-16",2.32987403869629,2.42101311683655,2.32987403869629,2.42101311683655,159342331,1.13342618942261
"2011-02-17",2.42101311683655,2.4607400894165,2.3859589099884,2.41400194168091,151940784,1.13014388084412
"2011-02-18",2.41633892059326,2.43503403663635,2.34155893325806,2.36726403236389,141179374,1.10826301574707
"2011-02-21",2.36492800712585,2.37240600585938,2.24340891838074,2.24527907371521,153185210,1.05115437507629
"2011-02-22",2.20601892471313,2.25088810920715,2.181715965271,2.20788908004761,99709552,1.03364980220795
"2011-02-23",2.20601892471313,2.26023507118225,2.19854092597961,2.22658395767212,131791961,1.04240190982819
"2011-02-24",2.20788908004761,2.24901795387268,2.18919396400452,2.23219203948975,120205631,1.04502749443054
"2011-02-25",2.24901795387268,2.2938859462738,2.23593091964722,2.27892994880676,101848286,1.0669082403183
"2011-02-28",2.27145195007324,2.31631994247437,2.23406195640564,2.28453898429871,111648601,1.06953418254852
"2011-03-01",2.3032341003418,2.32566809654236,2.20414996147156,2.22284507751465,158155218,1.04065144062042
"2011-03-02",2.19480204582214,2.24901795387268,2.15928196907043,2.22471404075623,151080416,1.0415266752243
"2011-03-03",2.23406195640564,2.26584410667419,2.19667196273804,2.21723604202271,171301395,1.0380254983902
"2011-03-04",2.2564959526062,2.30136394500732,2.23406195640564,2.23780107498169,178802320,1.04765343666077
"2011-03-07",2.21536707878113,2.25836610794067,2.181715965271,2.20041108131409,145677629,1.03014874458313
"2011-03-08",2.21723604202271,2.23593091964722,2.19106292724609,2.23593091964722,122256539,1.04677760601044
"2011-03-09",2.24340891838074,2.26210498809814,2.22097492218018,2.24340891838074,116836210,1.05027878284454
"2011-03-10",2.2191059589386,2.23593091964722,2.19480204582214,2.20975804328918,96145972,1.03452455997467
"2011-03-11",2.18732404708862,2.21536707878113,2.16302108764648,2.17610692977905,127411605,1.01877045631409
"2011-03-14",2.17797708511353,2.26397395133972,2.17610692977905,2.21162796020508,184199141,1.03540003299713
"2011-03-15",2.14058709144592,2.19293308258057,2.08263206481934,2.114413022995,263378571,0.989887595176697
"2011-03-16",2.13123893737793,2.14058709144592,1.99102604389191,2.00037288665771,332044383,0.936498463153839
"2011-03-17",2.01532888412476,2.07515406608582,1.98915600776672,2.0583279132843,196685659,0.963630616664886
"2011-03-18",2.07889294624329,2.09197902679443,2.03963303565979,2.0583279132843,196541881,0.963630616664886
"2011-03-21",2.0957179069519,2.13123893737793,2.07702302932739,2.13123893737793,129713971,0.997765123844147
"2011-03-22",2.14058709144592,2.17797708511353,2.10693502426147,2.13123893737793,139647773,0.997765123844147
"2011-03-23",2.114413022995,2.12750005722046,2.09758806228638,2.12376093864441,109523490,0.994264245033264
"2011-03-24",2.10693502426147,2.1424560546875,2.1050660610199,2.13684797286987,122044464,1.00039100646973
"2011-03-25",2.14993405342102,2.15928196907043,2.12376093864441,2.13123893737793,76040802,0.997765123844147
"2011-03-28",2.12376093864441,2.14993405342102,2.11815190315247,2.14432597160339,64704252,1.00389194488525
"2011-03-29",2.12376093864441,2.12936902046204,2.0209379196167,2.04711103439331,234287357,0.958379566669464
"2011-03-30",2.06767606735229,2.07515406608582,2.02467703819275,2.04337191581726,152924811,0.9566290974617
"2011-03-31",2.04711103439331,2.0489809513092,1.91811501979828,1.95176601409912,314364658,0.913742482662201
"2011-04-01",1.9536360502243,1.97420001029968,1.87324702739716,1.97233104705811,408460273,0.92337030172348
"2011-04-04",1.93868005275726,1.99289500713348,1.89568102359772,1.99102604389191,228874538,0.932122647762299
"2011-04-05",1.9816780090332,2.00972104072571,1.9536360502243,1.99102604389191,159028991,0.932122647762299
"2011-04-06",2.02280807495117,2.12002205848694,1.99476504325867,2.09758806228638,352990668,0.982010900974274
"2011-04-07",2.09758806228638,2.17610692977905,2.09384894371033,2.13684797286987,254621190,1.00039100646973
"2011-04-08",2.16302108764648,2.17236804962158,2.09384894371033,2.11254405975342,171662749,0.989012956619263
"2011-04-11",2.11254405975342,2.14993405342102,2.11067390441895,2.12376093864441,94683803,0.994264245033264
"2011-04-12",2.11067390441895,2.1424560546875,2.09758806228638,2.10319590568542,118128456,0.984636425971985
"2011-04-13",2.114413022995,2.13123893737793,2.09384894371033,2.10319590568542,81525167,0.984636425971985
"2011-04-14",2.09384894371033,2.10132694244385,2.03776407241821,2.05458903312683,148933073,0.961880445480347
"2011-04-15",2.0583279132843,2.06206703186035,2.01159000396729,2.01906800270081,132602576,0.945250809192657
"2011-04-18",2.01532888412476,2.01719903945923,1.9162460565567,1.9349410533905,209810863,0.905865848064423
"2011-04-19",1.9442880153656,1.97046101093292,1.93120205402374,1.95550501346588,117001643,0.915493071079254
"2011-04-20",1.97233104705811,1.98541700839996,1.9442880153656,1.94802701473236,112275882,0.911992013454437
"2011-04-21",1.96111404895782,2.05084991455078,1.94615805149078,2.03028607368469,150182848,0.950502693653107
"2011-04-26",2.02467703819275,2.05458903312683,2.01159000396729,2.02654695510864,81811121,0.948752224445343
"2011-04-27",2.03028607368469,2.10693502426147,2.0209379196167,2.08076190948486,121447400,0.974133670330048
"2011-04-28",2.09945702552795,2.10880494117737,2.06954503059387,2.09384894371033,95111873,0.98026031255722
"2011-04-29",2.09197902679443,2.10880494117737,2.08076190948486,2.0957179069519,48042029,0.981135308742523
"2011-05-02",2.11067390441895,2.12002205848694,2.07328391075134,2.07702302932739,63531150,0.972383201122284
"2011-05-03",2.08823990821838,2.09384894371033,2.04711103439331,2.08263206481934,153964155,0.975009143352509
"2011-05-04",2.06393694877625,2.09758806228638,2.0209379196167,2.02467703819275,151081297,0.947876632213593
"2011-05-05",2.02654695510864,2.03215503692627,1.97793900966644,1.98915600776672,117869238,0.931247293949127
"2011-05-06",1.99289500713348,2.04150295257568,1.97420001029968,2.01159000396729,132217637,0.941749811172485
"2011-05-09",2.00224304199219,2.00411200523376,1.95924401283264,1.96672201156616,114934066,0.920744597911835
"2011-05-10",1.95924401283264,2.00972104072571,1.94241905212402,2.00224304199219,178297471,0.937373995780945
"2011-05-11",2.00972104072571,2.02654695510864,1.99102604389191,2.00224304199219,122530558,0.937373995780945
"2011-05-12",1.97793900966644,1.99663400650024,1.95737504959106,1.96672201156616,172882568,0.920744597911835
"2011-05-13",1.99102604389191,2.00037288665771,1.90876698493958,1.91998505592346,224984542,0.898863971233368
"2011-05-16",1.89942002296448,1.93681001663208,1.87885499000549,1.92933201789856,100084082,0.903239905834198
"2011-05-17",1.93120205402374,1.94802701473236,1.88259398937225,1.88259398937225,210620484,0.881358921527863
"2011-05-18",1.89942002296448,1.90128898620605,1.85174703598022,1.87511599063873,146842049,0.87785792350769
"2011-05-19",1.88633298873901,1.91437602043152,1.85174703598022,1.87885499000549,143344517,0.879608511924744
"2011-05-20",1.87511599063873,1.89568102359772,1.80781400203705,1.81155300140381,273262266,0.848100244998932
"2011-05-23",1.71700000762939,1.72899997234344,1.68700003623962,1.69400000572205,272109922,0.829707026481628
"2011-05-24",1.70000004768372,1.70299994945526,1.65400004386902,1.67599999904633,266060512,0.820890784263611
"2011-05-25",1.65799999237061,1.76800000667572,1.65400004386902,1.7610000371933,460818025,0.862523078918457
"2011-05-26",1.76999998092651,1.82400000095367,1.71700000762939,1.74899995326996,480275959,0.856645464897156
"2011-05-27",1.78100001811981,1.7849999666214,1.74600005149841,1.78100001811981,332518136,0.872319042682648
"2011-05-30",1.79999995231628,1.79999995231628,1.75300002098083,1.7610000371933,125300741,0.862523078918457
"2011-05-31",1.78199994564056,1.81900000572205,1.77999997138977,1.80299997329712,357125515,0.883094251155853
"2011-06-01",1.80400002002716,1.81700003147125,1.74300003051758,1.75199997425079,279037336,0.858115017414093
"2011-06-02",1.72000002861023,1.78199994564056,1.71700000762939,1.74800002574921,225455072,0.856155931949615
"2011-06-03",1.73000001907349,1.85000002384186,1.73000001907349,1.83399999141693,392889285,0.898277819156647
"2011-06-06",1.83299994468689,1.83299994468689,1.76400005817413,1.77900004386902,193330171,0.871339380741119
"2011-06-07",1.77300000190735,1.81900000572205,1.76900005340576,1.81299996376038,160591404,0.887992203235626
"2011-06-08",1.80499994754791,1.82000005245209,1.76999998092651,1.78900003433228,153187083,0.876237332820892
"2011-06-09",1.77999997138977,1.80299997329712,1.75300002098083,1.77999997138977,146721335,0.871829211711884
"2011-06-10",1.77100002765656,1.79799997806549,1.74399995803833,1.7610000371933,159547400,0.862523078918457
"2011-06-13",1.75899994373322,1.78199994564056,1.75399994850159,1.7610000371933,81172912,0.862523078918457
"2011-06-14",1.78600001335144,1.81200003623962,1.77199995517731,1.80499994754791,161101870,0.884074032306671
"2011-06-15",1.78600001335144,1.78999996185303,1.71599996089935,1.71599996089935,240710237,0.840482473373413
"2011-06-16",1.69500005245209,1.74100005626678,1.66100001335144,1.74000000953674,248855714,0.852237403392792
"2011-06-17",1.74000000953674,1.81900000572205,1.72000002861023,1.81900000572205,355488441,0.890931129455566
"2011-06-20",1.77100002765656,1.80799996852875,1.75300002098083,1.80400002002716,184771807,0.883584260940552
"2011-06-21",1.81500005722046,1.86000001430511,1.80400002002716,1.86000001430511,161407282,0.911012470722198
"2011-06-22",1.86699998378754,1.88399994373322,1.8400000333786,1.8639999628067,160659608,0.91297173500061
"2011-06-23",1.84899997711182,1.84899997711182,1.77900004386902,1.78299999237061,184276650,0.873298585414886
"2011-06-24",1.81500005722046,1.817999958992,1.65400004386902,1.70700001716614,252566555,0.836074471473694
"2011-06-27",1.692999958992,1.74800002574921,1.68599998950958,1.72699999809265,117113493,0.845870196819305
"2011-06-28",1.74199998378754,1.77499997615814,1.69200003147125,1.76199996471405,130435267,0.863012790679932
"2011-06-29",1.77300000190735,1.83700001239777,1.76800000667572,1.78600001335144,172530081,0.8747678399086
"2011-06-30",1.79700005054474,1.83599996566772,1.77300000190735,1.83599996566772,127359302,0.89925742149353
"2011-07-01",1.83599996566772,1.92200005054474,1.82299995422363,1.91299998760223,195784374,0.936971545219421
"2011-07-04",1.90900003910065,1.9099999666214,1.87199997901917,1.89999997615814,91901251,0.930604040622711
"2011-07-05",1.89100003242493,1.89900004863739,1.85000002384186,1.86199998855591,106288302,0.911991894245148
"2011-07-06",1.84500002861023,1.84899997711182,1.74600005149841,1.77900004386902,218440524,0.871339380741119
"2011-07-07",1.79499995708466,1.83500003814697,1.73300004005432,1.73300004005432,189090311,0.848809063434601
"2011-07-08",1.75100004673004,1.75399994850159,1.63199996948242,1.65400004386902,272233571,0.810115575790405
"2011-07-11",1.62999999523163,1.66999995708466,1.50100004673004,1.52600002288818,332529852,0.74742203950882
"2011-07-12",1.48699998855591,1.59300005435944,1.41400003433228,1.57700002193451,383155170,0.772401571273804
"2011-07-13",1.57000005245209,1.66199994087219,1.56099998950958,1.64199995994568,328063295,0.804237902164459
"2011-07-14",1.62100005149841,1.65900003910065,1.57799994945526,1.60699999332428,224317953,0.787095248699188
"2011-07-15",1.59700000286102,1.62699997425079,1.56500005722046,1.58299994468689,147166143,0.77534008026123
"2011-07-18",1.57299995422363,1.59800004959106,1.47200000286102,1.48000001907349,207434615,0.724891602993011
"2011-07-19",1.49000000953674,1.57500004768372,1.4889999628067,1.5440000295639,179605470,0.756238341331482
"2011-07-20",1.56500005722046,1.64699995517731,1.53699994087219,1.64600002765656,205332897,0.806197106838226
"2011-07-21",1.64800000190735,1.82400000095367,1.61699998378754,1.80299997329712,497461325,0.883094251155853
"2011-07-22",1.85000002384186,1.89699995517731,1.73699998855591,1.75199997425079,342273089,0.858115017414093
"2011-07-25",1.72300004959106,1.72399997711182,1.59399998188019,1.60599994659424,312848389,0.786605477333069
"2011-07-26",1.63300001621246,1.682000041008,1.59700000286102,1.65600001811981,260532792,0.81109493970871
"2011-07-27",1.61099994182587,1.62999999523163,1.54200005531311,1.57099997997284,237731933,0.769462823867798
"2011-07-28",1.53999996185303,1.62199997901917,1.51600003242493,1.62100005149841,308629082,0.793952345848083
"2011-07-29",1.5900000333786,1.63199996948242,1.55900001525879,1.61600005626678,217009905,0.791503429412842
"2011-08-01",1.68400001525879,1.68400001525879,1.48300004005432,1.4889999628067,296049672,0.729299604892731
"2011-08-02",1.46700000762939,1.48500001430511,1.41100001335144,1.41100001335144,327440719,0.691096067428589
"2011-08-03",1.36699998378754,1.44799995422363,1.34099996089935,1.37199997901917,377327748,0.671994090080261
"2011-08-04",1.41999995708466,1.42599999904633,1.23000001907349,1.23000001907349,281168729,0.602443695068359
"2011-08-05",1.19400000572205,1.35300004482269,1.13499999046326,1.23000001907349,571478323,0.602443695068359
"2011-08-08",1.3400000333786,1.41999995708466,1.27199995517731,1.29700005054474,470002265,0.635259866714478
"2011-08-09",1.29999995231628,1.39600002765656,1.27300000190735,1.31200003623962,425965504,0.642606616020203
"2011-08-10",1.37000000476837,1.375,1.13199996948242,1.13199996948242,372402023,0.554444134235382
"2011-08-11",1.1690000295639,1.23199999332428,1.06500005722046,1.20799994468689,397365365,0.591668307781219
"2011-08-12",1.21899998188019,1.25999999046326,1.16199994087219,1.24699997901917,274143280,0.610770106315613
"2011-08-16",1.25,1.29799997806549,1.23500001430511,1.29200005531311,131776809,0.632810890674591
"2011-08-17",1.26800000667572,1.34300005435944,1.2610000371933,1.317999958992,140877376,0.645545363426208
"2011-08-18",1.29200005531311,1.29999995231628,1.17499995231628,1.19599997997284,195489134,0.585790812969208
"2011-08-19",1.18400001525879,1.19400000572205,1.125,1.13199996948242,250410078,0.554444134235382
"2011-08-22",1.12100005149841,1.17999994754791,1.10099995136261,1.10199999809265,172726842,0.539750456809998
"2011-08-23",1.125,1.13499999046326,1.06500005722046,1.09500002861023,177919070,0.536321997642517
"2011-08-24",1.11000001430511,1.13499999046326,1.08000004291534,1.12000000476837,116867864,0.548566699028015
"2011-08-25",1.14199995994568,1.20700001716614,1.12999999523163,1.13800001144409,181626409,0.557382881641388
"2011-08-26",1.13800001144409,1.16100001335144,1.10000002384186,1.12300002574921,130525456,0.550036013126373
"2011-08-29",1.15299999713898,1.16999995708466,1.13499999046326,1.15699994564056,77513041,0.56668895483017
"2011-08-30",1.17400002479553,1.17499995231628,1.12600004673004,1.13399994373322,114070622,0.555423676967621
"2011-08-31",1.13800001144409,1.15299999713898,1.11099994182587,1.13399994373322,181182162,0.555423676967621
"2011-09-01",1.13999998569489,1.16799998283386,1.12999999523163,1.16199994087219,159247823,0.569137871265411
"2011-09-02",1.13800001144409,1.14900004863739,1.10500001907349,1.10599994659424,132797467,0.541709423065186
"2011-09-05",1.07400000095367,1.0789999961853,1.00699996948242,1.02900004386902,180306276,0.503995656967163
"2011-09-06",1.02499997615814,1.0440000295639,0.949999988079071,0.996999979019165,255735928,0.488322228193283
"2011-09-07",1.04100000858307,1.04700005054474,1.0110000371933,1.0349999666214,175451697,0.506934463977814
"2011-09-08",1.0440000295639,1.07700002193451,1.03400003910065,1.0440000295639,181068338,0.511342525482178
"2011-09-09",1.03199994564056,1.03999996185303,0.959500014781952,0.959500014781952,162413838,0.469955056905746
"2011-09-12",0.929499983787537,0.932500004768372,0.864000022411346,0.867999970912933,306542229,0.425139129161835
"2011-09-13",0.910000026226044,0.930499970912933,0.852999985218048,0.922999978065491,346579793,0.452077716588974
"2011-09-14",0.902999997138977,0.959999978542328,0.895500004291534,0.953999996185303,231404739,0.467261254787445
"2011-09-15",0.958999991416931,1.057000041008,0.953999996185303,1.05200004577637,226711967,0.515260815620422
"2011-09-16",1.08000004291534,1.08800005912781,1.00499999523163,1.02199995517731,307292911,0.500567078590393
"2011-09-19",0.980000019073486,1.02499997615814,0.964999973773956,0.980000019073486,148988216,0.479995846748352
"2011-09-20",0.954500019550323,1.02300000190735,0.954500019550323,0.996999979019165,163716738,0.488322228193283
"2011-09-21",1.00499999523163,1.01499998569489,0.96450001001358,0.967000007629395,129118062,0.473628550767899
"2011-09-22",0.92849999666214,0.990000009536743,0.925000011920929,0.952499985694885,207047256,0.466526418924332
"2011-09-23",0.972500026226044,1.01699995994568,0.9375,1.0110000371933,203221339,0.495179414749146
"2011-09-26",0.996500015258789,1.14900004863739,0.990499973297119,1.09500002861023,351934200,0.536321997642517
"2011-09-27",1.14900004863739,1.17400002479553,1.12399995326996,1.15799999237061,266384977,0.567178785800934
"2011-09-28",1.13300001621246,1.17499995231628,1.12300002574921,1.15699994564056,213082716,0.56668895483017
"2011-09-29",1.14999997615814,1.23300004005432,1.14800000190735,1.22500002384186,245297111,0.599994778633118
"2011-09-30",1.2150000333786,1.25399994850159,1.17299997806549,1.19000005722046,185616521,0.582852184772491
"2011-10-03",1.14999997615814,1.21099996566772,1.12399995326996,1.17999994754791,149511043,0.577953994274139
"2011-10-04",1.15400004386902,1.17700004577637,1.09500002861023,1.10699999332428,198226947,0.542199373245239
"2011-10-05",1.12999999523163,1.16999995708466,1.10500001907349,1.16999995708466,155413124,0.573056101799011
"2011-10-06",1.17999994754791,1.23699998855591,1.16799998283386,1.23699998855591,218728373,0.605872333049774
"2011-10-07",1.24199998378754,1.29499995708466,1.23199999332428,1.27699995040894,243541159,0.625463902950287
"2011-10-10",1.29999995231628,1.35000002384186,1.27999997138977,1.35000002384186,172211303,0.661218822002411
"2011-10-11",1.35099995136261,1.39999997615814,1.29799997806549,1.33299994468689,271445068,0.652892231941223
"2011-10-12",1.32099997997284,1.39800000190735,1.317999958992,1.39800000190735,238964544,0.684728801250458
"2011-10-13",1.39400005340576,1.41999995708466,1.27799999713898,1.28400003910065,223734180,0.628892481327057
"2011-10-14",1.29200005531311,1.34200000762939,1.25199997425079,1.29799997806549,195478107,0.635749638080597
"2011-10-17",1.32500004768372,1.34700000286102,1.20299994945526,1.22899997234344,187204979,0.601953983306885
"2011-10-18",1.21099996566772,1.26300001144409,1.20799994468689,1.24399995803833,131234854,0.609300792217255
"2011-10-19",1.26999998092651,1.33899998664856,1.25300002098083,1.33500003814697,162158056,0.653871715068817
"2011-10-20",1.30999994277954,1.32400000095367,1.19599997997284,1.2039999961853,243234726,0.589709043502808
"2011-10-21",1.23199999332428,1.29900002479553,1.22599995136261,1.28100001811981,197258019,0.627423048019409
"2011-10-24",1.30299997329712,1.32799994945526,1.24500000476837,1.29200005531311,135276342,0.632810890674591
"2011-10-25",1.28600001335144,1.30400002002716,1.24899995326996,1.27300000190735,116219035,0.62350469827652
"2011-10-26",1.27300000190735,1.32599997520447,1.2610000371933,1.27799999713898,136957376,0.625953733921051
"2011-10-27",1.35399997234344,1.40699994564056,1.34200000762939,1.40699994564056,282819238,0.689136981964111
"2011-10-28",1.4099999666214,1.44599997997284,1.36199998855591,1.39400005340576,218373930,0.682769656181335
"2011-10-31",1.375,1.375,1.29100000858307,1.29100000858307,163117357,0.632321119308472
"2011-11-01",1.24000000953674,1.24699997901917,1.08399999141693,1.08700001239777,327416306,0.532403528690338
"2011-11-02",1.12800002098083,1.16199994087219,1.07200002670288,1.14199995994568,278346805,0.559341967105865
"2011-11-03",1.09099996089935,1.22300004959106,1.0809999704361,1.18400001525879,375260666,0.579913318157196
"2011-11-04",1.20000004768372,1.22500002384186,1.10000002384186,1.12699997425079,242369149,0.55199521780014
"2011-11-07",1.11000001430511,1.21300005912781,1.0900000333786,1.15900003910065,249231715,0.567668616771698
"2011-11-08",1.17299997806549,1.25,1.16799998283386,1.20000004768372,264395665,0.58774995803833
"2011-11-09",1.25,1.25,1.10599994659424,1.14900004863739,323260229,0.56277060508728
"2011-11-10",1.11899995803833,1.22399997711182,1.11699998378754,1.17900002002716,292192079,0.577464401721954
"2011-11-11",1.192999958992,1.29900002479553,1.19200003147125,1.28299999237061,249218021,0.628402709960938
"2011-11-14",1.35000002384186,1.35000002384186,1.21800005435944,1.23000001907349,280803393,0.602443695068359
"2011-11-15",1.22000002861023,1.25300002098083,1.17400002479553,1.21800005435944,212142719,0.596566259860992
"2011-11-16",1.20700001716614,1.26999998092651,1.20099997520447,1.22599995136261,191469679,0.600484609603882
"2011-11-17",1.21700000762939,1.23800003528595,1.18799996376038,1.19000005722046,144150465,0.582852184772491
"2011-11-18",1.17499995231628,1.24000000953674,1.16999995708466,1.21899998188019,143012731,0.597056031227112
"2011-11-21",1.21300005912781,1.22000002861023,1.14999997615814,1.14999997615814,116801424,0.563260436058044
"2011-11-22",1.16400003433228,1.17900002002716,1.11099994182587,1.12199997901917,114924265,0.549546301364899
"2011-11-23",1.10099995136261,1.14300000667572,1.08000004291534,1.08000004291534,119064766,0.528975009918213
"2011-11-24",1.09300005435944,1.13800001144409,1.07599997520447,1.09599995613098,130820700,0.536811709403992
"2011-11-25",1.10399997234344,1.11099994182587,1.05299997329712,1.0789999961853,140996365,0.528485238552094
"2011-11-28",1.10300004482269,1.16999995708466,1.08500003814697,1.15499997138977,186543347,0.565709292888641
"2011-11-29",1.16700005531311,1.18299996852875,1.12999999523163,1.15699994564056,126995002,0.56668895483017
"2011-11-30",1.13999998569489,1.24399995803833,1.13499999046326,1.22800004482269,228435483,0.601464092731476
"2011-12-01",1.23800003528595,1.27499997615814,1.22899997234344,1.24100005626678,180938141,0.607831537723541
"2011-12-02",1.26199996471405,1.32500004768372,1.25800001621246,1.29799997806549,246207082,0.635749638080597
"2011-12-05",1.34899997711182,1.375,1.3309999704361,1.34800004959106,220549582,0.660239219665527
"2011-12-06",1.3289999961853,1.37399995326996,1.31700003147125,1.33700001239777,167388915,0.654851496219635
"2011-12-07",1.37999999523163,1.38900005817413,1.26199996471405,1.29999995231628,191782430,0.636729061603546
"2011-12-08",1.32000005245209,1.32099997997284,1.17700004577637,1.18400001525879,237452158,0.579913318157196
"2011-12-09",1.182000041008,1.27900004386902,1.17299997806549,1.27699995040894,244272232,0.625463902950287
"2011-12-12",1.2610000371933,1.29799997806549,1.20299994945526,1.20299994945526,170570327,0.589219331741333
"2011-12-13",1.21399998664856,1.24500000476837,1.19000005722046,1.20700001716614,163620714,0.591178596019745
"2011-12-14",1.22200000286102,1.24500000476837,1.18499994277954,1.192999958992,209238778,0.584321439266205
"2011-12-15",1.21099996566772,1.25899994373322,1.19700002670288,1.25800001621246,197721251,0.616158008575439
"2011-12-16",1.26199996471405,1.29499995708466,1.21599996089935,1.21599996089935,354229154,0.595586657524109
"2011-12-19",1.21800005435944,1.28299999237061,1.2150000333786,1.22000002861023,185389774,0.597545742988586
"2011-12-20",1.22800004482269,1.2940000295639,1.22599995136261,1.29100000858307,164939108,0.632321119308472
"2011-12-21",1.31099998950958,1.38999998569489,1.28600001335144,1.30599999427795,359909274,0.639667987823486
"2011-12-22",1.33000004291534,1.34599995613098,1.31299996376038,1.33899998664856,151963953,0.655831038951874
"2011-12-23",1.36000001430511,1.3639999628067,1.29999995231628,1.30999994277954,99712944,0.641627013683319
"2011-12-27",1.31400001049042,1.32000005245209,1.25899994373322,1.27900004386902,73932287,0.626443445682526
"2011-12-28",1.27799999713898,1.32299995422363,1.27100002765656,1.27300000190735,111896672,0.62350469827652
"2011-12-29",1.28299999237061,1.2940000295639,1.26199996471405,1.29200005531311,95020041,0.632810890674591
"2011-12-30",1.30599999427795,1.30900001525879,1.27699995040894,1.2940000295639,58817944,0.633790493011475
"2012-01-02",1.28999996185303,1.33299994468689,1.28799998760223,1.33000004291534,74459288,0.65142285823822
"2012-01-03",1.3400000333786,1.35099995136261,1.31400001049042,1.33399999141693,132349462,0.653382062911987
"2012-01-04",1.32599997520447,1.3289999961853,1.27300000190735,1.28299999237061,151796476,0.628402709960938
"2012-01-05",1.28299999237061,1.28900003433228,1.18499994277954,1.18900001049042,215819636,0.582362234592438
"2012-01-06",1.18700003623962,1.20700001716614,1.12999999523163,1.13699996471405,162045860,0.556893050670624
"2012-01-09",1.14400005340576,1.16799998283386,1.09300005435944,1.10099995136261,139731229,0.539260566234589
"2012-01-10",1.12600004673004,1.18099999427795,1.1139999628067,1.17400002479553,148129690,0.575015425682068
"2012-01-11",1.17999994754791,1.20799994468689,1.16600000858307,1.19200003147125,127757306,0.583831667900085
"2012-01-12",1.19500005245209,1.2849999666214,1.19500005245209,1.24000000953674,216491125,0.607341647148132
"2012-01-13",1.26999998092651,1.28799998760223,1.21000003814697,1.24000000953674,174001156,0.607341647148132
"2012-01-16",1.2059999704361,1.26400005817413,1.19000005722046,1.25600004196167,147205645,0.615178287029266
"2012-01-17",1.28799998760223,1.2940000295639,1.25100004673004,1.26499998569489,145875655,0.619586408138275
"2012-01-18",1.26199996471405,1.2960000038147,1.24199998378754,1.28100001811981,151175474,0.627423048019409
"2012-01-19",1.29999995231628,1.37199997901917,1.2940000295639,1.36000001430511,290488249,0.66611659526825
"2012-01-20",1.36000001430511,1.40900003910065,1.35300004482269,1.38100004196167,247214302,0.676402390003204
"2012-01-23",1.40600001811981,1.49199998378754,1.39199995994568,1.4559999704361,278789104,0.713136732578278
"2012-01-24",1.44500005245209,1.46099996566772,1.41600000858307,1.45299994945526,165797918,0.711667239665985
"2012-01-25",1.46700000762939,1.48699998855591,1.41799998283386,1.44799995422363,169899887,0.709218263626099
"2012-01-26",1.45700001716614,1.5110000371933,1.4559999704361,1.45799994468689,267194765,0.714116215705872
"2012-01-27",1.45000004768372,1.48599994182587,1.41199994087219,1.44799995422363,175943587,0.709218263626099
"2012-01-30",1.44000005722046,1.46399998664856,1.38999998569489,1.41600000858307,132238171,0.693544983863831
"2012-01-31",1.43900001049042,1.47800004482269,1.41700005531311,1.46000003814697,189166943,0.715095937252045
"2012-02-01",1.46800005435944,1.55599999427795,1.46000003814697,1.54100000858307,269519923,0.754768908023834
"2012-02-02",1.55999994277954,1.58500003814697,1.52600002288818,1.54700005054474,187678253,0.75770777463913
"2012-02-03",1.53999996185303,1.58599996566772,1.53199994564056,1.56400001049042,207585915,0.766034126281738
"2012-02-06",1.55999994277954,1.56900000572205,1.52400004863739,1.52699995040894,137522321,0.747911751270294
"2012-02-07",1.54999995231628,1.56299996376038,1.52300000190735,1.54999995231628,144221410,0.759176969528198
"2012-02-08",1.56900000572205,1.64999997615814,1.56500005722046,1.59599995613098,303895748,0.781707465648651
"2012-02-09",1.62000000476837,1.63399994373322,1.57099997997284,1.57700002193451,165349046,0.772401571273804
"2012-02-10",1.56099998950958,1.58299994468689,1.50999999046326,1.52100002765656,147375130,0.744973063468933
"2012-02-13",1.5440000295639,1.55599999427795,1.48599994182587,1.49100005626678,104435066,0.730279386043549
"2012-02-14",1.48399996757507,1.52600002288818,1.47099995613098,1.48300004005432,121888519,0.726360976696014
"2012-02-15",1.50999999046326,1.53299999237061,1.48500001430511,1.49199998378754,127700651,0.730769157409668
"2012-02-16",1.47099995613098,1.52400004863739,1.46000003814697,1.51800000667572,113991143,0.743503749370575
"2012-02-17",1.54799997806549,1.55900001525879,1.53199994564056,1.54100000858307,103061698,0.754768908023834
"2012-02-20",1.55499994754791,1.5789999961853,1.53999996185303,1.56500005722046,79792501,0.766524016857147
"2012-02-21",1.57799994945526,1.58000004291534,1.5110000371933,1.52799999713898,118871159,0.748401641845703
"2012-02-22",1.52999997138977,1.53400003910065,1.47899997234344,1.48099994659424,101645756,0.72538149356842
"2012-02-23",1.47300004959106,1.49500000476837,1.41799998283386,1.44799995422363,115052359,0.709218263626099
"2012-02-24",1.45500004291534,1.50300002098083,1.44099998474121,1.49000000953674,92881986,0.729789555072784
"2012-02-27",1.46899998188019,1.49399995803833,1.42700004577637,1.48399996757507,120373871,0.726850748062134
"2012-02-28",1.49000000953674,1.51199996471405,1.44099998474121,1.47399997711182,134092272,0.721952974796295
"2012-02-29",1.48099994659424,1.50699996948242,1.45799994468689,1.46099996566772,174812275,0.715585649013519
"2012-03-01",1.4559999704361,1.52600002288818,1.442999958992,1.52600002288818,185654422,0.74742203950882
"2012-03-02",1.52900004386902,1.54499995708466,1.49100005626678,1.50999999046326,133334946,0.739585399627686
"2012-03-05",1.49800002574921,1.51600003242493,1.47200000286102,1.5,110120953,0.734687566757202
"2012-03-06",1.4889999628067,1.49600005149841,1.42599999904633,1.42599999904633,153859510,0.698442876338959
"2012-03-07",1.4210000038147,1.47300004959106,1.41700005531311,1.46300005912781,168107343,0.716565072536469
"2012-03-08",1.48800003528595,1.50699996948242,1.47200000286102,1.50300002098083,165532480,0.736156761646271
"2012-03-09",1.5110000371933,1.51800000667572,1.45299994945526,1.45899999141693,138090006,0.714606106281281
"2012-03-12",1.45200002193451,1.47800004482269,1.42599999904633,1.43499994277954,115862642,0.702850937843323
"2012-03-13",1.4559999704361,1.49600005149841,1.45200002193451,1.49199998378754,133592143,0.730769157409668
"2012-03-14",1.51999998092651,1.54799997806549,1.48699998855591,1.49800002574921,206637425,0.733707845211029
"2012-03-15",1.50499999523163,1.55799996852875,1.44099998474121,1.55799996852875,292988870,0.763095557689667
"2012-03-16",1.58000004291534,1.58500003814697,1.54900002479553,1.56400001049042,259835068,0.766034126281738
"2012-03-19",1.55099999904633,1.56299996376038,1.52799999713898,1.55099999904633,125574164,0.759666860103607
"2012-03-20",1.54299998283386,1.54999995231628,1.52300000190735,1.52300000190735,98708429,0.745952725410461
"2012-03-21",1.53199994564056,1.54299998283386,1.47099995613098,1.49300003051758,128830346,0.731258928775787
"2012-03-22",1.49000000953674,1.49399995803833,1.44400000572205,1.46000003814697,131871009,0.715095937252045
"2012-03-23",1.46700000762939,1.48000001907349,1.43499994277954,1.47699999809265,152924561,0.723422229290009
"2012-03-26",1.48199999332428,1.49000000953674,1.43799996376038,1.46000003814697,127977025,0.715095937252045
"2012-03-27",1.47000002861023,1.48300004005432,1.42499995231628,1.43499994277954,139922907,0.702850937843323
"2012-03-28",1.42700004577637,1.44400000572205,1.41299998760223,1.42499995231628,133794829,0.697953224182129
"2012-03-29",1.41199994087219,1.44500005245209,1.34200000762939,1.34899997711182,192835439,0.660728991031647
"2012-03-30",1.36199998855591,1.36699998378754,1.31099998950958,1.34399998188019,180094255,0.658280074596405
"2012-04-02",1.35699999332428,1.35699999332428,1.29299998283386,1.33200001716614,159369112,0.652402460575104
"2012-04-03",1.32700002193451,1.33800005912781,1.26900005340576,1.26900005340576,176284696,0.621545672416687
"2012-04-04",1.25899994373322,1.2940000295639,1.23500001430511,1.24699997901917,233331227,0.610770106315613
"2012-04-05",1.25,1.26300001144409,1.20799994468689,1.23500001430511,186410627,0.604892790317535
"2012-04-10",1.20700001716614,1.21599996089935,1.13300001621246,1.13699996471405,204087281,0.556893050670624
"2012-04-11",1.13900005817413,1.22200000286102,1.13699996471405,1.19900000095367,254252817,0.587260127067566
"2012-04-12",1.21399998664856,1.22500002384186,1.16600000858307,1.22200000286102,196718208,0.59852546453476
"2012-04-13",1.21000003814697,1.22200000286102,1.15299999713898,1.16299998760223,200812223,0.569627702236176
"2012-04-16",1.15400004386902,1.18799996376038,1.1360000371933,1.15299999713898,146164582,0.564729750156403
"2012-04-17",1.15600001811981,1.24600005149841,1.15100002288818,1.24600005149841,191153071,0.610280394554138
"2012-04-18",1.24600005149841,1.24600005149841,1.18099999427795,1.18099999427795,158940822,0.578444004058838
"2012-04-19",1.18900001049042,1.20799994468689,1.1360000371933,1.14300000667572,202373728,0.559832036495209
"2012-04-20",1.14100003242493,1.16999995708466,1.11500000953674,1.14400005340576,204754884,0.560321688652039
"2012-04-23",1.12600004673004,1.12899994850159,1.07000005245209,1.07200002670288,193398208,0.525056779384613
"2012-04-24",1.08399999141693,1.11699998378754,1.05999994277954,1.11500000953674,174441556,0.546117663383484
"2012-04-25",1.12100005149841,1.182000041008,1.12100005149841,1.15699994564056,193959610,0.56668895483017
"2012-04-26",1.15799999237061,1.17999994754791,1.12199997901917,1.14600002765656,162127658,0.561301290988922
"2012-04-27",1.12100005149841,1.17700004577637,1.10099995136261,1.16600000858307,170646607,0.571097016334534
"2012-04-30",1.17499995231628,1.18599998950958,1.13999998569489,1.14300000667572,107205972,0.559832036495209
"2012-05-02",1.16499996185303,1.17299997806549,1.08399999141693,1.0900000333786,195635952,0.533872842788696
"2012-05-03",1.10000002384186,1.12000000476837,1.04999995231628,1.05599999427795,186272299,0.517220020294189
"2012-05-04",1.05900001525879,1.09599995613098,1.04100000858307,1.05099999904633,170873594,0.514770984649658
"2012-05-07",1.01600003242493,1.09700000286102,1.00499999523163,1.09200000762939,134148884,0.534852623939514
"2012-05-08",1.0789999961853,1.10099995136261,1.04799997806549,1.05299997329712,168947870,0.515750586986542
"2012-05-09",1.05799996852875,1.07000005245209,1.00499999523163,1.02300000190735,186033516,0.501056790351868
"2012-05-10",1.03999996185303,1.10199999809265,1.02100002765656,1.08700001239777,209407877,0.532403528690338
"2012-05-11",1.06900000572205,1.08399999141693,1.0460000038147,1.07099997997284,153230636,0.524566829204559
"2012-05-14",1.05200004577637,1.05599999427795,1.01800000667572,1.03299999237061,124790480,0.505954802036285
"2012-05-15",1.03999996185303,1.06599998474121,0.956499993801117,0.976499974727631,238478969,0.478281557559967
"2012-05-16",0.967499971389771,1.02600002288818,0.941999971866608,0.996500015258789,261989547,0.488077372312546
"2012-05-17",1.00399994850159,1.00999999046326,0.944999992847443,0.99099999666214,219700802,0.485383599996567
"2012-05-18",0.972000002861023,1.03400003910065,0.96399998664856,0.997500002384186,253887493,0.488567233085632
"2012-05-21",1.00499999523163,1.03100001811981,0.985000014305115,1.02400004863739,158098134,0.501546680927277
"2012-05-22",1.04299998283386,1.07700002193451,1.03299999237061,1.07099997997284,197506966,0.524566829204559
"2012-05-23",1.04700005054474,1.05799996852875,1.01499998569489,1.02400004863739,160527430,0.501546680927277
"2012-05-24",1.03699994087219,1.03799998760223,1,1.02499997615814,162597680,0.502036392688751
"2012-05-25",1.03299999237061,1.04799997806549,1.02300000190735,1.03299999237061,150513488,0.505954802036285
"2012-05-28",1.04299998283386,1.04999995231628,1.01300001144409,1.01600003242493,106140553,0.497628390789032
"2012-05-29",1.02499997615814,1.02799999713898,0.993499994277954,1.00999999046326,139659418,0.494689553976059
"2012-05-30",0.994000017642975,1.04799997806549,0.982500016689301,1.00199997425079,201741080,0.490771174430847
"2012-05-31",1.00499999523163,1.01499998569489,0.993499994277954,1.00300002098083,130247733,0.491261035203934
"2012-06-01",1.00699996948242,1.01600003242493,0.98199999332428,0.997500002384186,228623578,0.488567233085632
"2012-06-04",0.984000027179718,1.06400001049042,0.981000006198883,1.05499994754791,177531808,0.516730189323425
"2012-06-05",1.06900000572205,1.08299994468689,1.04799997806549,1.06900000572205,149182009,0.523587286472321
"2012-06-06",1.0789999961853,1.12899994850159,1.07099997997284,1.12600004673004,251416321,0.551505506038666
"2012-06-07",1.12100005149841,1.15400004386902,1.1139999628067,1.13199996948242,320453506,0.554444134235382
"2012-06-08",1.10699999332428,1.11600005626678,1.08299994468689,1.09800004959106,235362103,0.53779125213623
"2012-06-11",1.15100002288818,1.15299999713898,1.02999997138977,1.03299999237061,459863837,0.505954802036285
"2012-06-12",1.00999999046326,1.04700005054474,0.985000014305115,0.994499981403351,415521207,0.487097799777985
"2012-06-13",1,1.02199995517731,0.986999988555908,0.993499994277954,221238966,0.486607939004898
"2012-06-14",0.998499989509583,1.02400004863739,0.977999985218048,1.02199995517731,194098690,0.500567078590393
"2012-06-15",1.03100001811981,1.05999994277954,1.02699995040894,1.05900001525879,258083871,0.518689334392548
"2012-06-18",1.06400001049042,1.06599998474121,0.976000010967255,0.982999980449677,281268310,0.505323708057404
"2012-06-19",0.987999975681305,1.03199994564056,0.959500014781952,1.02999997138977,244842958,0.529484629631042
"2012-06-20",1.03199994564056,1.05799996852875,1.02199995517731,1.04999995231628,172457832,0.539765894412994
"2012-06-21",1.03600001335144,1.07799994945526,1.03100001811981,1.04900002479553,348834104,0.539251923561096
"2012-06-22",1.0349999666214,1.07599997520447,1.02799999713898,1.03699994087219,289416088,0.533082962036133
"2012-06-25",1.03199994564056,1.04299998283386,0.968999981880188,0.969500005245209,161709751,0.498383969068527
"2012-06-26",0.967499971389771,0.996999979019165,0.954500019550323,0.962000012397766,152556476,0.494528383016586
"2012-06-27",0.97299998998642,0.995999991893768,0.962499976158142,0.992999970912933,122404351,0.510464370250702
"2012-06-28",0.995000004768372,1.01199996471405,0.97299998998642,1.00199997425079,190242333,0.515090882778168
"2012-06-29",1.06200003623962,1.12000000476837,1.04200005531311,1.11800003051758,337316263,0.574722230434418
"2012-07-02",1.12000000476837,1.13900005817413,1.09300005435944,1.10199999809265,241475391,0.566497206687927
"2012-07-03",1.10699999332428,1.13199996948242,1.10399997234344,1.12699997425079,165322752,0.579348802566528
"2012-07-04",1.12600004673004,1.13100004196167,1.08399999141693,1.09200000762939,138581176,0.561356544494629
"2012-07-05",1.09800004959106,1.10300004482269,1.01199996471405,1.0440000295639,291724014,0.536681532859802
"2012-07-06",1.03199994564056,1.05799996852875,1.01199996471405,1.01199996471405,158135043,0.520231425762177
"2012-07-09",1.01300001144409,1.03799998760223,1.00199997425079,1.02999997138977,121152331,0.529484629631042
"2012-07-10",1.03400003910065,1.05200004577637,1.01300001144409,1.01999998092651,136980176,0.524344027042389
"2012-07-11",1.01499998569489,1.04499995708466,1.0110000371933,1.04200005531311,118891866,0.535653471946716
"2012-07-12",1.03199994564056,1.04499995708466,1.01199996471405,1.02400004863739,106617345,0.526400327682495
"2012-07-13",1.02600002288818,1.02699995040894,1.00199997425079,1.02199995517731,125351206,0.52537214756012
"2012-07-16",1.01499998569489,1.02400004863739,0.995500028133392,1.00800001621246,77586300,0.518175303936005
"2012-07-17",1.00800001621246,1.01199996471405,0.972000002861023,0.976999998092651,160418862,0.502239346504211
"2012-07-18",0.982500016689301,1.00199997425079,0.961499989032745,0.996500015258789,145125115,0.512263596057892
"2012-07-19",1.00100004673004,1.00499999523163,0.977500021457672,1.00300002098083,141948453,0.515605032444
"2012-07-20",0.995000004768372,0.998000025749207,0.924000024795532,0.9375,204305281,0.481933832168579
"2012-07-23",0.916000008583069,0.948000013828278,0.853500008583069,0.921000003814697,293499061,0.47345182299614
"2012-07-24",0.925000011920929,0.929000020027161,0.873000025749207,0.879000008106232,142207712,0.451861262321472
"2012-07-25",0.873499989509583,0.919000029563904,0.870500028133392,0.891499996185303,115442936,0.458286911249161
"2012-07-26",0.897499978542328,0.97350001335144,0.877499997615814,0.970000028610229,191075319,0.498640894889832
"2012-07-27",0.976999998092651,1,0.953000009059906,0.990499973297119,180520950,0.509179174900055
"2012-07-30",1,1.05999994277954,0.996999979019165,1.05599999427795,171497234,0.542850255966187
"2012-07-31",1.05599999427795,1.06900000572205,1.01199996471405,1.03299999237061,139091863,0.531026840209961
"2012-08-01",1.02999997138977,1.04999995231628,1.02100002765656,1.03799998760223,97710477,0.533597230911255
"2012-08-02",1.03100001811981,1.08299994468689,0.938000023365021,0.938000023365021,223292208,0.482190996408463
"2012-08-03",0.958000004291534,1.05599999427795,0.929000020027161,1.05599999427795,218642911,0.542850255966187
"2012-08-06",1.05599999427795,1.11899995803833,1.0460000038147,1.09599995613098,257688169,0.563412666320801
"2012-08-07",1.09200000762939,1.12199997901917,1.06700003147125,1.11600005626678,172165577,0.573694169521332
"2012-08-08",1.11600005626678,1.13699996471405,1.10300004482269,1.125,118551306,0.578320741653442
"2012-08-09",1.1360000371933,1.14800000190735,1.12100005149841,1.12100005149841,124431138,0.576264381408691
"2012-08-10",1.11300003528595,1.12100005149841,1.09099996089935,1.09300005435944,72482026,0.561870694160461
"2012-08-13",1.09700000286102,1.12199997901917,1.09399998188019,1.10199999809265,75246065,0.566497206687927
"2012-08-14",1.10899996757507,1.12000000476837,1.10599994659424,1.11099994182587,59378051,0.571123719215393
"2012-08-16",1.11699998378754,1.17299997806549,1.11300003528595,1.16199994087219,143693899,0.597341001033783
"2012-08-17",1.18599998950958,1.21000003814697,1.16999995708466,1.17400002479553,159895826,0.603509724140167
"2012-08-20",1.17599999904633,1.22800004482269,1.14600002765656,1.17900002002716,159032643,0.606079995632172
"2012-08-21",1.19200003147125,1.24500000476837,1.19099998474121,1.2389999628067,127459770,0.636923789978027
"2012-08-22",1.23599994182587,1.28199994564056,1.23000001907349,1.24699997901917,167655928,0.64103627204895
"2012-08-23",1.26800000667572,1.28400003910065,1.20500004291534,1.20700001716614,151783812,0.620473802089691
"2012-08-24",1.20000004768372,1.21599996089935,1.1690000295639,1.19000005722046,132642372,0.611734688282013
"2012-08-27",1.19599997997284,1.22599995136261,1.18700003623962,1.22599995136261,95949245,0.630240976810455
"2012-08-28",1.21899998188019,1.24699997901917,1.21300005912781,1.22099995613098,98583138,0.627670645713806
"2012-08-29",1.22599995136261,1.23099994659424,1.20500004291534,1.21200001239777,67265233,0.62304413318634
"2012-08-30",1.21200001239777,1.22500002384186,1.19599997997284,1.20099997520447,68976280,0.617389440536499
"2012-08-31",1.20299994945526,1.25,1.20000004768372,1.25,138957547,0.642578482627869
"2012-09-03",1.25,1.26499998569489,1.24300003051758,1.2610000371933,106067147,0.64823317527771
"2012-09-04",1.26699995994568,1.28799998760223,1.25300002098083,1.25600004196167,130007709,0.645662903785706
"2012-09-05",1.25800001621246,1.27199995517731,1.23300004005432,1.2610000371933,125293740,0.64823317527771
"2012-09-06",1.27100002765656,1.35399997234344,1.2610000371933,1.33599996566772,361453276,0.686787784099579
"2012-09-07",1.3639999628067,1.40199995040894,1.34200000762939,1.35599994659424,313107920,0.69706916809082
"2012-09-10",1.35899996757507,1.36899995803833,1.33399999141693,1.34500002861023,117988396,0.691414415836334
"2012-09-11",1.32799994945526,1.35800004005432,1.30499994754791,1.35800004005432,174255653,0.698097288608551
"2012-09-12",1.36000001430511,1.38199996948242,1.3400000333786,1.36500000953674,267077209,0.701695740222931
"2012-09-13",1.37300002574921,1.375,1.30999994277954,1.33299994468689,124617823,0.685245633125305
"2012-09-14",1.36800003051758,1.37800002098083,1.34599995613098,1.35300004482269,160971242,0.695526957511902
"2012-09-17",1.33599996566772,1.34599995613098,1.32099997997284,1.34399998188019,108491632,0.690900444984436
"2012-09-18",1.3309999704361,1.33399999141693,1.26300001144409,1.26499998569489,254346557,0.650289475917816
"2012-09-19",1.27300000190735,1.28900003433228,1.23800003528595,1.26800000667572,204722892,0.65183162689209
"2012-09-20",1.25,1.26600003242493,1.20500004291534,1.22500002384186,181881540,0.629726946353912
"2012-09-21",1.24000000953674,1.26400005817413,1.22399997711182,1.25600004196167,184338391,0.645662903785706
"2012-09-24",1.24100005626678,1.25699996948242,1.22599995136261,1.24800002574921,93833791,0.641550421714783
"2012-09-25",1.25,1.2849999666214,1.23199999332428,1.28100001811981,137748731,0.658514499664307
"2012-09-26",1.25899994373322,1.26199996471405,1.20299994945526,1.22099995613098,180635533,0.627670645713806
"2012-09-27",1.23000001907349,1.2389999628067,1.20700001716614,1.22099995613098,145302015,0.627670645713806
"2012-09-28",1.23099994659424,1.24000000953674,1.18299996852875,1.18299996852875,161432306,0.608136236667633
"2012-10-01",1.17900002002716,1.23500001430511,1.17700004577637,1.23500001430511,135855605,0.634867548942566
"2012-10-02",1.22599995136261,1.26199996471405,1.21399998664856,1.23399996757507,148794206,0.634353399276733
"2012-10-03",1.22500002384186,1.25699996948242,1.22399997711182,1.24399995803833,129256244,0.639494061470032
"2012-10-04",1.25600004196167,1.26800000667572,1.24500000476837,1.25699996948242,161125086,0.646176874637604
"2012-10-05",1.26800000667572,1.30099999904633,1.25899994373322,1.29799997806549,168643406,0.667253434658051
"2012-10-08",1.27999997138977,1.2849999666214,1.25399994850159,1.25600004196167,122835646,0.645662903785706
"2012-10-09",1.25699996948242,1.27900004386902,1.24199998378754,1.24600005149841,150274715,0.640522181987762
"2012-10-10",1.23800003528595,1.25,1.22500002384186,1.23500001430511,116576760,0.634867548942566
"2012-10-11",1.22500002384186,1.2849999666214,1.21700000762939,1.27799999713898,186894784,0.656972289085388
"2012-10-12",1.27300000190735,1.29299998283386,1.26699995994568,1.26699995994568,185906135,0.651317477226257
"2012-10-15",1.26900005340576,1.28799998760223,1.26300001144409,1.26800000667572,126314055,0.65183162689209
"2012-10-16",1.28299999237061,1.32299995422363,1.27999997138977,1.32299995422363,234269205,0.680104970932007
"2012-10-17",1.33500003814697,1.36199998855591,1.32799994945526,1.36000001430511,237519254,0.699125349521637
"2012-10-18",1.36800003051758,1.36899995803833,1.32200002670288,1.35000002384186,222438337,0.693984806537628
"2012-10-19",1.34700000286102,1.35399997234344,1.30299997329712,1.307000041008,181403062,0.671880066394806
"2012-10-22",1.31099998950958,1.33500003814697,1.29299998283386,1.30999994277954,166358307,0.67342221736908
"2012-10-23",1.317999958992,1.32200002670288,1.27799999713898,1.28199994564056,179759834,0.659028470516205
"2012-10-24",1.28600001335144,1.29999995231628,1.26400005817413,1.29299998283386,167951032,0.664683222770691
"2012-10-25",1.29499995708466,1.31299996376038,1.26499998569489,1.26699995994568,168977964,0.651317477226257
"2012-10-26",1.25300002098083,1.27999997138977,1.24399995803833,1.27199995517731,162592723,0.653887867927551
"2012-10-29",1.25699996948242,1.25999999046326,1.23199999332428,1.23800003528595,95159802,0.636409819126129
"2012-10-30",1.24500000476837,1.25600004196167,1.23699998855591,1.25,69222135,0.642578482627869
"2012-10-31",1.25699996948242,1.26600003242493,1.2389999628067,1.2389999628067,105342585,0.636923789978027
"2012-11-01",1.23500001430511,1.27300000190735,1.22599995136261,1.27300000190735,96936814,0.654401898384094
"2012-11-02",1.27400004863739,1.27999997138977,1.25399994850159,1.26499998569489,101928879,0.650289475917816
"2012-11-05",1.25199997425079,1.25800001621246,1.23000001907349,1.23800003528595,87977680,0.636409819126129
"2012-11-06",1.24000000953674,1.25399994850159,1.23500001430511,1.25399994850159,74594947,0.64463472366333
"2012-11-07",1.26699995994568,1.27199995517731,1.21099996566772,1.21200001239777,146353487,0.62304413318634
"2012-11-08",1.22300004959106,1.23300004005432,1.20099997520447,1.21800005435944,131289252,0.626128613948822
"2012-11-09",1.21300005912781,1.22200000286102,1.182000041008,1.21000003814697,143222305,0.622016072273254
"2012-11-12",1.20299994945526,1.21300005912781,1.19000005722046,1.19400000572205,103989802,0.613791048526764
"2012-11-13",1.18599998950958,1.25899994373322,1.18499994277954,1.25600004196167,220933908,0.645662903785706
"2012-11-14",1.24699997901917,1.25199997425079,1.22099995613098,1.23399996757507,126211678,0.634353399276733
"2012-11-15",1.22000002861023,1.23399996757507,1.21599996089935,1.22399997711182,136187893,0.629212737083435
"2012-11-16",1.22800004482269,1.23300004005432,1.18400001525879,1.18499994277954,148140402,0.609164416790009
"2012-11-19",1.20000004768372,1.23699998855591,1.19500005245209,1.23300004005432,117656360,0.633839428424835
"2012-11-20",1.22000002861023,1.22899997234344,1.20200002193451,1.22000002861023,109299258,0.627156555652618
"2012-11-21",1.20799994468689,1.25899994373322,1.20500004291534,1.24899995326996,145381178,0.642064452171326
"2012-11-22",1.25499999523163,1.26699995994568,1.24600005149841,1.25899994373322,76479565,0.647205054759979
"2012-11-23",1.26199996471405,1.27499997615814,1.24600005149841,1.27199995517731,94381867,0.653887867927551
"2012-11-26",1.26800000667572,1.27400004863739,1.25300002098083,1.25800001621246,82421375,0.646690964698792
"2012-11-27",1.26999998092651,1.27600002288818,1.24800002574921,1.25800001621246,99356379,0.646690964698792
"2012-11-28",1.25199997425079,1.25800001621246,1.22599995136261,1.24699997901917,123255775,0.64103627204895
"2012-11-29",1.26400005817413,1.30400002002716,1.25800001621246,1.29900002479553,206380502,0.667767584323883
"2012-11-30",1.29900002479553,1.30799996852875,1.28900003433228,1.2940000295639,120458529,0.665197253227234
"2012-12-03",1.29900002479553,1.33800005912781,1.29499995708466,1.30599999427795,167541562,0.671365976333618
"2012-12-04",1.30900001525879,1.33700001239777,1.307000041008,1.32599997520447,133980799,0.68164724111557
"2012-12-05",1.33899998664856,1.35699999332428,1.2960000038147,1.31200003623962,198870558,0.6744504570961
"2012-12-06",1.32500004768372,1.33899998664856,1.27199995517731,1.2940000295639,205305078,0.665197253227234
"2012-12-07",1.2960000038147,1.30299997329712,1.26600003242493,1.28199994564056,149855576,0.659028470516205
"2012-12-10",1.23000001907349,1.23099994659424,1.18799996376038,1.21599996089935,273393633,0.625100314617157
"2012-12-11",1.22300004959106,1.24699997901917,1.19799995422363,1.23399996757507,155714838,0.634353399276733
"2012-12-12",1.23500001430511,1.26400005817413,1.23399996757507,1.25999999046326,145158648,0.647719085216522
"2012-12-13",1.26800000667572,1.28299999237061,1.25999999046326,1.27400004863739,140804908,0.654915928840637
"2012-12-14",1.27699995040894,1.28299999237061,1.26300001144409,1.27600002288818,106055877,0.655944108963013
"2012-12-17",1.28100001811981,1.28799998760223,1.2610000371933,1.28400003910065,103474743,0.660056531429291
"2012-12-18",1.28999996185303,1.31200003623962,1.28799998760223,1.30799996852875,179494923,0.672394156455994
"2012-12-19",1.31599998474121,1.33000004291534,1.30499994754791,1.31200003623962,214007755,0.6744504570961
"2012-12-20",1.29999995231628,1.31900000572205,1.29700005054474,1.31200003623962,122706925,0.6744504570961
"2012-12-21",1.29700005054474,1.30900001525879,1.28699994087219,1.29499995708466,138914232,0.665711343288422
"2012-12-27",1.29999995231628,1.33000004291534,1.29499995708466,1.31299996376038,109049429,0.674964368343353
"2012-12-28",1.32299995422363,1.32400000095367,1.29799997806549,1.29999995231628,101758711,0.668281555175781
"2013-01-02",1.33800005912781,1.375,1.3309999704361,1.375,234660990,0.706836402416229
"2013-01-03",1.37399995326996,1.38399994373322,1.36699998378754,1.37199997901917,145772978,0.705294251441956
"2013-01-04",1.37199997901917,1.38399994373322,1.36600005626678,1.38199996948242,170088318,0.710434794425964
"2013-01-07",1.38999998569489,1.44700002670288,1.38900005817413,1.40400004386902,207785897,0.721744179725647
"2013-01-08",1.3860000371933,1.42499995231628,1.37399995326996,1.40299999713898,203952729,0.721230030059814
"2013-01-09",1.41499996185303,1.44799995422363,1.41400003433228,1.43799996376038,224820926,0.739222228527069
"2013-01-10",1.44900000095367,1.5,1.42700004577637,1.48000001907349,315378563,0.760812997817993
"2013-01-11",1.49000000953674,1.50199997425079,1.46399998664856,1.49100005626678,226094167,0.76646763086319
"2013-01-14",1.49899995326996,1.50499999523163,1.45500004291534,1.47300004959106,200485723,0.757214367389679
"2013-01-15",1.47000002861023,1.50300002098083,1.46200001239777,1.49600005149841,210636497,0.769037902355194
"2013-01-16",1.49199998378754,1.49300003051758,1.44200003147125,1.4650000333786,205824925,0.753102004528046
"2013-01-17",1.46800005435944,1.49199998378754,1.46399998664856,1.49000000953674,154789341,0.765953600406647
"2013-01-18",1.50899994373322,1.50999999046326,1.49199998378754,1.50699996948242,181657125,0.77469265460968
"2013-01-21",1.50800001621246,1.51699995994568,1.50100004673004,1.50600004196167,87112875,0.774178504943848
"2013-01-22",1.50399994850159,1.50999999046326,1.46899998188019,1.50199997425079,149692091,0.772122263908386
"2013-01-23",1.50800001621246,1.50899994373322,1.45799994468689,1.46300005912781,188970192,0.75207382440567
"2013-01-24",1.45799994468689,1.50499999523163,1.44599997997284,1.49899995326996,167598576,0.770580053329468
"2013-01-25",1.49899995326996,1.51400005817413,1.47599995136261,1.48599994182587,224153581,0.763897180557251
"2013-01-28",1.49199998378754,1.52499997615814,1.48399996757507,1.52499997615814,201746393,0.783945739269257
"2013-01-29",1.51999998092651,1.53100001811981,1.50199997425079,1.52400004863739,199790664,0.783431649208069
"2013-01-30",1.52999997138977,1.54200005531311,1.49100005626678,1.49899995326996,157358822,0.770580053329468
"2013-01-31",1.5,1.51300001144409,1.4539999961853,1.50199997425079,193150675,0.772122263908386
"2013-02-01",1.49899995326996,1.51400005817413,1.44599997997284,1.45799994468689,204244832,0.749503552913666
"2013-02-04",1.45799994468689,1.45799994468689,1.37600004673004,1.37999999523163,187800729,0.709406495094299
"2013-02-05",1.37399995326996,1.43499994277954,1.37000000476837,1.40900003910065,170944515,0.724314451217651
"2013-02-06",1.40900003910065,1.42400002479553,1.35199999809265,1.3860000371933,221677350,0.712491154670715
"2013-02-07",1.3860000371933,1.4099999666214,1.36699998378754,1.36699998378754,131961816,0.702723741531372
"2013-02-08",1.37600004673004,1.40299999713898,1.36199998855591,1.39900004863739,116740123,0.719173789024353
"2013-02-11",1.39300000667572,1.40699994564056,1.37399995326996,1.37800002098083,87273606,0.708378493785858
"2013-02-12",1.375,1.41199994087219,1.36600005626678,1.4099999666214,114288221,0.724828541278839
"2013-02-13",1.41199994087219,1.41499996185303,1.39400005340576,1.40699994564056,104679554,0.72328644990921
"2013-02-14",1.40699994564056,1.4099999666214,1.37199997901917,1.38399994373322,136665488,0.71146285533905
"2013-02-15",1.375,1.38999998569489,1.36199998855591,1.37399995326996,108550292,0.706322133541107
"2013-02-18",1.36899995803833,1.36899995803833,1.35199999809265,1.3639999628067,73838253,0.701181650161743
"2013-02-19",1.35699999332428,1.39699995517731,1.35599994659424,1.39300000667572,113353284,0.71608954668045
"2013-02-20",1.38800001144409,1.40100002288818,1.37300002574921,1.37600004673004,109871098,0.707350492477417
"2013-02-21",1.36199998855591,1.36199998855591,1.31099998950958,1.32000005245209,172794641,0.678562879562378
"2013-02-22",1.32500004768372,1.34899997711182,1.32200002670288,1.34500002861023,123956566,0.691414415836334
"2013-02-25",1.35000002384186,1.43400001525879,1.33299994468689,1.35599994659424,281717275,0.69706916809082
"2013-02-26",1.2150000333786,1.26900005340576,1.19000005722046,1.23300004005432,375182275,0.633839428424835
"2013-02-27",1.25499999523163,1.25899994373322,1.22599995136261,1.25600004196167,127020626,0.645662903785706
"2013-02-28",1.26600003242493,1.26699995994568,1.23000001907349,1.24300003051758,149501713,0.638980031013489
"2013-03-01",1.23300004005432,1.24699997901917,1.20000004768372,1.24100005626678,164870606,0.637951970100403
"2013-03-04",1.21399998664856,1.22200000286102,1.19500005245209,1.20099997520447,130568038,0.617389440536499
"2013-03-05",1.22200000286102,1.25499999523163,1.22000002861023,1.25499999523163,144909097,0.645148694515228
"2013-03-06",1.25499999523163,1.2940000295639,1.24699997901917,1.26199996471405,165073059,0.648747265338898
"2013-03-07",1.26999998092651,1.27600002288818,1.24199998378754,1.24300003051758,119143592,0.638980031013489
"2013-03-08",1.25399994850159,1.26999998092651,1.24699997901917,1.26400005817413,116660897,0.649775385856628
"2013-03-11",1.24000000953674,1.2610000371933,1.23500001430511,1.25499999523163,81727002,0.645148694515228
"2013-03-12",1.25999999046326,1.27799999713898,1.24300003051758,1.25999999046326,149274085,0.647719085216522
"2013-03-13",1.25600004196167,1.27699995040894,1.21599996089935,1.23099994659424,154314680,0.632811427116394
"2013-03-14",1.24000000953674,1.25899994373322,1.22099995613098,1.25199997425079,120416971,0.64360648393631
"2013-03-15",1.25600004196167,1.25800001621246,1.23000001907349,1.23099994659424,167817149,0.632811427116394
"2013-03-18",1.18900001049042,1.2059999704361,1.16700005531311,1.20000004768372,190931755,0.616875410079956
"2013-03-19",1.19799995422363,1.20899999141693,1.15600001811981,1.16600000858307,157134340,0.599397242069244
"2013-03-20",1.17700004577637,1.20899999141693,1.16499996185303,1.2059999704361,180340635,0.619959771633148
"2013-03-21",1.20200002193451,1.22500002384186,1.19700002670288,1.21300005912781,158894276,0.623558223247528
"2013-03-22",1.21099996566772,1.24000000953674,1.19900000095367,1.22300004959106,148150791,0.628698706626892
"2013-03-25",1.24600005149841,1.25300002098083,1.13399994373322,1.14699995517731,269305503,0.589629948139191
"2013-03-26",1.15699994564056,1.16700005531311,1.11000001430511,1.12399995326996,285983370,0.577806532382965
"2013-03-27",1.12999999523163,1.15199995040894,1.08800005912781,1.13399994373322,255122708,0.582947075366974
"2013-03-28",1.13800001144409,1.17900002002716,1.12699997425079,1.14199995994568,199755118,0.587059617042542
"2013-04-02",1.13399994373322,1.16499996185303,1.12100005149841,1.16499996185303,124006537,0.598883152008057
"2013-04-03",1.15600001811981,1.16400003433228,1.13199996948242,1.13300001621246,129649071,0.582433104515076
"2013-04-04",1.13800001144409,1.16299998760223,1.11699998378754,1.12600004673004,185784357,0.578834772109985
"2013-04-05",1.12600004673004,1.15400004386902,1.12600004673004,1.14999997615814,180404519,0.591172218322754
"2013-04-08",1.14699995517731,1.17799997329712,1.14699995517731,1.16600000858307,136115261,0.599397242069244
"2013-04-09",1.17799997329712,1.21899998188019,1.17499995231628,1.20799994468689,186409259,0.620987951755524
"2013-04-10",1.21899998188019,1.26199996471405,1.21599996089935,1.26199996471405,182172172,0.648747265338898
"2013-04-11",1.25999999046326,1.27199995517731,1.24500000476837,1.26400005817413,163457225,0.649775385856628
"2013-04-12",1.25499999523163,1.25899994373322,1.23300004005432,1.24100005626678,130906546,0.637951970100403
"2013-04-15",1.24300003051758,1.26300001144409,1.22699999809265,1.25100004673004,138323639,0.643092691898346
"2013-04-16",1.24199998378754,1.26499998569489,1.23500001430511,1.24100005626678,119831616,0.637951970100403
"2013-04-17",1.25899994373322,1.26300001144409,1.23500001430511,1.25,180180106,0.642578482627869
"2013-04-18",1.25300002098083,1.27199995517731,1.24600005149841,1.25800001621246,185844145,0.646690964698792
"2013-04-19",1.28100001811981,1.30900001525879,1.26800000667572,1.2940000295639,263553283,0.665197253227234
"2013-04-22",1.32200002670288,1.33800005912781,1.2960000038147,1.31700003147125,177404547,0.67702054977417
"2013-04-23",1.31700003147125,1.35899996757507,1.29999995231628,1.35899996757507,234711279,0.698611319065094
"2013-04-24",1.36000001430511,1.37800002098083,1.33599996566772,1.35800004005432,194373922,0.698097288608551
"2013-04-25",1.35800004005432,1.37300002574921,1.34700000286102,1.35800004005432,103281107,0.698097288608551
"2013-04-26",1.35199999809265,1.36500000953674,1.33899998664856,1.35800004005432,101239908,0.698097288608551
"2013-04-29",1.37999999523163,1.40100002288818,1.37699997425079,1.39400005340576,144642504,0.716603577136993
"2013-04-30",1.4099999666214,1.41499996185303,1.37699997425079,1.37699997425079,130910118,0.70786452293396
"2013-05-02",1.37600004673004,1.40600001811981,1.33399999141693,1.37399995326996,197214815,0.706322133541107
"2013-05-03",1.38399994373322,1.3860000371933,1.36099994182587,1.3860000371933,116866236,0.712491154670715
"2013-05-06",1.39100003242493,1.39199995994568,1.36899995803833,1.37600004673004,71117114,0.707350492477417
"2013-05-07",1.3860000371933,1.40699994564056,1.37800002098083,1.39900004863739,138478688,0.719173789024353
"2013-05-08",1.40299999713898,1.41299998760223,1.38300001621246,1.39400005340576,118087397,0.716603577136993
"2013-05-09",1.38900005817413,1.39300000667572,1.36699998378754,1.37000000476837,99075453,0.704265952110291
"2013-05-10",1.37399995326996,1.40499997138977,1.37300002574921,1.40299999713898,183673086,0.721230030059814
"2013-05-13",1.39999997615814,1.40900003910065,1.37699997425079,1.3860000371933,93658676,0.712491154670715
"2013-05-14",1.39900004863739,1.42400002479553,1.37399995326996,1.41199994087219,173831214,0.725856602191925
"2013-05-15",1.41199994087219,1.46200001239777,1.40400004386902,1.46000003814697,185218017,0.750531554222107
"2013-05-16",1.45500004291534,1.48300004005432,1.45099997520447,1.47000002861023,167726551,0.75567227602005
"2013-05-17",1.45899999141693,1.48500001430511,1.4559999704361,1.47699999809265,174132019,0.75927072763443
"2013-05-20",1.45299994945526,1.46800005435944,1.44799995422363,1.45700001716614,132752372,0.775233030319214
"2013-05-21",1.44799995422363,1.46099996566772,1.41499996185303,1.42400002479553,152433307,0.757674694061279
"2013-05-22",1.432000041008,1.46899998188019,1.42999994754791,1.46099996566772,173198948,0.777361273765564
"2013-05-23",1.4099999666214,1.42700004577637,1.39400005340576,1.39800000190735,193888671,0.743840515613556
"2013-05-24",1.41100001335144,1.41700005531311,1.38300001621246,1.38300001621246,126022181,0.735859394073486
"2013-05-27",1.39199995994568,1.40799999237061,1.39100003242493,1.40499997138977,47458230,0.747565150260925
"2013-05-28",1.41499996185303,1.46099996566772,1.41499996185303,1.45899999141693,165111630,0.776297152042389
"2013-05-29",1.44500005245209,1.45799994468689,1.42799997329712,1.42799997329712,120434890,0.759802758693695
"2013-05-30",1.42499995231628,1.46899998188019,1.42200005054474,1.4559999704361,142692585,0.774700999259949
"2013-05-31",1.46099996566772,1.46200001239777,1.432000041008,1.45899999141693,126585675,0.776297152042389
"2013-06-03",1.44099998474121,1.4539999961853,1.42999994754791,1.42999994754791,142432211,0.76086688041687
"2013-06-04",1.44400000572205,1.4559999704361,1.43499994277954,1.44900000095367,97482064,0.770976305007935
"2013-06-05",1.43599998950958,1.45700001716614,1.42499995231628,1.42499995231628,121915494,0.75820654630661
"2013-06-06",1.43099999427795,1.43499994277954,1.36099994182587,1.36099994182587,163471085,0.724153757095337
"2013-06-07",1.36899995803833,1.40199995040894,1.34599995613098,1.40199995040894,156453841,0.745968818664551
"2013-06-10",1.39900004863739,1.41400003433228,1.35000002384186,1.36099994182587,137067084,0.724153757095337
"2013-06-11",1.35199999809265,1.36000001430511,1.29299998283386,1.32200002670288,185669365,0.703402996063232
"2013-06-12",1.32000005245209,1.33599996566772,1.28199994564056,1.29100000858307,133096898,0.686908602714539
"2013-06-13",1.27199995517731,1.33200001716614,1.26499998569489,1.32400000095367,161833725,0.704467058181763
"2013-06-14",1.33800005912781,1.34399998188019,1.31299996376038,1.33599996566772,107150029,0.710851848125458
"2013-06-17",1.34899997711182,1.36000001430511,1.32299995422363,1.34899997711182,85380196,0.717768847942352
"2013-06-18",1.34700000286102,1.36699998378754,1.3400000333786,1.35000002384186,88953074,0.718300938606262
"2013-06-19",1.35800004005432,1.3639999628067,1.32500004768372,1.32500004768372,101448493,0.704999148845673
"2013-06-20",1.29700005054474,1.31099998950958,1.25999999046326,1.26400005817413,186597645,0.672542572021484
"2013-06-21",1.2610000371933,1.28100001811981,1.21700000762939,1.21700000762939,213041371,0.647534966468811
"2013-06-24",1.21899998188019,1.25999999046326,1.19200003147125,1.23199999332428,193102238,0.65551620721817
"2013-06-25",1.25600004196167,1.26300001144409,1.2150000333786,1.22599995136261,148380190,0.652323782444
"2013-06-26",1.23000001907349,1.27300000190735,1.21200001239777,1.26900005340576,146551992,0.675202906131744
"2013-06-27",1.27499997615814,1.28400003910065,1.24699997901917,1.25800001621246,112580174,0.669350147247314
"2013-06-28",1.26400005817413,1.27300000190735,1.21899998188019,1.23099994659424,121465080,0.65498423576355
"2013-07-01",1.2389999628067,1.25999999046326,1.21099996566772,1.24000000953674,107083379,0.65977269411087
"2013-07-02",1.24500000476837,1.24500000476837,1.22099995613098,1.22300004959106,74462103,0.650727450847626
"2013-07-03",1.20899999141693,1.22899997234344,1.17200005054474,1.22899997234344,160357753,0.653919875621796
"2013-07-04",1.23500001430511,1.29999995231628,1.22599995136261,1.29999995231628,161885332,0.691697180271149
"2013-07-05",1.30299997329712,1.3289999961853,1.27100002765656,1.27100002765656,166309206,0.676266968250275
"2013-07-08",1.2849999666214,1.29999995231628,1.27100002765656,1.29999995231628,81423781,0.691697180271149
"2013-07-09",1.30599999427795,1.32400000095367,1.28999996185303,1.30999994277954,121779460,0.697017908096313
"2013-07-10",1.29999995231628,1.31500005722046,1.27999997138977,1.28299999237061,121003045,0.682651996612549
"2013-07-11",1.30999994277954,1.31299996376038,1.27900004386902,1.28799998760223,101834340,0.685312330722809
"2013-07-12",1.2940000295639,1.30400002002716,1.25800001621246,1.25899994373322,110022401,0.66988217830658
"2013-07-15",1.26600003242493,1.27799999713898,1.25,1.27799999713898,78471396,0.679991662502289
"2013-07-16",1.27999997138977,1.2849999666214,1.26199996471405,1.26300001144409,65114457,0.672010540962219
"2013-07-17",1.26900005340576,1.2940000295639,1.25899994373322,1.27300000190735,107507107,0.677331149578094
"2013-07-18",1.27300000190735,1.3289999961853,1.26699995994568,1.32000005245209,130679058,0.702338814735413
"2013-07-19",1.32099997997284,1.35899996757507,1.31700003147125,1.34700000286102,119460198,0.716704726219177
"2013-07-22",1.34700000286102,1.37699997425079,1.34599995613098,1.37000000476837,78019264,0.728942453861237
"2013-07-23",1.37600004673004,1.40900003910065,1.375,1.38300001621246,117348331,0.735859394073486
"2013-07-24",1.38399994373322,1.41299998760223,1.38300001621246,1.40499997138977,98817350,0.747565150260925
"2013-07-25",1.40400004386902,1.41199994087219,1.38100004196167,1.40600001811981,77742282,0.74809718132019
"2013-07-26",1.41100001335144,1.4210000038147,1.39499998092651,1.39800000190735,81259533,0.743840515613556
"2013-07-29",1.40199995040894,1.40900003910065,1.38199996948242,1.39400005340576,63661716,0.741712331771851
"2013-07-30",1.39999997615814,1.43400001525879,1.39100003242493,1.43299996852875,89756424,0.762463092803955
"2013-07-31",1.42999994754791,1.43299996852875,1.41499996185303,1.42599999904633,72541104,0.75873875617981
"2013-08-01",1.43299996852875,1.46300005912781,1.432000041008,1.45899999141693,115314812,0.776297152042389
"2013-08-02",1.45299994945526,1.47599995136261,1.39400005340576,1.42999994754791,192421761,0.76086688041687
"2013-08-05",1.42900002002716,1.432000041008,1.39600002765656,1.41400003433228,84414047,0.75235390663147
"2013-08-06",1.41700005531311,1.42900002002716,1.39900004863739,1.40400004386902,117601547,0.747033059597015
"2013-08-07",1.40299999713898,1.44000005722046,1.39800000190735,1.432000041008,91108714,0.761931121349335
"2013-08-08",1.43700003623962,1.48000001907349,1.43599998950958,1.48000001907349,122750246,0.787470698356628
"2013-08-09",1.48599994182587,1.50199997425079,1.46800005435944,1.49399995803833,139169719,0.794919729232788
"2013-08-12",1.49600005149841,1.5,1.47500002384186,1.4889999628067,80900265,0.792259395122528
"2013-08-13",1.49600005149841,1.5,1.48000001907349,1.49100005626678,94061807,0.793323576450348
"2013-08-14",1.5,1.5,1.48000001907349,1.5,79470865,0.798112332820892
"2013-08-16",1.49199998378754,1.59599995613098,1.49000000953674,1.59599995613098,246145636,0.849191129207611
"2013-08-19",1.60000002384186,1.61699998378754,1.52999997138977,1.52999997138977,176429076,0.814074397087097
"2013-08-20",1.52499997615814,1.52699995040894,1.4889999628067,1.51999998092651,158844897,0.808753848075867
"2013-08-21",1.52300000190735,1.54299998283386,1.49199998378754,1.51400005817413,132417474,0.805561184883118
"2013-08-22",1.51499998569489,1.57200002670288,1.51499998569489,1.567999958992,129365945,0.834293305873871
"2013-08-23",1.57299995422363,1.57400000095367,1.53600001335144,1.56299996376038,133042695,0.831632852554321
"2013-08-26",1.55999994277954,1.55999994277954,1.49800002574921,1.5110000371933,125405067,0.803965032100677
"2013-08-27",1.5,1.51600003242493,1.43599998950958,1.44500005245209,184070385,0.768848180770874
"2013-08-28",1.442999958992,1.47300004959106,1.42700004577637,1.46000003814697,144836475,0.776829123497009
"2013-08-29",1.47500002384186,1.50199997425079,1.46800005435944,1.49800002574921,136716287,0.797047913074493
"2013-08-30",1.49899995326996,1.51499998569489,1.48500001430511,1.48500001430511,130787838,0.790131151676178
"2013-09-02",1.50600004196167,1.53900003433228,1.50399994850159,1.53600001335144,97637881,0.817266941070557
"2013-09-03",1.54100000858307,1.55499994754791,1.5110000371933,1.53100001811981,122808602,0.814606547355652
"2013-09-04",1.52799999713898,1.53600001335144,1.48399996757507,1.50800001621246,121676629,0.802368819713593
"2013-09-05",1.51900005340576,1.52799999713898,1.48699998855591,1.51499998569489,118248063,0.806093215942383
"2013-09-06",1.50899994373322,1.5440000295639,1.48800003528595,1.53600001335144,161714740,0.817266941070557
"2013-09-09",1.53400003910065,1.57400000095367,1.53100001811981,1.56900000572205,168911024,0.834825277328491
"2013-09-10",1.5789999961853,1.60699999332428,1.55599999427795,1.60699999332428,253100945,0.85504424571991
"2013-09-11",1.61199998855591,1.63900005817413,1.61099994182587,1.63499999046326,197895494,0.869942367076874
"2013-09-12",1.63399994373322,1.65400004386902,1.61099994182587,1.62100005149841,124390736,0.862493395805359
"2013-09-13",1.61699998378754,1.61800003051758,1.59099996089935,1.6139999628067,79926411,0.858768701553345
"2013-09-16",1.63800001144409,1.64300000667572,1.61699998378754,1.62999999523163,95236926,0.867281794548035
"2013-09-17",1.62899994850159,1.63100004196167,1.60300004482269,1.62300002574921,97659060,0.863557457923889
"2013-09-18",1.62300002574921,1.65299999713898,1.61199998855591,1.64499998092651,137300848,0.875262975692749
"2013-09-19",1.68599998950958,1.70899999141693,1.682000041008,1.70500004291534,251813763,0.907187521457672
"2013-09-20",1.71000003814697,1.71899998188019,1.68299996852875,1.68900001049042,156011264,0.898674309253693
"2013-09-23",1.69200003147125,1.71099996566772,1.68299996852875,1.69000005722046,103461006,0.899206459522247
"2013-09-24",1.7039999961853,1.7059999704361,1.68599998950958,1.69700002670288,110447260,0.902931153774261
"2013-09-25",1.68499994277954,1.69200003147125,1.66299998760223,1.66799998283386,146737494,0.887500643730164
"2013-09-26",1.66499996185303,1.66600000858307,1.59099996089935,1.60500001907349,240625426,0.853979885578156
"2013-09-27",1.60599994659424,1.61800003051758,1.57700002193451,1.5809999704361,154835305,0.841210246086121
"2013-09-30",1.52499997615814,1.53699994087219,1.49199998378754,1.52499997615814,224784123,0.811414003372192
"2013-10-01",1.61199998855591,1.62699997425079,1.53400003910065,1.61199998855591,198937313,0.857704639434814
"2013-10-02",1.68799996376038,1.69000005722046,1.61000001430511,1.68799996376038,375451292,0.898142337799072
"2013-10-03",1.67400002479553,1.7059999704361,1.66799998283386,1.67400002479553,144715143,0.890693247318268
"2013-10-04",1.68700003623962,1.71899998188019,1.67299997806549,1.68700003623962,196303330,0.897610127925873
"2013-10-07",1.71300005912781,1.72200000286102,1.67200005054474,1.71300005912781,142730165,0.911444187164307
"2013-10-08",1.70299994945526,1.73800003528595,1.70200002193451,1.70299994945526,212078219,0.906123280525208
"2013-10-09",1.74399995803833,1.75100004673004,1.69700002670288,1.74399995803833,187526073,0.92793869972229
"2013-10-10",1.78199994564056,1.82299995422363,1.75999999046326,1.78199994564056,276276772,0.948157131671906
"2013-10-11",1.77699995040894,1.80999994277954,1.75100004673004,1.77699995040894,189681655,0.94549697637558
"2013-10-14",1.76900005340576,1.78900003433228,1.75100004673004,1.76900005340576,103254101,0.941240251064301
"2013-10-15",1.77699995040894,1.78699994087219,1.75600004196167,1.76600003242493,132269730,0.939644157886505
"2013-10-16",1.76600003242493,1.8400000333786,1.76199996471405,1.82500004768372,205335962,0.971036374568939
"2013-10-17",1.82599997520447,1.83000004291534,1.79299998283386,1.81599998474121,146902260,0.966247797012329
"2013-10-18",1.82700002193451,1.83899998664856,1.80200004577637,1.81500005722046,138625677,0.965715825557709
"2013-10-21",1.81700003147125,1.83200001716614,1.7940000295639,1.82299995422363,96923284,0.969972193241119
"2013-10-22",1.82599997520447,1.85300004482269,1.81700003147125,1.84099996089935,142558478,0.979549705982208
"2013-10-23",1.8289999961853,1.8309999704361,1.78400003910065,1.79299998283386,166191979,0.95401006937027
"2013-10-24",1.80999994277954,1.82000005245209,1.76900005340576,1.82000005245209,140583278,0.968376278877258
"2013-10-25",1.81500005722046,1.82200002670288,1.78799998760223,1.79999995231628,105445381,0.957734704017639
"2013-10-28",1.80900001525879,1.81200003623962,1.74500000476837,1.75800001621246,141050279,0.935387670993805
"2013-10-29",1.74600005149841,1.82099997997284,1.73699998855591,1.82000005245209,170774564,0.968376278877258
"2013-10-30",1.82599997520447,1.86300003528595,1.79700005054474,1.80599999427795,172375645,0.960926949977875
"2013-10-31",1.80299997329712,1.83899998664856,1.79700005054474,1.8309999704361,142103243,0.974228858947754
"2013-11-01",1.82700002193451,1.86000001430511,1.81599998474121,1.83000004291534,126110838,0.973696768283844
"2013-11-04",1.84099996089935,1.84800004959106,1.82099997997284,1.83200001716614,91101397,0.974760949611664
"2013-11-05",1.84099996089935,1.84399998188019,1.78299999237061,1.78999996185303,134011739,0.952413737773895
"2013-11-06",1.80299997329712,1.81599998474121,1.78299999237061,1.79499995708466,99502333,0.955074369907379
"2013-11-07",1.78900003433228,1.83599996566772,1.72599995136261,1.74399995803833,233469331,0.92793869972229
"2013-11-08",1.73000001907349,1.76900005340576,1.71700000762939,1.75899994373322,149922503,0.935919463634491
"2013-11-11",1.76999998092651,1.78999996185303,1.75300002098083,1.78999996185303,66208378,0.952413737773895
"2013-11-12",1.78900003433228,1.81299996376038,1.76800000667572,1.77100002765656,94289010,0.94230443239212
"2013-11-13",1.74600005149841,1.76999998092651,1.69900000095367,1.73000001907349,164214441,0.920489430427551
"2013-11-14",1.75,1.75699996948242,1.69099998474121,1.73699998855591,145036969,0.924213886260986
"2013-11-15",1.73800003528595,1.74300003051758,1.68499994277954,1.69900000095367,118812117,0.903995096683502
"2013-11-18",1.69000005722046,1.75899994373322,1.682000041008,1.75100004673004,136860503,0.931662857532501
"2013-11-19",1.73599994182587,1.76499998569489,1.72500002384186,1.72500002384186,104740494,0.917829096317291
"2013-11-20",1.72000002861023,1.73399996757507,1.69599997997284,1.69799995422363,116795682,0.903463006019592
"2013-11-21",1.68700003623962,1.73800003528595,1.67499995231628,1.73699998855591,143270475,0.924213886260986
"2013-11-22",1.74300003051758,1.74500000476837,1.72000002861023,1.72599995136261,81445230,0.918361186981201
"2013-11-25",1.7389999628067,1.74399995803833,1.71099996566772,1.72599995136261,76053984,0.918361186981201
"2013-11-26",1.72099995613098,1.74699997901917,1.70700001716614,1.74399995803833,87127146,0.92793869972229
"2013-11-27",1.74000000953674,1.7610000371933,1.73699998855591,1.75399994850159,89667136,0.933259129524231
"2013-11-28",1.75600004196167,1.80200004577637,1.75600004196167,1.78999996185303,106562254,0.952413737773895
"2013-11-29",1.7940000295639,1.80400002002716,1.77600002288818,1.77999997138977,94736305,0.947093069553375
"2013-12-02",1.78699994087219,1.79499995708466,1.75699996948242,1.76600003242493,69092410,0.939644157886505
"2013-12-03",1.77400004863739,1.78900003433228,1.72200000286102,1.72200000286102,118831764,0.916232883930206
"2013-12-04",1.73300004005432,1.74399995803833,1.70000004768372,1.72300004959106,110473645,0.916764914989471
"2013-12-05",1.72500002384186,1.73399996757507,1.66400003433228,1.66400003433228,154729878,0.885372579097748
"2013-12-06",1.67799997329712,1.69200003147125,1.63100004196167,1.69200003147125,182428896,0.900270640850067
"2013-12-09",1.69900000095367,1.70700001716614,1.67999994754791,1.70000004768372,71686689,0.904527187347412
"2013-12-10",1.69599997997284,1.71399998664856,1.68599998950958,1.70000004768372,84407072,0.904527187347412
"2013-12-11",1.70099997520447,1.71300005912781,1.67400002479553,1.67700004577637,74082573,0.892289400100708
"2013-12-12",1.67299997806549,1.67400002479553,1.64199995994568,1.65699994564056,92885617,0.881648063659668
"2013-12-13",1.6599999666214,1.68099999427795,1.65100002288818,1.65400004386902,68065669,0.880051672458649
"2013-12-16",1.65400004386902,1.72300004959106,1.65199995040894,1.72300004959106,80161646,0.916764914989471
"2013-12-17",1.71099996566772,1.71800005435944,1.67799997329712,1.67900002002716,67323261,0.893353581428528
"2013-12-18",1.69200003147125,1.71000003814697,1.67900002002716,1.70099997520447,72836146,0.905059278011322
"2013-12-19",1.72500002384186,1.74500000476837,1.71800005435944,1.74399995803833,126851115,0.92793869972229
"2013-12-20",1.74300003051758,1.78699994087219,1.72500002384186,1.77600002288818,141163074,0.94496488571167
"2013-12-23",1.77900004386902,1.78900003433228,1.77199995517731,1.77999997138977,48477399,0.947093069553375
"2013-12-27",1.79499995708466,1.79799997806549,1.77499997615814,1.79799997806549,38235621,0.956670522689819
"2013-12-30",1.79700005054474,1.79999995231628,1.78600001335144,1.7940000295639,39578835,0.954542398452759
"2014-01-02",1.80299997329712,1.82700002193451,1.78100001811981,1.78299999237061,104977447,0.948689341545105
"2014-01-03",1.79200005531311,1.81700003147125,1.7849999666214,1.80900001525879,61232116,0.962523341178894
"2014-01-06",1.80900001525879,1.83800005912781,1.80599999427795,1.82799994945526,89282140,0.972632706165314
"2014-01-07",1.8309999704361,1.89999997615814,1.83000004291534,1.88800001144409,199327238,1.00455737113953
"2014-01-08",1.90499997138977,1.95700001716614,1.89999997615814,1.92900002002716,215610890,1.02637231349945
"2014-01-09",1.93099999427795,1.98000001907349,1.90199995040894,1.94400000572205,192337874,1.03435337543488
"2014-01-10",1.94799995422363,1.96099996566772,1.89800000190735,1.91100001335144,157734849,1.01679491996765
"2014-01-13",1.92999994754791,1.94500005245209,1.92599999904633,1.932000041008,90052009,1.02796876430511
"2014-01-14",1.9099999666214,1.95000004768372,1.89999997615814,1.95000004768372,107723475,1.03754580020905
"2014-01-15",1.96300005912781,2.01600003242493,1.96099996566772,2.01399993896484,164346133,1.07159864902496
"2014-01-16",2.01600003242493,2.0239999294281,1.94500005245209,1.94599997997284,149965186,1.03541767597198
"2014-01-17",1.94700002670288,1.96899998188019,1.93400001525879,1.95799994468689,134993647,1.04180240631104
"2014-01-20",1.94799995422363,1.95700001716614,1.93299996852875,1.94799995422363,67899006,1.03648173809052
"2014-01-21",1.96000003814697,1.97599995136261,1.95000004768372,1.9539999961853,99592087,1.0396740436554
"2014-01-22",1.99399995803833,2.00799989700317,1.94700002670288,1.97699999809265,162098591,1.0519118309021
"2014-01-23",1.96899998188019,1.99500000476837,1.95099997520447,1.96099996566772,122083752,1.04339861869812
"2014-01-24",1.96599996089935,1.98599994182587,1.93099999427795,1.93099999427795,220448825,1.02743625640869
"2014-01-27",1.92200005054474,1.96800005435944,1.88900005817413,1.94599997997284,173147875,1.03541767597198
"2014-01-28",1.96899998188019,2.00799989700317,1.96599996089935,1.96800005435944,176447716,1.04712307453156
"2014-01-29",1.99199998378754,2.00799989700317,1.92200005054474,1.95200002193451,184467852,1.03861021995544
"2014-01-30",1.95799994468689,1.98300004005432,1.92700004577637,1.95799994468689,135886608,1.04180240631104
"2014-01-31",1.97000002861023,2.00999999046326,1.92499995231628,2.00999999046326,186859385,1.06947028636932
"2014-02-03",2.01600003242493,2.04200005531311,1.95200002193451,1.95200002193451,215193408,1.03861021995544
"2014-02-04",1.95099997520447,2.00200009346008,1.94700002670288,1.99699997901917,197769726,1.06255328655243
"2014-02-05",1.99300003051758,2.05800008773804,1.98000001907349,2.03399991989136,173634610,1.082239985466
"2014-02-06",2.05200004577637,2.09800004959106,2.03600001335144,2.09400010108948,236516698,1.11416459083557
"2014-02-07",2.10199999809265,2.11800003051758,2.06599998474121,2.09599995613098,155514728,1.11522877216339
"2014-02-10",2.10400009155273,2.11199998855591,2.0699999332428,2.08200001716614,95020354,1.10777986049652
"2014-02-11",2.09599995613098,2.14000010490417,2.08999991416931,2.14000010490417,103307504,1.13864004611969
"2014-02-12",2.14400005340576,2.16400003433228,2.13199996948242,2.15000009536743,124038097,1.1439608335495
"2014-02-13",2.14400005340576,2.14400005340576,2.08999991416931,2.13199996948242,120097554,1.13438367843628
"2014-02-14",2.14800000190735,2.17199993133545,2.13199996948242,2.16000008583069,120003256,1.14928162097931
"2014-02-17",2.16199994087219,2.20000004768372,2.16000008583069,2.19000005722046,72565424,1.16524386405945
"2014-02-18",2.21399998664856,2.2260000705719,2.19199991226196,2.21799993515015,125704840,1.18014168739319
"2014-02-19",2.22000002861023,2.24000000953674,2.2039999961853,2.23399996757507,100486844,1.18865501880646
"2014-02-20",2.19000005722046,2.23399996757507,2.18199992179871,2.23399996757507,102996441,1.18865501880646
"2014-02-21",2.24399995803833,2.24799990653992,2.19199991226196,2.19400000572205,101555640,1.1673721075058
"2014-02-24",2.19000005722046,2.23399996757507,2.17600011825562,2.23399996757507,80147421,1.18865501880646
"2014-02-25",2.22000002861023,2.23600006103516,2.20199990272522,2.23600006103516,66955953,1.18971943855286
"2014-02-26",2.23399996757507,2.24200010299683,2.20600008964539,2.21600008010864,56216280,1.17907750606537
"2014-02-27",2.21799993515015,2.23000001907349,2.19199991226196,2.21600008010864,75967156,1.17907750606537
"2014-02-28",2.21600008010864,2.24600005149841,2.19000005722046,2.24600005149841,79134476,1.19503998756409
"2014-03-03",2.19000005722046,2.22199988365173,2.15199995040894,2.15599989891052,119505345,1.14715313911438
"2014-03-04",2.19799995422363,2.23200011253357,2.17400002479553,2.23200011253357,118784958,1.18759095668793
"2014-03-05",2.23200011253357,2.29800009727478,2.2260000705719,2.28800010681152,135493239,1.21738708019257
"2014-03-06",2.31399989128113,2.32800006866455,2.29200005531311,2.3199999332428,110332945,1.23441338539124
"2014-03-07",2.3199999332428,2.32599997520447,2.27600002288818,2.27600002288818,102141421,1.21100223064423
"2014-03-10",2.2720000743866,2.3199999332428,2.25,2.28399991989136,91677074,1.21525871753693
"2014-03-11",2.30200004577637,2.30599999427795,2.24600005149841,2.25,129116640,1.19716835021973
"2014-03-12",2.24000000953674,2.26799988746643,2.2279999256134,2.25600004196167,109998706,1.2003607749939
"2014-03-13",2.26999998092651,2.28399991989136,2.21399998664856,2.21399998664856,83139146,1.17801368236542
"2014-03-14",2.19400000572205,2.2260000705719,2.14000010490417,2.15199995040894,145420515,1.14502501487732
"2014-03-17",2.16199994087219,2.17199993133545,2.1340000629425,2.17000007629395,124949125,1.15460240840912
"2014-03-18",2.17000007629395,2.2739999294281,2.15000009536743,2.24000000953674,162664699,1.19184756278992
"2014-03-19",2.24399995803833,2.26999998092651,2.24200010299683,2.26200008392334,83666970,1.20355331897736
"2014-03-20",2.24200010299683,2.28999996185303,2.23600006103516,2.28999996185303,113369295,1.21845149993896
"2014-03-21",2.30999994277954,2.32599997520447,2.2960000038147,2.30399990081787,129592070,1.22590065002441
"2014-03-24",2.29999995231628,2.31399989128113,2.23399996757507,2.24600005149841,125468164,1.19503998756409
"2014-03-25",2.25200009346008,2.27999997138977,2.23600006103516,2.25999999046326,99224501,1.20248901844025
"2014-03-26",2.27999997138977,2.2960000038147,2.25600004196167,2.29399991035461,132613302,1.22057938575745
"2014-03-27",2.28999996185303,2.33200001716614,2.27800011634827,2.3199999332428,120444098,1.23441338539124
"2014-03-28",2.37199997901917,2.44600009918213,2.35599994659424,2.40199995040894,388164512,1.27804350852966
"2014-03-31",2.45000004768372,2.48200011253357,2.42799997329712,2.46000003814697,155958034,1.30890393257141
"2014-04-01",2.48399996757507,2.53200006484985,2.4779999256134,2.53200006484985,181963661,1.34721350669861
"2014-04-02",2.54999995231628,2.55999994277954,2.47000002861023,2.47199988365173,192707051,1.31528866291046
"2014-04-03",2.48000001907349,2.55200004577637,2.46000003814697,2.55200004577637,205164694,1.35785496234894
"2014-04-04",2.55599999427795,2.58800005912781,2.53200006484985,2.58800005912781,153253569,1.37700951099396
"2014-04-07",2.55800008773804,2.58800005912781,2.53999996185303,2.55399990081787,126646717,1.35891890525818
"2014-04-08",2.57599997520447,2.58200001716614,2.48000001907349,2.50600004196167,202442995,1.33337926864624
"2014-04-09",2.5460000038147,2.54999995231628,2.48000001907349,2.49399995803833,145642568,1.3269944190979
"2014-04-10",2.50999999046326,2.51200008392334,2.45199990272522,2.45600008964539,129542721,1.30677592754364
"2014-04-11",2.42000007629395,2.44600009918213,2.36999988555908,2.39199995994568,206061199,1.27272284030914
"2014-04-14",2.36800003051758,2.40799999237061,2.34200000762939,2.39599990844727,112919557,1.27485132217407
"2014-04-15",2.39800000190735,2.40000009536743,2.29999995231628,2.29999995231628,147175770,1.22377192974091
"2014-04-16",2.33999991416931,2.40400004386902,2.32200002670288,2.40400004386902,125360584,1.27910780906677
"2014-04-17",2.40000009536743,2.42799997329712,2.3840000629425,2.42799997329712,93135236,1.29187750816345
"2014-04-22",2.44199991226196,2.4779999256134,2.39400005340576,2.4779999256134,93046895,1.31848120689392
"2014-04-23",2.46799993515015,2.50399994850159,2.44199991226196,2.44600009918213,94050899,1.30145490169525
"2014-04-24",2.46799993515015,2.48799991607666,2.41400003433228,2.46199989318848,98550675,1.3099684715271
"2014-04-25",2.44000005722046,2.4539999961853,2.3840000629425,2.40400004386902,81437625,1.27910780906677
"2014-04-28",2.41599988937378,2.44400000572205,2.39800000190735,2.41599988937378,74299104,1.28549265861511
"2014-04-29",2.42199993133545,2.48399996757507,2.42000007629395,2.48000001907349,103592728,1.31954538822174
"2014-04-30",2.47399997711182,2.48000001907349,2.43600010871887,2.46000003814697,90246530,1.30890393257141
"2014-05-02",2.46199989318848,2.48799991607666,2.45000004768372,2.46000003814697,79424222,1.30890393257141
"2014-05-05",2.45600008964539,2.4760000705719,2.41400003433228,2.46000003814697,77057457,1.30890393257141
"2014-05-06",2.47000002861023,2.48399996757507,2.44000005722046,2.44799995422363,76949281,1.30251908302307
"2014-05-07",2.44400000572205,2.44400000572205,2.33999991416931,2.34599995613098,134415901,1.24824750423431
"2014-05-08",2.3659999370575,2.45799994468689,2.36199998855591,2.4539999961853,155952347,1.30571150779724
"2014-05-09",2.45600008964539,2.46399998664856,2.37400007247925,2.39599990844727,92915219,1.27485132217407
"2014-05-12",2.41199994087219,2.42600011825562,2.37199997901917,2.3840000629425,92709638,1.26846623420715
"2014-05-13",2.39000010490417,2.39599990844727,2.33400011062622,2.35400009155273,103734005,1.25250399112701
"2014-05-14",2.33200001716614,2.36999988555908,2.31599998474121,2.34599995613098,89843319,1.24824750423431
"2014-05-15",2.32200002670288,2.36400008201599,2.20000004768372,2.20000004768372,266387639,1.17056465148926
"2014-05-16",2.20000004768372,2.29200005531311,2.12400007247925,2.26600003242493,252319167,1.205681681633
"2014-05-19",2.2279999256134,2.24000000953674,2.15599989891052,2.21399998664856,109476851,1.20459342002869
"2014-05-20",2.20600008964539,2.28999996185303,2.19400000572205,2.27999997138977,127489867,1.24050259590149
"2014-05-21",2.26200008392334,2.30999994277954,2.24000000953674,2.29999995231628,102654947,1.25138425827026
"2014-05-22",2.3199999332428,2.32200002670288,2.23600006103516,2.26799988746643,101575840,1.23397362232208
"2014-05-23",2.27600002288818,2.31800007820129,2.24799990653992,2.31599998474121,99508992,1.260089635849
"2014-05-26",2.38000011444092,2.43400001525879,2.37199997901917,2.41400003433228,173717293,1.31340932846069
"2014-05-27",2.41400003433228,2.44799995422363,2.3840000629425,2.39000010490417,110344986,1.30035161972046
"2014-05-28",2.40199995040894,2.44000005722046,2.39199995994568,2.43600010871887,106295582,1.32537937164307
"2014-05-29",2.44400000572205,2.45600008964539,2.42600011825562,2.43600010871887,76076886,1.32537937164307
"2014-05-30",2.43799996376038,2.4779999256134,2.42799997329712,2.45799994468689,113624286,1.33734881877899
"2014-06-02",2.48000001907349,2.48799991607666,2.46000003814697,2.48399996757507,69608174,1.35149502754211
"2014-06-03",2.47399997711182,2.48000001907349,2.44000005722046,2.45000004768372,82204735,1.33299660682678
"2014-06-04",2.43400001525879,2.45799994468689,2.40599989891052,2.45199990272522,80104274,1.33408451080322
"2014-06-05",2.46399998664856,2.5460000038147,2.45000004768372,2.50999999046326,266465610,1.36564075946808
"2014-06-06",2.53999996185303,2.61999988555908,2.52999997138977,2.61199998855591,245448306,1.42113745212555
"2014-06-09",2.65000009536743,2.66400003433228,2.58599996566772,2.61199998855591,159313715,1.42113745212555
"2014-06-10",2.60999989509583,2.64000010490417,2.59200000762939,2.60400009155273,126247780,1.41678476333618
"2014-06-11",2.59800004959106,2.60199999809265,2.54999995231628,2.55800008773804,172741647,1.39175713062286
"2014-06-12",2.54399991035461,2.55399990081787,2.49600005149841,2.50600004196167,172825970,1.36346471309662
"2014-06-13",2.50999999046326,2.51600003242493,2.44199991226196,2.49600005149841,177180850,1.35802400112152
"2014-06-16",2.48200011253357,2.50999999046326,2.44400000572205,2.45799994468689,92555926,1.33734881877899
"2014-06-17",2.46799993515015,2.48200011253357,2.42400002479553,2.44000005722046,128252490,1.32755541801453
"2014-06-18",2.44799995422363,2.45799994468689,2.42199993133545,2.44000005722046,81349527,1.32755541801453
"2014-06-19",2.48000001907349,2.49000000953674,2.42400002479553,2.42400002479553,123290734,1.31885015964508
"2014-06-20",2.44199991226196,2.44199991226196,2.36999988555908,2.37199997901917,150204269,1.29055798053741
"2014-06-23",2.37599992752075,2.3840000629425,2.32599997520447,2.33599996566772,145044098,1.27097117900848
"2014-06-24",2.34400010108948,2.34599995613098,2.27800011634827,2.29399991035461,140828072,1.24811959266663
"2014-06-25",2.28800010681152,2.34999990463257,2.2720000743866,2.29200005531311,142957260,1.2470315694809
"2014-06-26",2.30399990081787,2.32599997520447,2.27800011634827,2.28999996185303,157017973,1.24594354629517
"2014-06-27",2.29999995231628,2.32800006866455,2.25999999046326,2.27800011634827,108071356,1.23941469192505
"2014-06-30",2.28999996185303,2.29999995231628,2.23000001907349,2.25600004196167,121666428,1.22744476795197
"2014-07-01",2.26399993896484,2.33800005912781,2.24799990653992,2.32200002670288,131601477,1.26335382461548
"2014-07-02",2.32200002670288,2.34800004959106,2.29800009727478,2.33200001716614,120215305,1.26879477500916
"2014-07-03",2.33400011062622,2.35800004005432,2.30999994277954,2.34599995613098,148493178,1.27641201019287
"2014-07-04",2.33400011062622,2.33800005912781,2.25399994850159,2.2739999294281,116284491,1.23723816871643
"2014-07-07",2.26399993896484,2.28399991989136,2.23200011253357,2.23200011253357,75781399,1.21438682079315
"2014-07-08",2.23399996757507,2.24000000953674,2.13800001144409,2.14000010490417,177314348,1.16433143615723
"2014-07-09",2.15599989891052,2.22000002861023,2.14599990844727,2.20199990272522,153602547,1.19806432723999
"2014-07-10",2.20199990272522,2.20799994468689,2.09400010108948,2.17799997329712,237264603,1.18500638008118
"2014-07-11",2.18199992179871,2.24000000953674,2.16400003433228,2.19799995422363,158661617,1.19588804244995
"2014-07-14",2.21799993515015,2.24799990653992,2.17400002479553,2.23799991607666,138295383,1.2176513671875
"2014-07-15",2.2260000705719,2.24399995803833,2.17799997329712,2.20199990272522,132965971,1.19806432723999
"2014-07-16",2.21000003814697,2.29800009727478,2.19400000572205,2.2960000038147,150743949,1.24920797348022
"2014-07-17",2.28200006484985,2.28600001335144,2.2279999256134,2.23000001907349,109515370,1.21329867839813
"2014-07-18",2.2039999961853,2.25,2.19400000572205,2.24399995803833,113218821,1.22091567516327
"2014-07-21",2.24600005149841,2.24600005149841,2.18400001525879,2.20199990272522,91625353,1.19806432723999
"2014-07-22",2.21799993515015,2.25999999046326,2.20199990272522,2.24399995803833,84910626,1.22091567516327
"2014-07-23",2.24000000953674,2.29399991035461,2.23000001907349,2.26399993896484,112723150,1.23179745674133
"2014-07-24",2.2739999294281,2.34599995613098,2.24799990653992,2.34400010108948,156204590,1.27532374858856
"2014-07-25",2.33800005912781,2.38599991798401,2.29399991035461,2.30399990081787,138442335,1.25356078147888
"2014-07-28",2.3199999332428,2.33800005912781,2.26600003242493,2.28600001335144,85649063,1.24376726150513
"2014-07-29",2.2960000038147,2.33400011062622,2.27999997138977,2.29999995231628,103216988,1.25138425827026
"2014-07-30",2.30200004577637,2.32599997520447,2.28600001335144,2.28800010681152,100545844,1.24485528469086
"2014-07-31",2.28999996185303,2.29999995231628,2.21399998664856,2.23000001907349,124340815,1.21329867839813
"2014-08-01",2.23000001907349,2.30200004577637,2.19600009918213,2.25799989700317,180799050,1.2285327911377
"2014-08-04",2.28800010681152,2.30800008773804,2.26799988746643,2.28999996185303,108021581,1.24594354629517
"2014-08-05",2.30599999427795,2.33999991416931,2.21600008010864,2.23600006103516,157962733,1.21656334400177
"2014-08-06",2.21000003814697,2.23600006103516,2.12599992752075,2.16400003433228,187336024,1.17738962173462
"2014-08-07",2.15799999237061,2.19199991226196,2.09599995613098,2.10599994659424,197149890,1.14583277702332
"2014-08-08",2.07200002670288,2.17400002479553,2.00999999046326,2.12800002098083,194574995,1.15780246257782
"2014-08-11",2.17199993133545,2.18199992179871,2.10999989509583,2.15000009536743,100950536,1.16977226734161
"2014-08-12",2.13800001144409,2.18799996376038,2.11400008201599,2.11999988555908,122048146,1.15344977378845
"2014-08-13",2.13800001144409,2.15799999237061,2.12599992752075,2.14199995994568,82022432,1.16541945934296
"2014-08-14",2.11800003051758,2.16199994087219,2.09599995613098,2.1159999370575,118206978,1.15127336978912
"2014-08-18",2.13800001144409,2.17000007629395,2.12800002098083,2.15599989891052,91714708,1.17303657531738
"2014-08-19",2.16799998283386,2.17400002479553,2.14800000190735,2.16199994087219,87722868,1.17630100250244
"2014-08-20",2.15599989891052,2.17600011825562,2.14800000190735,2.15799999237061,67792581,1.17412507534027
"2014-08-21",2.15799999237061,2.24600005149841,2.14400005340576,2.23000001907349,137829047,1.21329867839813
"2014-08-22",2.22399997711182,2.26600003242493,2.21000003814697,2.2279999256134,129643965,1.21221053600311
"2014-08-25",2.25200009346008,2.29200005531311,2.24600005149841,2.28800010681152,84480904,1.24485528469086
"2014-08-26",2.29399991035461,2.32599997520447,2.2739999294281,2.32599997520447,128199838,1.2655303478241
"2014-08-27",2.32800006866455,2.34800004959106,2.30800008773804,2.33200001716614,110434215,1.26879477500916
"2014-08-28",2.31599998474121,2.32999992370605,2.25600004196167,2.26200008392334,115345266,1.23070931434631
"2014-08-29",2.26600003242493,2.29800009727478,2.25,2.26399993896484,80242107,1.23179745674133
"2014-09-01",2.2720000743866,2.27800011634827,2.21600008010864,2.24600005149841,70032525,1.22200393676758
"2014-09-02",2.25799989700317,2.29399991035461,2.24799990653992,2.26399993896484,88320798,1.23179745674133
"2014-09-03",2.28200006484985,2.34200000762939,2.28200006484985,2.32999992370605,157733450,1.26770675182343
"2014-09-04",2.32399988174438,2.46799993515015,2.31599998474121,2.46000003814697,331199224,1.33843696117401
"2014-09-05",2.47199988365173,2.49600005149841,2.44000005722046,2.45799994468689,229326313,1.33734881877899
"2014-09-08",2.4760000705719,2.49200010299683,2.43199992179871,2.46000003814697,108348488,1.33843696117401
"2014-09-09",2.45000004768372,2.47399997711182,2.43400001525879,2.43799996376038,111640882,1.3264673948288
"2014-09-10",2.42600011825562,2.45799994468689,2.41400003433228,2.44199991226196,107548488,1.32864356040955
"2014-09-11",2.45600008964539,2.46199989318848,2.42000007629395,2.44600009918213,96088659,1.33081984519958
"2014-09-12",2.44799995422363,2.45600008964539,2.41000008583069,2.42199993133545,92984100,1.31776201725006
"2014-09-15",2.41000008583069,2.44199991226196,2.40000009536743,2.42600011825562,100275781,1.31993865966797
"2014-09-16",2.43199992179871,2.43199992179871,2.37800002098083,2.40799999237061,114014328,1.31014478206635
"2014-09-17",2.42199993133545,2.46399998664856,2.41400003433228,2.46000003814697,114630286,1.33843696117401
"2014-09-18",2.46799993515015,2.50399994850159,2.45600008964539,2.46600008010864,171575227,1.34170150756836
"2014-09-19",2.49000000953674,2.49399995803833,2.41599988937378,2.41799998283386,195397556,1.31558573246002
"2014-09-22",2.40400004386902,2.43799996376038,2.39599990844727,2.41000008583069,109740897,1.31123316287994
"2014-09-23",2.40199995040894,2.40599989891052,2.36400008201599,2.3659999370575,117874160,1.28729331493378
"2014-09-24",2.35999989509583,2.41000008583069,2.32999992370605,2.41000008583069,134015442,1.31123316287994
"2014-09-25",2.42000007629395,2.43600010871887,2.35199999809265,2.36400008201599,170727419,1.28620541095734
"2014-09-26",2.36400008201599,2.43400001525879,2.35400009155273,2.42799997329712,127856645,1.32102644443512
"2014-09-29",2.42199993133545,2.43199992179871,2.34599995613098,2.38000011444092,117362786,1.29491078853607
"2014-09-30",2.3840000629425,2.41599988937378,2.37599992752075,2.40599989891052,142675222,1.30905663967133
"2014-10-01",2.39400005340576,2.42400002479553,2.39199995994568,2.39800000190735,120804369,1.30470418930054
"2014-10-02",2.40000009536743,2.40799999237061,2.26600003242493,2.26600003242493,238308292,1.23288571834564
"2014-10-03",2.29399991035461,2.33800005912781,2.27600002288818,2.33200001716614,123734061,1.26879477500916
"2014-10-06",2.34999990463257,2.37199997901917,2.32999992370605,2.33200001716614,114684867,1.26879477500916
"2014-10-07",2.3199999332428,2.33800005912781,2.2739999294281,2.28399991989136,137339455,1.24267876148224
"2014-10-08",2.26399993896484,2.31399989128113,2.25999999046326,2.27600002288818,143384661,1.23832643032074
"2014-10-09",2.30399990081787,2.30999994277954,2.19000005722046,2.21000003814697,221148362,1.20241713523865
"2014-10-10",2.1800000667572,2.26399993896484,2.17400002479553,2.20600008964539,202071159,1.20024073123932
"2014-10-13",2.1800000667572,2.27999997138977,2.17400002479553,2.2260000705719,207186095,1.21112239360809
"2014-10-14",2.22000002861023,2.26200008392334,2.17799997329712,2.25600004196167,220278357,1.22744476795197
"2014-10-15",2.25399994850159,2.26799988746643,2.10999989509583,2.12400007247925,258128000,1.15562629699707
"2014-10-16",2.14400005340576,2.16400003433228,2.00200009346008,2.09999990463257,345642959,1.14256799221039
"2014-10-17",2.10199999809265,2.20600008964539,2.07200002670288,2.19199991226196,283505458,1.1926234960556
"2014-10-20",2.19600009918213,2.23399996757507,2.16000008583069,2.17400002479553,166091956,1.18283021450043
"2014-10-21",2.16199994087219,2.2739999294281,2.16199994087219,2.2739999294281,220473840,1.23723816871643
"2014-10-22",2.28399991989136,2.30399990081787,2.24000000953674,2.30399990081787,189940055,1.25356078147888
"2014-10-23",2.29200005531311,2.33800005912781,2.27600002288818,2.3199999332428,187015186,1.26226568222046
"2014-10-24",2.31399989128113,2.35999989509583,2.2960000038147,2.35599994659424,175558836,1.28185272216797
"2014-10-27",2.42799997329712,2.4300000667572,2.25,2.28200006484985,246510431,1.24159061908722
"2014-10-28",2.30399990081787,2.33999991416931,2.29200005531311,2.33599996566772,122875205,1.27097117900848
"2014-10-29",2.34200000762939,2.34999990463257,2.23600006103516,2.24799990653992,159319472,1.22309195995331
"2014-10-30",2.26399993896484,2.27800011634827,2.15199995040894,2.25,247123483,1.22418034076691
"2014-10-31",2.29800009727478,2.34599995613098,2.25600004196167,2.33800005912781,193124794,1.2720593214035
"2014-11-03",2.33599996566772,2.35599994659424,2.27999997138977,2.27999997138977,149764483,1.24050259590149
"2014-11-04",2.2739999294281,2.30599999427795,2.18600010871887,2.19799995422363,190214328,1.19588804244995
"2014-11-05",2.21000003814697,2.26399993896484,2.18400001525879,2.25600004196167,175030542,1.22744476795197
"2014-11-06",2.24200010299683,2.32999992370605,2.20799994468689,2.24399995803833,251588045,1.22091567516327
"2014-11-07",2.25799989700317,2.25999999046326,2.1800000667572,2.21000003814697,188564640,1.20241713523865
"2014-11-10",2.19000005722046,2.24600005149841,2.16599988937378,2.24399995803833,167210417,1.22091567516327
"2014-11-11",2.24600005149841,2.31599998474121,2.21000003814697,2.24000000953674,215254793,1.21873939037323
"2014-11-12",2.23799991607666,2.23799991607666,2.14199995994568,2.15799999237061,216370830,1.17412507534027
"2014-11-13",2.17400002479553,2.19600009918213,2.11400008201599,2.17600011825562,195463300,1.18391835689545
"2014-11-14",2.18400001525879,2.22000002861023,2.16599988937378,2.21000003814697,159301548,1.20241713523865
"2014-11-17",2.18400001525879,2.27600002288818,2.17600011825562,2.24799990653992,162790827,1.22309195995331
"2014-11-18",2.25399994850159,2.28800010681152,2.24399995803833,2.26200008392334,148297054,1.23070931434631
"2014-11-19",2.25799989700317,2.30200004577637,2.24600005149841,2.28999996185303,151811151,1.24594354629517
"2014-11-20",2.28999996185303,2.28999996185303,2.2279999256134,2.25399994850159,150572120,1.22635650634766
"2014-11-21",2.26999998092651,2.36800003051758,2.25799989700317,2.36400008201599,239649766,1.28620541095734
"2014-11-24",2.3659999370575,2.42799997329712,2.35400009155273,2.38800001144409,223534242,1.29926347732544
"2014-11-25",2.38199996948242,2.46000003814697,2.38199996948242,2.4300000667572,200196015,1.32211470603943
"2014-11-26",2.44000005722046,2.45799994468689,2.39800000190735,2.40599989891052,135863232,1.30905663967133
"2014-11-27",2.41400003433228,2.45799994468689,2.40599989891052,2.4539999961853,122604372,1.33517253398895
"2014-11-28",2.46399998664856,2.48600006103516,2.44600009918213,2.4779999256134,140858183,1.34823048114777
"2014-12-01",2.45199990272522,2.47399997711182,2.38000011444092,2.40000009536743,213204354,1.30579233169556
"2014-12-02",2.41799998283386,2.44400000572205,2.37800002098083,2.40599989891052,149917813,1.30905663967133
"2014-12-03",2.41799998283386,2.45000004768372,2.40400004386902,2.44000005722046,117880568,1.32755541801453
"2014-12-04",2.4539999961853,2.4760000705719,2.35599994659424,2.35599994659424,255733026,1.28185272216797
"2014-12-05",2.39000010490417,2.5220000743866,2.39000010490417,2.5220000743866,259078927,1.37217020988464
"2014-12-08",2.5,2.58599996566772,2.48600006103516,2.55399990081787,181615698,1.38958048820496
"2014-12-09",2.51999998092651,2.56399989128113,2.49200010299683,2.50200009346008,261733236,1.36128866672516
"2014-12-10",2.51200008392334,2.5220000743866,2.46000003814697,2.48799991607666,238599588,1.35367107391357
"2014-12-11",2.47399997711182,2.52800011634827,2.46199989318848,2.5,189635654,1.36020040512085
"2014-12-12",2.48000001907349,2.50999999046326,2.44600009918213,2.44600009918213,191865089,1.33081984519958
"2014-12-15",2.4539999961853,2.47199988365173,2.32800006866455,2.33999991416931,229474707,1.27314746379852
"2014-12-16",2.35400009155273,2.44600009918213,2.25399994850159,2.44600009918213,394921013,1.33081984519958
"2014-12-17",2.40000009536743,2.43799996376038,2.35199999809265,2.41599988937378,197977040,1.314497590065
"2014-12-18",2.46000003814697,2.50799989700317,2.45600008964539,2.49799990653992,222505730,1.35911190509796
"2014-12-19",2.51600003242493,2.5239999294281,2.39199995994568,2.43600010871887,278556326,1.32537937164307
"2014-12-22",2.46000003814697,2.48399996757507,2.44400000572205,2.48000001907349,92737018,1.34931862354279
"2014-12-23",2.48200011253357,2.49600005149841,2.4539999961853,2.49600005149841,88861287,1.35802400112152
"2014-12-29",2.49200010299683,2.49799990653992,2.38800001144409,2.43799996376038,131995059,1.3264673948288
"2014-12-30",2.43400001525879,2.46000003814697,2.42000007629395,2.42199993133545,76387434,1.31776201725006
"2015-01-02",2.45000004768372,2.4760000705719,2.4300000667572,2.4539999961853,120095860,1.33517253398895
"2015-01-05",2.44000005722046,2.46399998664856,2.30800008773804,2.30800008773804,196551153,1.25573694705963
"2015-01-06",2.3199999332428,2.36999988555908,2.27600002288818,2.27600002288818,176500529,1.23832643032074
"2015-01-07",2.28800010681152,2.30599999427795,2.21600008010864,2.24799990653992,201297976,1.22309195995331
"2015-01-08",2.28999996185303,2.38000011444092,2.25600004196167,2.37199997901917,215791154,1.29055798053741
"2015-01-09",2.34999990463257,2.3840000629425,2.24600005149841,2.27600002288818,226851496,1.23832643032074
"2015-01-12",2.2960000038147,2.33200001716614,2.25999999046326,2.32599997520447,129799550,1.2655303478241
"2015-01-13",2.31599998474121,2.41000008583069,2.30599999427795,2.39599990844727,143962737,1.30361592769623
"2015-01-14",2.34999990463257,2.44799995422363,2.34599995613098,2.39199995994568,189312898,1.30143964290619
"2015-01-15",2.42400002479553,2.48799991607666,2.32999992370605,2.46199989318848,240827525,1.3395254611969
"2015-01-16",2.44799995422363,2.49799990653992,2.44199991226196,2.49799990653992,203606739,1.35911190509796
"2015-01-19",2.5,2.54999995231628,2.48200011253357,2.52999997138977,152501025,1.37652266025543
"2015-01-20",2.53200006484985,2.56800007820129,2.53200006484985,2.56399989128113,171001511,1.39502131938934
"2015-01-21",2.57999992370605,2.58599996566772,2.48000001907349,2.55399990081787,210406057,1.38958048820496
"2015-01-22",2.55399990081787,2.6340000629425,2.52800011634827,2.60800004005432,318876915,1.41896080970764
"2015-01-23",2.63000011444092,2.6800000667572,2.59200000762939,2.61400008201599,247738573,1.4222252368927
"2015-01-26",2.58200001716614,2.63800001144409,2.5460000038147,2.63000011444092,138068116,1.43093085289001
"2015-01-27",2.62599992752075,2.63599991798401,2.57399988174438,2.62199997901917,144052402,1.42657816410065
"2015-01-28",2.6340000629425,2.64599990844727,2.57999992370605,2.58999991416931,162358280,1.40916728973389
"2015-01-29",2.57800006866455,2.6340000629425,2.54999995231628,2.62199997901917,185732297,1.42657816410065
"2015-01-30",2.63800001144409,2.63800001144409,2.57999992370605,2.59800004959106,167453839,1.41352021694183
"2015-02-02",2.58800005912781,2.59400010108948,2.50999999046326,2.56399989128113,170374292,1.39502131938934
"2015-02-03",2.57800006866455,2.64000010490417,2.57200002670288,2.64000010490417,181785654,1.43637144565582
"2015-02-04",2.64000010490417,2.64400005340576,2.58800005912781,2.6159999370575,142209853,1.42331373691559
"2015-02-05",2.57999992370605,2.59200000762939,2.55599999427795,2.57399988174438,127882000,1.40046215057373
"2015-02-06",2.57800006866455,2.59599995613098,2.55599999427795,2.57399988174438,103356188,1.40046215057373
"2015-02-09",2.54200005531311,2.54800009727478,2.47199988365173,2.49000000953674,173482049,1.35475981235504
"2015-02-10",2.5,2.6159999370575,2.49600005149841,2.58999991416931,200167394,1.40916728973389
"2015-02-11",2.59200000762939,2.61800003051758,2.58200001716614,2.59999990463257,135521450,1.41460800170898
"2015-02-12",2.60400009155273,2.73799991607666,2.59800004959106,2.73200011253357,253224104,1.48642683029175
"2015-02-13",2.75,2.82399988174438,2.74200010299683,2.81800007820129,225229697,1.53321778774261
"2015-02-16",2.80599999427795,2.82800006866455,2.78200006484985,2.79200005531311,88414989,1.51907157897949
"2015-02-17",2.77999997138977,2.84400010108948,2.74399995803833,2.83999991416931,148057515,1.54518747329712
"2015-02-18",2.87599992752075,2.90599989891052,2.86199998855591,2.88800001144409,156215877,1.57130336761475
"2015-02-19",2.88599991798401,2.90199995040894,2.84599995613098,2.89000010490417,186256111,1.57239174842834
"2015-02-20",2.86400008201599,2.90400004386902,2.84400010108948,2.90400004386902,182569948,1.58000874519348
"2015-02-23",2.93400001525879,2.95000004768372,2.89199995994568,2.91799998283386,140333471,1.58762586116791
"2015-02-24",2.91799998283386,2.93400001525879,2.87400007247925,2.92199993133545,126645205,1.58980214595795
"2015-02-25",2.91599988937378,2.92000007629395,2.84599995613098,2.87800002098083,129303354,1.56586241722107
"2015-02-26",2.87800002098083,2.95000004768372,2.87800002098083,2.94600009918213,130543572,1.60285997390747
"2015-02-27",2.94199991226196,2.99600005149841,2.94000005722046,2.98399996757507,207379001,1.62353491783142
"2015-03-02",3,3.02600002288818,2.93400001525879,2.94600009918213,142365433,1.60285997390747
"2015-03-03",2.96399998664856,2.96600008010864,2.88199996948242,2.89400005340576,126742189,1.57456791400909
"2015-03-04",2.90799999237061,2.91400003433228,2.84200000762939,2.89000010490417,145600180,1.57239174842834
"2015-03-05",2.90599989891052,2.95600008964539,2.89000010490417,2.95000004768372,131977730,1.60503661632538
"2015-03-06",2.95600008964539,2.98200011253357,2.94799995422363,2.96000003814697,112345711,1.6104770898819
"2015-03-09",2.95199990272522,2.99799990653992,2.92600011825562,2.98600006103516,141814933,1.62462294101715
"2015-03-10",2.98600006103516,3,2.96000003814697,2.97399997711182,127267779,1.61809420585632
"2015-03-11",2.98000001907349,3.01799988746643,2.9760000705719,3.01799988746643,147380304,1.64203357696533
"2015-03-12",3.0220000743866,3.05200004577637,3.01600003242493,3.03999996185303,124124667,1.65400373935699
"2015-03-13",3.05599999427795,3.07399988174438,3.0220000743866,3.04800009727478,91202230,1.6583559513092
"2015-03-16",3.05999994277954,3.15799999237061,3.05999994277954,3.14199995994568,158763084,1.70949959754944
"2015-03-17",3.15000009536743,3.15400004386902,3.06599998474121,3.10400009155273,115338922,1.68882477283478
"2015-03-18",3.10599994659424,3.1159999370575,3.00600004196167,3.0239999294281,181693701,1.64529824256897
"2015-03-19",3.03399991989136,3.0699999332428,3.01799988746643,3.03399991989136,132152533,1.65073919296265
"2015-03-20",3.05800008773804,3.12599992752075,3.01799988746643,3.12599992752075,171614414,1.70079445838928
"2015-03-23",3.12599992752075,3.1340000629425,3.09200000762939,3.09400010108948,95923750,1.68338406085968
"2015-03-24",3.08999991416931,3.2260000705719,3.07999992370605,3.20000004768372,150769633,1.74105644226074
"2015-03-25",3.20600008964539,3.24000000953674,3.16199994087219,3.16799998283386,111321810,1.72364604473114
"2015-03-26",3.14000010490417,3.15400004386902,3.07999992370605,3.13000011444092,132736679,1.70297086238861
"2015-03-27",3.15400004386902,3.16199994087219,3.08999991416931,3.14000010490417,104849190,1.70841181278229
"2015-03-30",3.14599990844727,3.21600008010864,3.13599991798401,3.20600008964539,117243804,1.7443208694458
"2015-03-31",3.20799994468689,3.21799993515015,3.15799999237061,3.16599988937378,130104216,1.72255766391754
"2015-04-01",3.15799999237061,3.22000002861023,3.15400004386902,3.20199990272522,134906877,1.74214434623718
"2015-04-02",3.22000002861023,3.22000002861023,3.16799998283386,3.18199992179871,86765416,1.73126268386841
"2015-04-07",3.20799994468689,3.24000000953674,3.20000004768372,3.22399997711182,99816866,1.75411450862885
"2015-04-08",3.21600008010864,3.23600006103516,3.1800000667572,3.19400000572205,85184150,1.73779189586639
"2015-04-09",3.19600009918213,3.21600008010864,3.18400001525879,3.19799995422363,76550555,1.73996806144714
"2015-04-10",3.20600008964539,3.20799994468689,3.15799999237061,3.18400001525879,90799447,1.73235070705414
"2015-04-13",3.18799996376038,3.20199990272522,3.18199992179871,3.19600009918213,58264392,1.73888027667999
"2015-04-14",3.19000005722046,3.20600008964539,3.09400010108948,3.11400008201599,141200681,1.69426560401917
"2015-04-15",3.13000011444092,3.18600010871887,3.11800003051758,3.17000007629395,98179455,1.72473394870758
"2015-04-16",3.18199992179871,3.18400001525879,3.07599997520447,3.09800004959106,147619389,1.68556010723114
"2015-04-17",3.08999991416931,3.13000011444092,2.96399998664856,2.98399996757507,201703933,1.62353491783142
"2015-04-20",2.98000001907349,3.06399989128113,2.97399997711182,3.05800008773804,116553813,1.66379702091217
"2015-04-21",3.08200001716614,3.10400009155273,2.99200010299683,3.03200006484985,142036531,1.64965093135834
"2015-04-22",3.05800008773804,3.10800004005432,3.04399991035461,3.07200002670288,143532288,1.67141437530518
"2015-04-23",3.09400010108948,3.10400009155273,3.00799989700317,3.04399991035461,119475179,1.65618002414703
"2015-04-24",3.0699999332428,3.12800002098083,2.98799991607666,3.07599997520447,170802073,1.67359042167664
"2015-04-27",3.09200000762939,3.15799999237061,3.03200006484985,3.15599989891052,132355113,1.71711659431458
"2015-04-28",3.14599990844727,3.15400004386902,3.07399988174438,3.08800005912781,115609214,1.68011951446533
"2015-04-29",3.09999990463257,3.10599994659424,2.99799990653992,2.99799990653992,153780641,1.63115227222443
"2015-04-30",3.00799989700317,3.04800009727478,2.97000002861023,3.01600003242493,156729176,1.64094543457031
"2015-05-04",3.03600001335144,3.08599996566772,2.98399996757507,3.04999995231628,97594383,1.65944445133209
"2015-05-05",3.03999996185303,3.08400011062622,2.95000004768372,2.95199990272522,137699003,1.60612440109253
"2015-05-06",2.94199991226196,3.03399991989136,2.93600010871887,3.00999999046326,145636457,1.63768100738525
"2015-05-07",2.99799990653992,3.07800006866455,2.96199989318848,3.07399988174438,137385674,1.67250239849091
"2015-05-08",3.08800005912781,3.14599990844727,3.06599998474121,3.14599990844727,131118938,1.71167576313019
"2015-05-11",3.15000009536743,3.24000000953674,3.11999988555908,3.20600008964539,196796561,1.7443208694458
"2015-05-12",3.23000001907349,3.23200011253357,3.16400003433228,3.20199990272522,234544777,1.74214434623718
"2015-05-13",3.23200011253357,3.28200006484985,3.22199988365173,3.2720000743866,238062956,1.78023016452789
"2015-05-14",3.26600003242493,3.29399991035461,3.23200011253357,3.28999996185303,224068563,1.79002356529236
"2015-05-15",3.28399991989136,3.35400009155273,3.26999998092651,3.32399988174438,195759387,1.80852198600769
"2015-05-18",3.2720000743866,3.29200005531311,3.20799994468689,3.24399995803833,126420806,1.80296456813812
"2015-05-19",3.2739999294281,3.34200000762939,3.26799988746643,3.34200000762939,142911542,1.85743129253387
"2015-05-20",3.33999991416931,3.37199997901917,3.33400011062622,3.34999990463257,111189674,1.86187767982483
"2015-05-21",3.34400010108948,3.35800004005432,3.31800007820129,3.33999991416931,115765639,1.85631966590881
"2015-05-22",3.32599997520447,3.35999989509583,3.32599997520447,3.34999990463257,61777662,1.86187767982483
"2015-05-25",3.32599997520447,3.32599997520447,3.26200008392334,3.27999997138977,52861767,1.82297253608704
"2015-05-26",3.26399993896484,3.31599998474121,3.25,3.25799989700317,152362568,1.81074523925781
"2015-05-27",3.27800011634827,3.37599992752075,3.27600002288818,3.36800003051758,198703745,1.87188184261322
"2015-05-28",3.35199999809265,3.37400007247925,3.32200002670288,3.35199999809265,93809258,1.86298906803131
"2015-05-29",3.35199999809265,3.3659999370575,3.28200006484985,3.28200006484985,127087177,1.82408463954926
"2015-06-01",3.29999995231628,3.33999991416931,3.2720000743866,3.27999997138977,94137348,1.82297253608704
"2015-06-02",3.30999994277954,3.35199999809265,3.27999997138977,3.30599999427795,119056308,1.83742320537567
"2015-06-03",3.30599999427795,3.35999989509583,3.28999996185303,3.32399988174438,109212031,1.84742712974548
"2015-06-04",3.30599999427795,3.33800005912781,3.28399991989136,3.29999995231628,109995458,1.83408856391907
"2015-06-05",3.2739999294281,3.28999996185303,3.19000005722046,3.21199989318848,136385102,1.78517925739288
"2015-06-08",3.20199990272522,3.2279999256134,3.17600011825562,3.17600011825562,71088158,1.76517105102539
"2015-06-09",3.16599988937378,3.2039999961853,3.10199999809265,3.15599989891052,88295495,1.75405514240265
"2015-06-10",3.15599989891052,3.28800010681152,3.13199996948242,3.26999998092651,110723071,1.81741487979889
"2015-06-11",3.25399994850159,3.33400011062622,3.24399995803833,3.28800010681152,103451427,1.82741892337799
"2015-06-12",3.28600001335144,3.31800007820129,3.20000004768372,3.25399994850159,113099759,1.80852246284485
"2015-06-15",3.19000005722046,3.19600009918213,3.13199996948242,3.15000009536743,111679014,1.75072073936462
"2015-06-16",3.12599992752075,3.17600011825562,3.08200001716614,3.15400004386902,126416495,1.75294399261475
"2015-06-17",3.15400004386902,3.19799995422363,3.1159999370575,3.12599992752075,111721110,1.73738181591034
"2015-06-18",3.12400007247925,3.1800000667572,3.05800008773804,3.1800000667572,136907955,1.7673944234848
"2015-06-19",3.17000007629395,3.24600005149841,3.15000009536743,3.22199988365173,150050246,1.79073703289032
"2015-06-22",3.29999995231628,3.38599991798401,3.2960000038147,3.38599991798401,172561361,1.88188576698303
"2015-06-23",3.42799997329712,3.45600008964539,3.40199995040894,3.41599988937378,124272591,1.89855933189392
"2015-06-24",3.43400001525879,3.44000005722046,3.32999992370605,3.38800001144409,122219806,1.88299763202667
"2015-06-25",3.35999989509583,3.48000001907349,3.35599994659424,3.45199990272522,146431782,1.91856777667999
"2015-06-26",3.43600010871887,3.50200009346008,3.40599989891052,3.4779999256134,116663441,1.93301784992218
"2015-06-29",3.19000005722046,3.35400009155273,3.18199992179871,3.26600003242493,217674521,1.81519174575806
"2015-06-30",3.24000000953674,3.33599996566772,3.23399996757507,3.25200009346008,176695898,1.8074107170105
"2015-07-01",3.27600002288818,3.3840000629425,3.26799988746643,3.34400010108948,166311279,1.85854268074036
"2015-07-02",3.34999990463257,3.37400007247925,3.25799989700317,3.25799989700317,102173023,1.81074523925781
"2015-07-03",3.25,3.30599999427795,3.22000002861023,3.24399995803833,84715435,1.80296456813812
"2015-07-06",3.15000009536743,3.16599988937378,3.04200005531311,3.04999995231628,198541043,1.69514226913452
"2015-07-07",3.0699999332428,3.10599994659424,2.96199989318848,2.96199989318848,174216140,1.6462334394455
"2015-07-08",2.96000003814697,3.08200001716614,2.92400002479553,3.06800007820129,145172628,1.70514643192291
"2015-07-09",3.08999991416931,3.22399997711182,3.07800006866455,3.21000003814697,149795710,1.7840678691864
"2015-07-10",3.33599996566772,3.35199999809265,3.2960000038147,3.35199999809265,163032858,1.86298906803131
"2015-07-13",3.38800001144409,3.44000005722046,3.34599995613098,3.41599988937378,153860647,1.89855933189392
"2015-07-14",3.41000008583069,3.4300000667572,3.37400007247925,3.41199994087219,93792609,1.89633643627167
"2015-07-15",3.41400003433228,3.46199989318848,3.41199994087219,3.46199989318848,111557471,1.92412507534027
"2015-07-16",3.49600005149841,3.54399991035461,3.48200011253357,3.53600001335144,129312588,1.96525359153748
"2015-07-17",3.54999995231628,3.55999994277954,3.5239999294281,3.55800008773804,101167385,1.97748053073883
"2015-07-20",3.56399989128113,3.65400004386902,3.55999994277954,3.59599995613098,109824102,1.99860048294067
"2015-07-21",3.61199998855591,3.6340000629425,3.50200009346008,3.51399993896484,103314513,1.95302617549896
"2015-07-22",3.49000000953674,3.55399990081787,3.48399996757507,3.50999999046326,89567763,1.95080304145813
"2015-07-23",3.54200005531311,3.56800007820129,3.50999999046326,3.50999999046326,74829350,1.95080304145813
"2015-07-24",3.50799989700317,3.55399990081787,3.49200010299683,3.52600002288818,87184845,1.95969581604004
"2015-07-27",3.47399997711182,3.48399996757507,3.35999989509583,3.35999989509583,150866495,1.86743569374084
"2015-07-28",3.3840000629425,3.4539999961853,3.3840000629425,3.44600009918213,91163044,1.9152330160141
"2015-07-29",3.47000002861023,3.4779999256134,3.38800001144409,3.43799996376038,76345327,1.91078674793243
"2015-07-30",3.47000002861023,3.4760000705719,3.41799998283386,3.45799994468689,71854187,1.92190229892731
"2015-07-31",3.46000003814697,3.53399991989136,3.43400001525879,3.50200009346008,127080431,1.94635713100433
"2015-08-03",3.51799988746643,3.5460000038147,3.49200010299683,3.52999997138977,86388458,1.961918592453
"2015-08-04",3.51999998092651,3.5239999294281,3.40199995040894,3.43799996376038,130982816,1.91078674793243
"2015-08-05",3.45600008964539,3.48000001907349,3.40000009536743,3.45600008964539,114813919,1.92079079151154
"2015-08-06",3.45600008964539,3.50600004196167,3.4300000667572,3.4779999256134,95729304,1.93301784992218
"2015-08-07",3.4779999256134,3.48399996757507,3.43600010871887,3.43600010871887,60625093,1.90967488288879
"2015-08-10",3.4779999256134,3.49399995803833,3.42199993133545,3.48600006103516,55123719,1.93746435642242
"2015-08-11",3.48600006103516,3.50600004196167,3.45799994468689,3.46600008010864,81171515,1.92634880542755
"2015-08-12",3.44799995422363,3.44799995422363,3.33999991416931,3.35800004005432,131581036,1.86632406711578
"2015-08-13",3.41000008583069,3.46399998664856,3.39800000190735,3.41599988937378,112997600,1.89855933189392
"2015-08-14",3.42199993133545,3.45199990272522,3.36400008201599,3.38800001144409,71227491,1.88299763202667
"2015-08-17",3.41400003433228,3.44199991226196,3.38199996948242,3.42799997329712,68309684,1.90522873401642
"2015-08-18",3.42199993133545,3.46799993515015,3.41400003433228,3.46000003814697,66537485,1.92301416397095
"2015-08-19",3.43199992179871,3.45600008964539,3.40199995040894,3.40199995040894,79082413,1.89077842235565
"2015-08-20",3.39000010490417,3.42799997329712,3.27800011634827,3.27999997138977,126733979,1.82297253608704
"2015-08-21",3.2039999961853,3.28800010681152,3.16199994087219,3.16199994087219,138896056,1.75739014148712
"2015-08-24",3.0239999294281,3.12400007247925,2.88800001144409,2.96799993515015,253567030,1.64956784248352
"2015-08-25",3.03399991989136,3.22000002861023,3,3.21199989318848,228064968,1.78517925739288
"2015-08-26",3.17400002479553,3.26200008392334,3.14199995994568,3.23000001907349,137337468,1.79518330097198
"2015-08-27",3.29800009727478,3.33400011062622,3.27600002288818,3.30999994277954,143184698,1.83964610099792
"2015-08-28",3.3199999332428,3.32800006866455,3.21600008010864,3.24399995803833,91485145,1.80296456813812
"2015-08-31",3.20600008964539,3.25399994850159,3.20000004768372,3.25399994850159,58415632,1.80852246284485
"2015-09-01",3.21799993515015,3.23799991607666,3.1340000629425,3.15799999237061,127427923,1.755166888237
"2015-09-02",3.18199992179871,3.26200008392334,3.17600011825562,3.23600006103516,114835491,1.79851841926575
"2015-09-03",3.25799989700317,3.31800007820129,3.24799990653992,3.29399991035461,127284194,1.83075332641602
"2015-09-04",3.25,3.25600004196167,3.13000011444092,3.14000010490417,165944031,1.74516308307648
"2015-09-07",3.1800000667572,3.18799996376038,3.1159999370575,3.14000010490417,62303967,1.74516308307648
"2015-09-08",3.17000007629395,3.24600005149841,3.16599988937378,3.20799994468689,99527219,1.78295600414276
"2015-09-09",3.28600001335144,3.29399991035461,3.21000003814697,3.21000003814697,106514616,1.7840678691864
"2015-09-10",3.1800000667572,3.23200011253357,3.17000007629395,3.2039999961853,79915169,1.78073275089264
"2015-09-11",3.23000001907349,3.23200011253357,3.15000009536743,3.16199994087219,76990184,1.75739014148712
"2015-09-14",3.17799997329712,3.18799996376038,3.10599994659424,3.10599994659424,85922600,1.72626602649689
"2015-09-15",3.11400008201599,3.19400000572205,3.10800004005432,3.17199993133545,95360399,1.76294791698456
"2015-09-16",3.21000003814697,3.22199988365173,3.15400004386902,3.17199993133545,86516096,1.76294791698456
"2015-09-17",3.17600011825562,3.21000003814697,3.17000007629395,3.20000004768372,78562383,1.77851009368896
"2015-09-18",3.18600010871887,3.18600010871887,3.07999992370605,3.07999992370605,193489019,1.71181583404541
"2015-09-21",3.07399988174438,3.18799996376038,3.07200002670288,3.16000008583069,118321032,1.75627851486206
"2015-09-22",3.16400003433228,3.17400002479553,3.07200002670288,3.07399988174438,118001173,1.70848119258881
"2015-09-23",3.08400011062622,3.12800002098083,3.05200004577637,3.05999994277954,105571520,1.70070016384125
"2015-09-24",3.06800007820129,3.1159999370575,3.00399994850159,3.01999998092651,119090200,1.67846870422363
"2015-09-25",3.07999992370605,3.15400004386902,3.06200003623962,3.13000011444092,114540342,1.73960518836975
"2015-09-28",3.1159999370575,3.12599992752075,3.05599999427795,3.06599998474121,88667610,1.70403480529785
"2015-09-29",3.01799988746643,3.09400010108948,3.00799989700317,3.06599998474121,98233334,1.70403480529785
"2015-09-30",3.1159999370575,3.16400003433228,3.09999990463257,3.15599989891052,108342435,1.75405514240265
"2015-10-01",3.18799996376038,3.18799996376038,3.08400011062622,3.11999988555908,109113066,1.73404693603516
"2015-10-02",3.16400003433228,3.20000004768372,3.10800004005432,3.14800000190735,119122830,1.74960923194885
"2015-10-05",3.19799995422363,3.25,3.18199992179871,3.2279999256134,123048587,1.7940719127655
"2015-10-06",3.2279999256134,3.26399993896484,3.20600008964539,3.26399993896484,83154280,1.814080119133
"2015-10-07",3.26999998092651,3.27600002288818,3.17000007629395,3.17000007629395,147466078,1.76183652877808
"2015-10-08",3.17600011825562,3.20799994468689,3.16799998283386,3.18400001525879,81958321,1.76961731910706
"2015-10-09",3.21000003814697,3.21600008010864,3.16599988937378,3.18600010871887,91575915,1.77072894573212
"2015-10-12",3.18400001525879,3.19199991226196,3.12400007247925,3.17400002479553,70173039,1.76405954360962
"2015-10-13",3.16400003433228,3.20600008964539,3.1159999370575,3.18199992179871,75533282,1.76850545406342
"2015-10-14",3.16000008583069,3.19199991226196,3.14400005340576,3.16199994087219,66087533,1.75739014148712
"2015-10-15",3.18600010871887,3.22399997711182,3.17400002479553,3.20799994468689,88358966,1.78295600414276
"2015-10-16",3.23200011253357,3.25799989700317,3.22199988365173,3.25600004196167,96101660,1.80963361263275
"2015-10-19",3.25999999046326,3.29399991035461,3.25600004196167,3.27999997138977,68465145,1.82297253608704
"2015-10-20",3.2739999294281,3.29800009727478,3.23000001907349,3.26200008392334,69948174,1.81296861171722
"2015-10-21",3.26799988746643,3.2739999294281,3.21000003814697,3.22199988365173,69760268,1.79073703289032
"2015-10-22",3.21000003814697,3.24200010299683,3.18199992179871,3.24000000953674,110222116,1.80074143409729
"2015-10-23",3.25799989700317,3.2720000743866,3.21600008010864,3.21600008010864,115048337,1.78740274906158
"2015-10-26",3.20600008964539,3.23799991607666,3.19600009918213,3.21000003814697,56824987,1.7840678691864
"2015-10-27",3.21000003814697,3.25999999046326,3.2039999961853,3.22000002861023,62268312,1.78962564468384
"2015-10-28",3.23000001907349,3.27999997138977,3.2260000705719,3.2720000743866,68461411,1.8185259103775
"2015-10-29",3.28999996185303,3.2960000038147,3.18199992179871,3.21799993515015,102822344,1.78851389884949
"2015-10-30",3.22399997711182,3.23200011253357,3.14599990844727,3.16799998283386,101649337,1.76072525978088
"2015-11-02",3.15599989891052,3.21199989318848,3.13599991798401,3.1800000667572,83134443,1.7673944234848
"2015-11-03",3.18600010871887,3.2279999256134,3.03800010681152,3.14400005340576,213991707,1.74738609790802
"2015-11-04",3.16000008583069,3.17000007629395,3.06800007820129,3.07599997520447,125762944,1.70959258079529
"2015-11-05",3.09200000762939,3.1340000629425,3.0460000038147,3.09200000762939,96875908,1.71848511695862
"2015-11-06",3.08999991416931,3.17799997329712,3.08200001716614,3.17600011825562,103779922,1.76517105102539
"2015-11-09",3.16799998283386,3.18799996376038,3.11800003051758,3.11800003051758,62850822,1.73293542861938
"2015-11-10",3.12800002098083,3.17000007629395,3.10800004005432,3.16799998283386,65115580,1.76072525978088
"2015-11-11",3.17000007629395,3.20600008964539,3.14800000190735,3.16199994087219,70817968,1.75739014148712
"2015-11-12",3.16000008583069,3.19400000572205,3.1159999370575,3.12199997901917,84079225,1.7351588010788
"2015-11-13",3.10800004005432,3.14000010490417,3.06200003623962,3.12400007247925,83774537,1.7362699508667
"2015-11-16",3.08599996566772,3.15199995040894,3.08400011062622,3.13000011444092,60303499,1.73960518836975
"2015-11-17",3.15799999237061,3.17799997329712,3.14400005340576,3.17000007629395,70963801,1.76183652877808
"2015-11-18",3.16599988937378,3.17400002479553,3.11400008201599,3.11999988555908,66194294,1.73404693603516
"2015-11-19",3.15199995040894,3.18199992179871,3.13599991798401,3.15400004386902,78573217,1.75294399261475
"2015-11-20",3.15199995040894,3.16799998283386,3.09200000762939,3.11400008201599,91602837,1.73071265220642
"2015-11-23",3.10400009155273,3.16000008583069,3.08800005912781,3.14800000190735,61717723,1.74960923194885
"2015-11-24",3.12199997901917,3.13599991798401,3.09400010108948,3.10800004005432,77753617,1.72737765312195
"2015-11-25",3.11999988555908,3.18799996376038,3.10599994659424,3.1800000667572,95624967,1.7673944234848
"2015-11-26",3.18400001525879,3.20799994468689,3.17000007629395,3.19600009918213,46318466,1.77628672122955
"2015-11-27",3.18199992179871,3.24600005149841,3.17199993133545,3.21399998664856,62668024,1.78629076480865
"2015-11-30",3.21399998664856,3.26999998092651,3.20799994468689,3.24799990653992,65002040,1.80518758296967
"2015-12-01",3.2739999294281,3.2960000038147,3.24000000953674,3.24000000953674,75096571,1.80074143409729
"2015-12-02",3.25399994850159,3.27800011634827,3.21399998664856,3.2260000705719,75784274,1.7929607629776
"2015-12-03",3.2279999256134,3.24799990653992,3.13199996948242,3.13199996948242,154860680,1.74071657657623
"2015-12-04",3.13000011444092,3.18199992179871,3.11999988555908,3.16599988937378,100243734,1.75961291790009
"2015-12-07",3.1800000667572,3.21799993515015,3.15599989891052,3.17000007629395,63276123,1.76183652877808
"2015-12-08",3.15799999237061,3.17199993133545,3.08800005912781,3.10999989509583,84700429,1.72848916053772
"2015-12-09",3.11400008201599,3.12800002098083,3.06200003623962,3.08999991416931,75564683,1.71737372875214
"2015-12-10",3.07599997520447,3.09200000762939,3.04800009727478,3.06399989128113,78624423,1.70292329788208
"2015-12-11",3.05399990081787,3.06599998474121,3.00399994850159,3.01799988746643,89617488,1.67735719680786
"2015-12-14",3.01999998092651,3.06399989128113,2.96199989318848,2.96199989318848,80537685,1.6462334394455
"2015-12-15",2.99000000953674,3.09599995613098,2.98600006103516,3.09599995613098,100662328,1.72070848941803
"2015-12-16",3.08800005912781,3.10199999809265,3.05399990081787,3.07399988174438,69041340,1.70848119258881
"2015-12-17",3.13000011444092,3.16000008583069,3.10199999809265,3.11999988555908,122460342,1.73404693603516
"2015-12-18",3.07399988174438,3.12599992752075,3.0699999332428,3.08800005912781,115265556,1.71626245975494
"2015-12-21",3.09400010108948,3.13000011444092,3.06599998474121,3.09999990463257,68336877,1.72293162345886
"2015-12-22",3.11800003051758,3.13199996948242,3.08200001716614,3.09999990463257,59197504,1.72293162345886
"2015-12-23",3.11800003051758,3.11999988555908,3.07999992370605,3.08999991416931,65743343,1.71737372875214
"2015-12-28",3.08200001716614,3.09599995613098,3.05200004577637,3.07399988174438,36591713,1.70848119258881
"2015-12-29",3.08999991416931,3.13599991798401,3.08999991416931,3.13199996948242,49548076,1.74071657657623
"2015-12-30",3.1159999370575,3.13199996948242,3.08599996566772,3.08800005912781,48024505,1.71626245975494
"2015-12-31",3.08800005912781,3.08800005912781,3.08800005912781,3.08800005912781,0,1.71626245975494
"2016-01-04",3.04999995231628,3.05800008773804,2.98200011253357,2.98200011253357,103103922,1.65734910964966
"2016-01-05",3.00399994850159,3.03999996185303,2.98600006103516,3.03999996185303,70473223,1.68958449363708
"2016-01-06",3.02800011634827,3.03999996185303,2.95799994468689,2.95799994468689,84184856,1.64400994777679
"2016-01-07",2.89000010490417,2.93600010871887,2.82399988174438,2.90799999237061,122691238,1.61622083187103
"2016-01-08",2.91400003433228,2.97000002861023,2.89800000190735,2.89800000190735,96943673,1.6106630563736
"2016-01-11",2.88800001144409,2.94799995422363,2.85800004005432,2.85800004005432,75364956,1.58843159675598
"2016-01-12",2.8659999370575,2.93799996376038,2.85199999809265,2.91599988937378,81961998,1.62066721916199
"2016-01-13",2.93600010871887,3.01600003242493,2.93600010871887,2.97000002861023,96167028,1.65067946910858
"2016-01-14",2.93400001525879,2.94799995422363,2.87599992752075,2.89400005340576,96205377,1.60844004154205
"2016-01-15",2.87599992752075,2.90199995040894,2.78200006484985,2.80200004577637,132187909,1.55730783939362
"2016-01-18",2.77999997138977,2.80800008773804,2.65199995040894,2.66199994087219,131261310,1.47949826717377
"2016-01-19",2.75799989700317,2.7739999294281,2.62199997901917,2.69000005722046,151784491,1.49506008625031
"2016-01-20",2.62599992752075,2.63599991798401,2.50600004196167,2.54200005531311,178220318,1.41280388832092
"2016-01-21",2.53600001335144,2.67400002479553,2.49200010299683,2.66599988937378,253498471,1.48172104358673
"2016-01-22",2.75200009346008,2.76799988746643,2.68799996376038,2.71399998664856,160479064,1.50839877128601
"2016-01-25",2.75399994850159,2.76200008392334,2.62400007247925,2.63800001144409,107039611,1.4661591053009
"2016-01-26",2.57800006866455,2.70799994468689,2.55999994277954,2.67400002479553,124257062,1.4861673116684
"2016-01-27",2.7039999961853,2.71799993515015,2.61800003051758,2.64800000190735,97353493,1.47171711921692
"2016-01-28",2.63800001144409,2.67799997329712,2.48399996757507,2.51399993896484,159433030,1.39724183082581
"2016-01-29",2.56800007820129,2.61999988555908,2.54399991035461,2.61800003051758,125636501,1.45504343509674
"2016-02-01",2.62400007247925,2.66000008583069,2.54200005531311,2.56200003623962,84715632,1.42391955852509
"2016-02-02",2.54999995231628,2.55999994277954,2.45600008964539,2.47399997711182,100676804,1.37501049041748
"2016-02-03",2.46000003814697,2.48600006103516,2.2739999294281,2.34400010108948,176874960,1.30275845527649
"2016-02-04",2.40799999237061,2.49200010299683,2.32800006866455,2.48000001907349,183695403,1.37834501266479
"2016-02-05",2.44400000572205,2.59999990463257,2.38199996948242,2.3840000629425,234890436,1.32498967647552
"2016-02-08",2.44799995422363,2.45199990272522,2.25200009346008,2.28800010681152,173369219,1.27163469791412
"2016-02-09",2.32800006866455,2.34200000762939,2.12400007247925,2.14599990844727,243231645,1.19271302223206
"2016-02-10",2.17199993133545,2.48000001907349,2.16199994087219,2.45600008964539,258422129,1.36500644683838
"2016-02-11",2.39400005340576,2.39599990844727,2.2739999294281,2.28800010681152,209024344,1.27163469791412
"2016-02-12",2.33999991416931,2.41400003433228,2.29399991035461,2.39599990844727,206377215,1.3316593170166
"2016-02-15",2.48000001907349,2.51999998092651,2.44600009918213,2.48000001907349,169290142,1.37834501266479
"2016-02-16",2.49399995803833,2.51399993896484,2.40400004386902,2.44000005722046,138471368,1.35611379146576
"2016-02-17",2.44400000572205,2.50799989700317,2.42000007629395,2.49799990653992,126647062,1.38834917545319
"2016-02-18",2.50799989700317,2.52999997138977,2.34599995613098,2.37599992752075,160137980,1.32054352760315
"2016-02-19",2.34200000762939,2.39400005340576,2.26999998092651,2.32800006866455,185115483,1.29386591911316
"2016-02-22",2.36800003051758,2.40599989891052,2.35800004005432,2.40400004386902,109536216,1.33610546588898
"2016-02-23",2.38199996948242,2.44600009918213,2.33999991416931,2.33999991416931,123900714,1.30053532123566
"2016-02-24",2.34200000762939,2.36400008201599,2.24399995803833,2.25999999046326,114284300,1.25607252120972
"2016-02-25",2.29999995231628,2.33800005912781,2.28399991989136,2.29999995231628,104551512,1.27830410003662
"2016-02-26",2.32999992370605,2.35999989509583,2.30599999427795,2.33800005912781,130890070,1.29942381381989
"2016-02-29",2.30200004577637,2.34200000762939,2.26399993896484,2.34200000762939,99851290,1.30164682865143
"2016-03-01",2.32200002670288,2.39599990844727,2.31800007820129,2.38599991798401,129626106,1.32610142230988
"2016-03-02",2.43600010871887,2.49000000953674,2.42400002479553,2.4760000705719,148899259,1.37612223625183
"2016-03-03",2.48600006103516,2.58200001716614,2.4760000705719,2.57599997520447,163056237,1.43170058727264
"2016-03-04",2.58599996566772,2.60999989509583,2.48799991607666,2.5239999294281,159165029,1.40279972553253
"2016-03-07",2.50399994850159,2.50799989700317,2.40199995040894,2.46399998664856,130748965,1.36945283412933
"2016-03-08",2.43600010871887,2.50799989700317,2.39400005340576,2.48600006103516,108089089,1.38168001174927
"2016-03-09",2.48000001907349,2.56399989128113,2.48000001907349,2.51600003242493,106543628,1.39835345745087
"2016-03-10",2.52600002288818,2.7279999256134,2.49000000953674,2.54399991035461,331293137,1.41391515731812
"2016-03-11",2.64800000190735,2.75,2.62400007247925,2.73399996757507,223051653,1.51951444149017
"2016-03-14",2.75799989700317,2.78600001335144,2.64000010490417,2.67799997329712,192360706,1.48839044570923
"2016-03-15",2.67199993133545,2.70799994468689,2.62800002098083,2.65000009536743,115814014,1.47282862663269
"2016-03-16",2.64800000190735,2.6800000667572,2.58200001716614,2.59200000762939,133655466,1.44059300422668
"2016-03-17",2.62199997901917,2.62400007247925,2.45600008964539,2.51999998092651,222281833,1.4005765914917
"2016-03-18",2.53200006484985,2.54800009727478,2.47399997711182,2.49200010299683,158554622,1.38501465320587
"2016-03-21",2.48799991607666,2.56599998474121,2.46600008010864,2.51799988746643,117695550,1.39946496486664
"2016-03-22",2.49799990653992,2.51600003242493,2.44000005722046,2.51600003242493,86147194,1.39835345745087
"2016-03-23",2.51999998092651,2.53999996185303,2.43400001525879,2.45000004768372,89569124,1.36167168617249
"2016-03-24",2.42799997329712,2.47000002861023,2.40199995040894,2.40799999237061,80677070,1.33832848072052
"2016-03-29",2.41199994087219,2.46199989318848,2.37800002098083,2.43400001525879,80777724,1.35277891159058
"2016-03-30",2.44000005722046,2.46600008010864,2.40400004386902,2.41799998283386,100172534,1.34388661384583
"2016-03-31",2.40000009536743,2.44400000572205,2.36199998855591,2.43400001525879,124602284,1.35277891159058
"2016-04-01",2.38599991798401,2.44600009918213,2.37199997901917,2.37199997901917,122268037,1.3183206319809
"2016-04-04",2.34999990463257,2.38800001144409,2.30999994277954,2.31200003623962,91859136,1.28497350215912
"2016-04-05",2.26600003242493,2.27999997138977,2.21199989318848,2.21199989318848,135378493,1.22939491271973
"2016-04-06",2.2279999256134,2.28999996185303,2.20600008964539,2.23799991607666,138300926,1.24384534358978
"2016-04-07",2.25399994850159,2.26799988746643,2.14800000190735,2.16400003433228,126869273,1.20271754264832
"2016-04-08",2.17600011825562,2.30599999427795,2.17600011825562,2.29399991035461,151885875,1.27496910095215
"2016-04-11",2.29999995231628,2.39199995994568,2.26999998092651,2.33400011062622,140150138,1.29720079898834
"2016-04-12",2.35400009155273,2.39199995994568,2.17000007629395,2.23799991607666,189283026,1.24384534358978
"2016-04-13",2.28999996185303,2.42400002479553,2.28200006484985,2.42400002479553,202073509,1.34722125530243
"2016-04-14",2.4300000667572,2.45000004768372,2.35599994659424,2.43600010871887,153723498,1.3538910150528
"2016-04-15",2.4300000667572,2.45600008964539,2.38800001144409,2.44799995422363,109907197,1.36056017875671
"2016-04-18",2.40400004386902,2.48000001907349,2.39599990844727,2.46000003814697,97222328,1.36722922325134
"2016-04-19",2.46799993515015,2.49600005149841,2.37800002098083,2.42000007629395,131789843,1.3449981212616
"2016-04-20",2.39599990844727,2.48000001907349,2.3659999370575,2.46399998664856,104932193,1.36945283412933
"2016-04-21",2.46799993515015,2.5239999294281,2.4539999961853,2.49000000953674,135297478,1.3839031457901
"2016-04-22",2.49399995803833,2.51799988746643,2.45199990272522,2.46000003814697,97549594,1.36722922325134
"2016-04-25",2.45600008964539,2.4760000705719,2.38000011444092,2.40000009536743,115577142,1.3338828086853
"2016-04-26",2.41000008583069,2.48000001907349,2.39400005340576,2.46799993515015,100696024,1.3716756105423
"2016-04-27",2.47199988365173,2.49399995803833,2.42799997329712,2.47000002861023,87861439,1.37278747558594
"2016-04-28",2.45000004768372,2.50999999046326,2.43799996376038,2.49000000953674,105962943,1.3839031457901
"2016-04-29",2.46000003814697,2.51600003242493,2.41599988937378,2.42000007629395,135163413,1.3449981212616
"2016-05-02",2.41199994087219,2.45600008964539,2.33800005912781,2.37199997901917,129461621,1.3183206319809
"2016-05-03",2.37599992752075,2.38599991798401,2.29200005531311,2.31599998474121,121685603,1.28719663619995
"2016-05-04",2.30399990081787,2.34200000762939,2.26399993896484,2.26399993896484,136127641,1.25829577445984
"2016-05-05",2.27600002288818,2.28399991989136,2.18799996376038,2.22000002861023,122730639,1.23384130001068
"2016-05-06",2.23600006103516,2.26999998092651,2.16400003433228,2.2260000705719,163873945,1.23717594146729
"2016-05-09",2.23799991607666,2.25,2.18199992179871,2.24000000953674,114425736,1.24495708942413
"2016-05-10",2.24799990653992,2.3199999332428,2.23600006103516,2.29399991035461,131223997,1.27496910095215
"2016-05-11",2.28200006484985,2.2960000038147,2.20000004768372,2.25600004196167,148607931,1.25384950637817
"2016-05-12",2.24399995803833,2.28999996185303,2.2260000705719,2.23200011253357,98092472,1.24051082134247
"2016-05-13",2.20000004768372,2.24600005149841,2.18199992179871,2.22399997711182,123623945,1.23606443405151
"2016-05-16",2.18799996376038,2.20000004768372,2.17000007629395,2.20000004768372,108742535,1.22272562980652
"2016-05-17",2.21600008010864,2.25999999046326,2.16599988937378,2.18400001525879,130371900,1.2138329744339
"2016-05-18",2.17600011825562,2.24600005149841,2.16599988937378,2.24200010299683,101324658,1.24606847763062
"2016-05-19",2.24200010299683,2.33599996566772,2.23200011253357,2.2960000038147,171297089,1.27608072757721
"2016-05-20",2.33599996566772,2.34400010108948,2.2960000038147,2.31399989128113,136096908,1.2860848903656
"2016-05-23",2.21000003814697,2.24000000953674,2.17000007629395,2.17199993133545,133113625,1.2849018573761
"2016-05-24",2.17000007629395,2.30599999427795,2.15599989891052,2.30399990081787,150017604,1.36298990249634
"2016-05-25",2.3199999332428,2.3659999370575,2.30599999427795,2.35599994659424,184762850,1.39375197887421
"2016-05-26",2.33999991416931,2.38199996948242,2.31599998474121,2.37400007247925,120552504,1.40440011024475
"2016-05-27",2.3659999370575,2.37800002098083,2.34400010108948,2.35599994659424,77468084,1.39375197887421
"2016-05-30",2.36800003051758,2.38199996948242,2.35800004005432,2.37400007247925,60995325,1.40440011024475
"2016-05-31",2.36999988555908,2.38599991798401,2.28200006484985,2.30800008773804,106426219,1.36535608768463
"2016-06-01",2.30800008773804,2.32800006866455,2.23799991607666,2.26999998092651,114167556,1.34287619590759
"2016-06-02",2.26399993896484,2.31599998474121,2.24600005149841,2.25200009346008,104250743,1.33222794532776
"2016-06-03",2.26999998092651,2.2720000743866,2.17000007629395,2.21199989318848,105051540,1.30856478214264
"2016-06-06",2.19199991226196,2.22000002861023,2.16400003433228,2.2039999961853,79140232,1.30383217334747
"2016-06-07",2.21799993515015,2.25799989700317,2.21600008010864,2.24200010299683,91430041,1.32631206512451
"2016-06-08",2.24000000953674,2.24000000953674,2.17600011825562,2.21600008010864,89188896,1.31093108654022
"2016-06-09",2.19600009918213,2.2279999256134,2.17799997329712,2.19600009918213,80647075,1.29909980297089
"2016-06-10",2.18400001525879,2.19199991226196,2.09200000762939,2.10599994659424,135709680,1.24585771560669
"2016-06-13",2.06800007820129,2.07599997520447,1.98199999332428,1.98199999332428,157372377,1.17250263690948
"2016-06-14",1.95799994468689,2.00799989700317,1.90199995040894,1.91299998760223,174571939,1.13168394565582
"2016-06-15",1.94500005245209,1.9889999628067,1.93099999427795,1.96700000762939,157927246,1.1636289358139
"2016-06-16",1.90699994564056,1.95000004768372,1.89100003242493,1.95000004768372,215675671,1.15357208251953
"2016-06-17",1.97500002384186,2.04999995231628,1.97099995613098,2.03999996185303,153852361,1.20681381225586
"2016-06-20",2.11999988555908,2.14599990844727,2.08599996566772,2.10199999809265,137233792,1.2434915304184
"2016-06-21",2.1159999370575,2.16599988937378,2.09599995613098,2.15400004386902,97040905,1.27425348758698
"2016-06-22",2.16799998283386,2.17400002479553,2.11800003051758,2.15199995040894,85995919,1.2730700969696
"2016-06-23",2.15400004386902,2.25799989700317,2.13199996948242,2.25799989700317,164518857,1.33577728271484
"2016-06-24",1.72200000286102,1.87600004673004,1.68099999427795,1.74000000953674,711715261,1.029341340065
"2016-06-27",1.74000000953674,1.77999997138977,1.52199995517731,1.54999995231628,604627013,0.916941821575165
"2016-06-28",1.6360000371933,1.68900001049042,1.60000002384186,1.62399995326996,398500065,0.960718512535095
"2016-06-29",1.67999994754791,1.71800005435944,1.60099995136261,1.64800000190735,302152856,0.974916398525238
"2016-06-30",1.6360000371933,1.75300002098083,1.55999994277954,1.70200002193451,302839633,1.00686144828796
"2016-07-01",1.78600001335144,1.79799997806549,1.65299999713898,1.67999994754791,213850023,0.993846714496613
"2016-07-04",1.68099999427795,1.68400001525879,1.59700000286102,1.62899994850159,176031686,0.963676393032074
"2016-07-05",1.60399997234344,1.65900003910065,1.58700001239777,1.59300005435944,196036667,0.942379653453827
"2016-07-06",1.58000004291534,1.62199997901917,1.557000041008,1.5900000333786,224534048,0.940605103969574
"2016-07-07",1.61000001430511,1.64499998092651,1.5809999704361,1.60000002384186,178053175,0.946520686149597
"2016-07-08",1.58399999141693,1.76900005340576,1.57599997520447,1.75999999046326,287435372,1.04117286205292
"2016-07-11",1.78199994564056,1.79999995231628,1.71800005435944,1.79999995231628,208209394,1.06483566761017
"2016-07-12",1.80400002002716,1.96000003814697,1.79799997806549,1.91799998283386,307248423,1.13464164733887
"2016-07-13",1.92700004577637,1.96200001239777,1.87399995326996,1.89600002765656,185776016,1.12162709236145
"2016-07-14",1.92900002002716,1.97099995613098,1.91499996185303,1.93599998950958,190357448,1.14529013633728
"2016-07-15",1.91400003433228,1.98300004005432,1.90799999237061,1.93099999427795,184538306,1.14233207702637
"2016-07-18",1.92799997329712,1.96899998188019,1.89400005340576,1.93499994277954,158562028,1.14469826221466
"2016-07-19",1.92499995231628,1.95799994468689,1.85300004482269,1.92299997806549,186269328,1.13759958744049
"2016-07-20",1.94700002670288,1.97300004959106,1.932000041008,1.94700002670288,153151982,1.15179741382599
"2016-07-21",1.94400000572205,1.98199999332428,1.92200005054474,1.95299994945526,169746590,1.15534687042236
"2016-07-22",1.94000005722046,1.96099996566772,1.92999994754791,1.9559999704361,117253631,1.15712153911591
"2016-07-25",1.96000003814697,1.96700000762939,1.91199994087219,1.91999995708466,119335485,1.13582491874695
"2016-07-26",1.92900002002716,1.94200003147125,1.87800002098083,1.92799997329712,126887659,1.14055740833282
"2016-07-27",1.92599999904633,1.98000001907349,1.92499995231628,1.96200001239777,151492958,1.16067099571228
"2016-07-28",1.9650000333786,1.96899998188019,1.89100003242493,1.90299999713898,158742676,1.12576806545258
"2016-07-29",1.92499995231628,2.00200009346008,1.91700005531311,1.97000002861023,207095017,1.16540372371674
"2016-08-01",2.04999995231628,2.06200003623962,1.90100002288818,1.90100002288818,233152925,1.12458491325378
"2016-08-02",1.90600001811981,1.91400003433228,1.81299996376038,1.8289999961853,224063328,1.08199143409729
"2016-08-03",1.85000002384186,1.88300001621246,1.80200004577637,1.81900000572205,226336039,1.07607579231262
"2016-08-04",1.83599996566772,1.85599994659424,1.80400002002716,1.82000005245209,149783348,1.07666742801666
"2016-08-05",1.82200002670288,1.89999997615814,1.82000005245209,1.89999997615814,161731029,1.12399339675903
"2016-08-08",1.9099999666214,1.94900000095367,1.9099999666214,1.92400002479553,97526175,1.13819110393524
"2016-08-09",1.92499995231628,1.95000004768372,1.91600000858307,1.93299996852875,75583961,1.14351522922516
"2016-08-10",1.93700003623962,1.97000002861023,1.92700004577637,1.95000004768372,105381446,1.15357208251953
"2016-08-11",1.96700000762939,1.97599995136261,1.94099998474121,1.97000002861023,89147112,1.16540372371674
"2016-08-12",1.96700000762939,1.98399996757507,1.96700000762939,1.97599995136261,68295368,1.16895294189453
"2016-08-16",1.95299994945526,1.97300004959106,1.93499994277954,1.93700003623962,88566682,1.14588165283203
"2016-08-17",1.93799996376038,1.94400000572205,1.8860000371933,1.8860000371933,86935317,1.11571133136749
"2016-08-18",1.90699994564056,1.91400003433228,1.85699999332428,1.90100002288818,86464995,1.12458491325378
"2016-08-19",1.88800001144409,1.89400005340576,1.80900001525879,1.8289999961853,153828821,1.08199143409729
"2016-08-22",1.83000004291534,1.87899994850159,1.82400000095367,1.84800004959106,99385093,1.09323132038116
"2016-08-23",1.86000001430511,1.94400000572205,1.85699999332428,1.94000005722046,127183919,1.14765644073486
"2016-08-24",1.92599999904633,2,1.91299998760223,1.99899995326996,169540039,1.18255949020386
"2016-08-25",1.98099994659424,2.00999999046326,1.96700000762939,1.98099994659424,105033476,1.17191076278687
"2016-08-26",1.98399996757507,2.01399993896484,1.94900000095367,2.01399993896484,99519411,1.19143295288086
"2016-08-29",2,2.03600001335144,1.98300004005432,1.99500000476837,57707494,1.18019318580627
"2016-08-30",2.01399993896484,2.04399991035461,2.00799989700317,2.04399991035461,87151804,1.20917999744415
"2016-08-31",2.02999997138977,2.13000011444092,2.02800011634827,2.13000011444092,179867217,1.26005578041077
"2016-09-01",2.13199996948242,2.22000002861023,2.11199998855591,2.13000011444092,210107062,1.26005578041077
"2016-09-02",2.15799999237061,2.19600009918213,2.12599992752075,2.19199991226196,135913209,1.29673326015472
"2016-09-05",2.20199990272522,2.21600008010864,2.17199993133545,2.18199992179871,94198206,1.29081749916077
"2016-09-06",2.19199991226196,2.19600009918213,2.13800001144409,2.13800001144409,87273122,1.26478815078735
"2016-09-07",2.14599990844727,2.17600011825562,2.10199999809265,2.15799999237061,99481646,1.27661991119385
"2016-09-08",2.15599989891052,2.19400000572205,2.14000010490417,2.19199991226196,117652073,1.29673326015472
"2016-09-09",2.17799997329712,2.20600008964539,2.16400003433228,2.16599988937378,109037970,1.28135228157043
"2016-09-12",2.11400008201599,2.13199996948242,2.09400010108948,2.12199997901917,115027726,1.25532281398773
"2016-09-13",2.15400004386902,2.15400004386902,2.08200001716614,2.08200001716614,89625213,1.23166000843048
"2016-09-14",2.09400010108948,2.09999990463257,2.04999995231628,2.07999992370605,107624855,1.23047697544098
"2016-09-15",2.06200003623962,2.10400009155273,2.04399991035461,2.07999992370605,103507018,1.23047697544098
"2016-09-16",2.05999994277954,2.07599997520447,2.01200008392334,2.01399993896484,160698501,1.19143295288086
"2016-09-19",2.03999996185303,2.08599996566772,2.02800011634827,2.06399989128113,88657610,1.22101175785065
"2016-09-20",2.06599998474121,2.07800006866455,1.99300003051758,2.00799989700317,104549445,1.1878833770752
"2016-09-21",2.05399990081787,2.07999992370605,2.03399991989136,2.03600001335144,81210246,1.20444750785828
"2016-09-22",2.06800007820129,2.08599996566772,2.04399991035461,2.06200003623962,86789533,1.21982848644257
"2016-09-23",2.06200003623962,2.06599998474121,1.99600005149841,1.99600005149841,104957421,1.18078470230103
"2016-09-26",1.98000001907349,1.98699998855591,1.91600000858307,1.97300004959106,123937909,1.1671781539917
"2016-09-27",1.99199998378754,2,1.92200005054474,1.94799995422363,110107255,1.15238881111145
"2016-09-28",1.95200002193451,1.99300003051758,1.942999958992,1.942999958992,82024339,1.14943087100983
"2016-09-29",1.97599995136261,1.98300004005432,1.92799997329712,1.94599997997284,77449123,1.15120565891266
"2016-09-30",1.87899994850159,1.97699999809265,1.85199999809265,1.97399997711182,157559050,1.16776990890503
"2016-10-03",1.95000004768372,1.97399997711182,1.91499996185303,1.92799997329712,86049596,1.14055740833282
"2016-10-04",1.94099998474121,1.95099997520447,1.91499996185303,1.92999994754791,84602428,1.14174032211304
"2016-10-05",1.91700005531311,1.99899995326996,1.91100001335144,1.99399995803833,126065903,1.17960131168365
"2016-10-06",2.00999999046326,2.04399991035461,1.99800002574921,2.00799989700317,124944891,1.1878833770752
"2016-10-07",2.01399993896484,2.03800010681152,1.98399996757507,2.00200009346008,104125206,1.1843341588974
"2016-10-10",1.99100005626678,2.03600001335144,1.9650000333786,2.01399993896484,91827267,1.19143295288086
"2016-10-11",2.00999999046326,2.01399993896484,1.97099995613098,1.97099995613098,100026131,1.16599524021149
"2016-10-12",1.98000001907349,1.99199998378754,1.9539999961853,1.97599995136261,94185748,1.16895294189453
"2016-10-13",1.95799994468689,1.95899999141693,1.91100001335144,1.92999994754791,98372077,1.14174032211304
"2016-10-14",1.93499994277954,2.00200009346008,1.92900002002716,1.98300004005432,115714230,1.17309415340424
"2016-10-17",1.9889999628067,2.01799988746643,1.98500001430511,2.00200009346008,87250141,1.1843341588974
"2016-10-18",2.01600003242493,2.05800008773804,2.01200008392334,2.05599999427795,89371706,1.21627914905548
"2016-10-19",2.06200003623962,2.08599996566772,2.04399991035461,2.0699999332428,74939591,1.22456121444702
"2016-10-20",2.08400011062622,2.10999989509583,2.05800008773804,2.10800004005432,92288662,1.24704098701477
"2016-10-21",2.11400008201599,2.11800003051758,2.09200000762939,2.11199998855591,73356218,1.24940729141235
"2016-10-24",2.13000011444092,2.16000008583069,2.12400007247925,2.15599989891052,98520424,1.27543640136719
"2016-10-25",2.15599989891052,2.17000007629395,2.1159999370575,2.15400004386902,92127060,1.27425348758698
"2016-10-26",2.15000009536743,2.16799998283386,2.13599991798401,2.16599988937378,70938799,1.28135228157043
"2016-10-27",2.17400002479553,2.20000004768372,2.15799999237061,2.20000004768372,109618941,1.30146598815918
"2016-10-28",2.19000005722046,2.19600009918213,2.15400004386902,2.16400003433228,86967216,1.28016948699951
"2016-10-31",2.14800000190735,2.15599989891052,2.10400009155273,2.10999989509583,81182968,1.24822413921356
"2016-11-01",2.11800003051758,2.1340000629425,2.07200002670288,2.08400011062622,67752427,1.23284339904785
"2016-11-02",2.0699999332428,2.0699999332428,2.01200008392334,2.01200008392334,107530236,1.19024980068207
"2016-11-03",2.01200008392334,2.05599999427795,2.00200009346008,2.03600001335144,100856039,1.20444750785828
"2016-11-04",2.05200004577637,2.05399990081787,1.99800002574921,2.00600004196167,97275422,1.18670034408569
"2016-11-07",2.0699999332428,2.12400007247925,2.05999994277954,2.12400007247925,100247631,1.2565062046051
"2016-11-08",2.12800002098083,2.14199995994568,2.10199999809265,2.14000010490417,82035203,1.26597142219543
"2016-11-09",2.03999996185303,2.14000010490417,2.02999997138977,2.14000010490417,197470096,1.26597142219543
"2016-11-10",2.1800000667572,2.25,2.16599988937378,2.23399996757507,303486753,1.32157957553864
"2016-11-11",2.25,2.26999998092651,2.19799995422363,2.23000001907349,163148385,1.31921315193176
"2016-11-14",2.25200009346008,2.28600001335144,2.20000004768372,2.2039999961853,158481571,1.30383217334747
"2016-11-15",2.20600008964539,2.21000003814697,2.13199996948242,2.15400004386902,119565234,1.27425348758698
"2016-11-16",2.14000010490417,2.16599988937378,2.08599996566772,2.11400008201599,118932395,1.25059044361115
"2016-11-17",2.07200002670288,2.09200000762939,2.01600003242493,2.08999991416931,208222101,1.23639261722565
"2016-11-18",2.08800005912781,2.10400009155273,2,2.03600001335144,190958487,1.20444750785828
"2016-11-21",2.02999997138977,2.04200005531311,1.99699997901917,2.01399993896484,111110202,1.19143295288086
"2016-11-22",2.03600001335144,2.08800005912781,2.02999997138977,2.06200003623962,103604368,1.21982848644257
"2016-11-23",2.06800007820129,2.07200002670288,1.98399996757507,2.04800009727478,147685689,1.21154654026031
"2016-11-24",2.04999995231628,2.07399988174438,2.0239999294281,2.03999996185303,74291194,1.20681381225586
"2016-11-25",2.03800010681152,2.05599999427795,2.00999999046326,2.01999998092651,77251499,1.19498240947723
"2016-11-28",2,2.00999999046326,1.93599998950958,1.95500004291534,141783660,1.15653002262115
"2016-11-29",1.95500004291534,2.03800010681152,1.94900000095367,2.03800010681152,129502053,1.20563066005707
"2016-11-30",2.03600001335144,2.10599994659424,2.02800011634827,2.09599995613098,151400275,1.23994219303131
"2016-12-01",2.07999992370605,2.14199995994568,2.05800008773804,2.14000010490417,144606280,1.26597142219543
"2016-12-02",2.12199997901917,2.15000009536743,2.10800004005432,2.13000011444092,137183225,1.26005578041077
"2016-12-05",2.02999997138977,2.17400002479553,2.00999999046326,2.10800004005432,245569053,1.24704098701477
"2016-12-06",2.11999988555908,2.27999997138977,2.11199998855591,2.27999997138977,219889540,1.34879195690155
"2016-12-07",2.32999992370605,2.38800001144409,2.29800009727478,2.31800007820129,251733778,1.37127196788788
"2016-12-08",2.34400010108948,2.48799991607666,2.31800007820129,2.39599990844727,284417540,1.41741466522217
"2016-12-09",2.40799999237061,2.41599988937378,2.3199999332428,2.35599994659424,163292010,1.39375197887421
"2016-12-12",2.36800003051758,2.41599988937378,2.32999992370605,2.33999991416931,129702761,1.38428640365601
"2016-12-13",2.32599997520447,2.4300000667572,2.30399990081787,2.4300000667572,186415486,1.43752837181091
"2016-12-14",2.40000009536743,2.45000004768372,2.3659999370575,2.3659999370575,147387080,1.39966726303101
"2016-12-15",2.38599991798401,2.44600009918213,2.37199997901917,2.44600009918213,213323091,1.44699358940125
"2016-12-16",2.47199988365173,2.47399997711182,2.40400004386902,2.41400003433228,192204649,1.42806303501129
"2016-12-19",2.42000007629395,2.43199992179871,2.37800002098083,2.39599990844727,73132941,1.41741466522217
"2016-12-20",2.40000009536743,2.44799995422363,2.39400005340576,2.44799995422363,86971075,1.44817650318146
"2016-12-21",2.44799995422363,2.47000002861023,2.40799999237061,2.45000004768372,89041031,1.44935977458954
"2016-12-22",2.44400000572205,2.47000002861023,2.40400004386902,2.4300000667572,86028804,1.43752837181091
"2016-12-23",2.46000003814697,2.48600006103516,2.44000005722046,2.46000003814697,87830763,1.45527541637421
"2016-12-27",2.46000003814697,2.47000002861023,2.44000005722046,2.45199990272522,31900456,1.45054292678833
"2016-12-28",2.45000004768372,2.46000003814697,2.42199993133545,2.43199992179871,40681048,1.43871128559113
"2016-12-29",2.41199994087219,2.43199992179871,2.39400005340576,2.41199994087219,49149698,1.4268798828125
"2016-12-30",2.40400004386902,2.42799997329712,2.39199995994568,2.42600011825562,48084836,1.43516230583191
"2017-01-02",2.41599988937378,2.46799993515015,2.41199994087219,2.44799995422363,57039371,1.44817650318146
"2017-01-03",2.47000002861023,2.53600001335144,2.45199990272522,2.50399994850159,104179098,1.48130464553833
"2017-01-04",2.53399991989136,2.55999994277954,2.51200008392334,2.53999996185303,104668526,1.50260162353516
"2017-01-05",2.53399991989136,2.58400011062622,2.51999998092651,2.55800008773804,100996502,1.51324999332428
"2017-01-06",2.57200002670288,2.58800005912781,2.53600001335144,2.54399991035461,82750043,1.50496780872345
"2017-01-09",2.55999994277954,2.56399989128113,2.45199990272522,2.4760000705719,106310296,1.46474099159241
"2017-01-10",2.48000001907349,2.48399996757507,2.40799999237061,2.46799993515015,86317082,1.46000802516937
"2017-01-11",2.45799994468689,2.49000000953674,2.42400002479553,2.46399998664856,81130755,1.45764207839966
"2017-01-12",2.45000004768372,2.46600008010864,2.41799998283386,2.4300000667572,84604778,1.43752837181091
"2017-01-13",2.45000004768372,2.49399995803833,2.43400001525879,2.46600008010864,102257407,1.45882487297058
"2017-01-16",2.45199990272522,2.46600008010864,2.41599988937378,2.42000007629395,70376417,1.43161249160767
"2017-01-17",2.41000008583069,2.45600008964539,2.40000009536743,2.42000007629395,87283600,1.43161249160767
"2017-01-18",2.4300000667572,2.4300000667572,2.39400005340576,2.41400003433228,73472153,1.42806303501129
"2017-01-19",2.43199992179871,2.48600006103516,2.40400004386902,2.45799994468689,100602856,1.45409214496613
"2017-01-20",2.48000001907349,2.49200010299683,2.44799995422363,2.47000002861023,99589201,1.46119129657745
"2017-01-23",2.42400002479553,2.43600010871887,2.37599992752075,2.39800000190735,111544515,1.41859781742096
"2017-01-24",2.27800011634827,2.33400011062622,2.26399993896484,2.29200005531311,299513500,1.35589098930359
"2017-01-25",2.25,2.33599996566772,2.20000004768372,2.29999995231628,304441135,1.36062347888947
"2017-01-26",2.33800005912781,2.34200000762939,2.23399996757507,2.25,184220072,1.33104491233826
"2017-01-27",2.25999999046326,2.29399991035461,2.21600008010864,2.26799988746643,130539326,1.34169280529022
"2017-01-30",2.24399995803833,2.25799989700317,2.19600009918213,2.19799995422363,121322301,1.30028259754181
"2017-01-31",2.19199991226196,2.22000002861023,2.15599989891052,2.17000007629395,148412022,1.28371870517731
"2017-02-01",2.18400001525879,2.21000003814697,2.15799999237061,2.20000004768372,122761008,1.30146598815918
"2017-02-02",2.19799995422363,2.21399998664856,2.17400002479553,2.1800000667572,94760794,1.28963434696198
"2017-02-03",2.23600006103516,2.25999999046326,2.18400001525879,2.23799991607666,140664219,1.32394576072693
"2017-02-06",2.25,2.25799989700317,2.16799998283386,2.18400001525879,120969529,1.29200065135956
"2017-02-07",2.17000007629395,2.18199992179871,2.14199995994568,2.14199995994568,112328415,1.26715445518494
"2017-02-08",2.15799999237061,2.16199994087219,2.07800006866455,2.13800001144409,164959236,1.26478815078735
"2017-02-09",2.15000009536743,2.16400003433228,2.1159999370575,2.14800000190735,109552593,1.27070379257202
"2017-02-10",2.16599988937378,2.16799998283386,2.09999990463257,2.1340000629425,113826217,1.26242208480835
"2017-02-13",2.12800002098083,2.15599989891052,2.12400007247925,2.14400005340576,96710563,1.26833772659302
"2017-02-14",2.14000010490417,2.17799997329712,2.12400007247925,2.17199993133545,88888831,1.2849018573761
"2017-02-15",2.1800000667572,2.22199988365173,2.1800000667572,2.19000005722046,109848852,1.29555034637451
"2017-02-16",2.19600009918213,2.22000002861023,2.18199992179871,2.19600009918213,79907440,1.29909980297089
"2017-02-17",2.19000005722046,2.21199989318848,2.13000011444092,2.17000007629395,147869408,1.28371870517731
"2017-02-20",2.18600010871887,2.20000004768372,2.15799999237061,2.16599988937378,58685334,1.28135228157043
"2017-02-21",2.17000007629395,2.19600009918213,2.13599991798401,2.16199994087219,72090328,1.27898609638214
"2017-02-22",2.16799998283386,2.17600011825562,2.10599994659424,2.14000010490417,114542223,1.26597142219543
"2017-02-23",2.14000010490417,2.14599990844727,2.11400008201599,2.12400007247925,83405388,1.2565062046051
"2017-02-24",2.12400007247925,2.13599991798401,2.06399989128113,2.07599997520447,146199480,1.22811043262482
"2017-02-27",2.20000004768372,2.21000003814697,2.15000009536743,2.19000005722046,214018601,1.29555034637451
"2017-02-28",2.20600008964539,2.22000002861023,2.18600010871887,2.20000004768372,129028281,1.30146598815918
"2017-03-01",2.22000002861023,2.32599997520447,2.21600008010864,2.29200005531311,218944435,1.35589098930359
"2017-03-02",2.29999995231628,2.3199999332428,2.27800011634827,2.28999996185303,119659621,1.35470795631409
"2017-03-03",2.27999997138977,2.34599995613098,2.26799988746643,2.33599996566772,187803202,1.381920337677
"2017-03-06",2.32599997520447,2.34200000762939,2.30800008773804,2.32200002670288,101939333,1.37363803386688
"2017-03-07",2.33599996566772,2.33999991416931,2.31200003623962,2.32800006866455,83450681,1.37718772888184
"2017-03-08",2.32599997520447,2.34800004959106,2.31599998474121,2.33200001716614,96634813,1.37955391407013
"2017-03-09",2.32999992370605,2.41199994087219,2.32800006866455,2.39000010490417,199880605,1.41386532783508
"2017-03-10",2.41400003433228,2.46600008010864,2.40799999237061,2.43199992179871,222200620,1.43871128559113
"2017-03-13",2.44799995422363,2.46000003814697,2.42600011825562,2.45600008964539,96096562,1.4529093503952
"2017-03-14",2.45799994468689,2.45799994468689,2.40599989891052,2.42199993133545,134448739,1.43279564380646
"2017-03-15",2.41799998283386,2.45600008964539,2.41199994087219,2.44799995422363,106541795,1.44817650318146
"2017-03-16",2.48000001907349,2.49600005149841,2.46799993515015,2.47199988365173,191680908,1.46237432956696
"2017-03-17",2.49000000953674,2.50399994850159,2.48000001907349,2.48200011253357,196407999,1.46829044818878
"2017-03-20",2.47199988365173,2.50799989700317,2.46799993515015,2.48200011253357,109271525,1.46829044818878
"2017-03-21",2.5,2.54999995231628,2.49000000953674,2.50399994850159,188221155,1.48130464553833
"2017-03-22",2.4760000705719,2.53600001335144,2.45600008964539,2.50600004196167,161566080,1.48248791694641
"2017-03-23",2.53399991989136,2.55599999427795,2.52800011634827,2.5460000038147,157784579,1.50615084171295
"2017-03-24",2.54800009727478,2.55399990081787,2.5239999294281,2.53800010681152,106787956,1.50141859054565
"2017-03-27",2.51399993896484,2.54200005531311,2.50200009346008,2.53200006484985,113871917,1.49786901473999
"2017-03-28",2.5460000038147,2.55399990081787,2.51799988746643,2.53999996185303,98369291,1.50260162353516
"2017-03-29",2.54999995231628,2.56200003623962,2.49799990653992,2.51999998092651,125811060,1.49077010154724
"2017-03-30",2.51399993896484,2.52600002288818,2.49600005149841,2.52600002288818,72832152,1.49431955814362
"2017-03-31",2.51600003242493,2.5460000038147,2.51200008392334,2.5460000038147,91411956,1.50615084171295
"2017-04-03",2.5460000038147,2.5460000038147,2.49399995803833,2.50600004196167,122681562,1.48248791694641
"2017-04-04",2.49000000953674,2.5239999294281,2.48000001907349,2.5239999294281,104191279,1.49313640594482
"2017-04-05",2.50999999046326,2.54800009727478,2.50799989700317,2.51600003242493,108671556,1.48840391635895
"2017-04-06",2.5,2.53800010681152,2.49000000953674,2.53200006484985,98415184,1.49786901473999
"2017-04-07",2.51799988746643,2.54800009727478,2.51600003242493,2.53999996185303,94166030,1.50260162353516
"2017-04-10",2.53999996185303,2.53999996185303,2.51399993896484,2.52600002288818,80152799,1.49431955814362
"2017-04-11",2.50200009346008,2.51799988746643,2.47399997711182,2.50200009346008,131082034,1.4801219701767
"2017-04-12",2.50600004196167,2.51799988746643,2.46199989318848,2.4779999256134,118482538,1.46592402458191
"2017-04-13",2.46000003814697,2.46399998664856,2.42600011825562,2.43799996376038,125298633,1.44226098060608
"2017-04-18",2.44600009918213,2.45199990272522,2.38800001144409,2.38800001144409,126846688,1.41268229484558
"2017-04-19",2.39599990844727,2.49600005149841,2.39400005340576,2.47399997711182,153468216,1.46355760097504
"2017-04-20",2.46799993515015,2.50999999046326,2.46600008010864,2.49000000953674,125128242,1.47302281856537
"2017-04-21",2.50399994850159,2.51600003242493,2.46000003814697,2.51399993896484,162662447,1.48722064495087
"2017-04-24",2.63800001144409,2.73600006103516,2.62800002098083,2.70199990272522,416365323,1.59843683242798
"2017-04-25",2.72399997711182,2.76600003242493,2.69000005722046,2.75600004196167,155543350,1.63038194179535
"2017-04-26",2.75,2.75399994850159,2.70600008964539,2.73600006103516,126934887,1.61855041980743
"2017-04-27",2.72000002861023,2.73799991607666,2.67000007629395,2.67199993133545,144908232,1.58068931102753
"2017-04-28",2.6800000667572,2.72000002861023,2.66000008583069,2.67400002479553,133623785,1.5818727016449
"2017-05-02",2.69799995422363,2.70199990272522,2.65799999237061,2.67799997329712,102127186,1.58423888683319
"2017-05-03",2.68400001525879,2.69799995422363,2.67600011825562,2.69199991226196,90750103,1.59252095222473
"2017-05-04",2.70199990272522,2.76799988746643,2.69400000572205,2.75999999046326,164949834,1.63274800777435
"2017-05-05",2.77999997138977,2.86800003051758,2.76999998092651,2.84200000762939,220120701,1.6812572479248
"2017-05-08",2.89400005340576,2.89800000190735,2.82599997520447,2.85199999809265,157803137,1.68717312812805
"2017-05-09",2.86800003051758,2.89800000190735,2.84200000762939,2.84800004959106,137669866,1.68480682373047
"2017-05-10",2.85800004005432,2.88000011444092,2.80200004577637,2.84999990463257,120195181,1.68598985671997
"2017-05-11",2.85999989509583,2.86999988555908,2.80399990081787,2.83200001716614,155522363,1.67534160614014
"2017-05-12",2.83599996566772,2.85599994659424,2.82399988174438,2.82800006866455,118410666,1.67297554016113
"2017-05-15",2.83999991416931,2.85599994659424,2.8199999332428,2.84200000762939,98832438,1.6812572479248
"2017-05-16",2.85599994659424,2.85999989509583,2.8199999332428,2.83999991416931,114616421,1.68007433414459
"2017-05-17",2.8199999332428,2.83400011062622,2.77600002288818,2.79800009727478,148516817,1.65522801876068
"2017-05-18",2.79399991035461,2.80999994277954,2.72199988365173,2.78600001335144,199153679,1.64812922477722
"2017-05-19",2.80999994277954,2.82800006866455,2.78200006484985,2.79999995231628,149846902,1.65641093254089
"2017-05-22",2.68600010871887,2.71399998664856,2.66799998283386,2.68400001525879,144069656,1.69557893276215
"2017-05-23",2.6800000667572,2.71399998664856,2.67600011825562,2.69199991226196,105029719,1.70063245296478
"2017-05-24",2.69400000572205,2.69400000572205,2.66000008583069,2.68600010871887,81385390,1.69684219360352
"2017-05-25",2.69000005722046,2.69199991226196,2.63599991798401,2.66400003433228,101639098,1.68294417858124
"2017-05-26",2.64599990844727,2.65199995040894,2.57800006866455,2.62199997901917,139082310,1.65641105175018
"2017-05-29",2.61999988555908,2.62599992752075,2.54800009727478,2.56800007820129,103145427,1.62229740619659
"2017-05-30",2.54999995231628,2.58800005912781,2.5220000743866,2.55200004577637,147227637,1.61218988895416
"2017-05-31",2.55999994277954,2.59800004959106,2.52999997138977,2.54800009727478,155350049,1.60966289043427
"2017-06-01",2.55599999427795,2.60400009155273,2.53800010681152,2.57200002670288,102737657,1.62482440471649
"2017-06-02",2.59599995613098,2.63599991798401,2.5699999332428,2.58999991416931,116711081,1.63619577884674
"2017-06-05",2.59200000762939,2.60400009155273,2.54399991035461,2.55599999427795,70547796,1.61471664905548
"2017-06-06",2.53200006484985,2.55599999427795,2.51600003242493,2.55599999427795,118166092,1.61471664905548
"2017-06-07",2.54800009727478,2.59400010108948,2.52800011634827,2.54399991035461,107753154,1.60713577270508
"2017-06-08",2.54800009727478,2.60400009155273,2.51399993896484,2.5699999332428,150823585,1.62356066703796
"2017-06-09",2.57200002670288,2.6159999370575,2.55200004577637,2.58599996566772,122776251,1.63366866111755
"2017-06-12",2.58400011062622,2.63000011444092,2.56800007820129,2.57399988174438,106719263,1.62608790397644
"2017-06-13",2.57800006866455,2.59999990463257,2.57200002670288,2.58599996566772,80332316,1.63366866111755
"2017-06-14",2.58200001716614,2.59200000762939,2.56599998474121,2.57800006866455,120257845,1.62861502170563
"2017-06-15",2.57399988174438,2.59200000762939,2.54399991035461,2.56599998474121,163326223,1.62103426456451
"2017-06-16",2.58999991416931,2.59800004959106,2.51999998092651,2.55599999427795,182729527,1.61471664905548
"2017-06-19",2.55599999427795,2.57599997520447,2.53600001335144,2.54399991035461,84649705,1.60713577270508
"2017-06-20",2.55399990081787,2.56200003623962,2.52800011634827,2.53399991989136,72738656,1.60081827640533
"2017-06-21",2.52800011634827,2.60999989509583,2.49600005149841,2.59599995613098,161703044,1.6399861574173
"2017-06-22",2.59599995613098,2.6159999370575,2.58200001716614,2.61400008201599,99069752,1.65135741233826
"2017-06-23",2.61800003051758,2.63800001144409,2.59800004959106,2.6159999370575,88354585,1.6526210308075
"2017-06-26",2.71000003814697,2.75399994850159,2.69400000572205,2.70799994468689,237928533,1.71074080467224
"2017-06-27",2.7039999961853,2.7720000743866,2.69199991226196,2.75600004196167,182826113,1.74106383323669
"2017-06-28",2.7720000743866,2.82599997520447,2.73000001907349,2.81200003623962,205523356,1.77644109725952
"2017-06-29",2.83400011062622,2.84999990463257,2.76999998092651,2.7739999294281,198067972,1.75243508815765
"2017-06-30",2.78399991989136,2.8199999332428,2.75799989700317,2.77600002288818,138186264,1.7536985874176
"2017-07-03",2.78800010681152,2.85599994659424,2.78600001335144,2.84999990463257,153228730,1.80044710636139
"2017-07-04",2.84599995613098,2.87599992752075,2.83400011062622,2.84999990463257,104838226,1.80044710636139
"2017-07-05",2.85400009155273,2.86199998855591,2.82399988174438,2.84400010108948,114972668,1.79665648937225
"2017-07-06",2.83400011062622,2.8659999370575,2.82200002670288,2.8659999370575,126602600,1.81055450439453
"2017-07-07",2.8659999370575,2.86800003051758,2.83599996566772,2.83999991416931,93650885,1.79412949085236
"2017-07-10",2.85400009155273,2.86800003051758,2.84599995613098,2.85999989509583,79378701,1.80676412582397
"2017-07-11",2.86199998855591,2.87599992752075,2.83400011062622,2.83400011062622,92861865,1.79033946990967
"2017-07-12",2.84400010108948,2.86800003051758,2.83400011062622,2.84800004959106,84232460,1.79918372631073
"2017-07-13",2.84999990463257,2.85599994659424,2.83400011062622,2.85199999809265,70172930,1.80171060562134
"2017-07-14",2.85599994659424,2.86400008201599,2.82200002670288,2.86400008201599,101283656,1.80929160118103
"2017-07-17",2.86199998855591,2.87599992752075,2.85400009155273,2.86999988555908,103514974,1.81308150291443
"2017-07-18",2.85999989509583,2.87400007247925,2.83800005912781,2.86999988555908,121548961,1.81308150291443
"2017-07-19",2.87199997901917,2.87400007247925,2.84200000762939,2.85599994659424,80369208,1.80423712730408
"2017-07-20",2.85599994659424,2.89000010490417,2.84800004959106,2.86800003051758,109119319,1.81181812286377
"2017-07-21",2.85999989509583,2.87400007247925,2.82999992370605,2.85199999809265,107467830,1.80171060562134
"2017-07-24",2.84200000762939,2.87800002098083,2.82800006866455,2.86400008201599,92116392,1.80929160118103
"2017-07-25",2.85999989509583,2.90599989891052,2.85999989509583,2.88599991798401,118162321,1.82318925857544
"2017-07-26",2.89000010490417,2.90400004386902,2.87800002098083,2.90199995040894,73224727,1.83329749107361
"2017-07-27",2.88800001144409,2.92000007629395,2.88800001144409,2.90599989891052,83951917,1.83582389354706
"2017-07-28",2.90799999237061,2.90799999237061,2.86999988555908,2.90400004386902,113507107,1.83456087112427
"2017-07-31",2.89599990844727,2.94600009918213,2.89400005340576,2.91199994087219,102230997,1.83961486816406
"2017-08-01",2.94000005722046,2.94199991226196,2.85599994659424,2.91599988937378,160302556,1.8421413898468
"2017-08-02",2.92799997329712,2.93199992179871,2.89000010490417,2.90000009536743,77470279,1.83203387260437
"2017-08-03",2.89400005340576,2.90000009536743,2.86199998855591,2.90000009536743,88930731,1.83203387260437
"2017-08-04",2.89599990844727,2.93799996376038,2.87800002098083,2.92000007629395,90863117,1.8446683883667
"2017-08-07",2.92600011825562,2.93400001525879,2.91400003433228,2.92799997329712,53693917,1.84972238540649
"2017-08-08",2.92000007629395,2.93600010871887,2.91799998283386,2.92199993133545,52534853,1.84593176841736
"2017-08-09",2.91000008583069,2.91599988937378,2.8659999370575,2.8840000629425,102310435,1.82192611694336
"2017-08-10",2.87400007247925,2.88599991798401,2.85999989509583,2.87599992752075,78191309,1.81687211990356
"2017-08-11",2.85199999809265,2.86800003051758,2.82800006866455,2.84599995613098,90060855,1.79791986942291
"2017-08-14",2.85800004005432,2.88599991798401,2.84800004959106,2.86400008201599,71652377,1.80929160118103
"2017-08-16",2.88599991798401,2.94600009918213,2.88199996948242,2.92600011825562,105442094,1.84845876693726
"2017-08-17",2.92000007629395,2.94199991226196,2.90000009536743,2.91599988937378,101001514,1.8421413898468
"2017-08-18",2.88000011444092,2.92199993133545,2.87599992752075,2.91599988937378,75646361,1.8421413898468
"2017-08-21",2.90400004386902,2.91199994087219,2.87599992752075,2.89599990844727,71319789,1.82950663566589
"2017-08-22",2.90799999237061,2.92000007629395,2.86199998855591,2.87599992752075,89857113,1.81687211990356
"2017-08-23",2.87400007247925,2.89199995994568,2.82599997520447,2.83400011062622,92453760,1.79033946990967
"2017-08-24",2.84800004959106,2.86800003051758,2.83200001716614,2.83999991416931,76697582,1.79412949085236
"2017-08-25",2.83999991416931,2.87199997901917,2.83599996566772,2.83999991416931,61166965,1.79412949085236
"2017-08-28",2.82999992370605,2.87400007247925,2.82999992370605,2.86400008201599,53578785,1.80929160118103
"2017-08-29",2.84599995613098,2.8659999370575,2.80800008773804,2.81200003623962,116232429,1.77644109725952
"2017-08-30",2.83400011062622,2.83999991416931,2.81200003623962,2.81599998474121,58382689,1.77896797657013
"2017-08-31",2.82399988174438,2.86199998855591,2.82200002670288,2.83599996566772,72814163,1.79160249233246
"2017-09-01",2.84999990463257,2.86199998855591,2.84200000762939,2.84200000762939,61133251,1.79539334774017
"2017-09-04",2.82399988174438,2.84200000762939,2.81800007820129,2.83599996566772,36965318,1.79160249233246
"2017-09-05",2.83400011062622,2.85199999809265,2.80200004577637,2.81599998474121,59599727,1.77896797657013
"2017-09-06",2.7960000038147,2.83200001716614,2.78800010681152,2.81200003623962,66275247,1.77644109725952
"2017-09-07",2.82200002670288,2.83400011062622,2.79999995231628,2.80599999427795,91483360,1.77265048027039
"2017-09-08",2.79800009727478,2.83200001716614,2.77999997138977,2.81200003623962,73009297,1.77644109725952
"2017-09-11",2.82800006866455,2.86400008201599,2.82800006866455,2.85400009155273,87252887,1.802973985672
"2017-09-12",2.86999988555908,2.8840000629425,2.85800004005432,2.88199996948242,93932148,1.82066249847412
"2017-09-13",2.88599991798401,2.92199993133545,2.88000011444092,2.90199995040894,86102638,1.83329749107361
"2017-09-14",2.90000009536743,2.93400001525879,2.89800000190735,2.92600011825562,90191023,1.84845876693726
"2017-09-15",2.93400001525879,2.93400001525879,2.91400003433228,2.91400003433228,144233911,1.84087824821472
"2017-09-18",2.92799997329712,2.94600009918213,2.92400002479553,2.93199992179871,70253215,1.85224914550781
"2017-09-19",2.93600010871887,2.94400000572205,2.9300000667572,2.94400000572205,49497463,1.8598301410675
"2017-09-20",2.94000005722046,2.95600008964539,2.92400002479553,2.93199992179871,60799415,1.85224914550781
"2017-09-21",2.94199991226196,2.98000001907349,2.94199991226196,2.97000002861023,88959303,1.87625527381897
"2017-09-22",2.96000003814697,2.99799990653992,2.95600008964539,2.97199988365173,77132051,1.87751865386963
"2017-09-25",2.97000002861023,2.98600006103516,2.94199991226196,2.95600008964539,72374991,1.8674111366272
"2017-09-26",2.9539999961853,2.9779999256134,2.95000004768372,2.97399997711182,58803044,1.87878251075745
"2017-09-27",2.9779999256134,3,2.9760000705719,2.99000000953674,91985139,1.88889002799988
"2017-09-28",2.99799990653992,3.00799989700317,2.98000001907349,2.98600006103516,79785040,1.88636302947998
"2017-09-29",2.99000000953674,2.99799990653992,2.98200011253357,2.99200010299683,69469762,1.89015364646912
"2017-10-02",2.98600006103516,2.99399995803833,2.96600008010864,2.99399995803833,67747634,1.89141702651978
"2017-10-03",2.99799990653992,3.00600004196167,2.98000001907349,2.98399996757507,47344472,1.88509941101074
"2017-10-04",2.98200011253357,2.98399996757507,2.91000008583069,2.93400001525879,120487389,1.85351276397705
"2017-10-05",2.91599988937378,2.94000005722046,2.88599991798401,2.94000005722046,110554554,1.85730314254761
"2017-10-06",2.93600010871887,2.94199991226196,2.89800000190735,2.9300000667572,80959512,1.85098576545715
"2017-10-09",2.92199993133545,2.94199991226196,2.90000009536743,2.91199994087219,57840409,1.83961486816406
"2017-10-10",2.89199995994568,2.89599990844727,2.85999989509583,2.88800001144409,83984245,1.82445311546326
"2017-10-11",2.88800001144409,2.89599990844727,2.83999991416931,2.88599991798401,117787172,1.82318925857544
"2017-10-12",2.88000011444092,2.88800001144409,2.84599995613098,2.85800004005432,61371154,1.80550074577332
"2017-10-13",2.85199999809265,2.87800002098083,2.83800005912781,2.85999989509583,77477558,1.80676412582397
"2017-10-16",2.85199999809265,2.87599992752075,2.83999991416931,2.8659999370575,113365807,1.81055450439453
"2017-10-17",2.8659999370575,2.88000011444092,2.84999990463257,2.85800004005432,67692339,1.80550074577332
"2017-10-18",2.86199998855591,2.88000011444092,2.83999991416931,2.88000011444092,69421857,1.81939911842346
"2017-10-19",2.88199996948242,2.89599990844727,2.83400011062622,2.84999990463257,88786797,1.80044710636139
"2017-10-20",2.85400009155273,2.87800002098083,2.85199999809265,2.86800003051758,73397536,1.81181812286377
"2017-10-23",2.87199997901917,2.89000010490417,2.84599995613098,2.86800003051758,56718908,1.81181812286377
"2017-10-24",2.86999988555908,2.91599988937378,2.85800004005432,2.90199995040894,78847783,1.83329749107361
"2017-10-25",2.90000009536743,2.93400001525879,2.89000010490417,2.89599990844727,69141177,1.82950663566589
"2017-10-26",2.90400004386902,2.94000005722046,2.88800001144409,2.92400002479553,87160626,1.8471953868866
"2017-10-27",2.94000005722046,2.94799995422363,2.88599991798401,2.91599988937378,91959369,1.8421413898468
"2017-10-30",2.92600011825562,2.93400001525879,2.89800000190735,2.91199994087219,59530492,1.83961486816406
"2017-10-31",2.90799999237061,2.91000008583069,2.87199997901917,2.88599991798401,69879883,1.82318925857544
"2017-11-01",2.89400005340576,2.90199995040894,2.87400007247925,2.87800002098083,67290043,1.81813549995422
"2017-11-02",2.87800002098083,2.88800001144409,2.84599995613098,2.8659999370575,79726883,1.81055450439453
"2017-11-03",2.87199997901917,2.87400007247925,2.83400011062622,2.84999990463257,65831433,1.80044710636139
"2017-11-06",2.84800004959106,2.84999990463257,2.81800007820129,2.84200000762939,64147976,1.79539334774017
"2017-11-07",2.84999990463257,2.89000010490417,2.83999991416931,2.84999990463257,91361017,1.80044710636139
"2017-11-08",2.85800004005432,2.85999989509583,2.81399989128113,2.85800004005432,83782883,1.80550074577332
"2017-11-09",2.85999989509583,2.87800002098083,2.83999991416931,2.84800004959106,71929872,1.79918372631073
"2017-11-10",2.84800004959106,2.86800003051758,2.82599997520447,2.82999992370605,68616832,1.7878121137619
"2017-11-13",2.83599996566772,2.83800005912781,2.7720000743866,2.80599999427795,80322994,1.77265048027039
"2017-11-14",2.80999994277954,2.82399988174438,2.77999997138977,2.79999995231628,54149762,1.76886022090912
"2017-11-15",2.78200006484985,2.81200003623962,2.74200010299683,2.79999995231628,89744664,1.76886022090912
"2017-11-16",2.80800008773804,2.81800007820129,2.7720000743866,2.80200004577637,72099308,1.77012372016907
"2017-11-17",2.79999995231628,2.8199999332428,2.75999999046326,2.7720000743866,85492028,1.75117146968842
"2017-11-20",2.75999999046326,2.77800011634827,2.74799990653992,2.76799988746643,65061478,1.74864459037781
"2017-11-21",2.76200008392334,2.79800009727478,2.75200009346008,2.76799988746643,65018462,1.74864459037781
"2017-11-22",2.7739999294281,2.82999992370605,2.76600003242493,2.81200003623962,81295987,1.77644109725952
"2017-11-23",2.80599999427795,2.83200001716614,2.79200005531311,2.81599998474121,52404257,1.77896797657013
"2017-11-24",2.80599999427795,2.85800004005432,2.80599999427795,2.81800007820129,61665398,1.78023135662079
"2017-11-27",2.80999994277954,2.82399988174438,2.76600003242493,2.76600003242493,66423487,1.74738097190857
"2017-11-28",2.76799988746643,2.78399991989136,2.75399994850159,2.77600002288818,52726583,1.7536985874176
"2017-11-29",2.79399991035461,2.83400011062622,2.79200005531311,2.8199999332428,82168490,1.78149449825287
"2017-11-30",2.83400011062622,2.85599994659424,2.81599998474121,2.82200002670288,74965769,1.78275847434998
"2017-12-01",2.82999992370605,2.83200001716614,2.76799988746643,2.76799988746643,84177750,1.74864459037781
"2017-12-04",2.80399990081787,2.8199999332428,2.79200005531311,2.81599998474121,65214084,1.77896797657013
"2017-12-05",2.80999994277954,2.83400011062622,2.79399991035461,2.79999995231628,60393276,1.76886022090912
"2017-12-06",2.77600002288818,2.79800009727478,2.76399993896484,2.7739999294281,71577216,1.75243508815765
"2017-12-07",2.77999997138977,2.81800007820129,2.7720000743866,2.80599999427795,57434956,1.77265048027039
"2017-12-08",2.82200002670288,2.90599989891052,2.82200002670288,2.88000011444092,125815870,1.81939911842346
"2017-12-11",2.88199996948242,2.91400003433228,2.86999988555908,2.87599992752075,84532241,1.81687211990356
"2017-12-12",2.8840000629425,2.91199994087219,2.85199999809265,2.90599989891052,109952546,1.83582389354706
"2017-12-13",2.90599989891052,2.93600010871887,2.86400008201599,2.87199997901917,116782411,1.81434512138367
"2017-12-14",2.85800004005432,2.87800002098083,2.80800008773804,2.80800008773804,113620705,1.77391421794891
"2017-12-15",2.78399991989136,2.80200004577637,2.74600005149841,2.80200004577637,179327730,1.77012372016907
"2017-12-18",2.81599998474121,2.83599996566772,2.79999995231628,2.81800007820129,77616210,1.78023135662079
"2017-12-19",2.80999994277954,2.82599997520447,2.79200005531311,2.79200005531311,56598868,1.76380634307861
"2017-12-20",2.79399991035461,2.80399990081787,2.7720000743866,2.78800010681152,63374469,1.76127946376801
"2017-12-21",2.78800010681152,2.83999991416931,2.76799988746643,2.82999992370605,83732327,1.7878121137619
"2017-12-22",2.81599998474121,2.84400010108948,2.7960000038147,2.83999991416931,63983318,1.79412949085236
"2017-12-27",2.84599995613098,2.84999990463257,2.81200003623962,2.81800007820129,41058003,1.78023135662079
"2017-12-28",2.80999994277954,2.81599998474121,2.78999996185303,2.78999996185303,56512100,1.76254284381866
"2017-12-29",2.79399991035461,2.7960000038147,2.75399994850159,2.76999998092651,73906621,1.74990820884705
"2018-01-02",2.76999998092651,2.78600001335144,2.73799991607666,2.75399994850159,81991381,1.73980033397675
"2018-01-03",2.75799989700317,2.76399993896484,2.71399998664856,2.75,64884639,1.73727345466614
"2018-01-04",2.75399994850159,2.83999991416931,2.74799990653992,2.82200002670288,99301235,1.78275847434998
"2018-01-05",2.81800007820129,2.83800005912781,2.78800010681152,2.81599998474121,67577007,1.77896797657013
"2018-01-08",2.8199999332428,2.82800006866455,2.79800009727478,2.80800008773804,57196438,1.77391421794891
"2018-01-09",2.80800008773804,2.84200000762939,2.80599999427795,2.83999991416931,59647496,1.79412949085236
"2018-01-10",2.84200000762939,2.98200011253357,2.83999991416931,2.97000002861023,190999413,1.87625527381897
"2018-01-11",2.97000002861023,3.00999999046326,2.96199989318848,2.98799991607666,126866120,1.88762664794922
"2018-01-12",3.00600004196167,3.0460000038147,2.99200010299683,3.02600002288818,96420364,1.9116325378418
"2018-01-15",3.02800011634827,3.05599999427795,3.00399994850159,3.03800010681152,59442616,1.91921329498291
"2018-01-16",3.04399991035461,3.06399989128113,3.02600002288818,3.04399991035461,85883671,1.92300367355347
"2018-01-17",3.01799988746643,3.05999994277954,3.01200008392334,3.05800008773804,78418759,1.93184804916382
"2018-01-18",3.05800008773804,3.09400010108948,3.04399991035461,3.09400010108948,90380357,1.95459079742432
"2018-01-19",3.07999992370605,3.11199998855591,3.07200002670288,3.08800005912781,100442963,1.95080018043518
"2018-01-22",3.07999992370605,3.13599991798401,3.07399988174438,3.12599992752075,86151823,1.97480595111847
"2018-01-23",3.14000010490417,3.17000007629395,3.1159999370575,3.12800002098083,73579464,1.97606956958771
"2018-01-24",3.12599992752075,3.14599990844727,3.08200001716614,3.08200001716614,66438793,1.94700980186462
"2018-01-25",3.09200000762939,3.1340000629425,3.08599996566772,3.12199997901917,90788171,1.97227919101715
"2018-01-26",3.12199997901917,3.16000008583069,3.1159999370575,3.16000008583069,81859611,1.99628508090973
"2018-01-29",3.16000008583069,3.18600010871887,3.15499997138977,3.18499994277954,101609018,2.01207804679871
"2018-01-30",3.15849995613098,3.19350004196167,3.12400007247925,3.14599990844727,93792617,1.98744070529938
"2018-01-31",3.15599989891052,3.16750001907349,3.12649989128113,3.16050004959106,67978842,1.99660086631775
"2018-02-01",3.17799997329712,3.18300008773804,3.12050008773804,3.13849997520447,90384495,1.98270297050476
"2018-02-02",3.13499999046326,3.14299988746643,3.07049989700317,3.11549997329712,96470900,1.96817290782928
"2018-02-05",3.10050010681152,3.11800003051758,3.05900001525879,3.08349990844727,104099682,1.94795739650726
"2018-02-06",3,3.17549991607666,2.98200011253357,3.10400009155273,295915516,1.96090793609619
"2018-02-07",3.17449998855591,3.23000001907349,3.13899993896484,3.21000003814697,212445236,2.02787160873413
"2018-02-08",3.20099997520447,3.21749997138977,3.12750005722046,3.14750003814697,151329118,1.98838841915131
"2018-02-09",3.12299990653992,3.14549994468689,3.04999995231628,3.08349990844727,169635676,1.94795739650726
"2018-02-12",3.12750005722046,3.14400005340576,3.08100008964539,3.10500001907349,93087594,1.96153950691223
"2018-02-13",3.09949994087219,3.10349988937378,3.06100010871887,3.07450008392334,87771019,1.94227170944214
"2018-02-14",3.09949994087219,3.1175000667572,3.03800010681152,3.1010000705719,173898869,1.95901310443878
"2018-02-15",3.11849999427795,3.1470000743866,3.07599997520447,3.09699988365173,109790420,1.95648550987244
"2018-02-16",3.12599992752075,3.1470000743866,3.11150002479553,3.13750004768372,108623253,1.98207104206085
"2018-02-19",3.14949989318848,3.15450000762939,3.10400009155273,3.10750007629395,53593576,1.96311914920807
"2018-02-20",3.1085000038147,3.11800003051758,3.06699991226196,3.08899998664856,88577821,1.95143187046051
"2018-02-21",3.07599997520447,3.10199999809265,3.0550000667572,3.09800004959106,59097508,1.95711743831635
"2018-02-22",3.07999992370605,3.08800005912781,3.03550004959106,3.05850005149841,99979510,1.93216395378113
"2018-02-23",3.05550003051758,3.08750009536743,3.03600001335144,3.08299994468689,69910537,1.94764113426208
"2018-02-26",3.0864999294281,3.10199999809265,3.06100010871887,3.08500003814697,52879394,1.94890487194061
"2018-02-27",3.09400010108948,3.13050007820129,3.07699990272522,3.10199999809265,102932473,1.95964443683624
"2018-02-28",3.09050011634827,3.12800002098083,3.08750009536743,3.09599995613098,81781752,1.95585417747498
"2018-03-01",3.08599996566772,3.09150004386902,3.05399990081787,3.07299995422363,83239350,1.94132399559021
"2018-03-02",3.05150008201599,3.05649995803833,2.97250008583069,3.00650000572205,145067426,1.8993136882782
"2018-03-05",2.92899990081787,2.98499989509583,2.90000009536743,2.96399998664856,135834799,1.87246513366699
"2018-03-06",2.98449993133545,3,2.94749999046326,2.99149990081787,92747840,1.88983738422394
"2018-03-07",2.98000001907349,3.04099988937378,2.97149991989136,3.02550005912781,75922016,1.91131675243378
"2018-03-08",3.03649997711182,3.07450008392334,3.01500010490417,3.04250001907349,85101505,1.92205595970154
"2018-03-09",3.03099989891052,3.05200004577637,3.02049994468689,3.03800010681152,76854534,1.91921329498291
"2018-03-12",3.0534999370575,3.06299996376038,3.03649997711182,3.05150008201599,45642846,1.92774212360382
"2018-03-13",3.04800009727478,3.05649995803833,3.01550006866455,3.04299998283386,78538306,1.92237198352814
"2018-03-14",3.03999996185303,3.04550004005432,2.99000000953674,2.99749994277954,80136735,1.89362800121307
"2018-03-15",3,3.02500009536743,2.9835000038147,3.01799988746643,100303717,1.90657842159271
"2018-03-16",3.02449989318848,3.09649991989136,3.02049994468689,3.07699990272522,234461130,1.94385099411011
"2018-03-19",3.07500004768372,3.09299993515015,3.02800011634827,3.03999996185303,76062430,1.92047691345215
"2018-03-20",3.04099988937378,3.07750010490417,3.04099988937378,3.05900001525879,68742134,1.93247961997986
"2018-03-21",3.06299996376038,3.06649994850159,3.00550007820129,3.04099988937378,77133191,1.92110848426819
"2018-03-22",3.02699995040894,3.04150009155273,2.9465000629425,2.98699998855591,117634923,1.88699471950531
"2018-03-23",2.94000005722046,2.96449995040894,2.91000008583069,2.95250010490417,126038145,1.86520004272461
"2018-03-26",2.95600008964539,2.95900011062622,2.90549993515015,2.92400002479553,85543439,1.8471953868866
"2018-03-27",2.96700000762939,2.97199988365173,2.91499996185303,2.92650008201599,78143695,1.84877490997314
"2018-03-28",2.90499997138977,2.95300006866455,2.89450001716614,2.95300006866455,91493660,1.86551558971405
"2018-03-29",2.95449995994568,2.97900009155273,2.95350003242493,2.95350003242493,69943006,1.86583173274994
"2018-04-03",2.94799995422363,2.97650003433228,2.93350005149841,2.95700001716614,68040935,1.86804258823395
"2018-04-04",2.95650005340576,2.96199989318848,2.91149997711182,2.9465000629425,81469484,1.86140918731689
"2018-04-05",2.97749996185303,3.01550006866455,2.97699999809265,3.00300002098083,83202420,1.89710235595703
"2018-04-06",3,3.00550007820129,2.98099994659424,2.99550008773804,64304778,1.89236438274384
"2018-04-09",2.99950003623962,3.03449988365173,2.99600005149841,3.02099990844727,59040817,1.90847384929657
"2018-04-10",3.03749990463257,3.05200004577637,3.02099990844727,3.03600001335144,68200984,1.91794979572296
"2018-04-11",3.03600001335144,3.03900003433228,3,3.01500010490417,55766432,1.90468347072601
"2018-04-12",3.01950001716614,3.04999995231628,3.00799989700317,3.04999995231628,62114753,1.92679393291473
"2018-04-13",3.05399990081787,3.10800004005432,3.04450011253357,3.06699991226196,100391796,1.93753373622894
"2018-04-16",3.06750011444092,3.08400011062622,3.06450009346008,3.07599997520447,53119076,1.94321942329407
"2018-04-17",3.08599996566772,3.13800001144409,3.08599996566772,3.10500001907349,101079897,1.96153950691223
"2018-04-18",3.13450002670288,3.13700008392334,3.09050011634827,3.10999989509583,76822705,1.96469819545746
"2018-04-19",3.10949993133545,3.12100005149841,3.10199999809265,3.11150002479553,58863428,1.96564567089081
"2018-04-20",3.12400007247925,3.1489999294281,3.10800004005432,3.13499999046326,82250850,1.98049139976501
"2018-04-23",3.13499999046326,3.17000007629395,3.13450002670288,3.16799998283386,85610795,2.00133895874023
"2018-04-24",3.17000007629395,3.20000004768372,3.16149997711182,3.19549989700317,93437136,2.01871180534363
"2018-04-25",3.18499994277954,3.19950008392334,3.1340000629425,3.15350008010864,92667131,1.99217879772186
"2018-04-26",3.16050004959106,3.18149995803833,3.15050005912781,3.17300009727478,60695344,2.00449776649475
"2018-04-27",3.17249989509583,3.18099999427795,3.13199996948242,3.15300011634827,74106248,1.99186313152313
"2018-04-30",3.16449999809265,3.17750000953674,3.1470000743866,3.15700006484985,72177707,1.99438977241516
"2018-05-02",3.16100001335144,3.17799997329712,3.15100002288818,3.16849994659424,76396540,2.00165462493896
"2018-05-03",3.16799998283386,3.17400002479553,3.14000010490417,3.15300011634827,67002503,1.99186313152313
"2018-05-04",3.15499997138977,3.15849995613098,3.12400007247925,3.15050005912781,75904508,1.99028396606445
"2018-05-07",3.15849995613098,3.17700004577637,3.14199995994568,3.16149997711182,57959608,1.9972323179245
"2018-05-08",3.1654999256134,3.16849994659424,3.08699989318848,3.14350008964539,155650712,1.98586142063141
"2018-05-09",3.15350008010864,3.18199992179871,3.14849996566772,3.16000008583069,112507959,1.99628508090973
"2018-05-10",3.16000008583069,3.17000007629395,3.11150002479553,3.13100004196167,114481736,1.9779646396637
"2018-05-11",3.13800001144409,3.14800000190735,3.11649990081787,3.14599990844727,60259451,1.98744070529938
"2018-05-14",3.15000009536743,3.15050005912781,3.11350011825562,3.15000009536743,70081725,1.98996770381927
"2018-05-15",3.14299988746643,3.1800000667572,3.14050006866455,3.17799997329712,88694144,2.00765609741211
"2018-05-16",3.15599989891052,3.1635000705719,3.06599998474121,3.09999990463257,194978071,1.95838117599487
"2018-05-17",3.09400010108948,3.11999988555908,3.03500008583069,3.07550001144409,134659097,1.94290363788605
"2018-05-18",3.08699989318848,3.08750009536743,2.98250007629395,3,222493112,1.89520740509033
"2018-05-21",2.79999995231628,2.84549999237061,2.76250004768372,2.77999997138977,174633405,1.88368844985962
"2018-05-22",2.7960000038147,2.82399988174438,2.76200008392334,2.79900002479553,159117521,1.89656257629395
"2018-05-23",2.79200005531311,2.79200005531311,2.7409999370575,2.75,129946214,1.86336064338684
"2018-05-24",2.76900005340576,2.78699994087219,2.70000004768372,2.72449994087219,120848258,1.84608268737793
"2018-05-25",2.72000002861023,2.72000002861023,2.59500002861023,2.63800001144409,246039655,1.78747117519379
"2018-05-28",2.69099998474121,2.71950006484985,2.5074999332428,2.55250000953674,211952766,1.72953796386719
"2018-05-29",2.48000001907349,2.49300003051758,2.38100004196167,2.44799995422363,331224162,1.65872979164124
"2018-05-30",2.47950005531311,2.54749989509583,2.44449996948242,2.52099990844727,259393413,1.70819354057312
"2018-05-31",2.56349992752075,2.58349990844727,2.46700000762939,2.51449990272522,239100403,1.70378947257996
"2018-06-01",2.59999990463257,2.66000008583069,2.57999992370605,2.59750008583069,227519520,1.76002895832062
"2018-06-04",2.64400005340576,2.65599989891052,2.55800008773804,2.59699988365173,145346806,1.75968980789185
"2018-06-05",2.57299995422363,2.61350011825562,2.48850011825562,2.49749994277954,178269995,1.69227015972137
"2018-06-06",2.4925000667572,2.51550006866455,2.4135000705719,2.48449993133545,197198018,1.68346166610718
"2018-06-07",2.51799988746643,2.52749991416931,2.43249988555908,2.45499992370605,135756543,1.66347289085388
"2018-06-08",2.40400004386902,2.43149995803833,2.39050006866455,2.42499995231628,132646746,1.64314544200897
"2018-06-11",2.52649998664856,2.59249997138977,2.50200009346008,2.58599996566772,203010305,1.75223660469055
"2018-06-12",2.59999990463257,2.61999988555908,2.56649994850159,2.5845000743866,119025826,1.75121998786926
"2018-06-13",2.58699989318848,2.62249994277954,2.57850003242493,2.59800004959106,113513534,1.76036787033081
"2018-06-14",2.5864999294281,2.60400009155273,2.55250000953674,2.59400010108948,166461180,1.757657289505
"2018-06-15",2.60899996757507,2.60949993133545,2.51300001144409,2.54749989509583,180104551,1.72614943981171
"2018-06-18",2.53299999237061,2.57550001144409,2.53049993515015,2.5534999370575,86012432,1.73021507263184
"2018-06-19",2.51749992370605,2.58750009536743,2.50200009346008,2.56599998474121,90819711,1.73868525028229
"2018-06-20",2.58999991416931,2.62750005722046,2.58899998664856,2.61350011825562,111670303,1.77087068557739
"2018-06-21",2.6159999370575,2.63100004196167,2.55550003051758,2.56200003623962,97067062,1.73597478866577
"2018-06-22",2.58100008964539,2.61400008201599,2.55999994277954,2.58800005912781,70011217,1.75359177589417
"2018-06-25",2.56949996948242,2.5699999332428,2.50399994850159,2.50399994850159,80965272,1.69667446613312
"2018-06-26",2.53649997711182,2.53649997711182,2.46199989318848,2.4779999256134,93486491,1.67905747890472
"2018-06-27",2.47399997711182,2.47950005531311,2.39849996566772,2.44000005722046,145788464,1.65330910682678
"2018-06-28",2.42149996757507,2.48799991607666,2.40650010108948,2.48799991607666,107924201,1.68583345413208
"2018-06-29",2.51799988746643,2.55999994277954,2.48650002479553,2.48650002479553,109861742,1.68481707572937
"2018-07-02",2.45749998092651,2.47900009155273,2.4135000705719,2.46849989891052,85086529,1.67262017726898
"2018-07-03",2.4925000667572,2.53800010681152,2.46799993515015,2.51900005340576,93656586,1.70683860778809
"2018-07-04",2.50999999046326,2.53299999237061,2.50699996948242,2.53150010108948,44211759,1.71530818939209
"2018-07-05",2.53999996185303,2.58850002288818,2.53949999809265,2.56500005722046,88984452,1.7380074262619
"2018-07-06",2.57349991798401,2.5789999961853,2.55100011825562,2.56150007247925,58805112,1.73563611507416
"2018-07-09",2.5789999961853,2.58100008964539,2.55550003051758,2.56649994850159,49033767,1.73902380466461
"2018-07-10",2.56900000572205,2.57699990272522,2.51250004768372,2.52550005912781,64415483,1.71124303340912
"2018-07-11",2.50999999046326,2.51749992370605,2.46700000762939,2.47499990463257,77143039,1.67702460289001
"2018-07-12",2.48000001907349,2.48900008201599,2.4449999332428,2.44600009918213,81375847,1.65737462043762
"2018-07-13",2.46399998664856,2.47149991989136,2.43499994277954,2.46050000190735,69891811,1.66719973087311
"2018-07-16",2.46050000190735,2.49650001525879,2.45549988746643,2.45549988746643,53989460,1.66381192207336
"2018-07-17",2.46350002288818,2.49049997329712,2.44099998474121,2.48000001907349,66562214,1.68041241168976
"2018-07-18",2.48200011253357,2.48600006103516,2.44799995422363,2.46350002288818,77920836,1.66923248767853
"2018-07-19",2.4539999961853,2.47199988365173,2.41650009155273,2.42350006103516,75956986,1.64212918281555
"2018-07-20",2.41000008583069,2.42050004005432,2.38450002670288,2.40549993515015,115260340,1.62993264198303
"2018-07-23",2.40199995040894,2.43099999427795,2.38700008392334,2.40100002288818,65406832,1.62688338756561
"2018-07-24",2.42700004577637,2.47499990463257,2.42549991607666,2.47499990463257,84896023,1.67702460289001
"2018-07-25",2.47000002861023,2.48550009727478,2.44400000572205,2.4465000629425,63411094,1.65771353244781
"2018-07-26",2.45449995994568,2.47749996185303,2.44799995422363,2.47749996185303,57633017,1.67871844768524
"2018-07-27",2.48200011253357,2.52099990844727,2.47000002861023,2.50950002670288,61124770,1.70040154457092
"2018-07-30",2.50600004196167,2.52999997138977,2.49900007247925,2.52999997138977,54239795,1.71429181098938
"2018-07-31",2.52500009536743,2.6340000629425,2.52500009536743,2.6340000629425,150133167,1.78476071357727
"2018-08-01",2.63499999046326,2.65899991989136,2.51099991798401,2.51300001144409,154014473,1.70277309417725
"2018-08-02",2.50999999046326,2.51149988174438,2.40000009536743,2.41599988937378,161620465,1.63704717159271
"2018-08-03",2.43350005149841,2.45149993896484,2.3659999370575,2.4449999332428,111477320,1.6566971540451
"2018-08-06",2.45799994468689,2.45900011062622,2.43099999427795,2.44000005722046,100161455,1.65330910682678
"2018-08-07",2.45000004768372,2.45499992370605,2.43350005149841,2.44000005722046,67345994,1.65330910682678
"2018-08-08",2.4449999332428,2.44549989700317,2.40949988365173,2.41050004959106,85027282,1.63332045078278
"2018-08-09",2.40849995613098,2.41700005531311,2.38050007820129,2.38499999046326,78293517,1.61604201793671
"2018-08-10",2.3659999370575,2.3675000667572,2.26200008392334,2.29800009727478,167747835,1.55709218978882
"2018-08-13",2.26999998092651,2.28699994087219,2.22499990463257,2.25999999046326,116866376,1.53134393692017
"2018-08-14",2.28900003433228,2.29450011253357,2.23250007629395,2.24000000953674,86709631,1.51779222488403
"2018-08-16",2.22000002861023,2.24550008773804,2.19250011444092,2.19950008392334,107773448,1.49035000801086
"2018-08-17",2.20000004768372,2.20149993896484,2.14750003814697,2.18249988555908,114516530,1.47883093357086
"2018-08-20",2.18050003051758,2.2039999961853,2.16050004959106,2.16899991035461,64763105,1.46968340873718
"2018-08-21",2.16899991035461,2.2425000667572,2.16849994659424,2.2425000667572,95819045,1.51948618888855
"2018-08-22",2.23749995231628,2.26399993896484,2.20350003242493,2.21050000190735,75475476,1.49780344963074
"2018-08-23",2.20700001716614,2.21250009536743,2.18350005149841,2.20000004768372,67007382,1.49068856239319
"2018-08-24",2.19950008392334,2.21700000762939,2.18950009346008,2.20350003242493,54916832,1.4930602312088
"2018-08-27",2.20549988746643,2.20700001716614,2.17300009727478,2.20300006866455,54383636,1.4927214384079
"2018-08-28",2.20199990272522,2.21350002288818,2.15149998664856,2.17899990081787,92874377,1.47645938396454
"2018-08-29",2.16799998283386,2.20799994468689,2.15650010108948,2.20799994468689,76722184,1.49610924720764
"2018-08-30",2.20000004768372,2.20900011062622,2.15599989891052,2.15599989891052,89771346,1.4608747959137
"2018-08-31",2.16000008583069,2.17199993133545,2.11150002479553,2.12750005722046,102691706,1.4415637254715
"2018-09-03",2.13000011444092,2.1710000038147,2.12899994850159,2.1710000038147,68602255,1.47103881835938
"2018-09-04",2.19050002098083,2.2904999256134,2.17549991607666,2.28349995613098,165665193,1.54726684093475
"2018-09-05",2.27250003814697,2.38000011444092,2.26950001716614,2.33150005340576,196201234,1.57979106903076
"2018-09-06",2.32649993896484,2.36249995231628,2.29999995231628,2.29999995231628,87353943,1.55844712257385
"2018-09-07",2.30999994277954,2.31699991226196,2.23600006103516,2.26250004768372,107148746,1.53303778171539
"2018-09-10",2.27800011634827,2.38649988174438,2.2664999961853,2.36500000953674,141861817,1.60249054431915
"2018-09-11",2.39350008964539,2.39949989318848,2.31850004196167,2.32750010490417,99138309,1.57708096504211
"2018-09-12",2.32649993896484,2.34299993515015,2.25500011444092,2.33999991416931,145195760,1.58555054664612
"2018-09-13",2.3199999332428,2.35450005531311,2.31150007247925,2.3289999961853,75319527,1.57809722423553
"2018-09-14",2.33699989318848,2.34500002861023,2.30649995803833,2.34400010108948,66268611,1.58826100826263
"2018-09-17",2.33999991416931,2.40000009536743,2.33999991416931,2.39849996566772,103913487,1.6251894235611
"2018-09-18",2.38949990272522,2.39800000190735,2.35899996757507,2.39549994468689,86070222,1.62315654754639
"2018-09-19",2.40100002288818,2.43499994277954,2.36849999427795,2.42750000953674,118116879,1.64483940601349
"2018-09-20",2.42400002479553,2.45600008964539,2.40000009536743,2.4154999256134,151498643,1.63670837879181
"2018-09-21",2.43849992752075,2.46000003814697,2.41849994659424,2.44849991798401,277832823,1.65906870365143
"2018-09-24",2.43700003623962,2.44000005722046,2.39549994468689,2.3970000743866,84039167,1.62417304515839
"2018-09-25",2.40949988365173,2.47000002861023,2.40650010108948,2.47000002861023,111388105,1.67363691329956
"2018-09-26",2.46050000190735,2.46749997138977,2.43249988555908,2.43249988555908,113650396,1.64822733402252
"2018-09-27",2.38649988174438,2.40750002861023,2.33200001716614,2.40400004386902,136048301,1.62891614437103
"2018-09-28",2.26999998092651,2.32200002670288,2.19400000572205,2.20099997520447,304694035,1.491366147995
"2018-10-01",2.18899989128113,2.24200010299683,2.09949994087219,2.11500000953674,171356411,1.4330940246582
"2018-10-02",2.07200002670288,2.12249994277954,2.0220000743866,2.10800004005432,201658035,1.42835080623627
"2018-10-03",2.19350004196167,2.19950008392334,2.10599994659424,2.11949992179871,165957646,1.43614292144775
"2018-10-04",2.14000010490417,2.17400002479553,2.11299991607666,2.16499996185303,147886699,1.46697318553925
"2018-10-05",2.15050005912781,2.15350008010864,2.08999991416931,2.09850001335144,136760214,1.42191362380981
"2018-10-08",2.06649994850159,2.06800007820129,2.01049995422363,2.02999997138977,160514698,1.37549912929535
"2018-10-09",2.03800010681152,2.07450008392334,1.99919998645782,2.07450008392334,221949297,1.40565180778503
"2018-10-10",2.03399991989136,2.1340000629425,2.03399991989136,2.08550000190735,136924449,1.41310513019562
"2018-10-11",2.05299997329712,2.09899997711182,2.02649998664856,2.03399991989136,154777212,1.37820947170258
"2018-10-12",2.05250000953674,2.08699989318848,2.02550005912781,2.02600002288818,128190371,1.37278878688812
"2018-10-15",2.02449989318848,2.06599998474121,2.02099990844727,2.04150009155273,85600627,1.38329136371613
"2018-10-16",2.04550004005432,2.07850003242493,2.02749991416931,2.0699999332428,109539983,1.40260255336761
"2018-10-17",2.07949995994568,2.09599995613098,2.04299998283386,2.04649996757507,105194643,1.38667917251587
"2018-10-18",2.03200006484985,2.05200004577637,1.97899997234344,1.97899997234344,147961068,1.34094214439392
"2018-10-19",1.97239995002747,2.01500010490417,1.90880000591278,1.98420000076294,210807750,1.34446573257446
"2018-10-22",2.0460000038147,2.07800006866455,1.93859994411469,1.9675999879837,169099784,1.3332177400589
"2018-10-23",1.93700003623962,2.00399994850159,1.92999994754791,1.96819996833801,147732658,1.33362424373627
"2018-10-24",1.9753999710083,1.97839999198914,1.90059995651245,1.90059995651245,127689962,1.28781950473785
"2018-10-25",1.8996000289917,1.96039998531342,1.88399994373322,1.95319998264313,156501370,1.32346057891846
"2018-10-26",1.94200003147125,1.94700002670288,1.90240001678467,1.9378000497818,130691190,1.31302583217621
"2018-10-29",1.9838000535965,2.02550005912781,1.9650000333786,1.99660003185272,138948024,1.352867603302
"2018-10-30",2.00399994850159,2.03749990463257,1.97660005092621,1.99199998378754,139416219,1.3497508764267
"2018-10-31",2.01600003242493,2.0164999961853,1.95260000228882,1.95299994945526,143916292,1.32332479953766
"2018-11-01",1.94879996776581,1.98979997634888,1.94140005111694,1.98580002784729,91713172,1.34554982185364
"2018-11-02",2.01399993896484,2.0239999294281,1.99880003929138,2.00650000572205,109052982,1.35957586765289
"2018-11-05",1.99300003051758,1.99800002574921,1.95239996910095,1.97619998455048,103652678,1.33904492855072
"2018-11-06",1.96580004692078,2.04699993133545,1.94319999217987,2.00149989128113,132803129,1.35618782043457
"2018-11-07",2.00300002098083,2.05850005149841,2,2.0550000667572,125316058,1.39243876934052
"2018-11-08",2.05999994277954,2.08400011062622,2.01300001144409,2.02900004386902,106216198,1.37482154369354
"2018-11-09",2.00999999046326,2.02049994468689,1.98300004005432,2.00550007820129,98184591,1.3588981628418
"2018-11-12",2.00550007820129,2.0090000629425,1.96019995212555,1.96019995212555,79170654,1.32820343971252
"2018-11-13",1.96379995346069,2.00799989700317,1.94659996032715,2.00250005722046,105234290,1.35686540603638
"2018-11-14",1.97979998588562,2.00449991226196,1.95319998264313,1.97880005836487,76374993,1.34080672264099
"2018-11-15",1.98580002784729,2.00349998474121,1.92840003967285,1.95379996299744,104677883,1.32386696338654
"2018-11-16",1.95560002326965,1.96940004825592,1.90600001811981,1.91939997673035,139676738,1.30055820941925
"2018-11-19",1.91199994087219,1.96440005302429,1.91199994087219,1.92620003223419,88806183,1.30516576766968
"2018-11-20",1.91600000858307,1.92159998416901,1.86199998855591,1.87880003452301,127619731,1.27304816246033
"2018-11-21",1.91999995708466,1.95099997520447,1.89900004863739,1.932000041008,125373323,1.3090957403183
"2018-11-22",1.92379999160767,1.96280002593994,1.89900004863739,1.93180000782013,97234477,1.30896019935608
"2018-11-23",1.94000005722046,1.97300004959106,1.93519997596741,1.95220005512238,87275762,1.32278287410736
"2018-11-26",2.02049994468689,2.07299995422363,2.01250004768372,2.0404999256134,166858254,1.38261365890503
"2018-11-27",2.03200006484985,2.0715000629425,2.0239999294281,2.03949999809265,116192459,1.38193619251251
"2018-11-28",2.03999996185303,2.07399988174438,2.03999996185303,2.05399990081787,125809191,1.39176106452942
"2018-11-29",2.07999992370605,2.09299993515015,2.02150011062622,2.03250002861023,125288930,1.37719309329987
"2018-11-30",2.03900003433228,2.04800009727478,2.00300002098083,2.04800009727478,100495146,1.38769555091858
"2018-12-03",2.09549999237061,2.12299990653992,2.08999991416931,2.11249995231628,147050057,1.43139982223511
"2018-12-04",2.10450005531311,2.11649990081787,2.06399989128113,2.06399989128113,107007794,1.39853703975677
"2018-12-05",2.03999996185303,2.08949995040894,2.02649998664856,2.08049988746643,110688306,1.40971720218658
"2018-12-06",2.05399990081787,2.05900001525879,1.96539998054504,1.97339999675751,191779021,1.33714771270752
"2018-12-07",1.99360001087189,2.00149989128113,1.97619998455048,1.98199999332428,98272066,1.34297513961792
"2018-12-10",1.97039997577667,1.99899995326996,1.93959999084473,1.93959999084473,109203349,1.31424534320831
"2018-12-11",1.94599997997284,1.95580005645752,1.92620003223419,1.93400001525879,98428574,1.31045079231262
"2018-12-12",1.94179999828339,2.02250003814697,1.93359994888306,2.01300001144409,132886707,1.36398017406464
"2018-12-13",2.04999995231628,2.09599995613098,2.0239999294281,2.03200006484985,144099680,1.37685430049896
"2018-12-14",2.0220000743866,2.02900004386902,1.98420000076294,2.01399993896484,81335907,1.36465764045715
"2018-12-17",2.01999998092651,2.02150011062622,1.97300004959106,1.97300004959106,91045602,1.33687674999237
"2018-12-18",1.95959997177124,2.00799989700317,1.95120000839233,1.98500001430511,95631383,1.34500777721405
"2018-12-19",2.03449988365173,2.08699989318848,2.01699995994568,2.01900005340576,155252646,1.36804568767548
"2018-12-20",1.9889999628067,1.99539995193481,1.94500005245209,1.94500005245209,191159766,1.3179042339325
"2018-12-21",1.9326000213623,1.94120001792908,1.89400005340576,1.91219997406006,228601040,1.29567956924438
"2018-12-27",1.89999997615814,1.91519999504089,1.88139998912811,1.90900003910065,131601243,1.29351127147675
"2018-12-28",1.92019999027252,1.9617999792099,1.91359996795654,1.93980002403259,101913177,1.31438100337982
"2019-01-02",1.92760002613068,1.93299996852875,1.8827999830246,1.90639996528625,98236797,1.29174935817719
"2019-01-03",1.89520001411438,1.94579994678497,1.89499998092651,1.90139997005463,120516423,1.28836166858673
"2019-01-04",1.92299997806549,1.99919998645782,1.91999995708466,1.99919998645782,135132352,1.35462939739227
"2019-01-07",2.00999999046326,2.04299998283386,2.00099992752075,2.03299999237061,106166510,1.37753188610077
"2019-01-08",2.03699994087219,2.05699992179871,2.00399994850159,2.00950002670288,110672611,1.36160862445831
"2019-01-09",2.02449989318848,2.02950000762939,1.99300003051758,2.00650000572205,105878636,1.35957586765289
"2019-01-10",1.99619996547699,2.02600002288818,1.98860001564026,2.02099990844727,73505445,1.36940097808838
"2019-01-11",2.02049994468689,2.02500009536743,1.99020004272461,2.01099991798401,82192921,1.36262488365173
"2019-01-14",1.99979996681213,2.0090000629425,1.95879995822906,1.98179996013641,106073872,1.34283936023712
"2019-01-15",1.99800002574921,2.00799989700317,1.92340004444122,1.95700001716614,137344144,1.32603538036346
"2019-01-16",1.96659994125366,2.02999997138977,1.96659994125366,2.02999997138977,131053327,1.37549912929535
"2019-01-17",2.00999999046326,2.03800010681152,1.99820005893707,2.01349997520447,93866981,1.36431884765625
"2019-01-18",2.03600001335144,2.04699993133545,2.02449989318848,2.0385000705719,113360522,1.38125848770142
"2019-01-21",2.03299999237061,2.03900003433228,2.01699995994568,2.03900003433228,44841235,1.38159739971161
"2019-01-22",2.0164999961853,2.02999997138977,2.00699996948242,2.02649998664856,83454859,1.37312746047974
"2019-01-23",2.01550006866455,2.06550002098083,2.00099992752075,2.03900003433228,95948108,1.38159739971161
"2019-01-24",2.04949998855591,2.0699999332428,2.01449990272522,2.02800011634827,126587456,1.37414395809174
"2019-01-25",2.04800009727478,2.06800007820129,2.03150010108948,2.06450009346008,112174223,1.39887583255768
"2019-01-28",2.05100011825562,2.05450010299683,2.03500008583069,2.04550004005432,99402495,1.38600170612335
"2019-01-29",2.04099988937378,2.05900001525879,2.02800011634827,2.04850006103516,78962784,1.38803458213806
"2019-01-30",2.04749989509583,2.06100010871887,2.03449988365173,2.06100010871887,90439865,1.39650416374207
"2019-01-31",2.06800007820129,2.07399988174438,1.97300004959106,1.99479997158051,230822472,1.35164785385132
"2019-02-01",1.99479997158051,2.01099991798401,1.92820000648499,1.96259999275208,151095232,1.32982969284058
"2019-02-04",1.95780003070831,1.97899997234344,1.93819999694824,1.96159994602203,104941723,1.32915222644806
"2019-02-05",1.96879994869232,2.02500009536743,1.9539999961853,1.99279999732971,217949783,1.35029280185699
"2019-02-06",1.97019994258881,2.04800009727478,1.96700000762939,2.0404999256134,163685712,1.38261365890503
"2019-02-07",2.02349996566772,2.05900001525879,1.98440003395081,1.98440003395081,173132240,1.34460127353668
"2019-02-08",1.9753999710083,2.00300002098083,1.95640003681183,1.9753999710083,119326417,1.33850288391113
"2019-02-11",1.97520005702972,2.02850008010864,1.97440004348755,1.99960005283356,128091867,1.35490047931671
"2019-02-12",2.01500010490417,2.02099990844727,1.98720002174377,2.00600004196167,125391300,1.35923707485199
"2019-02-13",2.01099991798401,2.02449989318848,1.99600005149841,2.01300001144409,111583633,1.36398017406464
"2019-02-14",2.02349996566772,2.02349996566772,1.98000001907349,1.98399996757507,133836477,1.34433019161224
"2019-02-15",1.97000002861023,2.04999995231628,1.96700000762939,2.04699993133545,199670916,1.38701796531677
"2019-02-18",2.05049991607666,2.07949995994568,2.04999995231628,2.06500005722046,123201050,1.39921450614929
"2019-02-19",2.05699992179871,2.07299995422363,2.03200006484985,2.05550003051758,128775029,1.39277768135071
"2019-02-20",2.05800008773804,2.05850005149841,2.03399991989136,2.05649995803833,93228353,1.39345502853394
"2019-02-21",2.05599999427795,2.06649994850159,2.02699995040894,2.03999996185303,109980712,1.38227486610413
"2019-02-22",2.03649997711182,2.0550000667572,2.03600001335144,2.04200005531311,64899447,1.38363003730774
"2019-02-25",2.06500005722046,2.08949995040894,2.0625,2.0845000743866,128508271,1.41242754459381
"2019-02-26",2.07500004768372,2.08699989318848,2.06800007820129,2.07649993896484,130698068,1.40700674057007
"2019-02-27",2.06949996948242,2.14299988746643,2.06900000572205,2.13150000572205,173552692,1.44427394866943
"2019-02-28",2.12700009346008,2.18899989128113,2.12350010871887,2.16899991035461,203535962,1.46968340873718
"2019-03-01",2.18300008773804,2.19300007820129,2.15799999237061,2.15799999237061,119028692,1.46223020553589
"2019-03-04",2.17249989509583,2.17950010299683,2.14400005340576,2.1654999256134,94725899,1.46731185913086
"2019-03-05",2.16849994659424,2.18849992752075,2.15000009536743,2.16149997711182,99429968,1.46460151672363
"2019-03-06",2.16149997711182,2.1965000629425,2.14949989318848,2.18199992179871,106400334,1.47849202156067
"2019-03-07",2.18350005149841,2.21900010108948,2.11299991607666,2.13350009918213,221736467,1.44562935829163
"2019-03-08",2.11999988555908,2.14499998092651,2.10150003433228,2.11899995803833,168691981,1.43580412864685
"2019-03-11",2.1340000629425,2.14599990844727,2.12100005149841,2.13750004768372,85171778,1.44833946228027
"2019-03-12",2.15599989891052,2.16249990463257,2.125,2.13599991798401,87876437,1.44732320308685
"2019-03-13",2.13050007820129,2.15599989891052,2.12700009346008,2.15450000762939,76477729,1.45985841751099
"2019-03-14",2.15350008010864,2.19000005722046,2.15350008010864,2.17000007629395,139716426,1.47036123275757
"2019-03-15",2.18199992179871,2.19899988174438,2.16499996185303,2.19899988174438,237234002,1.49001097679138
"2019-03-18",2.21000003814697,2.25300002098083,2.20350003242493,2.23300004005432,134126834,1.5130490064621
"2019-03-19",2.24049997329712,2.26200008392334,2.21449995040894,2.23600006103516,115295140,1.51508176326752
"2019-03-20",2.23449993133545,2.25250005722046,2.23000001907349,2.23000001907349,83955242,1.51101624965668
"2019-03-21",2.22099995613098,2.2335000038147,2.21250009536743,2.21499991416931,114219444,1.50085246562958
"2019-03-22",2.22099995613098,2.2260000705719,2.13549995422363,2.15650010108948,213039394,1.46121370792389
"2019-03-25",2.14050006866455,2.17400002479553,2.12750005722046,2.1489999294281,99232056,1.45613157749176
"2019-03-26",2.15499997138977,2.16599988937378,2.13700008392334,2.14350008964539,99513116,1.4524050951004
"2019-03-27",2.14450001716614,2.20849990844727,2.12649989128113,2.16000008583069,157251906,1.46358525753021
"2019-03-28",2.15350008010864,2.16400003433228,2.14050006866455,2.16400003433228,92092637,1.46629571914673
"2019-03-29",2.17549991607666,2.18350005149841,2.15700006484985,2.1710000038147,94054310,1.47103881835938
"2019-04-01",2.18650007247925,2.2114999294281,2.1784999370575,2.20549988746643,124898782,1.49441516399384
"2019-04-02",2.20199990272522,2.20900011062622,2.18600010871887,2.19799995422363,81454830,1.48933339118958
"2019-04-03",2.20799994468689,2.23300004005432,2.20350003242493,2.21749997138977,121115740,1.5025463104248
"2019-04-04",2.21700000762939,2.24550008773804,2.20549988746643,2.23399996757507,113821584,1.51372647285461
"2019-04-05",2.24049997329712,2.24600005149841,2.22199988365173,2.23399996757507,84301002,1.51372647285461
"2019-04-08",2.23650002479553,2.24550008773804,2.22350001335144,2.23300004005432,78481294,1.5130490064621
"2019-04-09",2.23600006103516,2.25600004196167,2.22250008583069,2.23650002479553,97383914,1.515420794487
"2019-04-10",2.23749995231628,2.24749994277954,2.21350002288818,2.22149991989136,94117125,1.50525665283203
"2019-04-11",2.22350001335144,2.25,2.20050001144409,2.23449993133545,136897066,1.51406526565552
"2019-04-12",2.23399996757507,2.3050000667572,2.22550010681152,2.28349995613098,183635824,1.54726684093475
"2019-04-15",2.29949998855591,2.32699990272522,2.29099988937378,2.30100011825562,107414847,1.55912506580353
"2019-04-16",2.31049990653992,2.33299994468689,2.29699993133545,2.32249999046326,125716775,1.5736927986145
"2019-04-17",2.33400011062622,2.35500001907349,2.32100009918213,2.34200000762939,121671772,1.58690571784973
"2019-04-18",2.34100008010864,2.34999990463257,2.30649995803833,2.33249998092651,140068617,1.58046877384186
"2019-04-23",2.33200001716614,2.34100008010864,2.30450010299683,2.32100009918213,89368925,1.57267665863037
"2019-04-24",2.3125,2.31450009346008,2.25349998474121,2.27500009536743,158537341,1.54150772094727
"2019-04-25",2.27699995040894,2.2904999256134,2.26300001144409,2.27699995040894,75413729,1.54286277294159
"2019-04-26",2.27150011062622,2.28800010681152,2.26200008392334,2.28500008583069,85149827,1.54828345775604
"2019-04-29",2.30550003051758,2.33899998664856,2.30049991607666,2.33200001716614,131399255,1.58012986183167
"2019-04-30",2.32599997520447,2.34649991989136,2.31850004196167,2.33699989318848,119004026,1.58351802825928
"2019-05-02",2.32999992370605,2.3585000038147,2.31349992752075,2.32699990272522,107183606,1.57674205303192
"2019-05-03",2.33500003814697,2.33699989318848,2.30599999427795,2.32200002670288,82241391,1.5733540058136
"2019-05-06",2.26999998092651,2.2960000038147,2.25950002670288,2.28949999809265,118420285,1.55133259296417
"2019-05-07",2.29550004005432,2.32500004768372,2.22199988365173,2.24200010299683,186608688,1.51914715766907
"2019-05-08",2.22000002861023,2.2279999256134,2.19400000572205,2.21600008010864,148629660,1.50152981281281
"2019-05-09",2.1949999332428,2.20499992370605,2.15199995040894,2.16449999809265,157669237,1.46663439273834
"2019-05-10",2.18199992179871,2.20250010490417,2.15050005912781,2.15949988365173,111898694,1.46324646472931
"2019-05-13",2.16000008583069,2.16249990463257,2.11800003051758,2.11800003051758,135034656,1.43512678146362
"2019-05-14",2.13199996948242,2.15000009536743,2.10199999809265,2.15000009536743,125122222,1.45680940151215
"2019-05-15",2.14549994468689,2.14849996566772,2.09599995613098,2.13150000572205,168757165,1.44427394866943
"2019-05-16",2.12599992752075,2.18350005149841,2.11649990081787,2.18350005149841,159902179,1.47950839996338
"2019-05-17",2.18950009346008,2.19300007820129,2.16050004959106,2.17050004005432,193412988,1.47069990634918
"2019-05-20",2.00999999046326,2.02999997138977,1.97800004482269,1.97800004482269,267555796,1.47405338287354
"2019-05-21",1.99000000953674,1.99240005016327,1.9514000415802,1.97699999809265,149315227,1.47330820560455
"2019-05-22",1.97000002861023,1.97599995136261,1.93560004234314,1.94159996509552,141454533,1.44692730903625
"2019-05-23",1.92499995231628,1.92999994754791,1.89320003986359,1.90299999713898,172501432,1.41816163063049
"2019-05-24",1.91559994220734,1.94159996509552,1.90980005264282,1.91879999637604,129010405,1.429936170578
"2019-05-27",1.92960000038147,1.94939994812012,1.89499998092651,1.90820002555847,72898819,1.42203676700592
"2019-05-28",1.90100002288818,1.9021999835968,1.85839998722076,1.88699996471405,163043820,1.40623795986176
"2019-05-29",1.86099994182587,1.8782000541687,1.85060000419617,1.86580002307892,129483038,1.3904390335083
"2019-05-30",1.87580001354218,1.88699996471405,1.84640002250671,1.86520004272461,100855754,1.38999223709106
"2019-05-31",1.83720004558563,1.84340000152588,1.80340003967285,1.83379995822906,182606976,1.36659204959869
"2019-06-03",1.8154000043869,1.83000004291534,1.80540001392365,1.82599997520447,106396116,1.3607794046402
"2019-06-04",1.817999958992,1.87720000743866,1.81519997119904,1.86619997024536,133987183,1.39073729515076
"2019-06-05",1.86559998989105,1.86740005016327,1.81480002403259,1.85000002384186,112388136,1.37866461277008
"2019-06-06",1.85000002384186,1.88399994373322,1.80460000038147,1.8264000415802,142311859,1.36107730865479
"2019-06-07",1.83500003814697,1.84519994258881,1.82120001316071,1.83280003070831,86088119,1.36584675312042
"2019-06-10",1.83899998664856,1.85479998588562,1.82819998264313,1.8458000421524,68321992,1.37553453445435
"2019-06-11",1.84119999408722,1.85940003395081,1.83200001716614,1.84720003604889,83232508,1.37657821178436
"2019-06-12",1.83000004291534,1.84280002117157,1.81900000572205,1.82799994945526,93685838,1.36226963996887
"2019-06-13",1.82200002670288,1.8445999622345,1.80799996852875,1.84200000762939,71513585,1.37270295619965
"2019-06-14",1.83200001716614,1.8445999622345,1.82500004768372,1.83739995956421,74125611,1.36927473545074
"2019-06-17",1.84099996089935,1.84839999675751,1.8309999704361,1.8309999704361,62716233,1.3645054101944
"2019-06-18",1.82819998264313,1.87440001964569,1.80400002002716,1.87339997291565,162257949,1.39610290527344
"2019-06-19",1.8775999546051,1.90900003910065,1.87059998512268,1.90719997882843,119271192,1.42129147052765
"2019-06-20",1.91760003566742,1.92900002002716,1.88699996471405,1.89079999923706,187776642,1.40906977653503
"2019-06-21",1.89859998226166,1.91380000114441,1.87160003185272,1.875,224296291,1.39729523658752
"2019-06-24",1.86839997768402,1.89779996871948,1.86360001564026,1.87479996681213,74685911,1.3971461057663
"2019-06-25",1.8691999912262,1.87940001487732,1.85399997234344,1.86839997768402,72294208,1.39237678050995
"2019-06-26",1.86259996891022,1.88779997825623,1.85739994049072,1.87779998779297,83972073,1.39938187599182
"2019-06-27",1.88900005817413,1.90400004386902,1.87660002708435,1.87860000133514,100106160,1.39997816085815
"2019-06-28",1.88139998912811,1.88699996471405,1.87119996547699,1.88199996948242,103490414,1.40251171588898
"2019-07-01",1.89999997615814,1.90380001068115,1.86619997024536,1.86759996414185,94089515,1.39178061485291
"2019-07-02",1.88199996948242,1.89279997348785,1.85699999332428,1.88499999046326,88887870,1.4047474861145
"2019-07-03",1.87539994716644,1.98080003261566,1.87100005149841,1.98080003261566,204963830,1.47613990306854
"2019-07-04",1.99000000953674,2.04349994659424,1.99000000953674,2.02600002288818,185480060,1.50982415676117
"2019-07-05",2.03500008583069,2.04250001907349,2.00799989700317,2.03200006484985,112994574,1.51429557800293
"2019-07-08",2.01799988746643,2.03949999809265,2.00349998474121,2.01749992370605,91326320,1.50348961353302
"2019-07-09",2.01149988174438,2.01500010490417,1.98459994792938,2.00650000572205,102829883,1.49529230594635
"2019-07-10",2.01349997520447,2.05200004577637,2.00950002670288,2.03099989891052,109618769,1.51355004310608
"2019-07-11",2.04349994659424,2.06200003623962,2.03200006484985,2.05550003051758,83113779,1.53180837631226
"2019-07-12",2.0625,2.07450008392334,2.05100011825562,2.05100011825562,80930633,1.5284548997879
"2019-07-15",2.05749988555908,2.06500005722046,2.03049993515015,2.04850006103516,65898461,1.5265918970108
"2019-07-16",2.04099988937378,2.07349991798401,2.04099988937378,2.06200003623962,91533799,1.53665208816528
"2019-07-17",2.06049990653992,2.07399988174438,2.04200005531311,2.04299998283386,78455921,1.5224928855896
"2019-07-18",2.03600001335144,2.06399989128113,2.02449989318848,2.04999995231628,88689210,1.52770936489105
"2019-07-19",2.07049989700317,2.07299995422363,1.99520003795624,2.00799989700317,157351048,1.49641001224518
"2019-07-22",1.99979996681213,2.01799988746643,1.99539995193481,2.01149988174438,93385489,1.49901807308197
"2019-07-23",2.0164999961853,2.04900002479553,2.01500010490417,2.03500008583069,83007946,1.51653122901917
"2019-07-24",2.03699994087219,2.04450011253357,2.01149988174438,2.03500008583069,72952685,1.51653122901917
"2019-07-25",2.0385000705719,2.07999992370605,2.00699996948242,2.01999998092651,153440321,1.5053528547287
"2019-07-26",2.02099990844727,2.0239999294281,2.00099992752075,2.00999999046326,88679828,1.49790048599243
"2019-07-29",2.00650000572205,2.01699995994568,1.99119997024536,1.99119997024536,62197711,1.48389041423798
"2019-07-30",1.99000000953674,1.99140000343323,1.932000041008,1.96599996089935,157098759,1.4651106595993
"2019-07-31",1.96979999542236,2.00300002098083,1.95340001583099,1.96039998531342,122878586,1.46093738079071
"2019-08-01",1.96039998531342,2.02250003814697,1.96039998531342,2,135656648,1.49044835567474
"2019-08-02",1.96239995956421,1.98199999332428,1.94200003147125,1.95260000228882,138987735,1.45512461662292
"2019-08-05",1.94799995422363,1.97979998588562,1.93739998340607,1.96780002117157,136389086,1.46645200252533
"2019-08-06",1.97599995136261,1.97940003871918,1.94459998607635,1.94459998607635,75338356,1.44916296005249
"2019-08-07",1.95220005512238,1.95700001716614,1.89880001544952,1.9099999666214,140309575,1.42337822914124
"2019-08-08",1.93079996109009,1.95200002193451,1.90820002555847,1.94539999961853,85942153,1.44975900650024
"2019-08-09",1.89460003376007,1.89460003376007,1.85259997844696,1.87479996681213,200288827,1.3971461057663
"2019-08-12",1.88820004463196,1.89540004730225,1.83599996566772,1.83599996566772,111863461,1.36823153495789
"2019-08-13",1.8309999704361,1.88999998569489,1.81099998950958,1.88719999790192,133437048,1.40638697147369
"2019-08-14",1.87999999523163,1.88660001754761,1.83239996433258,1.84560000896454,136479920,1.3753856420517
"2019-08-16",1.85599994659424,1.89199995994568,1.84019994735718,1.88199996948242,196454418,1.40251171588898
"2019-08-19",1.91079998016357,1.93599998950958,1.9074000120163,1.91419994831085,123200051,1.42650818824768
"2019-08-20",1.9099999666214,1.91400003433228,1.88160002231598,1.90339994430542,88106928,1.41845965385437
"2019-08-21",1.90799999237061,1.94140005111694,1.90799999237061,1.92260003089905,90895847,1.43276786804199
"2019-08-22",1.9210000038147,1.96340000629425,1.91499996185303,1.94179999828339,99222242,1.44707608222961
"2019-08-23",1.96259999275208,1.96539998054504,1.90320003032684,1.90320003032684,123055215,1.41831064224243
"2019-08-26",1.90120005607605,1.95239996910095,1.89999997615814,1.94000005722046,118697120,1.44573485851288
"2019-08-27",1.9539999961853,1.96679997444153,1.93499994277954,1.9481999874115,107341856,1.45184576511383
"2019-08-28",1.95000004768372,1.97619998455048,1.93799996376038,1.96860003471375,165815557,1.46704840660095
"2019-08-29",1.97800004482269,2.03250002861023,1.97179996967316,2.01349997520447,175020992,1.5005087852478
"2019-08-30",2.01900005340576,2.02749991416931,1.98239994049072,1.99319994449615,139750829,1.48538064956665
"2019-09-02",2,2.01900005340576,1.9941999912262,2.00349998474121,61050423,1.49305665493011
"2019-09-03",2.00999999046326,2.01500010490417,1.978600025177,2.00049996376038,76534306,1.49082088470459
"2019-09-04",2.04150009155273,2.04800009727478,2.02099990844727,2.02749991416931,123880188,1.51094174385071
"2019-09-05",2.04099988937378,2.05599999427795,2.02800011634827,2.05599999427795,125926029,1.53218078613281
"2019-09-06",2.05999994277954,2.07699990272522,2.04349994659424,2.06699991226196,118252483,1.54037809371948
"2019-09-09",2.07649993896484,2.10199999809265,2.07100009918213,2.10150003433228,104915430,1.56608867645264
"2019-09-10",2.10150003433228,2.13750004768372,2.08850002288818,2.12350010871887,137847475,1.58248341083527
"2019-09-11",2.1324999332428,2.14750003814697,2.08100008964539,2.10800004005432,163934956,1.57093250751495
"2019-09-12",2.10400009155273,2.13899993896484,2.07200002670288,2.12249994277954,175115719,1.58173823356628
"2019-09-13",2.14000010490417,2.18499994277954,2.13649988174438,2.18199992179871,178917743,1.62607896327972
"2019-09-16",2.17000007629395,2.18799996376038,2.13849997520447,2.14350008964539,139357713,1.59738802909851
"2019-09-17",2.14050006866455,2.14599990844727,2.11450004577637,2.125,121961163,1.58360135555267
"2019-09-18",2.13100004196167,2.14400005340576,2.12599992752075,2.12599992752075,76733066,1.58434653282166
"2019-09-19",2.13199996948242,2.17000007629395,2.12700009346008,2.16400003433228,113216968,1.6126651763916
"2019-09-20",2.16400003433228,2.18199992179871,2.15499997138977,2.16599988937378,180464891,1.61415529251099
"2019-09-23",2.16599988937378,2.16700005531311,2.12249994277954,2.14050006866455,103355544,1.59515237808228
"2019-09-24",2.14800000190735,2.15700006484985,2.13000011444092,2.13000011444092,85999164,1.58732771873474
"2019-09-25",2.11949992179871,2.13499999046326,2.07500004768372,2.13499999046326,118517774,1.59105348587036
"2019-09-26",2.13000011444092,2.15450000762939,2.12249994277954,2.14299988746643,101312867,1.59701538085938
"2019-09-27",2.15450000762939,2.16650009155273,2.14499998092651,2.16050004959106,76134291,1.61005663871765
"2019-09-30",2.16499996185303,2.1784999370575,2.15700006484985,2.17549991607666,95370401,1.62123513221741
"2019-10-01",2.18050003051758,2.19950008392334,2.1470000743866,2.15499997138977,117614257,1.60595798492432
"2019-10-02",2.14800000190735,2.15599989891052,2.09400010108948,2.09400010108948,140336521,1.56049919128418
"2019-10-03",2.09500002861023,2.1085000038147,2.06200003623962,2.09100008010864,114191476,1.55826389789581
"2019-10-04",2.09100008010864,2.10199999809265,2.07349991798401,2.09549999237061,79152046,1.56161725521088
"2019-10-07",2.09050011634827,2.10800004005432,2.0789999961853,2.10800004005432,62008746,1.57093250751495
"2019-10-08",2.11450004577637,2.11549997329712,2.06800007820129,2.08599996566772,76194525,1.55453753471375
"2019-10-09",2.0789999961853,2.11700010299683,2.0789999961853,2.10349988937378,70218069,1.5675790309906
"2019-10-10",2.10549998283386,2.15199995040894,2.09999990463257,2.14949989318848,110513867,1.60185921192169
"2019-10-11",2.15700006484985,2.18600010871887,2.14549994468689,2.18600010871887,151538267,1.62906002998352
"2019-10-14",2.17050004005432,2.18400001525879,2.16400003433228,2.1800000667572,78616650,1.62458872795105
"2019-10-15",2.19400000572205,2.21600008010864,2.18099999427795,2.21000003814697,137438957,1.64694535732269
"2019-10-16",2.20900011062622,2.26099991798401,2.20600008964539,2.23850011825562,182533638,1.6681843996048
"2019-10-17",2.23049998283386,2.27500009536743,2.22900009155273,2.23149991035461,142521621,1.66296756267548
"2019-10-18",2.24149990081787,2.24550008773804,2.22000002861023,2.23449993133545,108436013,1.665203332901
"2019-10-21",2.23449993133545,2.27099990844727,2.23000001907349,2.25300002098083,118457476,1.67899000644684
"2019-10-22",2.26500010490417,2.27500009536743,2.24799990653992,2.27500009536743,118319268,1.69538509845734
"2019-10-23",2.26300001144409,2.27900004386902,2.24799990653992,2.26999998092651,135750647,1.69165873527527
"2019-10-24",2.2739999294281,2.28600001335144,2.25799989700317,2.27099990844727,115864605,1.69240391254425
"2019-10-25",2.27099990844727,2.27699995040894,2.25349998474121,2.27250003814697,70881348,1.69352197647095
"2019-10-28",2.26550006866455,2.28250002861023,2.24900007247925,2.27850008010864,83098734,1.69799315929413
"2019-10-29",2.28200006484985,2.28999996185303,2.27150011062622,2.2720000743866,77790299,1.69314932823181
"2019-10-30",2.27449989318848,2.28099989891052,2.21650004386902,2.24850010871887,120392255,1.67563676834106
"2019-10-31",2.25,2.25449991226196,2.22449994087219,2.24600005149841,102364086,1.6737734079361
"2019-11-01",2.25,2.27300000190735,2.23749995231628,2.27300000190735,77603854,1.69389462471008
"2019-11-04",2.27999997138977,2.30599999427795,2.27699995040894,2.30599999427795,138915066,1.71848678588867
"2019-11-05",2.31450009346008,2.34949994087219,2.30999994277954,2.33999991416931,187207343,1.74382436275482
"2019-11-06",2.34549999237061,2.36700010299683,2.31949996948242,2.33750009536743,149437952,1.74196147918701
"2019-11-07",2.35050010681152,2.37700009346008,2.34450006484985,2.35599994659424,134439711,1.75574827194214
"2019-11-08",2.35649991035461,2.35800004005432,2.32100009918213,2.34299993515015,126002191,1.74606013298035
"2019-11-11",2.32999992370605,2.35700011253357,2.3199999332428,2.35700011253357,87593952,1.75649356842041
"2019-11-12",2.36700010299683,2.38949990272522,2.35949993133545,2.37800002098083,122892061,1.77214288711548
"2019-11-13",2.36899995803833,2.37299990653992,2.32500004768372,2.34500002861023,115224834,1.7475506067276
"2019-11-14",2.34050011634827,2.35249996185303,2.32399988174438,2.32599997520447,80699701,1.73339116573334
"2019-11-15",2.34150004386902,2.34649991989136,2.32100009918213,2.33800005912781,87576665,1.74233400821686
"2019-11-18",2.34500002861023,2.3585000038147,2.33400011062622,2.34999990463257,91393189,1.75127696990967
"2019-11-19",2.35199999809265,2.37700009346008,2.34050011634827,2.34750008583069,96904250,1.74941372871399
"2019-11-20",2.3364999294281,2.34850001335144,2.32450008392334,2.34500002861023,86053281,1.7475506067276
"2019-11-21",2.33400011062622,2.35800004005432,2.32800006866455,2.35400009155273,75237410,1.7542576789856
"2019-11-22",2.35949993133545,2.37150001525879,2.33899998664856,2.34349989891052,77801082,1.7464325428009
"2019-11-25",2.35649991035461,2.36350011825562,2.34249997138977,2.35249996185303,41444685,1.75313985347748
"2019-11-26",2.34899997711182,2.35349988937378,2.33200001716614,2.34200000762939,82290353,1.74531483650208
"2019-11-27",2.34400010108948,2.34699988365173,2.32750010490417,2.32750010490417,62688089,1.73450934886932
"2019-11-28",2.3199999332428,2.32500004768372,2.29699993133545,2.30999994277954,64034958,1.72146785259247
"2019-11-29",2.2960000038147,2.31550002098083,2.29200005531311,2.30049991607666,70270722,1.71438825130463
"2019-12-02",2.30649995803833,2.33599996566772,2.26399993896484,2.27099990844727,104503483,1.69240391254425
"2019-12-03",2.27699995040894,2.29150009155273,2.16799998283386,2.24499988555908,102108853,1.67302799224854
"2019-12-04",2.25500011444092,2.29099988937378,2.24799990653992,2.29099988937378,77054982,1.7073085308075
"2019-12-05",2.29399991035461,2.31150007247925,2.28150010108948,2.28800010681152,60910523,1.70507276058197
"2019-12-06",2.29949998855591,2.3199999332428,2.28099989891052,2.31349992752075,81039977,1.72407603263855
"2019-12-09",2.3199999332428,2.32100009918213,2.27600002288818,2.29699993133545,75045173,1.71177971363068
"2019-12-10",2.29399991035461,2.30749988555908,2.27550005912781,2.30399990081787,67906401,1.71699655056
"2019-12-11",2.29699993133545,2.31649994850159,2.29500007629395,2.31100010871887,55054038,1.72221326828003
"2019-12-12",2.31699991226196,2.36350011825562,2.31450009346008,2.35249996185303,110830282,1.75313985347748
"2019-12-13",2.38350009918213,2.39000010490417,2.31750011444092,2.32800006866455,146026134,1.73488187789917
"2019-12-16",2.34349989891052,2.35249996185303,2.33299994468689,2.34649991989136,65642064,1.74866831302643
"2019-12-17",2.34150004386902,2.36400008201599,2.33999991416931,2.36299991607666,84817545,1.76096475124359
"2019-12-18",2.36400008201599,2.37450003623962,2.35649991035461,2.3659999370575,70191489,1.76320028305054
"2019-12-19",2.36100006103516,2.38000011444092,2.35800004005432,2.38000011444092,87441143,1.77363359928131
"2019-12-20",2.40000009536743,2.40499997138977,2.37450003623962,2.40499997138977,220630496,1.79226398468018
"2019-12-23",2.39299988746643,2.40249991416931,2.38050007820129,2.40050005912781,59129289,1.78891086578369
"2019-12-27",2.39050006866455,2.39949989318848,2.35500001907349,2.35500001907349,85908015,1.75500273704529
"2019-12-30",2.35500001907349,2.36649990081787,2.34850001335144,2.34850001335144,45563575,1.75015902519226
"2020-01-02",2.3675000667572,2.3840000629425,2.35899996757507,2.38100004196167,71760019,1.77437841892242
"2020-01-03",2.37199997901917,2.37299990653992,2.33699989318848,2.34949994087219,86629018,1.75090408325195
"2020-01-06",2.32649993896484,2.34299993515015,2.28600001335144,2.33999991416931,86463465,1.74382436275482
"2020-01-07",2.34999990463257,2.3585000038147,2.33400011062622,2.34500002861023,62600412,1.7475506067276
"2020-01-08",2.32249999046326,2.35999989509583,2.31550002098083,2.33800005912781,97035178,1.74233400821686
"2020-01-09",2.36500000953674,2.37949991226196,2.35750007629395,2.37400007247925,90032175,1.76916217803955
"2020-01-10",2.37599992752075,2.37849998474121,2.35549998283386,2.35700011253357,65528049,1.75649356842041
"2020-01-13",2.36350011825562,2.36700010299683,2.33400011062622,2.34100008010864,71221102,1.74456965923309
"2020-01-14",2.33999991416931,2.34850001335144,2.31100010871887,2.34699988365173,90239786,1.74904096126556
"2020-01-15",2.34500002861023,2.34500002861023,2.30999994277954,2.3199999332428,96739311,1.72891974449158
"2020-01-16",2.32500004768372,2.33400011062622,2.29800009727478,2.32249999046326,90772913,1.73078298568726
"2020-01-17",2.33100008964539,2.34899997711182,2.32349991798401,2.3364999294281,66933164,1.74121618270874
"2020-01-20",2.32850003242493,2.33400011062622,2.30999994277954,2.31850004196167,49611652,1.72780215740204
"2020-01-21",2.30800008773804,2.30999994277954,2.2885000705719,2.30399990081787,80836422,1.71699655056
"2020-01-22",2.29900002479553,2.30599999427795,2.26300001144409,2.27999997138977,102424188,1.69911098480225
"2020-01-23",2.27099990844727,2.29749989509583,2.25500011444092,2.26799988746643,77107388,1.69016814231873
"2020-01-24",2.27900004386902,2.30200004577637,2.27099990844727,2.27800011634827,70441500,1.69762086868286
"2020-01-27",2.26950001716614,2.31800007820129,2.25250005722046,2.25500011444092,147158071,1.68048048019409
"2020-01-28",2.26500010490417,2.31399989128113,2.23950004577637,2.30550003051758,112703643,1.71811401844025
"2020-01-29",2.30299997329712,2.32450008392334,2.29550004005432,2.3199999332428,69010236,1.72891974449158
"2020-01-30",2.2960000038147,2.30200004577637,2.26200008392334,2.29150009155273,108764240,1.70768105983734
"2020-01-31",2.29999995231628,2.30250000953674,2.23850011825562,2.24550008773804,132575712,1.67340087890625
"2020-02-03",2.25049996376038,2.28949999809265,2.24650001525879,2.28500008583069,92218747,1.70283722877502
"2020-02-04",2.31900000572205,2.37700009346008,2.3050000667572,2.35150003433228,184520579,1.7523946762085
"2020-02-05",2.35999989509583,2.44950008392334,2.35700011253357,2.44950008392334,241842028,1.82542657852173
"2020-02-06",2.47650003433228,2.51449990272522,2.46900010108948,2.47149991989136,179797081,1.84182143211365
"2020-02-07",2.46499991416931,2.47749996185303,2.45099997520447,2.4760000705719,86604351,1.84517538547516
"2020-02-10",2.46650004386902,2.48600006103516,2.45700001716614,2.45900011062622,72979804,1.83250617980957
"2020-02-11",2.47399997711182,2.49650001525879,2.4614999294281,2.48250007629395,103714466,1.85001909732819
"2020-02-12",2.48200011253357,2.52950000762939,2.48200011253357,2.5074999332428,121747624,1.86864972114563
"2020-02-13",2.5,2.50999999046326,2.47000002861023,2.50999999046326,103493811,1.87051248550415
"2020-02-14",2.51099991798401,2.51200008392334,2.49300003051758,2.5074999332428,86112424,1.86864972114563
"2020-02-17",2.51149988174438,2.53999996185303,2.51149988174438,2.53999996185303,87460739,1.89286947250366
"2020-02-18",2.54999995231628,2.6324999332428,2.53449988365173,2.59999990463257,281544891,1.93758273124695
"2020-02-19",2.61999988555908,2.62400007247925,2.59999990463257,2.60349988937378,129181068,1.94019091129303
"2020-02-20",2.60500001907349,2.61500000953674,2.54999995231628,2.54999995231628,120096111,1.90032148361206
"2020-02-21",2.53949999809265,2.55749988555908,2.50500011444092,2.52150011062622,151947458,1.87908267974854
"2020-02-24",2.39549994468689,2.42350006103516,2.35199999809265,2.37649989128113,299262443,1.77102541923523
"2020-02-25",2.39299988746643,2.39849996566772,2.3289999961853,2.32999992370605,193928270,1.73637247085571
"2020-02-26",2.32399988174438,2.40450000762939,2.2960000038147,2.38100004196167,213617351,1.77437841892242
"2020-02-27",2.34100008010864,2.34500002861023,2.25650000572205,2.2885000705719,255436464,1.70544564723969
"2020-02-28",2.22149991989136,2.24900007247925,2.16149997711182,2.19849991798401,332036718,1.63837504386902
"2020-03-02",2.23900008201599,2.23900008201599,2.07599997520447,2.13649988174438,299767078,1.59217119216919
"2020-03-03",2.18350005149841,2.21199989318848,2.10649991035461,2.11899995803833,222749857,1.57912993431091
"2020-03-04",2.125,2.18300008773804,2.08699989318848,2.12750005722046,197266498,1.58546447753906
"2020-03-05",2.14350008964539,2.14350008964539,2.03900003433228,2.04649996757507,240842467,1.52510118484497
"2020-03-06",1.99800002574921,2.00950002670288,1.96140003204346,1.97720003128052,271576259,1.47345721721649
"2020-03-09",1.75999999046326,1.83780002593994,1.71659994125366,1.75,393565793,1.30414223670959
"2020-03-10",1.77999997138977,1.86300003528595,1.68659996986389,1.70879995822906,353038018,1.27343893051147
"2020-03-11",1.73020005226135,1.80499994754791,1.71640002727509,1.7791999578476,242753578,1.32590293884277
"2020-03-12",1.67999994754791,1.74000000953674,1.45640003681183,1.46280002593994,451776106,1.09011387825012
"2020-03-13",1.57019996643066,1.73500001430511,1.49000000953674,1.5543999671936,375441607,1.15837633609772
"2020-03-16",1.48000001907349,1.48000001907349,1.30620002746582,1.40279996395111,369552585,1.04540038108826
"2020-03-17",1.44420003890991,1.48440003395081,1.35220003128052,1.4514000415802,289715404,1.081618309021
"2020-03-18",1.38999998569489,1.44000005722046,1.3503999710083,1.40859997272491,247550491,1.04972267150879
"2020-03-19",1.46259999275208,1.47599995136261,1.39520001411438,1.42519998550415,315594543,1.06209349632263
"2020-03-20",1.45000004768372,1.50600004196167,1.45000004768372,1.46539998054504,374425005,1.09205150604248
"2020-03-23",1.39540004730225,1.48000001907349,1.3860000371933,1.44879996776581,227269682,1.07968080043793
"2020-03-24",1.51219999790192,1.58360004425049,1.50139999389648,1.58360004425049,264310315,1.18013691902161
"2020-03-25",1.62779998779297,1.70500004291534,1.55299997329712,1.61619997024536,278462019,1.2044312953949
"2020-03-26",1.59179997444153,1.63719999790192,1.56400001049042,1.63100004196167,178227536,1.21546053886414
"2020-03-27",1.59119999408722,1.62399995326996,1.54439997673035,1.56659996509552,179037412,1.16746819019318
"2020-03-30",1.52600002288818,1.54340004920959,1.442999958992,1.4708000421524,215074452,1.09607577323914
"2020-03-31",1.49460005760193,1.51499998569489,1.4210000038147,1.48839998245239,218397233,1.10919153690338
"2020-04-01",1.43499994277954,1.46259999275208,1.42599999904633,1.43480002880096,143552849,1.06924748420715
"2020-04-02",1.43299996852875,1.44439995288849,1.38499999046326,1.4378000497818,199640211,1.07148325443268
"2020-04-03",1.42400002479553,1.4313999414444,1.32920002937317,1.32920002937317,262955606,0.990551948547363
"2020-04-06",1.4099999666214,1.45819997787476,1.39320003986359,1.45819997787476,202326407,1.08668577671051
"2020-04-07",1.50999999046326,1.54639995098114,1.44280004501343,1.46899998188019,242662247,1.09473431110382
"2020-04-08",1.44200003147125,1.45500004291534,1.41859996318817,1.44920003414154,182965178,1.07997870445251
"2020-04-09",1.47300004959106,1.48459994792938,1.42079997062683,1.44500005245209,208140147,1.07684898376465
"2020-04-14",1.45500004291534,1.4559999704361,1.39719998836517,1.40620005130768,131457273,1.04793417453766
"2020-04-15",1.39499998092651,1.41700005531311,1.34839999675751,1.34839999675751,175870841,1.00486016273499
"2020-04-16",1.36559998989105,1.40680003166199,1.34679996967316,1.36020004749298,142549890,1.01365399360657
"2020-04-17",1.40659999847412,1.41279995441437,1.36479997634888,1.37619996070862,158362300,1.02557742595673
"2020-04-20",1.38240003585815,1.38839995861053,1.34399998188019,1.38300001621246,110025074,1.03064489364624
"2020-04-21",1.35899996757507,1.36619997024536,1.31719994544983,1.32000005245209,150440268,0.983695864677429
"2020-04-22",1.33780002593994,1.35080003738403,1.32439994812012,1.33819997310638,110627074,0.997258901596069
"2020-04-23",1.35199999809265,1.40460002422333,1.3400000333786,1.38440001010895,133348849,1.03168833255768
"2020-04-24",1.36000001430511,1.38580000400543,1.34159994125366,1.34379994869232,118161733,1.00143218040466
"2020-04-27",1.40520000457764,1.40799999237061,1.37300002574921,1.39520001411438,107918673,1.03973686695099
"2020-04-28",1.39540004730225,1.48179996013641,1.39460003376007,1.44719994068146,189203015,1.07848834991455
"2020-04-29",1.44000005722046,1.48039996623993,1.42139995098114,1.48039996623993,138159186,1.10322976112366
"2020-04-30",1.48720002174377,1.49460005760193,1.41299998760223,1.42299997806549,211954391,1.06045401096344
"2020-05-04",1.3775999546051,1.40240001678467,1.36000001430511,1.37600004673004,145102162,1.02542841434479
"2020-05-05",1.39999997615814,1.45480000972748,1.38499999046326,1.45099997520447,164031679,1.08132028579712
"2020-05-06",1.45000004768372,1.46220004558563,1.41299998760223,1.42019999027252,132177064,1.05836737155914
"2020-05-07",1.42439997196198,1.43040001392365,1.37660002708435,1.40439999103546,122975183,1.04659283161163
"2020-05-08",1.41700005531311,1.42260003089905,1.38520002365112,1.41400003433228,82768667,1.05374717712402
"2020-05-11",1.43640005588531,1.44900000095367,1.40199995040894,1.40939998626709,95640755,1.05031895637512
"2020-05-12",1.40659999847412,1.432000041008,1.40579998493195,1.42079997062683,82324684,1.05881440639496
"2020-05-13",1.40579998493195,1.42859995365143,1.39359998703003,1.39359998703003,98680076,1.03854441642761
"2020-05-14",1.38499999046326,1.39979994297028,1.34200000762939,1.38359999656677,130668548,1.03109204769135
"2020-05-15",1.39999997615814,1.40880000591278,1.36440002918243,1.38380002975464,97665720,1.03124117851257
"2020-05-18",1.39999997615814,1.46319997310638,1.39419996738434,1.45220005512238,127928045,1.08221459388733
"2020-05-19",1.48500001430511,1.49059998989105,1.39839994907379,1.43079996109009,187102087,1.06626653671265
"2020-05-20",1.42639994621277,1.45000004768372,1.38699996471405,1.43900001049042,150520818,1.0723774433136
"2020-05-21",1.42599999904633,1.44379997253418,1.40719997882843,1.42200005054474,105857401,1.05970871448517
"2020-05-22",1.40699994564056,1.46899998188019,1.3944000005722,1.44459998607635,135928077,1.0765506029129
"2020-05-25",1.4650000333786,1.4650000333786,1.4371999502182,1.45759999752045,75260084,1.08623862266541
"2020-05-26",1.47500002384186,1.50639998912811,1.47220003604889,1.50119996070862,173502752,1.11873054504395
"2020-05-27",1.50919997692108,1.58000004291534,1.50399994850159,1.53840005397797,256405188,1.14645278453827
"2020-05-28",1.56879997253418,1.57159996032715,1.52799999713898,1.55859994888306,174141556,1.16150629520416
"2020-05-29",1.54499995708466,1.57480001449585,1.53840005397797,1.55239999294281,175482363,1.15688598155975
"2020-06-01",1.58500003814697,1.58700001239777,1.55359995365143,1.58000004291534,108370965,1.17745423316956
"2020-06-02",1.59019994735718,1.64419996738434,1.58019995689392,1.625,177941891,1.21098935604095
"2020-06-03",1.64999997615814,1.682000041008,1.63740003108978,1.67320001125336,218128390,1.24690914154053
"2020-06-04",1.66499996185303,1.72200000286102,1.64619994163513,1.69379997253418,240920046,1.26226079463959
"2020-06-05",1.74000000953674,1.78380000591278,1.73459994792938,1.77279996871948,296117466,1.32113337516785
"2020-06-08",1.78999996185303,1.83599996566772,1.78020000457764,1.80340003967285,233912546,1.34393727779388
"2020-06-09",1.76699995994568,1.77999997138977,1.7014000415802,1.72000002861023,264743879,1.28178560733795
"2020-06-10",1.74000000953674,1.75720000267029,1.67499995231628,1.70260000228882,166853775,1.26881861686707
"2020-06-11",1.63800001144409,1.65380001068115,1.60539996623993,1.61779999732971,226182636,1.20562374591827
"2020-06-12",1.60000002384186,1.64880001544952,1.58299994468689,1.62199997901917,152139463,1.20875346660614
"2020-06-15",1.557000041008,1.64219999313354,1.5518000125885,1.62660002708435,142553754,1.21218144893646
"2020-06-16",1.68939995765686,1.73520004749298,1.65499997138977,1.69920003414154,213849652,1.26628494262695
"2020-06-17",1.70000004768372,1.73880004882812,1.69319999217987,1.70379996299744,143731254,1.26971280574799
"2020-06-18",1.70360004901886,1.73500001430511,1.66999995708466,1.68579995632172,153642688,1.25629866123199
"2020-06-19",1.7039999961853,1.71200001239777,1.66919994354248,1.68480002880096,269682632,1.25555372238159
"2020-06-22",1.66919994354248,1.70200002193451,1.66019999980927,1.68239998817444,95640120,1.25376522541046
"2020-06-23",1.69959998130798,1.72560000419617,1.68400001525879,1.71140003204346,135888266,1.27537679672241
"2020-06-24",1.70879995822906,1.73800003528595,1.66199994087219,1.66680002212524,160943897,1.2421395778656
"2020-06-25",1.65400004386902,1.69200003147125,1.63100004196167,1.68480002880096,123185666,1.25555372238159
"2020-06-26",1.69480001926422,1.70580005645752,1.65380001068115,1.6599999666214,102581414,1.23707211017609
"2020-06-29",1.65939998626709,1.71800005435944,1.64999997615814,1.70200002193451,110018394,1.26837158203125
"2020-06-30",1.7039999961853,1.71399998664856,1.67439997196198,1.70360004901886,111657567,1.26956391334534
"2020-07-01",1.71480000019073,1.71879994869232,1.66139996051788,1.69060003757477,98513384,1.25987589359283
"2020-07-02",1.71399998664856,1.77300000190735,1.70519995689392,1.75279998779297,176355143,1.30622887611389
"2020-07-03",1.76400005817413,1.7746000289917,1.73259997367859,1.7467999458313,91429484,1.30175757408142
"2020-07-06",1.78999996185303,1.81400001049042,1.77999997138977,1.79219996929169,143329053,1.3355907201767
"2020-07-07",1.77980005741119,1.79999995231628,1.76240003108978,1.78659999370575,89300618,1.33141732215881
"2020-07-08",1.77999997138977,1.7907999753952,1.75440001487732,1.76300001144409,88582311,1.31383037567139
"2020-07-09",1.77059996128082,1.7746000289917,1.71819996833801,1.7311999797821,76171288,1.29013192653656
"2020-07-10",1.70539999008179,1.76719999313354,1.70500004291534,1.76540005207062,77483420,1.31561887264252
"2020-07-13",1.79499995708466,1.79999995231628,1.75199997425079,1.78139996528625,108503588,1.32754230499268
"2020-07-14",1.77479994297028,1.79900002479553,1.76600003242493,1.78100001811981,108648168,1.3272442817688
"2020-07-15",1.79799997806549,1.83480000495911,1.78020000457764,1.81439995765686,137514596,1.35213458538055
"2020-07-16",1.80980002880096,1.85220003128052,1.807000041008,1.83940005302429,119840772,1.370765209198
"2020-07-17",1.83599996566772,1.84319996833801,1.81480002403259,1.83179998397827,117930603,1.36510157585144
"2020-07-20",1.81120002269745,1.86660003662109,1.80400002002716,1.85440003871918,108464272,1.38194370269775
"2020-07-21",1.88999998569489,1.93400001525879,1.87999999523163,1.88479995727539,197556694,1.40459847450256
"2020-07-22",1.88919997215271,1.90760004520416,1.86699998378754,1.87619996070862,125285070,1.39818954467773
"2020-07-23",1.88699996471405,1.88960003852844,1.83200001716614,1.84920001029968,112593688,1.37806844711304
"2020-07-24",1.83459997177124,1.84340000152588,1.807000041008,1.8154000043869,109836342,1.35288000106812
"2020-07-27",1.81519997119904,1.83580005168915,1.79540002346039,1.80139994621277,66507298,1.34244668483734
"2020-07-28",1.80099999904633,1.82120001316071,1.77160000801086,1.78620004653931,103878255,1.33111953735352
"2020-07-29",1.81400001049042,1.82400000095367,1.75559997558594,1.78939998149872,96529926,1.33350396156311
"2020-07-30",1.78999996185303,1.80139994621277,1.71000003814697,1.73500001430511,146308486,1.29296386241913
"2020-07-31",1.73520004749298,1.76400005817413,1.70500004291534,1.707200050354,128429624,1.27224659919739
"2020-08-03",1.70580005645752,1.70899999141693,1.67760002613068,1.70819997787476,128397929,1.27299177646637
"2020-08-04",1.71899998188019,1.82819998264313,1.71399998664856,1.79359996318817,190588902,1.33663392066956
"2020-08-05",1.83000004291534,1.87460005283356,1.82620000839233,1.83440005779266,167060427,1.3670392036438
"2020-08-06",1.83539998531342,1.87080001831055,1.79639995098114,1.81379997730255,373355516,1.35168755054474
"2020-08-07",1.79499995708466,1.81379997730255,1.76919996738434,1.80540001392365,135207231,1.34542775154114
"2020-08-10",1.82400000095367,1.82400000095367,1.78880000114441,1.81400001049042,75727210,1.35183656215668
"2020-08-11",1.83000004291534,1.86940002441406,1.8289999961853,1.86119997501373,140499318,1.38701105117798
"2020-08-12",1.86199998855591,1.89999997615814,1.8561999797821,1.8827999830246,133847221,1.4031081199646
"2020-08-13",1.88839995861053,1.89579999446869,1.86559998989105,1.86559998989105,84260497,1.39029014110565
"2020-08-14",1.853600025177,1.8639999628067,1.81519997119904,1.85160005092621,88927105,1.37985718250275
"2020-08-17",1.85000002384186,1.8581999540329,1.81819999217987,1.82439994812012,79692132,1.35958695411682
"2020-08-18",1.81180000305176,1.84220004081726,1.79499995708466,1.81480002403259,78819802,1.35243284702301
"2020-08-19",1.81140005588531,1.84619998931885,1.80219995975494,1.84500002861023,58788991,1.37493872642517
"2020-08-20",1.82500004768372,1.82980000972748,1.80320000648499,1.81620001792908,80668988,1.35347616672516
"2020-08-21",1.82120001316071,1.82500004768372,1.79100000858307,1.81159996986389,106953840,1.35004806518555
"2020-08-24",1.82079994678497,1.84119999408722,1.81700003147125,1.83920001983643,90530814,1.37061631679535
"2020-08-25",1.85739994049072,1.86779999732971,1.83399999141693,1.83399999141693,99564956,1.36674106121063
"2020-08-26",1.83000004291534,1.84700000286102,1.82000005245209,1.8425999879837,70646008,1.37315011024475
"2020-08-27",1.8400000333786,1.84099996089935,1.79320001602173,1.80379998683929,124410217,1.34423530101776
"2020-08-28",1.81719994544983,1.8367999792099,1.79700005054474,1.82500004768372,108545631,1.36003410816193
"2020-08-31",1.83000004291534,1.84500002861023,1.80019998550415,1.80519998073578,98310423,1.34527862071991
"2020-09-01",1.81500005722046,1.817999958992,1.77880001068115,1.8018000125885,119210233,1.34274482727051
"2020-09-02",1.81099998950958,1.82120001316071,1.78799998760223,1.79359996318817,111812142,1.33663392066956
"2020-09-03",1.80659997463226,1.82360005378723,1.76800000667572,1.77880001068115,118440833,1.32560479640961
"2020-09-04",1.77900004386902,1.80799996852875,1.76440000534058,1.77859997749329,146523583,1.32545554637909
"2020-09-07",1.78900003433228,1.79939997196198,1.77020001411438,1.79379999637604,82477553,1.33678317070007
"2020-09-08",1.79680001735687,1.80480003356934,1.75339996814728,1.76199996471405,110542135,1.31308484077454
"2020-09-09",1.7610000371933,1.79340004920959,1.75460004806519,1.79019999504089,110094048,1.33410036563873
"2020-09-10",1.79100000858307,1.82239997386932,1.77779996395111,1.80120003223419,124584492,1.3422976732254
"2020-09-11",1.80120003223419,1.80120003223419,1.77100002765656,1.7791999578476,108164503,1.32590293884277
"2020-09-14",1.79200005531311,1.7940000295639,1.76660001277924,1.77900004386902,64880606,1.32575380802155
"2020-09-15",1.77199995517731,1.78639996051788,1.75619995594025,1.7688000202179,80928281,1.31815242767334
"2020-09-16",1.77260005474091,1.77880001068115,1.74020004272461,1.76020002365112,109613437,1.31174349784851
"2020-09-17",1.73000001907349,1.75,1.72039997577667,1.74339997768402,95421734,1.29922389984131
"2020-09-18",1.73300004005432,1.76160001754761,1.71220004558563,1.71480000019073,207838368,1.27791023254395
"2020-09-21",1.70200002193451,1.71000003814697,1.62220001220703,1.63559997081757,180491201,1.21888852119446
"2020-09-22",1.65480005741119,1.66700005531311,1.63100004196167,1.6418000459671,94910480,1.22350907325745
"2020-09-23",1.64600002765656,1.66700005531311,1.61099994182587,1.61220002174377,99590996,1.20145034790039
"2020-09-24",1.58619999885559,1.62999999523163,1.56299996376038,1.60800004005432,107212603,1.19832050800323
"2020-09-25",1.61000001430511,1.61459994316101,1.55999994277954,1.5789999961853,105136110,1.17670881748199
"2020-09-28",1.60339999198914,1.625,1.59019994735718,1.62460005283356,95432083,1.21069121360779
"2020-09-29",1.61800003051758,1.6275999546051,1.60580003261566,1.60679996013641,76581863,1.19742608070374
"2020-09-30",1.59399998188019,1.62000000476837,1.58239996433258,1.60300004482269,77738940,1.19459438323975
"2020-10-01",1.62000000476837,1.63300001621246,1.58140003681183,1.58640003204346,87296782,1.1822235584259
"2020-10-02",1.5628000497818,1.59239995479584,1.55120003223419,1.59239995479584,76231897,1.18669497966766
"2020-10-05",1.60640001296997,1.63320004940033,1.60099995136261,1.63320004940033,93311289,1.21710026264191
"2020-10-06",1.63399994373322,1.67859995365143,1.62320005893707,1.66840004920959,110406496,1.24333202838898
"2020-10-07",1.66799998283386,1.67299997806549,1.64020001888275,1.64880001544952,81994791,1.2287255525589
"2020-10-08",1.6599999666214,1.68599998950958,1.65400004386902,1.67540001869202,96169137,1.24854862689972
"2020-10-09",1.67999994754791,1.68959999084473,1.66799998283386,1.67900002002716,77198886,1.25123131275177
"2020-10-12",1.6845999956131,1.6871999502182,1.66380000114441,1.67060005664825,67156093,1.24497151374817
"2020-10-13",1.66999995708466,1.66999995708466,1.6224000453949,1.63320004940033,84595184,1.21710026264191
"2020-10-14",1.63580000400543,1.65559995174408,1.61280000209808,1.61740005016327,69796550,1.20532560348511
"2020-10-15",1.60000002384186,1.60000002384186,1.53600001335144,1.53760004043579,156074761,1.14585661888123
"2020-10-16",1.5518000125885,1.56459999084473,1.50600004196167,1.55579996109009,124618921,1.15941977500916
"2020-10-19",1.55820000171661,1.58140003681183,1.55200004577637,1.55980002880096,62306184,1.16240048408508
"2020-10-20",1.55120003223419,1.5945999622345,1.54540002346039,1.58000004291534,83275039,1.17745423316956
"2020-10-21",1.59340000152588,1.59340000152588,1.53199994564056,1.53579998016357,86002609,1.1445152759552
"2020-10-22",1.52620005607605,1.53999996185303,1.50839996337891,1.53680002689362,67584614,1.14526045322418
"2020-10-23",1.54519999027252,1.57340002059937,1.542799949646,1.56120002269745,82438494,1.16344380378723
"2020-10-26",1.52639997005463,1.56500005722046,1.52219998836517,1.52699995040894,78169010,1.13795721530914
"2020-10-27",1.53919994831085,1.54340004920959,1.48520004749298,1.49059998989105,103296987,1.11083102226257
"2020-10-28",1.46200001239777,1.46519994735718,1.41199994087219,1.41799998283386,180017236,1.05672788619995
"2020-10-29",1.42579996585846,1.43879997730255,1.3808000087738,1.39919996261597,126331783,1.04271757602692
"2020-10-30",1.37999999523163,1.41960000991821,1.37860000133514,1.41960000991821,119203735,1.05792021751404
"2020-11-02",1.42719995975494,1.48759996891022,1.41139996051788,1.48239994049072,126197482,1.10472023487091
"2020-11-03",1.50199997425079,1.5485999584198,1.49119997024536,1.54059994220734,144194448,1.14809226989746
"2020-11-04",1.50839996337891,1.61500000953674,1.49899995326996,1.5978000164032,203803920,1.19071924686432
"2020-11-05",1.62000000476837,1.65079998970032,1.61360001564026,1.63719999790192,148729237,1.22008097171783
"2020-11-06",1.62559998035431,1.65799999237061,1.58959996700287,1.61679995059967,128221808,1.20487833023071
"2020-11-09",1.64999997615814,1.78359997272491,1.63839995861053,1.76579999923706,350239730,1.3159167766571
"2020-11-10",1.78699994087219,1.86000001430511,1.76579999923706,1.84420001506805,372697750,1.37434232234955
"2020-11-11",1.86300003528595,1.87220001220703,1.81679999828339,1.82480001449585,164347113,1.35988509654999
"2020-11-12",1.79999995231628,1.82539999485016,1.77300000190735,1.80200004577637,137226115,1.34289383888245
"2020-11-13",1.78540003299713,1.83299994468689,1.78540003299713,1.81780004501343,120909519,1.35466849803925
"2020-11-16",1.85739994049072,1.87000000476837,1.82659995555878,1.8400000333786,182429381,1.37121260166168
"2020-11-17",1.84879994392395,1.8581999540329,1.83000004291534,1.84920001029968,133645925,1.37806844711304
"2020-11-18",1.8555999994278,1.88499999046326,1.8445999622345,1.87339997291565,168494137,1.39610290527344
"2020-11-19",1.85979998111725,1.87199997901917,1.84500002861023,1.85420000553131,130608010,1.38179457187653
"2020-11-20",1.85099995136261,1.88839995861053,1.84640002250671,1.87039995193481,124032958,1.39386713504791
"2020-11-23",1.8860000371933,1.91840004920959,1.86039996147156,1.86339998245239,134749213,1.38865065574646
"2020-11-24",1.89100003242493,1.92200005054474,1.88619995117188,1.91600000858307,194365001,1.42784953117371
"2020-11-25",1.9539999961853,1.96480000019073,1.89499998092651,1.94219994544983,187349775,1.44737434387207
"2020-11-26",1.94980001449585,1.95000004768372,1.9210000038147,1.92920005321503,90618411,1.43768656253815
"2020-11-27",1.92120003700256,1.95500004291534,1.92120003700256,1.94459998607635,122489030,1.44916296005249
"2020-11-30",1.93499994277954,1.95159995555878,1.91240000724792,1.92540001869202,149149925,1.43485462665558
"2020-12-01",1.95500004291534,1.99000000953674,1.9404000043869,1.97699999809265,181361467,1.47330820560455
"2020-12-02",1.96979999542236,1.97360002994537,1.92719995975494,1.97099995613098,139952774,1.46883678436279
"2020-12-03",1.96019995212555,1.9889999628067,1.94840002059937,1.98619997501373,133461005,1.48016405105591
"2020-12-04",1.98800003528595,2.02699995040894,1.98239994049072,1.99059998989105,172492636,1.48344314098358
"2020-12-07",1.98199999332428,1.98479998111725,1.9539999961853,1.97119998931885,111289747,1.46898603439331
"2020-12-08",1.95899999141693,1.9805999994278,1.957200050354,1.96899998188019,63430700,1.46734642982483
"2020-12-09",1.98740005493164,2.00300002098083,1.97420001029968,1.97599995136261,115470755,1.47256302833557
"2020-12-10",1.98399996757507,2,1.93499994277954,1.96080005168915,135112365,1.46123540401459
"2020-12-11",1.96080005168915,1.96979999542236,1.91400003433228,1.93579995632172,109870005,1.44260466098785
"2020-12-14",1.96019995212555,1.98860001564026,1.93920004367828,1.93920004367828,115933387,1.44513881206512
"2020-12-15",1.93359994888306,1.97500002384186,1.92599999904633,1.97500002384186,106282966,1.4718177318573
"2020-12-16",1.95200002193451,1.98140001296997,1.91999995708466,1.942999958992,152874195,1.44797039031982
"2020-12-17",1.94620001316071,1.9559999704361,1.93280005455017,1.94439995288849,105481938,1.44901382923126
"2020-12-18",1.93120002746582,1.9675999879837,1.92820000648499,1.93519997596741,209180263,1.44215786457062
"2020-12-21",1.89400005340576,1.89999997615814,1.83640003204346,1.86759996414185,167425912,1.39178061485291
"2020-12-22",1.87999999523163,1.90339994430542,1.87479996681213,1.88119995594025,72374137,1.40191555023193
"2020-12-23",1.88919997215271,1.92060005664825,1.87619996070862,1.91299998760223,83841658,1.42561388015747
"2020-12-28",1.94000005722046,1.95560002326965,1.917799949646,1.92239999771118,64994533,1.43261909484863
"2020-12-29",1.93499994277954,1.93700003623962,1.90919995307922,1.91980004310608,54797247,1.43068146705627
"2020-12-30",1.92999994754791,1.92999994754791,1.91260004043579,1.91260004043579,44767538,1.4253157377243
"2021-01-04",1.91999995708466,1.92840003967285,1.87679994106293,1.90520000457764,97808522,1.4198009967804
"2021-01-05",1.88300001621246,1.89800000190735,1.87000000476837,1.88440001010895,107336916,1.40430045127869
"2021-01-06",1.9099999666214,1.97580003738403,1.90480005741119,1.9481999874115,180135138,1.45184576511383
"2021-01-07",1.97940003871918,1.98000001907349,1.94319999217987,1.96800005435944,111016785,1.46660113334656
"2021-01-08",1.98000001907349,1.98880004882812,1.94439995288849,1.95500004291534,99293459,1.45691323280334
"2021-01-11",1.9436000585556,1.96640002727509,1.91659998893738,1.94280004501343,79562489,1.44782137870789
"2021-01-12",1.95000004768372,1.95159995555878,1.92700004577637,1.93819999694824,86415439,1.44439351558685
"2021-01-13",1.92859995365143,1.93499994277954,1.90380001068115,1.92920005321503,73053957,1.43768656253815
"2021-01-14",1.92019999027252,1.93840003013611,1.89900004863739,1.91499996185303,100024989,1.42710411548615
"2021-01-15",1.91299998760223,1.94599997997284,1.8860000371933,1.90199995040894,109717434,1.41741633415222
"2021-01-18",1.89359998703003,1.92760002613068,1.88839995861053,1.91719996929169,58589324,1.42874383926392
"2021-01-19",1.92439997196198,1.93079996109009,1.90380001068115,1.91040003299713,70624807,1.42367625236511
"2021-01-20",1.91799998283386,1.93400001525879,1.9132000207901,1.92639994621277,70031580,1.43559968471527
"2021-01-21",1.93400001525879,1.93900001049042,1.90579998493195,1.91719996929169,82073015,1.42874383926392
"2021-01-22",1.89160001277924,1.90520000457764,1.85500001907349,1.88419997692108,108164424,1.40415120124817
"2021-01-25",1.8944000005722,1.89680004119873,1.81640005111694,1.8231999874115,107676051,1.3586927652359
"2021-01-26",1.82000005245209,1.84979999065399,1.80499994754791,1.83959996700287,97547299,1.37091434001923
"2021-01-27",1.83399999141693,1.84179997444153,1.78299999237061,1.8076000213623,117536076,1.34706723690033
"2021-01-28",1.78719997406006,1.84200000762939,1.78180003166199,1.83360004425049,112474022,1.36644327640533
"2021-01-29",1.80400002002716,1.82459998130798,1.78639996051788,1.80519998073578,114407663,1.34527862071991
"2021-02-01",1.82200002670288,1.84200000762939,1.81040000915527,1.82200002670288,85626417,1.35779845714569
"2021-02-02",1.83000004291534,1.88559997081757,1.83000004291534,1.87100005149841,111577562,1.39431440830231
"2021-02-03",2,2.01149988174438,1.9371999502182,1.95120000839233,284805919,1.45408141613007
"2021-02-04",1.96440005302429,2.03800010681152,1.94019997119904,2.00850009918213,208148447,1.4967827796936
"2021-02-05",2.03500008583069,2.09549999237061,2.0239999294281,2.06100010871887,271387397,1.5359069108963
"2021-02-08",2.09999990463257,2.13599991798401,2.08999991416931,2.08999991416931,207752994,1.55751848220825
"2021-02-09",2.09999990463257,2.10249996185303,2.06550002098083,2.08699989318848,111885967,1.55528247356415
"2021-02-10",2.09949994087219,2.10450005531311,2.07450008392334,2.07999992370605,109587009,1.55006611347198
"2021-02-11",2.07999992370605,2.09599995613098,2.0699999332428,2.0864999294281,109116541,1.55491030216217
"2021-02-12",2.08500003814697,2.09599995613098,2.06049990653992,2.09599995613098,93475043,1.56198966503143
"2021-02-15",2.12899994850159,2.1340000629425,2.11100006103516,2.1175000667572,121949112,1.57801198959351
"2021-02-16",2.11999988555908,2.125,2.0864999294281,2.11249995231628,90023354,1.57428598403931
"2021-02-17",2.10549998283386,2.11700010299683,2.08150005340576,2.09599995613098,112830764,1.56198966503143
"2021-02-18",2.08699989318848,2.1029999256134,2.06100010871887,2.07999992370605,91104219,1.55006611347198
"2021-02-19",2.08850002288818,2.12100005149841,2.0789999961853,2.1085000038147,127889187,1.5713050365448
"2021-02-22",2.09999990463257,2.1085000038147,2.08100008964539,2.09999990463257,77500902,1.56497061252594
"2021-02-23",2.10700011253357,2.11899995803833,2.07450008392334,2.11199998855591,111519517,1.57391333580017
"2021-02-24",2.10549998283386,2.13899993896484,2.09999990463257,2.12750005722046,116661586,1.58546447753906
"2021-02-25",2.14199995994568,2.18149995803833,2.14199995994568,2.15199995040894,173565516,1.60372233390808
"2021-02-26",2.11050009727478,2.14549994468689,2.1029999256134,2.1340000629425,126272077,1.59030854701996
"2021-03-01",2.15650010108948,2.16799998283386,2.14599990844727,2.16000008583069,107371755,1.60968422889709
"2021-03-02",2.15300011634827,2.1710000038147,2.15149998664856,2.15450000762939,91366774,1.60558533668518
"2021-03-03",2.16650009155273,2.20549988746643,2.16599988937378,2.20300006866455,165022674,1.64172887802124
"2021-03-04",2.19099998474121,2.20050001144409,2.16950011253357,2.19199991226196,99498924,1.6335312128067
"2021-03-05",2.18099999427795,2.23699998855591,2.15849995613098,2.19449996948242,156204277,1.63539433479309
"2021-03-08",2.21550011634827,2.28099989891052,2.20849990844727,2.26799988746643,183260416,1.69016814231873
"2021-03-09",2.27300000190735,2.28699994087219,2.24499988555908,2.26950001716614,127355533,1.69128620624542
"2021-03-10",2.26200008392334,2.28150010108948,2.25699996948242,2.2739999294281,99199260,1.69463968276978
"2021-03-11",2.27850008010864,2.29450011253357,2.24200010299683,2.2664999961853,129883931,1.68905055522919
"2021-03-12",2.2739999294281,2.28399991989136,2.26500010490417,2.28049993515015,86509649,1.69948375225067
"2021-03-15",2.28049993515015,2.30399990081787,2.25099992752075,2.26500010490417,97473419,1.68793284893036
"2021-03-16",2.27300000190735,2.29949998855591,2.26999998092651,2.29399991035461,133215619,1.70954406261444
"2021-03-17",2.29900002479553,2.33200001716614,2.2960000038147,2.31500005722046,125777219,1.72519373893738
"2021-03-18",2.34200000762939,2.35400009155273,2.33100008964539,2.34899997711182,127305992,1.7505316734314
"2021-03-19",2.30250000953674,2.35150003433228,2.29550004005432,2.31399989128113,185205153,1.7244485616684
"2021-03-22",2.29550004005432,2.32750010490417,2.28600001335144,2.29850006103516,80282586,1.71289777755737
"2021-03-23",2.28600001335144,2.29250001907349,2.2664999961853,2.28900003433228,85263128,1.70581817626953
"2021-03-24",2.26699995994568,2.30250000953674,2.25349998474121,2.29550004005432,83143926,1.71066200733185
"2021-03-25",2.29500007629395,2.29999995231628,2.26799988746643,2.29450011253357,75903228,1.70991683006287
"2021-03-26",2.3050000667572,2.31800007820129,2.2885000705719,2.29749989509583,66753359,1.71215236186981
"2021-03-29",2.2904999256134,2.30399990081787,2.27800011634827,2.28600001335144,62197968,1.70358264446259
"2021-03-30",2.2960000038147,2.34299993515015,2.29399991035461,2.32349991798401,93292845,1.73152816295624
"2021-03-31",2.32599997520447,2.33500003814697,2.30399990081787,2.31049990653992,74090748,1.72184026241302
"2021-04-01",2.3199999332428,2.32100009918213,2.30900001525879,2.31800007820129,45900385,1.72742986679077
"2021-04-06",2.32399988174438,2.32850003242493,2.29550004005432,2.30299997329712,93212545,1.71625137329102
"2021-04-07",2.29900002479553,2.31150007247925,2.27749991416931,2.30049991607666,68544001,1.71438825130463
"2021-04-08",2.30699992179871,2.32450008392334,2.25550007820129,2.26300001144409,97993978,1.68644237518311
"2021-04-09",2.26749992370605,2.27600002288818,2.23850011825562,2.25349998474121,64674105,1.67936265468597
"2021-04-12",2.24950003623962,2.26900005340576,2.23049998283386,2.26049995422363,53202736,1.68457937240601
"2021-04-13",2.26699995994568,2.29749989509583,2.25650000572205,2.2739999294281,72902211,1.69463968276978
"2021-04-14",2.26999998092651,2.28999996185303,2.26200008392334,2.28099989891052,62902420,1.69985604286194
"2021-04-15",2.28299999237061,2.29649996757507,2.27049994468689,2.27500009536743,67549197,1.69538509845734
"2021-04-16",2.27749991416931,2.29850006103516,2.2739999294281,2.29550004005432,88404974,1.71066200733185
"2021-04-19",2.29099988937378,2.31299996376038,2.28550004959106,2.30999994277954,69375128,1.72146785259247
"2021-04-20",2.3050000667572,2.30949997901917,2.23200011253357,2.24499988555908,114504829,1.67302799224854
"2021-04-21",2.25,2.26250004768372,2.1949999332428,2.22000002861023,86693360,1.65439760684967
"2021-04-22",2.22099995613098,2.23250007629395,2.20650005340576,2.2260000705719,55624137,1.65886890888214
"2021-04-23",2.21700000762939,2.23149991035461,2.20099997520447,2.22099995613098,47894610,1.65514278411865
"2021-04-26",2.22749996185303,2.28399991989136,2.21799993515015,2.27250003814697,94471904,1.69352197647095
"2021-04-27",2.26999998092651,2.28900003433228,2.26049995422363,2.28500008583069,76304447,1.70283722877502
"2021-04-28",2.29550004005432,2.30749988555908,2.27500009536743,2.29649996757507,77477398,1.71140706539154
"2021-04-29",2.30649995803833,2.33800005912781,2.29900002479553,2.31750011444092,124749996,1.72705698013306
"2021-04-30",2.3199999332428,2.33699989318848,2.31049990653992,2.32100009918213,69852424,1.72966539859772
"2021-05-03",2.32100009918213,2.33999991416931,2.31949996948242,2.33400011062622,76047467,1.73935306072235
"2021-05-04",2.33899998664856,2.3585000038147,2.29749989509583,2.30800008773804,119313491,1.71997714042664
"2021-05-05",2.3199999332428,2.35999989509583,2.31399989128113,2.34100008010864,110708385,1.74456965923309
"2021-05-06",2.35800004005432,2.39249992370605,2.35050010681152,2.35899996757507,146510696,1.75798368453979
"2021-05-07",2.37800002098083,2.37800002098083,2.34200000762939,2.36199998855591,86648440,1.76021945476532
"2021-05-10",2.37899994850159,2.39249992370605,2.36999988555908,2.38949990272522,116646738,1.78071308135986
"2021-05-11",2.37100005149841,2.38849997520447,2.36199998855591,2.38050007820129,110968200,1.77400624752045
"2021-05-12",2.38000011444092,2.39199995994568,2.35500001907349,2.3824999332428,130242977,1.77549648284912
"2021-05-13",2.36350011825562,2.37800002098083,2.31100010871887,2.37249994277954,128218509,1.76804411411285
"2021-05-14",2.38450002670288,2.39199995994568,2.3675000667572,2.38750004768372,101869130,1.7792227268219
"2021-05-17",2.39199995994568,2.41000008583069,2.37949991226196,2.41000008583069,98362315,1.79599034786224
"2021-05-18",2.4210000038147,2.43650007247925,2.39549994468689,2.40249991416931,99201107,1.79040110111237
"2021-05-19",2.38000011444092,2.41149997711182,2.33249998092651,2.35150003433228,101957155,1.7523946762085
"2021-05-20",2.35999989509583,2.36500000953674,2.32699990272522,2.35500001907349,81362055,1.75500273704529
"2021-05-21",2.35599994659424,2.37400007247925,2.33249998092651,2.37400007247925,109141186,1.76916217803955
"2021-05-24",2.35599994659424,2.37649989128113,2.3510000705719,2.36299991607666,55638454,1.78785026073456
"2021-05-25",2.36999988555908,2.37700009346008,2.35700011253357,2.36100006103516,77645937,1.78633689880371
"2021-05-26",2.36100006103516,2.37700009346008,2.31800007820129,2.34599995613098,102208340,1.77498769760132
"2021-05-27",2.33999991416931,2.3970000743866,2.33500003814697,2.39400005340576,126456450,1.81130480766296
"2021-05-28",2.39499998092651,2.41050004959106,2.39400005340576,2.40899991989136,80054302,1.82265388965607
"2021-05-31",2.40899991989136,2.43149995803833,2.40599989891052,2.41650009155273,71176865,1.82832825183868
"2021-06-01",2.42600011825562,2.46550011634827,2.42600011825562,2.44549989700317,93212903,1.85026967525482
"2021-06-02",2.44099998474121,2.48250007629395,2.43499994277954,2.47250008583069,82224347,1.87069809436798
"2021-06-03",2.47000002861023,2.48300004005432,2.45700001716614,2.4760000705719,83191255,1.87334656715393
"2021-06-04",2.47199988365173,2.48749995231628,2.47199988365173,2.48049998283386,93160555,1.87675106525421
"2021-06-07",2.4779999256134,2.48699998855591,2.45700001716614,2.48550009727478,89536520,1.88053417205811
"2021-06-08",2.48000001907349,2.48550009727478,2.4465000629425,2.46000003814697,84743621,1.86124050617218
"2021-06-09",2.45650005340576,2.46749997138977,2.43499994277954,2.45350003242493,49579243,1.85632264614105
"2021-06-10",2.44600009918213,2.46000003814697,2.4284999370575,2.43899989128113,90654080,1.84535181522369
"2021-06-11",2.43300008773804,2.43600010871887,2.40849995613098,2.42499995231628,72788025,1.83475947380066
"2021-06-14",2.42400002479553,2.45099997520447,2.42400002479553,2.45000004768372,61388649,1.85367488861084
"2021-06-15",2.45799994468689,2.45799994468689,2.42449998855591,2.45099997520447,70737185,1.85443115234375
"2021-06-16",2.45300006866455,2.45600008964539,2.41000008583069,2.41499996185303,79226829,1.82719349861145
"2021-06-17",2.4210000038147,2.45499992370605,2.41499996185303,2.41650009155273,99599526,1.82832825183868
"2021-06-18",2.40849995613098,2.42449998855591,2.34400010108948,2.34400010108948,213790594,1.77347481250763
"2021-06-21",2.31500005722046,2.36649990081787,2.30999994277954,2.36649990081787,78928239,1.79049813747406
"2021-06-22",2.3675000667572,2.36949992179871,2.3364999294281,2.34200000762939,65807390,1.77196145057678
"2021-06-23",2.34400010108948,2.35450005531311,2.31599998474121,2.31599998474121,58963662,1.75229001045227
"2021-06-24",2.32850003242493,2.36400008201599,2.32049989700317,2.36400008201599,74554826,1.78860676288605
"2021-06-25",2.36849999427795,2.38949990272522,2.36800003051758,2.38549995422363,72087580,1.80487370491028
"2021-06-28",2.38700008392334,2.38899993896484,2.32949995994568,2.32949995994568,58119540,1.76250386238098
"2021-06-29",2.3345000743866,2.37299990653992,2.33150005340576,2.35649991035461,73128346,1.78293216228485
"2021-06-30",2.34400010108948,2.35949993133545,2.30450010299683,2.32949995994568,85971308,1.76250386238098
"2021-07-01",2.33500003814697,2.36899995803833,2.32550001144409,2.35549998283386,65307958,1.78217554092407
"2021-07-02",2.35800004005432,2.36500000953674,2.33550000190735,2.33599996566772,59243634,1.76742219924927
"2021-07-05",2.33599996566772,2.38000011444092,2.32699990272522,2.36899995803833,55738707,1.79238963127136
"2021-07-06",2.37400007247925,2.375,2.31049990653992,2.32049989700317,73029996,1.75569438934326
"2021-07-07",2.32550001144409,2.33500003814697,2.28250002861023,2.3034999370575,70896220,1.74283230304718
"2021-07-08",2.27999997138977,2.29250001907349,2.21449995040894,2.23600006103516,130219087,1.69176185131073
"2021-07-09",2.25,2.29349994659424,2.23749995231628,2.28399991989136,82854284,1.72807860374451
"2021-07-12",2.29150009155273,2.30800008773804,2.25449991226196,2.30550003051758,51980584,1.74434530735016
"2021-07-13",2.31399989128113,2.31850004196167,2.25950002670288,2.26999998092651,79671103,1.71748614311218
"2021-07-14",2.26250004768372,2.30399990081787,2.25950002670288,2.28449988365173,46046095,1.72845649719238
"2021-07-15",2.2739999294281,2.27749991416931,2.24399995803833,2.25600004196167,69027681,1.70689380168915
"2021-07-16",2.25699996948242,2.2720000743866,2.22199988365173,2.23200011253357,67070993,1.68873536586761
"2021-07-19",2.20849990844727,2.21399998664856,2.13000011444092,2.13750004768372,107766949,1.61723637580872
"2021-07-20",2.16000008583069,2.18300008773804,2.12549996376038,2.17899990081787,89079539,1.64863538742065
"2021-07-21",2.19000005722046,2.24200010299683,2.17700004577637,2.23650002479553,94782700,1.69214034080505
"2021-07-22",2.25,2.2739999294281,2.23600006103516,2.25049996376038,72042721,1.70273244380951
"2021-07-23",2.26250004768372,2.30200004577637,2.25799989700317,2.28500008583069,71928434,1.72883522510529
"2021-07-26",2.28449988365173,2.33750009536743,2.2590000629425,2.33750009536743,111098708,1.76855683326721
"2021-07-27",2.33500003814697,2.33699989318848,2.29150009155273,2.31349992752075,77938752,1.75039839744568
"2021-07-28",2.32100009918213,2.34400010108948,2.31349992752075,2.3199999332428,67034136,1.75531601905823
"2021-07-29",2.33349990844727,2.35899996757507,2.3199999332428,2.34699988365173,66063635,1.77574443817139
"2021-07-30",2.33400011062622,2.35249996185303,2.32699990272522,2.33150005340576,81389220,1.76401710510254
"2021-08-02",2.34500002861023,2.37199997901917,2.31450009346008,2.31450009346008,60263018,1.75115501880646
"2021-08-03",2.31550002098083,2.34800004959106,2.31349992752075,2.32649993896484,57092163,1.76023423671722
"2021-08-04",2.34200000762939,2.3675000667572,2.29299998283386,2.33999991416931,94571026,1.77044820785522
"2021-08-05",2.34949994087219,2.34949994087219,2.3125,2.34500002861023,77169519,1.77423131465912
"2021-08-06",2.34850001335144,2.3989999294281,2.34400010108948,2.39849996566772,114998932,1.81470954418182
"2021-08-09",2.40000009536743,2.42000007629395,2.39100003242493,2.40450000762939,69734544,1.81924891471863
"2021-08-10",2.40000009536743,2.41400003433228,2.39199995994568,2.40799999237061,50798853,1.82189702987671
"2021-08-11",2.41650009155273,2.45799994468689,2.40599989891052,2.44899988174438,95439749,1.85291802883148
"2021-08-12",2.44950008392334,2.45250010490417,2.43249988555908,2.43899989128113,66285729,1.84535181522369
"2021-08-13",2.43549990653992,2.45799994468689,2.4284999370575,2.44799995422363,53623200,1.85216128826141
"2021-08-16",2.43700003623962,2.44199991226196,2.41799998283386,2.42149996757507,64908462,1.83211135864258
"2021-08-17",2.40599989891052,2.40799999237061,2.375,2.38849997520447,79330596,1.80714380741119
"2021-08-18",2.39100003242493,2.41249990463257,2.38199996948242,2.40750002861023,57206320,1.82151889801025
"2021-08-19",2.37100005149841,2.38050007820129,2.35199999809265,2.35649991035461,87747524,1.78293216228485
"2021-08-20",2.35450005531311,2.36899995803833,2.3364999294281,2.36899995803833,70227968,1.79238963127136
"2021-08-23",2.38800001144409,2.39599990844727,2.37249994277954,2.38599991798401,63945074,1.80525207519531
"2021-08-24",2.39800000190735,2.40050005912781,2.36450004577637,2.38000011444092,53916610,1.80071246623993
"2021-08-25",2.38000011444092,2.39000010490417,2.36949992179871,2.39000010490417,48254761,1.80827844142914
"2021-08-26",2.37800002098083,2.38599991798401,2.35899996757507,2.36400008201599,73692888,1.78860676288605
"2021-08-27",2.35999989509583,2.38000011444092,2.35450005531311,2.37800002098083,44028348,1.79919910430908
"2021-08-30",2.3824999332428,2.3840000629425,2.36199998855591,2.36899995803833,31114337,1.79238963127136
"2021-08-31",2.37199997901917,2.40149998664856,2.36249995231628,2.39750003814697,92717758,1.81395280361176
"2021-09-01",2.41000008583069,2.43849992752075,2.40000009536743,2.42149996757507,97353965,1.83211135864258
"2021-09-02",2.4284999370575,2.4284999370575,2.40149998664856,2.40949988365173,49131925,1.82303202152252
"2021-09-03",2.40400004386902,2.4154999256134,2.37800002098083,2.38750004768372,63676170,1.80638694763184
"2021-09-06",2.39400005340576,2.40750002861023,2.38800001144409,2.40300011634827,44203753,1.81811451911926
"2021-09-07",2.40199995040894,2.40949988365173,2.37549996376038,2.38350009918213,54698041,1.80336034297943
"2021-09-08",2.37050008773804,2.37800002098083,2.33850002288818,2.35899996757507,71959305,1.78482365608215
"2021-09-09",2.34599995613098,2.37800002098083,2.33200001716614,2.37150001525879,68355632,1.79428112506866
"2021-09-10",2.37599992752075,2.38750004768372,2.33800005912781,2.34649991989136,60624597,1.77536606788635
"2021-09-13",2.35599994659424,2.39800000190735,2.35450005531311,2.39400005340576,87276101,1.81130480766296
"2021-09-14",2.39400005340576,2.40899991989136,2.36899995803833,2.38649988174438,90586956,1.80563044548035
"2021-09-15",2.38100004196167,2.39400005340576,2.36549997329712,2.37700009346008,69845097,1.79844284057617
"2021-09-16",2.38750004768372,2.41650009155273,2.38100004196167,2.40750002861023,78699432,1.82151889801025
"2021-09-17",2.42000007629395,2.42899990081787,2.37400007247925,2.37400007247925,160810560,1.79617285728455
"2021-09-20",2.33999991416931,2.34299993515015,2.27300000190735,2.30200004577637,145981965,1.74169743061066
"2021-09-21",2.31349992752075,2.34800004959106,2.30900001525879,2.32200002670288,81089212,1.75682938098907
"2021-09-22",2.33999991416931,2.37299990653992,2.33999991416931,2.37299990653992,85984698,1.79541599750519
"2021-09-23",2.38800001144409,2.43199992179871,2.38649988174438,2.42750000953674,118034675,1.83665096759796
"2021-09-24",2.41750001907349,2.44099998474121,2.40849995613098,2.42449998855591,80834608,1.83438122272491
"2021-09-27",2.44000005722046,2.48300004005432,2.43650007247925,2.47199988365173,152224860,1.87031948566437
"2021-09-28",2.48399996757507,2.50149989128113,2.42799997329712,2.42950010299683,126732769,1.83816432952881
"2021-09-29",2.45099997520447,2.46199989318848,2.4300000667572,2.45900011062622,67083531,1.8604838848114
"2021-09-30",2.47449994087219,2.47900009155273,2.44199991226196,2.45350003242493,101277895,1.85632264614105
"2021-10-01",2.42000007629395,2.45600008964539,2.40149998664856,2.44899988174438,98871046,1.85291802883148
"2021-10-04",2.44050002098083,2.45749998092651,2.42000007629395,2.42149996757507,67444990,1.83211135864258
"2021-10-05",2.43400001525879,2.50550007820129,2.42549991607666,2.50300002098083,187008221,1.89377462863922
"2021-10-06",2.4909999370575,2.49950003623962,2.45050001144409,2.47499990463257,163270472,1.87258946895599
"2021-10-07",2.49600005149841,2.52699995040894,2.48049998283386,2.50999999046326,147595779,1.89907050132751
"2021-10-08",2.51200008392334,2.52699995040894,2.5074999332428,2.51749992370605,88033927,1.90474498271942
"2021-10-11",2.52300000190735,2.53150010108948,2.49149990081787,2.50349998474121,85990708,1.89415264129639
"2021-10-12",2.47300004959106,2.51699995994568,2.46350002288818,2.51250004768372,75650093,1.90096235275269
"2021-10-13",2.51049995422363,2.52250003814697,2.48600006103516,2.49499988555908,88519826,1.8877215385437
"2021-10-14",2.50200009346008,2.52550005912781,2.49650001525879,2.52349996566772,137176210,1.90928494930267
"2021-10-15",2.53999996185303,2.59249997138977,2.53200006484985,2.57500004768372,205770330,1.9482501745224
"2021-10-18",2.51999998092651,2.52500009536743,2.4779999256134,2.49149990081787,148999911,1.96092081069946
"2021-10-19",2.48900008201599,2.49650001525879,2.45099997520447,2.45099997520447,108016834,1.92904591560364
"2021-10-20",2.45000004768372,2.47849988937378,2.44400000572205,2.46700000762939,68353785,1.94163858890533
"2021-10-21",2.45499992370605,2.46250009536743,2.44199991226196,2.4449999332428,62365726,1.92432343959808
"2021-10-22",2.44950008392334,2.46050000190735,2.44250011444092,2.45149993896484,61645319,1.92943918704987
"2021-10-25",2.4614999294281,2.48300004005432,2.45549988746643,2.46300005912781,71624405,1.93849050998688
"2021-10-26",2.47000002861023,2.48550009727478,2.46250009536743,2.48149991035461,67581431,1.95305061340332
"2021-10-27",2.4760000705719,2.47950005531311,2.45050001144409,2.45300006866455,67731861,1.93062007427216
"2021-10-28",2.44749999046326,2.45449995994568,2.42549991607666,2.43799996376038,71843270,1.91881418228149
"2021-10-29",2.43799996376038,2.45749998092651,2.41599988937378,2.45749998092651,75046745,1.93416142463684
"2021-11-01",2.46000003814697,2.51699995994568,2.46000003814697,2.49499988555908,89918632,1.96367585659027
"2021-11-02",2.49499988555908,2.51600003242493,2.49049997329712,2.51200008392334,75535829,1.97705578804016
"2021-11-03",2.51699995994568,2.51900005340576,2.48449993133545,2.50200009346008,92554399,1.96918547153473
"2021-11-04",2.5164999961853,2.51799988746643,2.44099998474121,2.45650005340576,140613581,1.93337452411652
"2021-11-05",2.46550011634827,2.49950003623962,2.45149993896484,2.4835000038147,96180503,1.95462477207184
"2021-11-08",2.4835000038147,2.51300001144409,2.47749996185303,2.4925000667572,79553517,1.96170842647552
"2021-11-09",2.48650002479553,2.4925000667572,2.47049999237061,2.47049999237061,60377250,1.94439303874969
"2021-11-10",2.47950005531311,2.49300003051758,2.46399998664856,2.47699999809265,60307148,1.94950902462006
"2021-11-11",2.47699999809265,2.4909999370575,2.46300005912781,2.47199988365173,48876774,1.94557344913483
"2021-11-12",2.47000002861023,2.47350001335144,2.45499992370605,2.47149991989136,47158916,1.94517993927002
"2021-11-15",2.46199989318848,2.49000000953674,2.45799994468689,2.49000000953674,50364935,1.95974063873291
"2021-11-16",2.49000000953674,2.49399995803833,2.47350001335144,2.48250007629395,53248503,1.95383763313293
"2021-11-17",2.48000001907349,2.48850011825562,2.47399997711182,2.48200011253357,50526482,1.95344436168671
"2021-11-18",2.48149991035461,2.49600005149841,2.46000003814697,2.46700000762939,69180454,1.94163858890533
"2021-11-19",2.47499990463257,2.48149991035461,2.35999989509583,2.3840000629425,153999062,1.87631392478943
"2021-11-22",2.33949995040894,2.34100008010864,2.30599999427795,2.32699990272522,115114669,1.88856875896454
"2021-11-23",2.31850004196167,2.33750009536743,2.29649996757507,2.30200004577637,74246215,1.86827921867371
"2021-11-24",2.3050000667572,2.32200002670288,2.28699994087219,2.30250000953674,77475065,1.86868488788605
"2021-11-25",2.31100010871887,2.31550002098083,2.28299999237061,2.28800010681152,46513961,1.85691702365875
"2021-11-26",2.20000004768372,2.21050000190735,2.15650010108948,2.15650010108948,186685908,1.75019299983978
"2021-11-29",2.19300007820129,2.20300006866455,2.13199996948242,2.14299988746643,116561166,1.73923635482788
"2021-11-30",2.10500001907349,2.15050005912781,2.08299994468689,2.11549997329712,152236488,1.71691739559174
"2021-12-01",2.13199996948242,2.1800000667572,2.13150000572205,2.16849994659424,94332635,1.75993192195892
"2021-12-02",2.14499998092651,2.16199994087219,2.12549996376038,2.14750003814697,83918494,1.74288856983185
"2021-12-03",2.16950011253357,2.17499995231628,2.12549996376038,2.14650011062622,72590456,1.74207699298859
"2021-12-06",2.16149997711182,2.21799993515015,2.15949988365173,2.21300005912781,71379187,1.79604780673981
"2021-12-07",2.23049998283386,2.26900005340576,2.22300004959106,2.25799989700317,89002541,1.83256900310516
"2021-12-08",2.25,2.26699995994568,2.22550010681152,2.23099994659424,65648259,1.8106564283371
"2021-12-09",2.23799991607666,2.25550007820129,2.21550011634827,2.22499990463257,67842869,1.80578672885895
"2021-12-10",2.22149991989136,2.23850011825562,2.2039999961853,2.21550011634827,55644231,1.79807674884796
"2021-12-13",2.21799993515015,2.24799990653992,2.20000004768372,2.20499992370605,60010376,1.78955507278442
"2021-12-14",2.21350002288818,2.23850011825562,2.21099996566772,2.22449994087219,85998694,1.80538082122803
"2021-12-15",2.22650003433228,2.23900008201599,2.20149993896484,2.20149993896484,71768908,1.78671443462372
"2021-12-16",2.23000001907349,2.26200008392334,2.22000002861023,2.2425000667572,86922597,1.81998956203461
"2021-12-17",2.2279999256134,2.23799991607666,2.18300008773804,2.20549988746643,123788028,1.78996074199677
"2021-12-20",2.16000008583069,2.19300007820129,2.12700009346008,2.18199992179871,75024668,1.77088832855225
"2021-12-21",2.20350003242493,2.23250007629395,2.18149995803833,2.23250007629395,55379091,1.81187355518341
"2021-12-22",2.22950005531311,2.24149990081787,2.21499991416931,2.23049998283386,53159232,1.81025052070618
"2021-12-23",2.24000000953674,2.25500011444092,2.23099994659424,2.25099992752075,46808722,1.82688808441162
"2021-12-27",2.25,2.26850008964539,2.24349999427795,2.26250004768372,38903377,1.83622145652771
"2021-12-28",2.26349997520447,2.32999992370605,2.26300001144409,2.28349995613098,51805910,1.8532646894455
"2021-12-29",2.28800010681152,2.29200005531311,2.26149988174438,2.27699995040894,47138572,1.847989320755
"2021-12-30",2.27850008010864,2.28349995613098,2.26999998092651,2.2739999294281,46996417,1.84555447101593
"2022-01-03",2.28749990463257,2.34750008583069,2.28399991989136,2.34500002861023,100071576,1.90317738056183
"2022-01-04",2.35500001907349,2.40400004386902,2.34050011634827,2.39400005340576,109773020,1.94294548034668
"2022-01-05",2.39949989318848,2.42499995231628,2.39100003242493,2.41799998283386,100244360,1.96242356300354
"2022-01-06",2.39350008964539,2.4465000629425,2.38199996948242,2.43300008773804,104835421,1.97459745407104
"2022-01-07",2.44300007820129,2.46099996566772,2.42950010299683,2.45149993896484,107325762,1.98961174488068
"2022-01-10",2.46900010108948,2.48200011253357,2.4595000743866,2.46300005912781,98655905,1.99894511699677
"2022-01-11",2.47499990463257,2.48399996757507,2.45449995994568,2.48200011253357,78079690,2.01436543464661
"2022-01-12",2.49950003623962,2.54550004005432,2.48900008201599,2.54550004005432,159597055,2.06590127944946
"2022-01-13",2.53500008583069,2.56049990653992,2.52099990844727,2.56049990653992,101354060,2.07807517051697
"2022-01-14",2.54200005531311,2.57299995422363,2.52049994468689,2.56200003623962,105602145,2.07929229736328
"2022-01-17",2.57999992370605,2.58949995040894,2.56500005722046,2.57750010490417,72427932,2.091872215271
"2022-01-18",2.56550002098083,2.5845000743866,2.53299999237061,2.57500004768372,92849184,2.08984327316284
"2022-01-19",2.56450009346008,2.56949996948242,2.52349996566772,2.53399991989136,99165998,2.05656766891479
"2022-01-20",2.52500009536743,2.55150008201599,2.51999998092651,2.55150008201599,89571701,2.07077074050903
"2022-01-21",2.55299997329712,2.58850002288818,2.51999998092651,2.55200004577637,140162006,2.07117652893066
"2022-01-24",2.53999996185303,2.55900001525879,2.44600009918213,2.46650004386902,108566464,2.00178575515747
"2022-01-25",2.49000000953674,2.5,2.44749999046326,2.48900008201599,80527001,2.02004647254944
"2022-01-26",2.50349998474121,2.57299995422363,2.49600005149841,2.56450009346008,114966373,2.08132147789001
"2022-01-27",2.53999996185303,2.63649988174438,2.53600001335144,2.61249995231628,140783761,2.12027764320374
"2022-01-28",2.60800004005432,2.61100006103516,2.55299997329712,2.59699988365173,105147045,2.1076979637146
"2022-01-31",2.67000007629395,2.67499995231628,2.59299993515015,2.61949992179871,141955805,2.12595891952515
"2022-02-01",2.63599991798401,2.67000007629395,2.63199996948242,2.67000007629395,126513539,2.1669442653656
"2022-02-02",2.68600010871887,2.7409999370575,2.67650008201599,2.69700002670288,173050195,2.18885707855225
"2022-02-03",2.70799994468689,2.7279999256134,2.66650009155273,2.7279999256134,159875762,2.21401619911194
"2022-02-04",2.77900004386902,2.78500008583069,2.64549994468689,2.66700005531311,179274593,2.16450953483582
"2022-02-07",2.6949999332428,2.72049999237061,2.63199996948242,2.71499991416931,127227231,2.20346570014954
"2022-02-08",2.72000002861023,2.77099990844727,2.71950006484985,2.76950001716614,145016799,2.24769711494446
"2022-02-09",2.77999997138977,2.85349988937378,2.75699996948242,2.85349988937378,206623550,2.31587076187134
"2022-02-10",2.84899997711182,2.92000007629395,2.84400010108948,2.92000007629395,221256820,2.36984157562256
"2022-02-11",2.87649989128113,2.89299988746643,2.82100009918213,2.85349988937378,158380102,2.31587076187134
"2022-02-14",2.75999999046326,2.77300000190735,2.67549991607666,2.76749992370605,212759865,2.24607396125793
"2022-02-15",2.76550006866455,2.85450005531311,2.75349998474121,2.8529999256134,159155445,2.31546521186829
"2022-02-16",2.85899996757507,2.86899995803833,2.76999998092651,2.79099988937378,117092289,2.26514625549316
"2022-02-17",2.77999997138977,2.78550004959106,2.71900010108948,2.73900008201599,111674644,2.2229437828064
"2022-02-18",2.7335000038147,2.77649998664856,2.71300005912781,2.72199988365173,102033376,2.20914673805237
"2022-02-21",2.7409999370575,2.75250005722046,2.64599990844727,2.67400002479553,91928126,2.17019033432007
"2022-02-22",2.59999990463257,2.7039999961853,2.58800005912781,2.66000008583069,152285081,2.15882802009583
"2022-02-23",2.67249989509583,2.70499992370605,2.60599994659424,2.62050008773804,92284663,2.12677025794983
"2022-02-24",2.49000000953674,2.52850008010864,2.36299991607666,2.41199994087219,276738423,1.95755422115326
"2022-02-25",2.42600011825562,2.49799990653992,2.33850002288818,2.47749996185303,214078265,2.01071286201477
"2022-02-28",2.35400009155273,2.375,2.25500011444092,2.29349994659424,267012043,1.8613805770874
"2022-03-01",2.28999996185303,2.33750009536743,2.11649990081787,2.11649990081787,265223138,1.71772921085358
"2022-03-02",2.0699999332428,2.15949988365173,2.0220000743866,2.14599990844727,244964398,1.74167120456696
"2022-03-03",2.15000009536743,2.17400002479553,2.07750010490417,2.08400011062622,146984826,1.69135284423828
"2022-03-04",2.05999994277954,2.0625,1.89619994163513,1.89619994163513,263849787,1.53893601894379
"2022-03-07",1.78639996051788,1.90919995307922,1.68159997463226,1.84319996833801,286679922,1.49592185020447
"2022-03-08",1.8121999502182,1.96599996089935,1.81079995632172,1.86559998989105,250249097,1.51410150527954
"2022-03-09",1.98300004005432,2.07249999046326,1.94260001182556,2.07249999046326,284368758,1.6820193529129
"2022-03-10",2.09999990463257,2.10599994659424,1.90900003910065,1.91480004787445,242662604,1.55403161048889
"2022-03-11",1.92120003700256,2.0164999961853,1.85199999809265,1.91939997673035,196708793,1.55776488780975
"2022-03-14",1.97200000286102,2.01850008964539,1.93859994411469,1.99000000953674,138012223,1.61506319046021
"2022-03-15",1.9650000333786,2.03749990463257,1.93379998207092,2.00799989700317,146874422,1.62967169284821
"2022-03-16",2.07999992370605,2.16650009155273,2.0625,2.14800000190735,249784468,1.74329435825348
"2022-03-17",2.16050004959106,2.17350006103516,2.01749992370605,2.07200002670288,184646155,1.68161344528198
"2022-03-18",2.07800006866455,2.09599995613098,2.02699995040894,2.08599996566772,166844591,1.69297564029694
"2022-03-21",2.07699990272522,2.12100005149841,2.06500005722046,2.06649994850159,101038503,1.67714965343475
"2022-03-22",2.08150005340576,2.11999988555908,2.07500004768372,2.09999990463257,95960950,1.70433795452118
"2022-03-23",2.11350011825562,2.11849999427795,2.03649997711182,2.04800009727478,116587190,1.66213536262512
"2022-03-24",2.04999995231628,2.05999994277954,2.02349996566772,2.03099989891052,86262852,1.6483381986618
"2022-03-25",2.02999997138977,2.04399991035461,2.00049996376038,2.03299999237061,87563653,1.64996159076691
"2022-03-28",2.03500008583069,2.11450004577637,2.03500008583069,2.04450011253357,110952011,1.659294962883
"2022-03-29",2.08400011062622,2.18799996376038,2.07699990272522,2.16100001335144,188276099,1.75384497642517
"2022-03-30",2.15000009536743,2.15799999237061,2.10999989509583,2.1340000629425,112895255,1.73193204402924
"2022-03-31",2.13199996948242,2.14499998092651,2.07800006866455,2.08349990844727,94608133,1.69094681739807
"2022-04-01",2.09400010108948,2.11949992179871,2.0699999332428,2.10500001907349,86491264,1.70839583873749
"2022-04-04",2.10150003433228,2.10400009155273,2.06100010871887,2.09500002861023,82479152,1.70028007030487
"2022-04-05",2.08100008964539,2.09299993515015,2.03550004959106,2.04200005531311,93829143,1.65726590156555
"2022-04-06",2.03699994087219,2.05749988555908,1.95220005512238,1.98220002651215,148549215,1.60873281955719
"2022-04-07",1.9889999628067,2.03200006484985,1.95159995555878,1.95159995555878,87376256,1.58389818668365
"2022-04-08",1.99000000953674,2.01900005340576,1.96800005435944,1.98199999332428,100604126,1.60857045650482
"2022-04-11",1.99080002307892,1.99800002574921,1.95659995079041,1.98080003261566,78429599,1.60759663581848
"2022-04-12",1.94280004501343,1.96739995479584,1.91620004177094,1.94120001792908,109265046,1.57545757293701
"2022-04-13",1.94000005722046,1.95480000972748,1.92439997196198,1.94420003890991,73561429,1.57789242267609
"2022-04-14",2.00799989700317,2.00799989700317,1.95439994335175,1.97099995613098,97532496,1.59964299201965
"2022-04-19",1.97000002861023,1.9811999797821,1.94260001182556,1.97300004959106,71444615,1.60126614570618
"2022-04-20",1.97200000286102,2.04699993133545,1.96700000762939,2.02049994468689,100571602,1.63981652259827
"2022-04-21",2.02850008010864,2.04450011253357,2.01099991798401,2.02500009536743,66884456,1.64346897602081
"2022-04-22",1.99860000610352,2.01399993896484,1.96599996089935,1.98280000686646,97479819,1.60921967029572
"2022-04-25",1.94900000095367,1.97640001773834,1.92999994754791,1.94860005378723,85495161,1.58146333694458
"2022-04-26",1.96000003814697,1.96720004081726,1.91100001335144,1.91799998283386,87503390,1.55662870407104
"2022-04-27",1.91999995708466,1.92799997329712,1.87679994106293,1.92079997062683,133946403,1.55890107154846
"2022-04-28",1.94000005722046,1.9650000333786,1.90380001068115,1.92599999904633,79017610,1.56312143802643
"2022-04-29",1.94120001792908,1.96239995956421,1.91980004310608,1.95480000972748,99110634,1.58649528026581
"2022-05-02",1.93620002269745,1.94799995422363,1.89619994163513,1.92239999771118,80377626,1.56019961833954
"2022-05-03",1.93980002403259,1.97459995746613,1.93280005455017,1.96019995212555,89245697,1.59087765216827
"2022-05-04",1.96539998054504,1.97200000286102,1.92379999160767,1.92519998550415,70175915,1.56247210502625
"2022-05-05",1.97000002861023,1.99440002441406,1.917799949646,1.92460000514984,116750113,1.56198525428772
"2022-05-06",1.91999995708466,1.94000005722046,1.84660005569458,1.87999999523163,171259083,1.52578830718994
"2022-05-09",1.8724000453949,1.87880003452301,1.83000004291534,1.83000004291534,116306775,1.4852089881897
"2022-05-10",1.8555999994278,1.90079998970032,1.84860002994537,1.86160004138947,132537709,1.5108550786972
"2022-05-11",1.87999999523163,1.95539999008179,1.85759997367859,1.94000005722046,138506255,1.57448363304138
"2022-05-12",1.90199995040894,1.9811999797821,1.88979995250702,1.96220004558563,123853719,1.59250104427338
"2022-05-13",1.97500002384186,1.9811999797821,1.96200001239777,1.97239995002747,87591938,1.60077929496765
"2022-05-16",1.96399998664856,1.97800004482269,1.94019997119904,1.95439994335175,78594805,1.58617055416107
"2022-05-17",1.97000002861023,2.02099990844727,1.95860004425049,1.99000000953674,110168925,1.61506319046021
"2022-05-18",1.99800002574921,2.00399994850159,1.97500002384186,1.99039995670319,95392138,1.61538779735565
"2022-05-19",1.96599996089935,1.98800003528595,1.94860005378723,1.98800003528595,115222027,1.61344015598297
"2022-05-20",2,2.02300000190735,1.97099995613098,1.98300004005432,123804849,1.60938203334808
"2022-05-23",1.93499994277954,1.97520005702972,1.9268000125885,1.97520005702972,129740997,1.66947722434998
"2022-05-24",1.9539999961853,2.00550007820129,1.94659996032715,1.97920000553131,118434792,1.67285811901093
"2022-05-25",1.99899995326996,2.03449988365173,1.97940003871918,2.03299999237061,118694156,1.71833086013794
"2022-05-26",2.03299999237061,2.05850005149841,2.01950001716614,2.05150008201599,85012361,1.73396742343903
"2022-05-27",2.05299997329712,2.06200003623962,2.02500009536743,2.04699993133545,84982308,1.73016381263733
"2022-05-30",2.0550000667572,2.08150005340576,2.0460000038147,2.05949997901917,84372383,1.74072909355164
"2022-05-31",2.04649996757507,2.05699992179871,2.01300001144409,2.03049993515015,127421864,1.71621763706207
"2022-06-01",2.04800009727478,2.05450010299683,1.99800002574921,2,85115326,1.69043862819672
"2022-06-02",2.01600003242493,2.01749992370605,1.98080003261566,2,50245570,1.69043862819672
"2022-06-03",2.00999999046326,2.01099991798401,1.95819997787476,1.97300004959106,76855312,1.66761767864227
"2022-06-06",1.98880004882812,2.04099988937378,1.98199999332428,2.03749990463257,84050321,1.72213411331177
"2022-06-07",2.02699995040894,2.02999997138977,1.98860001564026,2.00250005722046,78735205,1.69255173206329
"2022-06-08",2.00099992752075,2.00600004196167,1.97819995880127,1.99000000953674,74428268,1.6819863319397
"2022-06-09",1.98000001907349,2.01799988746643,1.96039998531342,1.96679997444153,97060920,1.66237723827362
"2022-06-10",1.95000004768372,1.9539999961853,1.80540001392365,1.82159996032715,228037211,1.53965151309967
"2022-06-13",1.76699995994568,1.76699995994568,1.72800004482269,1.75899994373322,171971979,1.48674058914185
"2022-06-14",1.78380000591278,1.8076000213623,1.74380004405975,1.76999998092651,124577741,1.49603807926178
"2022-06-15",1.88999998569489,1.90339994430542,1.82140004634857,1.85140001773834,168241320,1.56483900547028
"2022-06-16",1.84700000286102,1.84700000286102,1.77079999446869,1.79299998283386,148971742,1.51547813415527
"2022-06-17",1.80099999904633,1.89100003242493,1.79779994487762,1.80359995365143,222626497,1.52443742752075
"2022-06-20",1.80820000171661,1.88119995594025,1.80799996852875,1.87259995937347,116079461,1.58275771141052
"2022-06-21",1.88999998569489,1.93400001525879,1.87559998035431,1.8860000371933,119462093,1.59408354759216
"2022-06-22",1.85319995880127,1.91079998016357,1.84399998188019,1.88059997558594,103192172,1.58951938152313
"2022-06-23",1.88380002975464,1.90180003643036,1.82819998264313,1.8400000333786,164285824,1.55520355701447
"2022-06-24",1.85699999332428,1.89199995994568,1.83519995212555,1.88220000267029,121400748,1.59087181091309
"2022-06-27",1.92499995231628,1.95500004291534,1.88800001144409,1.89339995384216,147678067,1.60033810138702
"2022-06-28",1.90480005741119,1.93579995632172,1.89859998226166,1.89859998226166,114640001,1.60473334789276
"2022-06-29",1.87800002098083,1.89779996871948,1.86600005626678,1.87600004673004,92133124,1.58563137054443
"2022-06-30",1.84200000762939,1.84599995613098,1.75960004329681,1.77999997138977,193939309,1.50449025630951
"2022-07-01",1.75979995727539,1.79340004920959,1.73860001564026,1.76760005950928,149502743,1.49400961399078
"2022-07-04",1.76600003242493,1.76779997348785,1.70239996910095,1.72520005702972,149919583,1.45817244052887
"2022-07-05",1.73580002784729,1.7525999546051,1.66799998283386,1.67139995098114,154084169,1.41269946098328
"2022-07-06",1.69860005378723,1.71340000629425,1.65820002555847,1.67820000648499,136773354,1.41844701766968
"2022-07-07",1.70319998264313,1.74979996681213,1.68659996986389,1.74520003795624,125880068,1.47507667541504
"2022-07-08",1.74559998512268,1.77699995040894,1.72319996356964,1.76259994506836,111679647,1.48978340625763
"2022-07-11",1.72679996490479,1.76639997959137,1.71879994869232,1.73199999332428,105799711,1.46391987800598
"2022-07-12",1.71000003814697,1.72000002861023,1.66199994087219,1.70759999752045,157261239,1.44329655170441
"2022-07-13",1.70060002803802,1.71340000629425,1.67739999294281,1.7007999420166,110683557,1.43754887580872
"2022-07-14",1.66680002212524,1.67260003089905,1.60580003261566,1.60660004615784,179537785,1.35792922973633
"2022-07-15",1.60099995136261,1.66279995441437,1.58800005912781,1.63199996948242,176257473,1.37939786911011
"2022-07-18",1.64339995384216,1.70459997653961,1.63979995250702,1.67400002479553,156621774,1.41489720344543
"2022-07-19",1.66980004310608,1.77639997005463,1.66380000114441,1.77260005474091,161406979,1.49823570251465
"2022-07-20",1.78540003299713,1.81359994411469,1.7014000415802,1.71039998531342,186150352,1.44566309452057
"2022-07-21",1.63199996948242,1.69959998130798,1.5842000246048,1.66299998760223,259407424,1.40559959411621
"2022-07-22",1.65659999847412,1.69000005722046,1.64400005340576,1.6599999666214,169481257,1.40306389331818
"2022-07-25",1.65900003910065,1.70159995555878,1.65760004520416,1.68799996376038,102787503,1.42673015594482
"2022-07-26",1.67620003223419,1.67999994754791,1.64999997615814,1.65680003166199,102787399,1.40035927295685
"2022-07-27",1.66980004310608,1.68499994277954,1.64680004119873,1.67719995975494,117272482,1.41760170459747
"2022-07-28",1.69500005245209,1.7311999797821,1.69319999217987,1.70580005645752,150997246,1.44177520275116
"2022-07-29",1.73000001907349,1.75559997558594,1.71720004081726,1.728600025177,178060526,1.46104598045349
"2022-08-01",1.7364000082016,1.77660000324249,1.72899997234344,1.74919998645782,113674111,1.47845757007599
"2022-08-02",1.75,1.76859998703003,1.73220002651215,1.74699997901917,111573069,1.47659802436829
"2022-08-03",1.75660002231598,1.77600002288818,1.75059998035431,1.77380001544952,94723322,1.49924993515015
"2022-08-04",1.78020000457764,1.7940000295639,1.7635999917984,1.78299999237061,114143403,1.50702607631683
"2022-08-05",1.78340005874634,1.82459998130798,1.78340005874634,1.81400001049042,106798358,1.53322780132294
"2022-08-08",1.82159996032715,1.83259999752045,1.79200005531311,1.81719994544983,85229500,1.53593254089355
"2022-08-09",1.81019997596741,1.83280003070831,1.80739998817444,1.81599998474121,70940368,1.53491830825806
"2022-08-10",1.81319999694824,1.83519995212555,1.80859994888306,1.83259999752045,92842885,1.54894888401031
"2022-08-11",1.8400000333786,1.85160005092621,1.8289999961853,1.8400000333786,82985477,1.55520355701447
"2022-08-12",1.84099996089935,1.85899996757507,1.84099996089935,1.85380005836487,94750701,1.56686747074127
"2022-08-16",1.85300004482269,1.86479997634888,1.83000004291534,1.85479998588562,83286392,1.56771278381348
"2022-08-17",1.85839998722076,1.86759996414185,1.82200002670288,1.82860004901886,110163210,1.54556810855865
"2022-08-18",1.8231999874115,1.84280002117157,1.8231999874115,1.82700002193451,89083505,1.54421579837799
"2022-08-19",1.82239997386932,1.82299995422363,1.7661999464035,1.77320003509521,131113327,1.49874293804169
"2022-08-22",1.75119996070862,1.75699996948242,1.70000004768372,1.71840000152588,130542383,1.45242488384247
"2022-08-23",1.70620000362396,1.76320004463196,1.70420002937317,1.74960005283356,129050328,1.47879564762115
"2022-08-24",1.73699998855591,1.76499998569489,1.72880005836487,1.7635999917984,98125529,1.49062871932983
"2022-08-25",1.77699995040894,1.77900004386902,1.72899997234344,1.73839998245239,154508368,1.46932911872864
"2022-08-26",1.74440002441406,1.75460004806519,1.68359994888306,1.68499994277954,143620238,1.42419445514679
"2022-08-29",1.66999995708466,1.70459997653961,1.6599999666214,1.7014000415802,94775418,1.43805623054504
"2022-08-30",1.70659995079041,1.76119995117188,1.70560002326965,1.72940003871918,127021780,1.46172225475311
"2022-08-31",1.74199998378754,1.75479996204376,1.71239995956421,1.72300004959106,118369114,1.45631289482117
"2022-09-01",1.71140003204346,1.7150000333786,1.68560004234314,1.69379997253418,107081783,1.43163251876831
"2022-09-02",1.70879995822906,1.74240005016327,1.70179998874664,1.73819994926453,117750860,1.46916007995605
"2022-09-05",1.69200003147125,1.70239996910095,1.67279994487762,1.69700002670288,95787643,1.43433713912964
"2022-09-06",1.69700002670288,1.72119998931885,1.68879997730255,1.70379996299744,95749983,1.44008457660675
"2022-09-07",1.68060004711151,1.7059999704361,1.68060004711151,1.70000004768372,102451510,1.43687295913696
"2022-09-08",1.71899998188019,1.75300002098083,1.68959999084473,1.74039995670319,147592381,1.47101974487305
"2022-09-09",1.75499999523163,1.83860003948212,1.75399994850159,1.83319997787476,164062120,1.54945588111877
"2022-09-12",1.85199999809265,1.90639996528625,1.84839999675751,1.89600002765656,147161560,1.60253572463989
"2022-09-13",1.90600001811981,1.92579996585846,1.87339997291565,1.88119995594025,142792288,1.59002649784088
"2022-09-14",1.86899995803833,1.91480004787445,1.86000001430511,1.90020000934601,102741592,1.60608565807343
"2022-09-15",1.90480005741119,1.93799996376038,1.89579999446869,1.91999995708466,173508257,1.6228209733963
"2022-09-16",1.89779996871948,1.9242000579834,1.86740005016327,1.91499996185303,173065302,1.61859488487244
"2022-09-19",1.90719997882843,1.92439997196198,1.875,1.91540002822876,70231300,1.61893308162689
"2022-09-20",1.92999994754791,1.93900001049042,1.84700000286102,1.84920001029968,133225342,1.56297957897186
"2022-09-21",1.82459998130798,1.85280001163483,1.81140005588531,1.83659994602203,100959495,1.55232965946198
"2022-09-22",1.80499994754791,1.89079999923706,1.7940000295639,1.85199999809265,112666451,1.56534612178802
"2022-09-23",1.85000002384186,1.85020005702972,1.76400005817413,1.76400005817413,121505511,1.490966796875
"2022-09-26",1.76080000400543,1.81579995155334,1.75699996948242,1.76839995384216,102969433,1.49468564987183
"2022-09-27",1.79040002822876,1.79480004310608,1.72720003128052,1.72720003128052,135347804,1.45986270904541
"2022-09-28",1.70700001716614,1.72560000419617,1.682000041008,1.69860005378723,164438780,1.4356894493103
"2022-09-29",1.7014000415802,1.70439994335175,1.63499999046326,1.65499997138977,145907693,1.3988379240036
"2022-09-30",1.67799997329712,1.70500004291534,1.66400003433228,1.70280003547668,138178550,1.43923950195312
"2022-10-03",1.6768000125885,1.73440003395081,1.66840004920959,1.73399996757507,105094816,1.46561014652252
"2022-10-04",1.75999999046326,1.79299998283386,1.75279998779297,1.78799998760223,101897547,1.5112521648407
"2022-10-05",1.77779996395111,1.78279995918274,1.71640002727509,1.74119997024536,98458233,1.4716956615448
"2022-10-06",1.75,1.75800001621246,1.70679998397827,1.71220004558563,91107216,1.44718444347382
"2022-10-07",1.70120000839233,1.73559999465942,1.69900000095367,1.70560002326965,94278325,1.44160604476929
"2022-10-10",1.69400000572205,1.72500002384186,1.69260001182556,1.70759999752045,65328858,1.44329655170441
"2022-10-11",1.68980002403259,1.70640003681183,1.65859997272491,1.69539999961853,102353887,1.43298470973969
"2022-10-12",1.69599997997284,1.69679999351501,1.65400004386902,1.67540001869202,72636175,1.41608047485352
"2022-10-13",1.66019999980927,1.71920001506805,1.6574000120163,1.70640003681183,100165823,1.44228219985962
"2022-10-14",1.74000000953674,1.75160002708435,1.71239995956421,1.71239995956421,112769477,1.44735336303711
"2022-10-17",1.72200000286102,1.74319994449615,1.70879995822906,1.74300003051758,77303862,1.47321724891663
"2022-10-18",1.76499998569489,1.82360005378723,1.76219999790192,1.80280005931854,123182091,1.52376139163971
"2022-10-19",1.80739998817444,1.82819998264313,1.79159998893738,1.79159998893738,71667081,1.5142947435379
"2022-10-20",1.78400003910065,1.83459997177124,1.77499997615814,1.8289999961853,69461700,1.54590606689453
"2022-10-21",1.8063999414444,1.83379995822906,1.79320001602173,1.82760000228882,77546049,1.54472279548645
"2022-10-24",1.8400000333786,1.86979997158051,1.82299995422363,1.85580003261566,81163074,1.56855797767639
"2022-10-25",1.86839997768402,1.87199997901917,1.82400000095367,1.86459994316101,86459969,1.57599568367004
"2022-10-26",1.87000000476837,1.87940001487732,1.84239995479584,1.86580002307892,82369029,1.57701003551483
"2022-10-27",1.86240005493164,1.90579998493195,1.83780002593994,1.90579998493195,138276464,1.61081886291504
"2022-10-28",1.88999998569489,1.90859997272491,1.86839997768402,1.90520000457764,82677358,1.61031186580658
"2022-10-31",1.91079998016357,1.93439996242523,1.90559995174408,1.92900002002716,105445312,1.63042807579041
"2022-11-01",1.94000005722046,1.96979999542236,1.93680000305176,1.94519996643066,98268491,1.6441205739975
"2022-11-02",1.95679998397827,1.96099996566772,1.93040001392365,1.94480001926422,88958984,1.64378249645233
"2022-11-03",1.92960000038147,1.97000002861023,1.92540001869202,1.9695999622345,78538491,1.66474390029907
"2022-11-04",1.98699998855591,2.07349991798401,1.96399998664856,2.06500005722046,219296454,1.74537789821625
"2022-11-07",2.05999994277954,2.13150000572205,2.05550003051758,2.12899994850159,157498582,1.79947185516357
"2022-11-08",2.12800002098083,2.15700006484985,2.12350010871887,2.14800000190735,100214488,1.81553101539612
"2022-11-09",2.16000008583069,2.1800000667572,2.13299989700317,2.15400004386902,96225112,1.82060241699219
"2022-11-10",2.14199995994568,2.20799994468689,2.14100003242493,2.17700004577637,131918597,1.84004247188568
"2022-11-11",2.18199992179871,2.18799996376038,2.15700006484985,2.16050004959106,106813879,1.82609629631042
"2022-11-14",2.17000007629395,2.1949999332428,2.16100001335144,2.18650007247925,76484948,1.84807205200195
"2022-11-15",2.19400000572205,2.2039999961853,2.15849995613098,2.19000005722046,98330604,1.85103034973145
"2022-11-16",2.18099999427795,2.19849991798401,2.17950010299683,2.19050002098083,83941488,1.85145282745361
"2022-11-17",2.19899988174438,2.20449995994568,2.14650011062622,2.17799997329712,125057831,1.84088742733002
"2022-11-18",2.18499994277954,2.21749997138977,2.1784999370575,2.21650004386902,144857617,1.87342858314514
"2022-11-21",2.19050002098083,2.19600009918213,2.13649988174438,2.14100003242493,121819037,1.87194228172302
"2022-11-22",2.14599990844727,2.17300009727478,2.13899993896484,2.16050004959106,71148305,1.88899171352386
"2022-11-23",2.16199994087219,2.16700005531311,2.12899994850159,2.14450001716614,77655565,1.8750022649765
"2022-11-24",2.15249991416931,2.16249990463257,2.14499998092651,2.16000008583069,53336451,1.88855445384979
"2022-11-25",2.15849995613098,2.17300009727478,2.14750003814697,2.15849995613098,51843429,1.88724303245544
"2022-11-28",2.1489999294281,2.1489999294281,2.1159999370575,2.1159999370575,72652035,1.85008382797241
"2022-11-29",2.12700009346008,2.1414999961853,2.08800005912781,2.13450002670288,75789759,1.86625897884369
"2022-11-30",2.14599990844727,2.15849995613098,2.11800003051758,2.12199997901917,109846067,1.85532987117767
"2022-12-01",2.13450002670288,2.13949990272522,2.07800006866455,2.0845000743866,115091167,1.82254254817963
"2022-12-02",2.09400010108948,2.09949994087219,2.06900000572205,2.09649991989136,72507970,1.83303439617157
"2022-12-05",2.09599995613098,2.10700011253357,2.07649993896484,2.07850003242493,52775172,1.81729662418365
"2022-12-06",2.07349991798401,2.08200001716614,2.06100010871887,2.06649994850159,80031246,1.80680453777313
"2022-12-07",2.06100010871887,2.0845000743866,2.04250001907349,2.06150007247925,67925819,1.80243301391602
"2022-12-08",2.07249999046326,2.07500004768372,2.04800009727478,2.05749988555908,36678066,1.79893553256989
"2022-12-09",2.06900000572205,2.07999992370605,2.02999997138977,2.06699991226196,80145546,1.80724155902863
"2022-12-12",2.06550002098083,2.08249998092651,2.04999995231628,2.06850004196167,53844332,1.80855321884155
"2022-12-13",2.07100009918213,2.11450004577637,2.07049989700317,2.1010000705719,91518771,1.83696901798248
"2022-12-14",2.09999990463257,2.10249996185303,2.07599997520447,2.08750009536743,55349996,1.8251656293869
"2022-12-15",2.07450008392334,2.08349990844727,1.99440002441406,1.99440002441406,170520010,1.74376535415649
"2022-12-16",1.99800002574921,2.05800008773804,1.99600005149841,2.05800008773804,226813113,1.79937279224396
"2022-12-19",2.0550000667572,2.06500005722046,2.03349995613098,2.03449988365173,64883257,1.7788257598877
"2022-12-20",2.01799988746643,2.08100008964539,2.00600004196167,2.07550001144409,79765159,1.81467354297638
"2022-12-21",2.08750009536743,2.10599994659424,2.06100010871887,2.10050010681152,75415157,1.8365318775177
"2022-12-22",2.10750007629395,2.11800003051758,2.07649993896484,2.08400011062622,48170856,1.82210564613342
"2022-12-23",2.08999991416931,2.10150003433228,2.08249998092651,2.09249997138977,42830245,1.82953703403473
"2022-12-27",2.10999989509583,2.11150002479553,2.07800006866455,2.08200001716614,32080866,1.82035660743713
"2022-12-28",2.09150004386902,2.09249997138977,2.07450008392334,2.08049988746643,31436499,1.81904518604279
"2022-12-29",2.07800006866455,2.10899996757507,2.06699991226196,2.10700011253357,56048058,1.84221518039703
"2022-12-30",2.09500002861023,2.10150003433228,2.07800006866455,2.07800006866455,38312976,1.81685948371887
"2023-01-02",2.09100008010864,2.13750004768372,2.08999991416931,2.12299990653992,71014244,1.85620427131653
"2023-01-03",2.11500000953674,2.17549991607666,2.11299991607666,2.17249989509583,121075081,1.89948344230652
"2023-01-04",2.1800000667572,2.2335000038147,2.17549991607666,2.22849988937378,129229984,1.94844615459442
"2023-01-05",2.22099995613098,2.23200011253357,2.20449995994568,2.21499991416931,77021869,1.93664252758026
"2023-01-06",2.22550010681152,2.23900008201599,2.21849989891052,2.2335000038147,90070647,1.95281767845154
"2023-01-09",2.24000000953674,2.24749994277954,2.22149991989136,2.22849988937378,88257359,1.94844615459442
"2023-01-10",2.22950005531311,2.25,2.21950006484985,2.25,85970959,1.96724426746368
"2023-01-11",2.25099992752075,2.26600003242493,2.23499989509583,2.25950002670288,96255257,1.97555041313171
"2023-01-12",2.26449990272522,2.28949999809265,2.26149988174438,2.28399991989136,103697648,1.99697136878967
"2023-01-13",2.28399991989136,2.30399990081787,2.26200008392334,2.28800010681152,93836524,2.00046896934509
"2023-01-16",2.29900002479553,2.30999994277954,2.27300000190735,2.28500008583069,71298973,1.99784588813782
"2023-01-17",2.28949999809265,2.29550004005432,2.2335000038147,2.26099991798401,114692137,1.97686171531677
"2023-01-18",2.26600003242493,2.27999997138977,2.2409999370575,2.25,84271279,1.96724426746368
"2023-01-19",2.23900008201599,2.24749994277954,2.2039999961853,2.22300004959106,92000057,1.94363737106323
"2023-01-20",2.24149990081787,2.25349998474121,2.15249991416931,2.18050003051758,133344756,1.9064781665802
"2023-01-23",2.24399995803833,2.25449991226196,2.22000002861023,2.23950004577637,106881130,1.95806384086609
"2023-01-24",2.24399995803833,2.28999996185303,2.23499989509583,2.28550004959106,91605533,1.9982830286026
"2023-01-25",2.29250001907349,2.30200004577637,2.27550005912781,2.29500007629395,94735821,2.00658917427063
"2023-01-26",2.30999994277954,2.34800004959106,2.30399990081787,2.34249997138977,119608376,2.04811978340149
"2023-01-27",2.34750008583069,2.35949993133545,2.33150005340576,2.3510000705719,92809857,2.05555176734924
"2023-01-30",2.34450006484985,2.36100006103516,2.3289999961853,2.34400010108948,96291593,2.04943132400513
"2023-01-31",2.37800002098083,2.42300009727478,2.35899996757507,2.41000008583069,202992610,2.10713720321655
"2023-02-01",2.44199991226196,2.47000002861023,2.43149995803833,2.45300006866455,164610747,2.14473342895508
"2023-02-02",2.47049999237061,2.4779999256134,2.40499997138977,2.45499992370605,143424755,2.14648175239563
"2023-02-03",2.46000003814697,2.48499989509583,2.35050010681152,2.38299989700317,244629399,2.08353018760681
"2023-02-06",2.39499998092651,2.4595000743866,2.3675000667572,2.44700002670288,147706295,2.13948726654053
"2023-02-07",2.46000003814697,2.5,2.43799996376038,2.46849989891052,162594550,2.15828537940979
"2023-02-08",2.48749995231628,2.49699997901917,2.46300005912781,2.46900010108948,106287691,2.15872263908386
"2023-02-09",2.48749995231628,2.52150011062622,2.48099994659424,2.50399994850159,129582434,2.18932414054871
"2023-02-10",2.5,2.50399994850159,2.45099997520447,2.47699999809265,124437439,2.16571736335754
"2023-02-13",2.4779999256134,2.50650000572205,2.46550011634827,2.49900007247925,120404174,2.1849524974823
"2023-02-14",2.50999999046326,2.52099990844727,2.49699997901917,2.50250005722046,101713173,2.18801283836365
"2023-02-15",2.50049996376038,2.51250004768372,2.46900010108948,2.49499988555908,111838338,2.18145513534546
"2023-02-16",2.5,2.55399990081787,2.5,2.55100011825562,158258662,2.23041772842407
"2023-02-17",2.55450010299683,2.58150005340576,2.5239999294281,2.56450009346008,134831879,2.24222135543823
"2023-02-20",2.57299995422363,2.57800006866455,2.55299997329712,2.55399990081787,104400451,2.23304080963135
"2023-02-21",2.5460000038147,2.56750011444092,2.50099992752075,2.55299997329712,120667583,2.23216652870178
"2023-02-22",2.53999996185303,2.55150008201599,2.46449995040894,2.47650003433228,156482959,2.16528010368347
"2023-02-23",2.48099994659424,2.52500009536743,2.47000002861023,2.51399993896484,92983714,2.19806742668152
"2023-02-24",2.51900005340576,2.53550004959106,2.49149990081787,2.49499988555908,112231610,2.18145513534546
"2023-02-27",2.5,2.55800008773804,2.49799990653992,2.53299999237061,95909748,2.21467971801758
"2023-02-28",2.51999998092651,2.59850001335144,2.51399993896484,2.56150007247925,226324212,2.23959827423096
"2023-03-01",2.57850003242493,2.57999992370605,2.52800011634827,2.53699994087219,118176910,2.218177318573
"2023-03-02",2.52099990844727,2.55599999427795,2.50300002098083,2.54200005531311,90394060,2.2225489616394
"2023-03-03",2.55699992179871,2.57699990272522,2.54999995231628,2.57450008392334,88738444,2.25096464157104
"2023-03-06",2.57999992370605,2.6029999256134,2.57299995422363,2.59249997138977,87485453,2.26670241355896
"2023-03-07",2.59699988365173,2.60199999809265,2.56399989128113,2.56500005722046,106233571,2.24265837669373
"2023-03-08",2.55399990081787,2.59200000762939,2.55399990081787,2.57249999046326,92680272,2.24921584129333
"2023-03-09",2.57599997520447,2.57850003242493,2.51999998092651,2.53150010108948,106751461,2.2133686542511
"2023-03-10",2.45000004768372,2.48200011253357,2.40499997138977,2.48200011253357,162776675,2.17008900642395
"2023-03-13",2.47049999237061,2.4779999256134,2.27900004386902,2.33049988746643,311886033,2.03762769699097
"2023-03-14",2.33200001716614,2.42199993133545,2.30999994277954,2.40849995613098,191163322,2.10582566261292
"2023-03-15",2.40000009536743,2.42400002479553,2.21849989891052,2.24349999427795,282185531,1.96156108379364
"2023-03-16",2.30999994277954,2.32850003242493,2.20099997520447,2.24799990653992,222595733,1.96549534797668
"2023-03-17",2.26999998092651,2.30399990081787,2.1710000038147,2.19300007820129,271403865,1.91740739345551
"2023-03-20",2.15000009536743,2.30150008201599,2.08200001716614,2.27500009536743,260032289,1.989102602005
"2023-03-21",2.31649994850159,2.37199997901917,2.30649995803833,2.35500001907349,175412167,2.05904912948608
"2023-03-22",2.34999990463257,2.39450001716614,2.33200001716614,2.34299993515015,138055590,2.04855704307556
"2023-03-23",2.3199999332428,2.36500000953674,2.30550003051758,2.31900000572205,130696051,2.0275731086731
"2023-03-24",2.30150008201599,2.3034999370575,2.20250010490417,2.26300001144409,208662465,1.97861051559448
"2023-03-27",2.3050000667572,2.31800007820129,2.26300001144409,2.27150011062622,118530064,1.98604238033295
"2023-03-28",2.30200004577637,2.30900001525879,2.27150011062622,2.29349994659424,99581417,2.00527763366699
"2023-03-29",2.29999995231628,2.33249998092651,2.28949999809265,2.32800006866455,127111365,2.03544211387634
"2023-03-30",2.34400010108948,2.37949991226196,2.33550000190735,2.36500000953674,85313025,2.06779217720032
"2023-03-31",2.37450003623962,2.38000011444092,2.33999991416931,2.3675000667572,121342088,2.06997799873352
"2023-04-03",2.3675000667572,2.39650011062622,2.36350011825562,2.36500000953674,94347728,2.06779217720032
"2023-04-04",2.36800003051758,2.37450003623962,2.32399988174438,2.32800006866455,100305024,2.03544211387634
"2023-04-05",2.31800007820129,2.33500003814697,2.28449988365173,2.30900001525879,96649986,2.01882982254028
"2023-04-06",2.31349992752075,2.35800004005432,2.30649995803833,2.35800004005432,68237848,2.06167197227478
"2023-04-11",2.36999988555908,2.3824999332428,2.36400008201599,2.37700009346008,63773376,2.07828426361084
"2023-04-12",2.38000011444092,2.41650009155273,2.37750005722046,2.39549994468689,87665249,2.09445929527283
"2023-04-13",2.39499998092651,2.40849995613098,2.38000011444092,2.38800001144409,66213228,2.08790183067322
"2023-04-14",2.40149998664856,2.47650003433228,2.39199995994568,2.46849989891052,131478431,2.15828537940979
"2023-04-17",2.48799991607666,2.49749994277954,2.43549990653992,2.44149994850159,69223869,2.13467884063721
"2023-04-18",2.45849990844727,2.49850010871887,2.45199990272522,2.4779999256134,74584410,2.16659188270569
"2023-04-19",2.4779999256134,2.50999999046326,2.46900010108948,2.49850010871887,67694983,2.18451547622681
"2023-04-20",2.51900005340576,2.52449989318848,2.48200011253357,2.48950004577637,84032731,2.17664647102356
"2023-04-21",2.47199988365173,2.4909999370575,2.45900011062622,2.48449993133545,88540596,2.17227458953857
"2023-04-24",2.46849989891052,2.51749992370605,2.46550011634827,2.50699996948242,57001923,2.19194722175598
"2023-04-25",2.47550010681152,2.4779999256134,2.44300007820129,2.46099996566772,70689820,2.15172791481018
"2023-04-26",2.4449999332428,2.45000004768372,2.39299988746643,2.43400001525879,100629547,2.12812113761902
"2023-04-27",2.43600010871887,2.47250008583069,2.4300000667572,2.45799994468689,68528830,2.14910507202148
"2023-04-28",2.44849991798401,2.45449995994568,2.35050010681152,2.38450002670288,123616239,2.08484196662903
"2023-05-02",2.39949989318848,2.42600011825562,2.31900000572205,2.32850003242493,87408825,2.03587913513184
"2023-05-03",2.36999988555908,2.3914999961853,2.35400009155273,2.36899995803833,76218578,2.07128977775574
"2023-05-04",2.36400008201599,2.37549996376038,2.3345000743866,2.34549999237061,89134529,2.05074286460876
"2023-05-05",2.375,2.44199991226196,2.35249996185303,2.43199992179871,115050175,2.12637233734131
"2023-05-08",2.43050003051758,2.46650004386902,2.41750001907349,2.46300005912781,67941189,2.15347671508789
"2023-05-09",2.47300004959106,2.47900009155273,2.44050002098083,2.45650005340576,62604834,2.14779376983643
"2023-05-10",2.47000002861023,2.48499989509583,2.40549993515015,2.4154999256134,98257521,2.11194610595703
"2023-05-11",2.42249989509583,2.42899990081787,2.36249995231628,2.40149998664856,86726003,2.0997052192688
"2023-05-12",2.41400003433228,2.44300007820129,2.41300010681152,2.42799997329712,62366293,2.12287521362305
"2023-05-15",2.44250011444092,2.45050001144409,2.39350008964539,2.42050004005432,51589183,2.11631774902344
"2023-05-16",2.40499997138977,2.42899990081787,2.3970000743866,2.41000008583069,52122450,2.10713720321655
"2023-05-17",2.39050006866455,2.40700006484985,2.36849999427795,2.40300011634827,67984524,2.10101675987244
"2023-05-18",2.42050004005432,2.44799995422363,2.38949990272522,2.38949990272522,87412467,2.08921337127686
"2023-05-19",2.39499998092651,2.42650008201599,2.37800002098083,2.41650009155273,93975553,2.1128203868866
"2023-05-22",2.34400010108948,2.37400007247925,2.33100008964539,2.34100008010864,84599176,2.12608003616333
"2023-05-23",2.33999991416931,2.34899997711182,2.32550001144409,2.34200000762939,45111624,2.12698817253113
"2023-05-24",2.3199999332428,2.32599997520447,2.25149989128113,2.25200009346008,126204845,2.04525089263916
"2023-05-25",2.25099992752075,2.26999998092651,2.22650003433228,2.25099992752075,79764577,2.04434251785278
"2023-05-26",2.25999999046326,2.26250004768372,2.19549989700317,2.24499988555908,87296495,2.03889346122742
"2023-05-29",2.26399993896484,2.26749992370605,2.20549988746643,2.22550010681152,48664355,2.02118372917175
"2023-05-30",2.22000002861023,2.23149991035461,2.20099997520447,2.21000003814697,77211489,2.00710678100586
"2023-05-31",2.19250011444092,2.22550010681152,2.13299989700317,2.15549993515015,317362978,1.95761013031006
"2023-06-01",2.18300008773804,2.23650002479553,2.17549991607666,2.23000001907349,96885081,2.02527046203613
"2023-06-02",2.23550009727478,2.27999997138977,2.22399997711182,2.27150011062622,65158505,2.06296062469482
"2023-06-05",2.27649998664856,2.28500008583069,2.23850011825562,2.2590000629425,63524977,2.0516083240509
"2023-06-06",2.25200009346008,2.2904999256134,2.23900008201599,2.28550004959106,65297578,2.07567524909973
"2023-06-07",2.29399991035461,2.30299997329712,2.25950002670288,2.30299997329712,70849250,2.0915687084198
"2023-06-08",2.30049991607666,2.34949994087219,2.29699993133545,2.32399988174438,79772566,2.11064052581787
"2023-06-09",2.32599997520447,2.33599996566772,2.29349994659424,2.30949997901917,51736386,2.09747171401978
"2023-06-12",2.31500005722046,2.32850003242493,2.28449988365173,2.30599999427795,57074807,2.09429311752319
"2023-06-13",2.31550002098083,2.31550002098083,2.28299999237061,2.31200003623962,58164303,2.09974241256714
"2023-06-14",2.31450009346008,2.36949992179871,2.30699992179871,2.34999990463257,85862035,2.13425374031067
"2023-06-15",2.34400010108948,2.36400008201599,2.33550000190735,2.35800004005432,61846601,2.14151930809021
"2023-06-16",2.35750007629395,2.38100004196167,2.34949994087219,2.37299990653992,174316231,2.15514206886292
"2023-06-19",2.36999988555908,2.41199994087219,2.36100006103516,2.39450001716614,73065538,2.17466831207275
"2023-06-20",2.39400005340576,2.42149996757507,2.38549995422363,2.38649988174438,77453122,2.16740274429321
"2023-06-21",2.39050006866455,2.42700004577637,2.39050006866455,2.40599989891052,79728641,2.1851122379303
"2023-06-22",2.39000010490417,2.3914999961853,2.34400010108948,2.37899994850159,78128527,2.16059112548828
"2023-06-23",2.35050010681152,2.36150002479553,2.32450008392334,2.33500003814697,85369553,2.12063074111938
"2023-06-26",2.32800006866455,2.33699989318848,2.28449988365173,2.33200001716614,61002773,2.11790633201599
"2023-06-27",2.34599995613098,2.36400008201599,2.32949995994568,2.36150002479553,61630934,2.14469814300537
"2023-06-28",2.36999988555908,2.375,2.34750008583069,2.36350011825562,47995594,2.14651441574097
"2023-06-29",2.3585000038147,2.40100002288818,2.35700011253357,2.38599991798401,70460916,2.16694855690002
"2023-06-30",2.40549993515015,2.42350006103516,2.39800000190735,2.40000009536743,104789036,2.17966341972351
"2023-07-03",2.41000008583069,2.44350004196167,2.40350008010864,2.43700003623962,72952019,2.21326661109924
"2023-07-04",2.43899989128113,2.45149993896484,2.41199994087219,2.42050004005432,43594293,2.19828152656555
"2023-07-05",2.40599989891052,2.42400002479553,2.39350008964539,2.40899991989136,59646672,2.18783712387085
"2023-07-06",2.39050006866455,2.39350008964539,2.31850004196167,2.34050011634827,117411052,2.12562608718872
"2023-07-07",2.34200000762939,2.36700010299683,2.32699990272522,2.34899997711182,64623104,2.13334536552429
"2023-07-10",2.34200000762939,2.375,2.33899998664856,2.35700011253357,40350375,2.14061117172241
"2023-07-11",2.37450003623962,2.38949990272522,2.3529999256134,2.38050007820129,45690555,2.16195368766785
"2023-07-12",2.39199995994568,2.41700005531311,2.38549995422363,2.40799999237061,65696267,2.18692898750305
"2023-07-13",2.41000008583069,2.45000004768372,2.40499997138977,2.44400000572205,84904228,2.21962404251099
"2023-07-14",2.44899988174438,2.45700001716614,2.42199993133545,2.43050003051758,74333181,2.20736312866211
"2023-07-17",2.42499995231628,2.44600009918213,2.41799998283386,2.43499994277954,46013511,2.21145009994507
"2023-07-18",2.43499994277954,2.46849989891052,2.42700004577637,2.46600008010864,63065981,2.23960423469543
"2023-07-19",2.47449994087219,2.5,2.46900010108948,2.49200010299683,89023557,2.26321721076965
"2023-07-20",2.49900007247925,2.53099989891052,2.49349999427795,2.5220000743866,91321234,2.29046297073364
"2023-07-21",2.52900004386902,2.54749989509583,2.51900005340576,2.53099989891052,78418514,2.2986364364624
"2023-07-24",2.52349996566772,2.53649997711182,2.51550006866455,2.53600001335144,47933837,2.30317783355713
"2023-07-25",2.54500007629395,2.5550000667572,2.53399991989136,2.53900003433228,51139136,2.30590224266052
"2023-07-26",2.56399989128113,2.58049988746643,2.52800011634827,2.53900003433228,84492524,2.30590224266052
"2023-07-27",2.5550000667572,2.57450008392334,2.54999995231628,2.57299995422363,111632020,2.33678078651428
"2023-07-28",2.57999992370605,2.62150001525879,2.57200002670288,2.60949993133545,180704296,2.36992979049683
"2023-07-31",2.61150002479553,2.6414999961853,2.60199999809265,2.62899994850159,102843151,2.38763952255249
"2023-08-01",2.63499999046326,2.64400005340576,2.58550000190735,2.60899996757507,105088762,2.36947560310364
"2023-08-02",2.57450008392334,2.58299994468689,2.53800010681152,2.56299996376038,96099527,2.32769870758057
"2023-08-03",2.55299997329712,2.56349992752075,2.51500010490417,2.54550004005432,71360586,2.31180548667908
"2023-08-04",2.55200004577637,2.56649994850159,2.53049993515015,2.54349994659424,68966724,2.3099889755249
"2023-08-07",2.53749990463257,2.56800007820129,2.53099989891052,2.55999994277954,50878749,2.32497429847717
"2023-08-08",2.40000009536743,2.41650009155273,2.32850003242493,2.33800005912781,376391539,2.12335562705994
"2023-08-09",2.40000009536743,2.41849994659424,2.36999988555908,2.39249992370605,171093404,2.17285180091858
"2023-08-10",2.40249991416931,2.45149993896484,2.40050005912781,2.43799996376038,97461241,2.21417450904846
"2023-08-11",2.4284999370575,2.44549989700317,2.41499996185303,2.43950009346008,63187894,2.21553707122803
"2023-08-14",2.43249988555908,2.45549988746643,2.42499995231628,2.4449999332428,53558032,2.22053194046021
"2023-08-16",2.40799999237061,2.43600010871887,2.40000009536743,2.42899990081787,60222416,2.20600080490112
"2023-08-17",2.41100001335144,2.43499994277954,2.3970000743866,2.41950011253357,70761187,2.19737315177917
"2023-08-18",2.3970000743866,2.41100001335144,2.38299989700317,2.41100001335144,67741394,2.18965363502502
"2023-08-21",2.41400003433228,2.46000003814697,2.4135000705719,2.43899989128113,76490159,2.21508264541626
"2023-08-22",2.45700001716614,2.47149991989136,2.44149994850159,2.4595000743866,63902901,2.23370099067688
"2023-08-23",2.46650004386902,2.48099994659424,2.44749999046326,2.45499992370605,56396384,2.22961401939392
"2023-08-24",2.47250008583069,2.47950005531311,2.44400000572205,2.44799995422363,64455239,2.22325658798218
"2023-08-25",2.44000005722046,2.47049999237061,2.44000005722046,2.44950008392334,48457136,2.22461891174316
"2023-08-28",2.47000002861023,2.48749995231628,2.46250009536743,2.47699999809265,51946382,2.24959397315979
"2023-08-29",2.48049998283386,2.49799990653992,2.47049999237061,2.4925000667572,60450339,2.26367139816284
"2023-08-30",2.5074999332428,2.53600001335144,2.50049996376038,2.50200009346008,69926488,2.27229928970337
"2023-08-31",2.50600004196167,2.51349997520447,2.47099995613098,2.47199988365173,132207841,2.24505305290222
"2023-09-01",2.47199988365173,2.49000000953674,2.44050002098083,2.4595000743866,69175092,2.23370099067688
"2023-09-04",2.46050000190735,2.48399996757507,2.44350004196167,2.45449995994568,41866697,2.22915983200073
"2023-09-05",2.44350004196167,2.45799994468689,2.42449998855591,2.4465000629425,45937162,2.22189450263977
"2023-09-06",2.43650007247925,2.43899989128113,2.38350009918213,2.3914999961853,101743264,2.17194366455078
"2023-09-07",2.39499998092651,2.40199995040894,2.3659999370575,2.38499999046326,75119703,2.16604042053223
"2023-09-08",2.40350008010864,2.41799998283386,2.37800002098083,2.4135000705719,71315860,2.19192409515381
"2023-09-11",2.44400000572205,2.48550009727478,2.44300007820129,2.48000001907349,107615016,2.25231885910034
"2023-09-12",2.48000001907349,2.48550009727478,2.45849990844727,2.47550010681152,75992981,2.24823188781738
"2023-09-13",2.47000002861023,2.48799991607666,2.45300006866455,2.46250009536743,63126199,2.23642539978027
"2023-09-14",2.44449996948242,2.47900009155273,2.39750003814697,2.47499990463257,142548544,2.24777770042419
"2023-09-15",2.49650001525879,2.51999998092651,2.46099996566772,2.46900010108948,165744147,2.24232888221741
"2023-09-18",2.47149991989136,2.48000001907349,2.42000007629395,2.4300000667572,78545603,2.2069091796875
"2023-09-19",2.42000007629395,2.4449999332428,2.41700005531311,2.44149994850159,49347013,2.21735310554504
"2023-09-20",2.44799995422363,2.5220000743866,2.44350004196167,2.51349997520447,140880304,2.28274321556091
"2023-09-21",2.49499988555908,2.51049995422363,2.47199988365173,2.49300003051758,79959155,2.26412534713745
"2023-09-22",2.47900009155273,2.48600006103516,2.45000004768372,2.46099996566772,81333404,2.23506307601929
"2023-09-25",2.46950006484985,2.49300003051758,2.4375,2.4595000743866,64747205,2.23370099067688
"2023-09-26",2.45099997520447,2.45549988746643,2.41199994087219,2.42600011825562,78129148,2.20327639579773
"2023-09-27",2.42650008201599,2.44050002098083,2.40899991989136,2.42300009727478,49700855,2.20055198669434
"2023-09-28",2.42300009727478,2.45449995994568,2.41599988937378,2.44950008392334,65514040,2.22461891174316
"2023-09-29",2.46250009536743,2.47149991989136,2.44000005722046,2.44000005722046,66109553,2.21599102020264
"2023-10-02",2.44749999046326,2.46499991416931,2.40300011634827,2.41100001335144,52741184,2.18965363502502
"2023-10-03",2.40750002861023,2.43499994277954,2.37400007247925,2.38599991798401,80741752,2.16694855690002
"2023-10-04",2.36899995803833,2.38050007820129,2.34750008583069,2.36249995231628,89073630,2.14560604095459
"2023-10-05",2.38000011444092,2.38849997520447,2.34549999237061,2.36400008201599,58667951,2.14696860313416
"2023-10-06",2.37299990653992,2.40499997138977,2.35899996757507,2.40149998664856,67437877,2.18102550506592
"2023-10-09",2.37150001525879,2.38849997520447,2.34400010108948,2.37649989128113,79910219,2.1583206653595
"2023-10-10",2.39949989318848,2.43449997901917,2.3970000743866,2.42499995231628,68382848,2.20236802101135
"2023-10-11",2.41799998283386,2.45250010490417,2.40700006484985,2.44300007820129,63334725,2.21871590614319
"2023-10-12",2.45700001716614,2.47499990463257,2.44400000572205,2.44749999046326,104045869,2.22280240058899
"2023-10-13",2.43499994277954,2.45050001144409,2.39800000190735,2.40599989891052,80764039,2.1851122379303
"2023-10-16",2.4210000038147,2.42899990081787,2.39400005340576,2.41650009155273,54686272,2.1946485042572
"2023-10-17",2.41950011253357,2.44000005722046,2.4135000705719,2.42799997329712,47142628,2.20509266853333
"2023-10-18",2.43050003051758,2.43350005149841,2.39299988746643,2.40000009536743,52527977,2.17966341972351
"2023-10-19",2.39800000190735,2.39949989318848,2.36500000953674,2.375,72850216,2.15695858001709
"2023-10-20",2.3510000705719,2.35899996757507,2.33150005340576,2.34400010108948,87490590,2.1288046836853
"2023-10-23",2.35999989509583,2.37450003623962,2.33349990844727,2.37350010871887,71955076,2.15559649467468
"2023-10-24",2.3824999332428,2.38350009918213,2.34800004959106,2.36150002479553,57982111,2.14469814300537
"2023-10-25",2.35999989509583,2.35999989509583,2.33750009536743,2.35599994659424,51597791,2.13970279693604
"2023-10-26",2.32999992370605,2.37150001525879,2.31450009346008,2.36999988555908,78439300,2.15241742134094
"2023-10-27",2.38800001144409,2.40300011634827,2.36700010299683,2.37750005722046,59211169,2.15922904014587
"2023-10-30",2.38750004768372,2.41149997711182,2.37400007247925,2.40149998664856,72879002,2.18102550506592
"2023-10-31",2.40750002861023,2.46399998664856,2.40499997138977,2.45650005340576,96261149,2.23097634315491
"2023-11-01",2.46300005912781,2.50699996948242,2.46300005912781,2.4909999370575,95991108,2.26230883598328
"2023-11-02",2.5,2.53800010681152,2.5,2.5239999294281,115800067,2.29227924346924
"2023-11-03",2.54749989509583,2.59349989891052,2.52550005912781,2.56349992752075,138895879,2.32815289497375
"2023-11-06",2.59699988365173,2.60999989509583,2.56599998474121,2.56599998474121,97627653,2.33042335510254
"2023-11-07",2.55999994277954,2.58249998092651,2.55200004577637,2.56399989128113,54844748,2.32860684394836
"2023-11-08",2.56599998474121,2.59050011634827,2.53900003433228,2.56850004196167,78117196,2.33269381523132
"2023-11-09",2.57500004768372,2.58500003814697,2.56500005722046,2.57800006866455,79654008,2.34132170677185
"2023-11-10",2.57299995422363,2.58500003814697,2.55699992179871,2.56599998474121,71215843,2.33042335510254
"2023-11-13",2.57550001144409,2.60249996185303,2.57399988174438,2.60249996185303,102846902,2.36357235908508
"2023-11-14",2.61649990081787,2.63499999046326,2.59750008583069,2.62949991226196,138702574,2.38809370994568
"2023-11-15",2.63649988174438,2.66499996185303,2.63599991798401,2.64549994468689,100692471,2.40262460708618
"2023-11-16",2.65199995040894,2.65799999237061,2.64249992370605,2.64650011062622,131935256,2.40353298187256
"2023-11-17",2.64750003814697,2.68449997901917,2.64499998092651,2.68449997901917,142913549,2.43804407119751
"2023-11-20",2.58400011062622,2.60750007629395,2.5625,2.5625,126841081,2.45915699005127
"2023-11-21",2.55900001525879,2.55900001525879,2.51600003242493,2.52550005912781,86178640,2.42364931106567
"2023-11-22",2.53449988365173,2.56550002098083,2.53049993515015,2.54099988937378,55691837,2.43852400779724
"2023-11-23",2.54850006103516,2.56550002098083,2.53550004959106,2.55949997901917,53576921,2.45627784729004
"2023-11-24",2.55699992179871,2.60500001907349,2.55699992179871,2.59949994087219,83487496,2.49466466903687
"2023-11-27",2.60199999809265,2.60999989509583,2.5864999294281,2.59999990463257,67955030,2.4951446056366
"2023-11-28",2.60199999809265,2.62450003623962,2.60199999809265,2.62450003623962,69442181,2.51865673065186
"2023-11-29",2.63000011444092,2.65799999237061,2.63000011444092,2.64650011062622,109531295,2.53976941108704
"2023-11-30",2.65499997138977,2.65899991989136,2.62700009346008,2.6414999961853,100661433,2.53497099876404
"2023-12-01",2.65199995040894,2.67000007629395,2.64549994468689,2.66599988937378,67138420,2.55848288536072
"2023-12-04",2.67000007629395,2.6949999332428,2.66750001907349,2.6949999332428,74316555,2.58631324768066
"2023-12-05",2.69449996948242,2.71600008010864,2.6710000038147,2.68350005149841,86941285,2.57527732849121
"2023-12-06",2.69600009918213,2.71300005912781,2.68950009346008,2.70549988746643,78914545,2.59638977050781
"2023-12-07",2.6949999332428,2.70499992370605,2.65799999237061,2.67750000953674,85845008,2.56951928138733
"2023-12-08",2.68050003051758,2.70000004768372,2.65949988365173,2.70000004768372,68094976,2.59111189842224
"2023-12-11",2.70000004768372,2.7039999961853,2.68300008773804,2.69099998474121,63958268,2.58247470855713
"2023-12-12",2.70000004768372,2.70749998092651,2.6800000667572,2.68199992179871,61247461,2.57383751869202
"2023-12-13",2.6965000629425,2.6965000629425,2.68050003051758,2.68050003051758,70294513,2.57239818572998
"2023-12-14",2.70499992370605,2.70600008964539,2.59249997138977,2.62150001525879,169874396,2.51577758789062
"2023-12-15",2.62649989128113,2.64949989318848,2.61549997329712,2.63499999046326,140606001,2.52873301506042
"2023-12-18",2.64199995994568,2.64199995994568,2.61350011825562,2.625,58058215,2.51913642883301
"2023-12-19",2.63000011444092,2.65199995040894,2.61299991607666,2.65199995040894,68333202,2.54504752159119
"2023-12-20",2.65650010108948,2.66050004959106,2.62199997901917,2.63700008392334,55147883,2.53065252304077
"2023-12-21",2.63350009918213,2.6414999961853,2.61899995803833,2.63000011444092,42639094,2.52393484115601
"2023-12-22",2.62700009346008,2.6470000743866,2.61800003051758,2.6470000743866,40491328,2.54024934768677
"2023-12-27",2.65899991989136,2.65899991989136,2.63450002670288,2.65650010108948,38552297,2.54936623573303
"2023-12-28",2.66199994087219,2.6635000705719,2.6324999332428,2.64249992370605,37066810,2.53593063354492
"2023-12-29",2.6470000743866,2.65199995040894,2.63949990272522,2.64350008964539,30319218,2.53689050674438
"2024-01-02",2.65199995040894,2.69799995422363,2.64949989318848,2.69449996948242,87894747,2.58583354949951
"2024-01-03",2.70000004768372,2.71700000762939,2.68400001525879,2.69199991226196,76756319,2.58343434333801
"2024-01-04",2.69950008392334,2.75449991226196,2.6965000629425,2.75449991226196,106214744,2.64341378211975
"2024-01-05",2.7409999370575,2.8050000667572,2.73200011253357,2.78749990463257,114683135,2.67508292198181
"2024-01-08",2.7904999256134,2.80699992179871,2.76900005340576,2.79550004005432,66690848,2.68276047706604
"2024-01-09",2.79999995231628,2.80299997329712,2.75349998474121,2.75699996948242,86506877,2.64581298828125
"2024-01-10",2.76500010490417,2.76999998092651,2.74399995803833,2.74850010871887,49496459,2.63765597343445
"2024-01-11",2.76900005340576,2.77349996566772,2.71849989891052,2.72699999809265,66723717,2.61702275276184
"2024-01-12",2.73699998855591,2.74699997901917,2.71900010108948,2.72699999809265,46488477,2.61702275276184
"2024-01-15",2.72499990463257,2.73699998855591,2.71650004386902,2.72300004959106,40401820,2.61318421363831
"2024-01-16",2.70700001716614,2.71700000762939,2.67700004577637,2.71600008010864,62921822,2.60646653175354
"2024-01-17",2.70050001144409,2.73699998855591,2.69050002098083,2.72849988937378,63021857,2.61846232414246
"2024-01-18",2.72749996185303,2.76250004768372,2.72250008583069,2.75,56679928,2.63909530639648
"2024-01-19",2.77250003814697,2.78449988365173,2.74749994277954,2.75550007820129,86116341,2.64437365531921
"2024-01-22",2.77999997138977,2.79900002479553,2.76149988174438,2.76799988746643,70532433,2.65636920928955
"2024-01-23",2.77150011062622,2.78399991989136,2.76049995422363,2.7720000743866,46369896,2.66020822525024
"2024-01-24",2.77850008010864,2.8345000743866,2.77699995040894,2.8345000743866,105423402,2.72018766403198
"2024-01-25",2.82500004768372,2.84599995613098,2.80200004577637,2.80800008773804,77465398,2.69475626945496
"2024-01-26",2.80900001525879,2.83150005340576,2.79800009727478,2.81100010871887,65596500,2.69763541221619
"2024-01-29",2.82299995422363,2.82999992370605,2.77550005912781,2.78200006484985,79953211,2.66980481147766
"2024-01-30",2.79399991035461,2.89299988746643,2.79399991035461,2.87700009346008,127981999,2.76097369194031
"2024-01-31",2.89499998092651,2.89949989318848,2.85949993133545,2.86299991607666,109366614,2.7475380897522
"2024-02-01",2.83999991416931,2.88649988174438,2.79299998283386,2.80299997329712,107075920,2.68995785713196
"2024-02-02",2.81299996376038,2.81850004196167,2.76850008964539,2.79999995231628,80476175,2.68707871437073
"2024-02-05",2.85050010681152,2.90100002288818,2.84299993515015,2.86549997329712,145586291,2.7499372959137
"2024-02-06",2.90400004386902,2.95700001716614,2.86549997329712,2.90199995040894,198217402,2.78496527671814
"2024-02-07",2.90899991989136,2.90899991989136,2.80699992179871,2.83999991416931,156663822,2.72546553611755
"2024-02-08",2.84999990463257,2.85599994659424,2.81150007247925,2.81699991226196,81151379,2.70339322090149
"2024-02-09",2.81699991226196,2.8199999332428,2.76799988746643,2.78550004959106,110269746,2.67316365242004
"2024-02-12",2.80599999427795,2.82800006866455,2.79649996757507,2.82349991798401,73969193,2.70963096618652
"2024-02-13",2.82999992370605,2.83349990844727,2.79550004005432,2.80599999427795,60484206,2.69283676147461
"2024-02-14",2.80100011825562,2.8289999961853,2.78150010108948,2.81550002098083,54753236,2.70195388793945
"2024-02-15",2.82349991798401,2.82850003242493,2.79550004005432,2.82850003242493,72203642,2.7144296169281
"2024-02-16",2.84999990463257,2.85999989509583,2.8199999332428,2.82500004768372,85412416,2.71107077598572
"2024-02-19",2.82500004768372,2.84800004959106,2.82500004768372,2.83899998664856,48870642,2.72450590133667
"2024-02-20",2.83100008964539,2.84949994087219,2.82599997520447,2.84949994087219,42005586,2.73458242416382
"2024-02-21",2.84949994087219,2.8989999294281,2.84800004959106,2.88549995422363,111930886,2.76913070678711
"2024-02-22",2.90000009536743,2.91050004959106,2.88899993896484,2.89650011062622,97742772,2.77968716621399
"2024-02-23",2.90249991416931,2.93899989128113,2.89650011062622,2.93899989128113,118536251,2.82047295570374
"2024-02-26",2.94000005722046,2.9614999294281,2.92899990081787,2.95449995994568,114966613,2.83534789085388
"2024-02-27",2.95199990272522,2.95799994468689,2.93499994277954,2.95250010490417,89043945,2.83342885971069
"2024-02-28",2.9449999332428,2.95849990844727,2.94000005722046,2.95000004768372,61700158,2.83102965354919
"2024-02-29",2.94899988174438,2.95849990844727,2.93600010871887,2.93799996376038,165416992,2.81951332092285
"2024-03-01",2.94700002670288,3.02250003814697,2.94250011444092,3.00449991226196,194355620,2.8833315372467
"2024-03-04",3,3.01099991798401,2.9925000667572,3,61309495,2.87901306152344
"2024-03-05",3.01999998092651,3.06550002098083,3.01349997520447,3.06049990653992,129726222,2.93707299232483
"2024-03-06",3.06200003623962,3.10800004005432,3.0550000667572,3.1029999256134,102148517,2.97785902023315
"2024-03-07",3.09999990463257,3.10949993133545,3.06599998474121,3.08699989318848,117001946,2.96250438690186
"2024-03-08",3.09549999237061,3.10500001907349,3.08100008964539,3.10249996185303,71254598,2.977379322052
"2024-03-11",3.0699999332428,3.0715000629425,3.0239999294281,3.07100009918213,96546138,2.94714975357056
"2024-03-12",3.08999991416931,3.14199995994568,3.08150005340576,3.14199995994568,118658778,3.0152862071991
"2024-03-13",3.14549994468689,3.20000004768372,3.14000010490417,3.18300008773804,121668259,3.05463290214539
"2024-03-14",3.1800000667572,3.19799995422363,3.1635000705719,3.1710000038147,104723731,3.04311680793762
"2024-03-15",3.15149998664856,3.23000001907349,3.15000009536743,3.22749996185303,259054845,3.09733819961548
"2024-03-18",3.23799991607666,3.24900007247925,3.21300005912781,3.22900009155273,81745285,3.09877777099609
"2024-03-19",3.23200011253357,3.27999997138977,3.23000001907349,3.27600002288818,89093609,3.14388227462769
"2024-03-20",3.27600002288818,3.28649997711182,3.24699997901917,3.27099990844727,76840594,3.13908386230469
"2024-03-21",3.29999995231628,3.29999995231628,3.27749991416931,3.29299998283386,73619612,3.16019654273987
"2024-03-22",3.28099989891052,3.31299996376038,3.27749991416931,3.29500007629395,73806477,3.16211605072021
"2024-03-25",3.29500007629395,3.32699990272522,3.28749990463257,3.3215000629425,69075714,3.18754744529724
"2024-03-26",3.32299995422363,3.35899996757507,3.31500005722046,3.34549999237061,82243450,3.21057939529419
"2024-03-27",3.34899997711182,3.3659999370575,3.34050011634827,3.34800004959106,75998619,3.21297860145569
"2024-03-28",3.35549998283386,3.37949991226196,3.34899997711182,3.36299991607666,99299036,3.2273736000061
"2024-04-02",3.35500001907349,3.39949989318848,3.34750008583069,3.34750008583069,94996799,3.21249890327454
"2024-04-03",3.36199998855591,3.40750002861023,3.3585000038147,3.40300011634827,92479430,3.26576066017151
"2024-04-04",3.41000008583069,3.41899991035461,3.38350009918213,3.38499999046326,60797628,3.24848628044128
"2024-04-05",3.32299995422363,3.33249998092651,3.26600003242493,3.3289999961853,136336457,3.19474482536316
"2024-04-08",3.33899998664856,3.35999989509583,3.31750011444092,3.35599994659424,50677119,3.22065591812134
"2024-04-09",3.34150004386902,3.36450004577637,3.29099988937378,3.31150007247925,63245154,3.17795062065125
"2024-04-10",3.33400011062622,3.36400008201599,3.28699994087219,3.34999990463257,74894285,3.21489787101746
"2024-04-11",3.35700011253357,3.36199998855591,3.24499988555908,3.28200006484985,83979248,3.14964032173157
"2024-04-12",3.31599998474121,3.34200000762939,3.28150010108948,3.28999996185303,70175315,3.15731763839722
"2024-04-15",3.3199999332428,3.37199997901917,3.31900000572205,3.32649993896484,70040509,3.19234561920166
"2024-04-16",3.26999998092651,3.28649997711182,3.24399995803833,3.25200009346008,68868030,3.12085032463074
"2024-04-17",3.26300001144409,3.31550002098083,3.25799989700317,3.29900002479553,65368162,3.16595482826233
"2024-04-18",3.3199999332428,3.34949994087219,3.29999995231628,3.34949994087219,66499245,3.21441793441772
"2024-04-19",3.31949996948242,3.37700009346008,3.30800008773804,3.37700009346008,84057046,3.24080920219421
"2024-04-22",3.40000009536743,3.43799996376038,3.39400005340576,3.4284999370575,88922617,3.29023194313049
"2024-04-23",3.43899989128113,3.52699995040894,3.43350005149841,3.51950001716614,132432227,3.3775622844696
"2024-04-24",3.54949998855591,3.56750011444092,3.50449991226196,3.51699995994568,97073074,3.37516283988953
"2024-04-25",3.53999996185303,3.54749989509583,3.48149991035461,3.50300002098083,68120221,3.36172771453857
"2024-04-26",3.53250002861023,3.55900001525879,3.50699996948242,3.54999995231628,61369142,3.40683197975159
"2024-04-29",3.56200003623962,3.57699990272522,3.52250003814697,3.54299998283386,87094996,3.40011429786682
"2024-04-30",3.5550000667572,3.57450008392334,3.52600002288818,3.52600002288818,68284439,3.38380002975464
"2024-05-02",3.54649996757507,3.59299993515015,3.53299999237061,3.57399988174438,91788785,3.42986416816711
"2024-05-03",3.58999991416931,3.59699988365173,3.43700003623962,3.46199989318848,167779882,3.32238101959229
"2024-05-06",3.49850010871887,3.56900000572205,3.48399996757507,3.56299996376038,86197369,3.41930770874023
"2024-05-07",3.58349990844727,3.59949994087219,3.56100010871887,3.59850001335144,79494637,3.45337629318237
"2024-05-08",3.59999990463257,3.62599992752075,3.56100010871887,3.59349989891052,81280292,3.4485776424408
"2024-05-09",3.58899998664856,3.60999989509583,3.53600001335144,3.57949995994568,72237096,3.43514227867126
"2024-05-10",3.59200000762939,3.6085000038147,3.57399988174438,3.60050010681152,72606048,3.45529556274414
"2024-05-13",3.60649991035461,3.64249992370605,3.59999990463257,3.62649989128113,69800781,3.48024678230286
"2024-05-14",3.63450002670288,3.73399996757507,3.62750005722046,3.70300006866455,158147160,3.55366182327271
"2024-05-15",3.74650001525879,3.74749994277954,3.68300008773804,3.72699999809265,83493096,3.57669377326965
"2024-05-16",3.73950004577637,3.74399995803833,3.70749998092651,3.73300004005432,76078588,3.58245205879211
"2024-05-17",3.73449993133545,3.76900005340576,3.72849988937378,3.76900005340576,123975045,3.61700010299683
"2024-05-20",3.64949989318848,3.66000008583069,3.54399991035461,3.55900001525879,120659136,3.55900001525879
"2024-05-21",3.54999995231628,3.58349990844727,3.52999997138977,3.54999995231628,85588099,3.54999995231628
"2024-05-22",3.56399989128113,3.57299995422363,3.52850008010864,3.53949999809265,66526017,3.53949999809265
"2024-05-23",3.54099988937378,3.55949997901917,3.50699996948242,3.54399991035461,55980384,3.54399991035461
"2024-05-24",3.51099991798401,3.55250000953674,3.48049998283386,3.55100011825562,56968515,3.55100011825562
"2024-05-27",3.55100011825562,3.56399989128113,3.52099990844727,3.56399989128113,31736886,3.56399989128113
"2024-05-28",3.57850003242493,3.63849997520447,3.57399988174438,3.60649991035461,78253404,3.60649991035461
"2024-05-29",3.60500001907349,3.6159999370575,3.50550007820129,3.53200006484985,69630093,3.53200006484985
"2024-05-30",3.52550005912781,3.6159999370575,3.52349996566772,3.61299991607666,78770837,3.61299991607666
"2024-05-31",3.62199997901917,3.65199995040894,3.60150003433228,3.60599994659424,150761533,3.60599994659424
